Importing module 'gym_38' (/data/run01/scxi678/Workspace/isaacgym/python/isaacgym/_bindings/linux-x86_64/gym_38.so)
Setting GYM_USD_PLUG_INFO_PATH to /data/run01/scxi678/Workspace/isaacgym/python/isaacgym/_bindings/linux-x86_64/usd/plugInfo.json
PyTorch version 2.4.1+cu121
Device count 1
/data/run01/scxi678/Workspace/isaacgym/python/isaacgym/_bindings/src/gymtorch
Using /data/run01/scxi678/.cache/torch_extensions/py38_cu121 as PyTorch extensions root...
Emitting ninja build file /data/run01/scxi678/.cache/torch_extensions/py38_cu121/gymtorch/build.ninja...
Building extension module gymtorch...
Allowing ninja to set a default number of workers... (overridable by setting the environment variable MAX_JOBS=N)
ninja: no work to do.
Loading extension module gymtorch...
Setting seed: 1
Not connected to PVD
+++ Using GPU PhysX
Physics Engine: PhysX
Physics Device: cuda:0
GPU Pipeline: enabled
Terrain heightsamples shape:  (2560, 2560)
Terrain heightsamples stat:  0.005 0.075 0.04117176818847656 0.011099462386507998 0.04
/data/home/scxi678/run/parkour_env/lib/python3.8/site-packages/torch/functional.py:513: UserWarning: torch.meshgrid: in an upcoming release, it will be required to pass the indexing argument. (Triggered internally at ../aten/src/ATen/native/TensorShape.cpp:3609.)
  return _VF.meshgrid(tensors, **kwargs)  # type: ignore[attr-defined]
Total number of volume estimation points for each robot is: 1028
Actor MLP: Sequential(
  (0): Linear(in_features=256, out_features=512, bias=True)
  (1): ELU(alpha=1.0)
  (2): Linear(in_features=512, out_features=256, bias=True)
  (3): ELU(alpha=1.0)
  (4): Linear(in_features=256, out_features=128, bias=True)
  (5): ELU(alpha=1.0)
  (6): Linear(in_features=128, out_features=12, bias=True)
)
Critic MLP: Sequential(
  (0): Linear(in_features=256, out_features=512, bias=True)
  (1): ELU(alpha=1.0)
  (2): Linear(in_features=512, out_features=256, bias=True)
  (3): ELU(alpha=1.0)
  (4): Linear(in_features=256, out_features=128, bias=True)
  (5): ELU(alpha=1.0)
  (6): Linear(in_features=128, out_features=1, bias=True)
)
Actor RNN: Memory(
  (rnn): GRU(80, 256)
)
Critic RNN: Memory(
  (rnn): GRU(80, 256)
)
Loading load_run as absolute path: /data/home/scxi678/run/Workspace/parkour_sfy-0313master/parkour_sfy-0313master/legged_gym/logs/rough_ddog/Mar19_00-25-13_DdogRough
Loading model from: /data/home/scxi678/run/Workspace/parkour_sfy-0313master/parkour_sfy-0313master/legged_gym/logs/rough_ddog/Mar19_00-25-13_DdogRough/model_10000.pt
/data/run01/scxi678/Workspace/parkour_sfy-0313master/parkour_sfy-0313master/rsl_rl/rsl_rl/runners/on_policy_runner.py:259: FutureWarning: You are using `torch.load` with `weights_only=False` (the current default value), which uses the default pickle module implicitly. It is possible to construct malicious pickle data which will execute arbitrary code during unpickling (See https://github.com/pytorch/pytorch/blob/main/SECURITY.md#untrusted-models for more details). In a future release, the default value for `weights_only` will be flipped to `True`. This limits the functions that could be executed during unpickling. Arbitrary objects will no longer be allowed to be loaded via this mode unless they are explicitly allowlisted by the user via `torch.serialization.add_safe_globals`. We recommend you start setting `weights_only=True` for any use case where you don't have full control of the loaded file. Please open an issue on GitHub for any issues related to this experimental feature.
  loaded_dict = torch.load(path)
Initialization done, start learning.
NOTE: you may see a bunch of `NaN or Inf found in input tensor` once and appears in the log. Just ignore it if it does not affect the performance.
################################################################################
                    [1m Learning iteration 10000/15000 [0m                    

                       Computation: 54524 steps/s (collection: 2.063s, learning 0.620s)
                     surrogate_loss -0.0044
                         value_loss 0.3672
                            entropy 2.2712
                     estimator_loss 0.0000
                         total_loss 0.3855
             Mean action noise std: 0.20
                       Mean reward: -3.59
               Mean episode length: 24.00
      Mean episode rew_action_rate: -0.0150
Mean episode rew_frame_action_rate: -0.0011
Mean episode rew_action_smoothness: -0.0004
Mean episode rew_frame_action_smoothness: -0.0000
       Mean episode rew_ang_vel_xy: -0.0102
 Mean episode rew_frame_ang_vel_xy: -0.0007
      Mean episode rew_base_height: -0.0001
Mean episode rew_frame_base_height: -0.0000
        Mean episode rew_collision: -0.0014
  Mean episode rew_frame_collision: -0.0001
          Mean episode rew_dof_acc: -0.0030
    Mean episode rew_frame_dof_acc: -0.0002
        Mean episode rew_dof_error: -0.0118
  Mean episode rew_frame_dof_error: -0.0010
          Mean episode rew_dof_vel: -0.0178
    Mean episode rew_frame_dof_vel: -0.0013
    Mean episode rew_feet_air_time: 0.0000
Mean episode rew_frame_feet_air_time: 0.0000
Mean episode rew_feet_contact_forces: -0.0000
Mean episode rew_frame_feet_contact_forces: -0.0000
   Mean episode rew_foot_clearance: -0.0002
Mean episode rew_frame_foot_clearance: -0.0000
      Mean episode rew_foot_mirror: -0.0004
Mean episode rew_frame_foot_mirror: -0.0000
       Mean episode rew_foot_slide: -0.0008
 Mean episode rew_frame_foot_slide: -0.0001
      Mean episode rew_has_contact: 0.0001
Mean episode rew_frame_has_contact: 0.0000
          Mean episode rew_hip_pos: -0.0242
    Mean episode rew_frame_hip_pos: -0.0020
        Mean episode rew_lin_vel_z: -0.0293
  Mean episode rew_frame_lin_vel_z: -0.0025
      Mean episode rew_orientation: -0.0005
Mean episode rew_frame_orientation: -0.0000
           Mean episode rew_powers: -0.0001
     Mean episode rew_frame_powers: -0.0000
      Mean episode rew_stand_still: -0.0017
Mean episode rew_frame_stand_still: -0.0001
          Mean episode rew_stumble: -0.0000
    Mean episode rew_frame_stumble: -0.0000
          Mean episode rew_torques: -0.0003
    Mean episode rew_frame_torques: -0.0000
 Mean episode rew_tracking_ang_vel: 0.0030
Mean episode rew_frame_tracking_ang_vel: 0.0002
 Mean episode rew_tracking_lin_vel: 0.0037
Mean episode rew_frame_tracking_lin_vel: 0.0003
Mean episode max_power_throughout_episode: 3242.9397
            Mean episode max_pos_x: 0.8119
            Mean episode min_pos_x: 0.0458
            Mean episode max_pos_y: 0.3212
            Mean episode min_pos_y: -0.2838
        Mean episode timeout_ratio: 0.4341
       Mean episode num_terminated: 308.7917
--------------------------------------------------------------------------------
                   Total timesteps: 146304
                    Iteration time: 2.68s
                        Total time: 2.68s
                               ETA: 13416.5s


------------------------------
Step: 500 - Reward Breakdown:
  action_rate               | Scaled Avg:  -0.0157 | Raw Avg:   1.5743
  action_smoothness         | Scaled Avg:  -0.0005 | Raw Avg:   0.2532
  ang_vel_xy                | Scaled Avg:  -0.0025 | Raw Avg:   1.2632
  collision                 | Scaled Avg:  -0.0001 | Raw Avg:   0.0061
  dof_acc                   | Scaled Avg:  -0.0007 | Raw Avg: 147306.3906
  dof_error                 | Scaled Avg:  -0.0035 | Raw Avg:   0.3505
  dof_vel                   | Scaled Avg:  -0.0079 | Raw Avg:  79.2601
  feet_air_time             | Scaled Avg:   0.0000 | Raw Avg:   0.0004
  feet_contact_forces       | Scaled Avg:  -0.0000 | Raw Avg:   7.5266
  foot_clearance            | Scaled Avg:  -0.0001 | Raw Avg:   0.0090
  foot_mirror               | Scaled Avg:  -0.0001 | Raw Avg:   0.0954
  foot_slide                | Scaled Avg:  -0.0018 | Raw Avg:   1.7623
  has_contact               | Scaled Avg:   0.0004 | Raw Avg:   0.0195
  hip_pos                   | Scaled Avg:  -0.0033 | Raw Avg:   0.0329
  lin_vel_z                 | Scaled Avg:  -0.0018 | Raw Avg:   0.0227
  orientation               | Scaled Avg:  -0.0000 | Raw Avg:   0.0120
  powers                    | Scaled Avg:  -0.0001 | Raw Avg: 136.4588
  stand_still               | Scaled Avg:  -0.0004 | Raw Avg:   0.0044
  torques                   | Scaled Avg:  -0.0002 | Raw Avg: 1009.4990
  tracking_ang_vel          | Scaled Avg:   0.0156 | Raw Avg:   0.7797
  tracking_lin_vel          | Scaled Avg:   0.0327 | Raw Avg:   0.8163
  TOTAL REWARD              | Scaled Avg:   0.0098
------------------------------

------------------------------
Step: 1000 - Reward Breakdown:
  action_rate               | Scaled Avg:  -0.0157 | Raw Avg:   1.5747
  action_smoothness         | Scaled Avg:  -0.0005 | Raw Avg:   0.2537
  ang_vel_xy                | Scaled Avg:  -0.0026 | Raw Avg:   1.3031
  collision                 | Scaled Avg:  -0.0001 | Raw Avg:   0.0056
  dof_acc                   | Scaled Avg:  -0.0007 | Raw Avg: 135517.3125
  dof_error                 | Scaled Avg:  -0.0034 | Raw Avg:   0.3379
  dof_vel                   | Scaled Avg:  -0.0078 | Raw Avg:  77.7352
  feet_contact_forces       | Scaled Avg:  -0.0000 | Raw Avg:   7.3849
  foot_clearance            | Scaled Avg:  -0.0001 | Raw Avg:   0.0088
  foot_mirror               | Scaled Avg:  -0.0001 | Raw Avg:   0.0904
  foot_slide                | Scaled Avg:  -0.0017 | Raw Avg:   1.7279
  has_contact               | Scaled Avg:   0.0004 | Raw Avg:   0.0200
  hip_pos                   | Scaled Avg:  -0.0031 | Raw Avg:   0.0309
  lin_vel_z                 | Scaled Avg:  -0.0019 | Raw Avg:   0.0239
  orientation               | Scaled Avg:  -0.0000 | Raw Avg:   0.0114
  powers                    | Scaled Avg:  -0.0001 | Raw Avg: 134.8169
  stand_still               | Scaled Avg:  -0.0003 | Raw Avg:   0.0029
  torques                   | Scaled Avg:  -0.0002 | Raw Avg: 1006.9265
  tracking_ang_vel          | Scaled Avg:   0.0156 | Raw Avg:   0.7790
  tracking_lin_vel          | Scaled Avg:   0.0325 | Raw Avg:   0.8134
  TOTAL REWARD              | Scaled Avg:   0.0102
------------------------------

------------------------------
Step: 1500 - Reward Breakdown:
  action_rate               | Scaled Avg:  -0.0160 | Raw Avg:   1.6049
  action_smoothness         | Scaled Avg:  -0.0005 | Raw Avg:   0.2550
  ang_vel_xy                | Scaled Avg:  -0.0026 | Raw Avg:   1.3080
  collision                 | Scaled Avg:  -0.0001 | Raw Avg:   0.0044
  dof_acc                   | Scaled Avg:  -0.0007 | Raw Avg: 144092.9531
  dof_error                 | Scaled Avg:  -0.0032 | Raw Avg:   0.3164
  dof_vel                   | Scaled Avg:  -0.0079 | Raw Avg:  79.3637
  feet_contact_forces       | Scaled Avg:  -0.0000 | Raw Avg:   6.8884
  foot_clearance            | Scaled Avg:  -0.0001 | Raw Avg:   0.0082
  foot_mirror               | Scaled Avg:  -0.0001 | Raw Avg:   0.0897
  foot_slide                | Scaled Avg:  -0.0018 | Raw Avg:   1.7626
  has_contact               | Scaled Avg:   0.0004 | Raw Avg:   0.0205
  hip_pos                   | Scaled Avg:  -0.0030 | Raw Avg:   0.0296
  lin_vel_z                 | Scaled Avg:  -0.0018 | Raw Avg:   0.0220
  orientation               | Scaled Avg:  -0.0000 | Raw Avg:   0.0106
  powers                    | Scaled Avg:  -0.0001 | Raw Avg: 134.5396
  stand_still               | Scaled Avg:  -0.0003 | Raw Avg:   0.0028
  torques                   | Scaled Avg:  -0.0002 | Raw Avg: 1003.9645
  tracking_ang_vel          | Scaled Avg:   0.0154 | Raw Avg:   0.7720
  tracking_lin_vel          | Scaled Avg:   0.0321 | Raw Avg:   0.8031
  TOTAL REWARD              | Scaled Avg:   0.0096
------------------------------

------------------------------
Step: 2000 - Reward Breakdown:
  action_rate               | Scaled Avg:  -0.0161 | Raw Avg:   1.6149
  action_smoothness         | Scaled Avg:  -0.0005 | Raw Avg:   0.2558
  ang_vel_xy                | Scaled Avg:  -0.0028 | Raw Avg:   1.3952
  collision                 | Scaled Avg:  -0.0001 | Raw Avg:   0.0072
  dof_acc                   | Scaled Avg:  -0.0007 | Raw Avg: 131418.8125
  dof_error                 | Scaled Avg:  -0.0032 | Raw Avg:   0.3216
  dof_vel                   | Scaled Avg:  -0.0081 | Raw Avg:  81.1267
  feet_contact_forces       | Scaled Avg:  -0.0000 | Raw Avg:   6.9767
  foot_clearance            | Scaled Avg:  -0.0001 | Raw Avg:   0.0080
  foot_mirror               | Scaled Avg:  -0.0001 | Raw Avg:   0.0907
  foot_slide                | Scaled Avg:  -0.0018 | Raw Avg:   1.7628
  has_contact               | Scaled Avg:   0.0004 | Raw Avg:   0.0177
  hip_pos                   | Scaled Avg:  -0.0030 | Raw Avg:   0.0301
  lin_vel_z                 | Scaled Avg:  -0.0017 | Raw Avg:   0.0218
  orientation               | Scaled Avg:  -0.0000 | Raw Avg:   0.0112
  powers                    | Scaled Avg:  -0.0001 | Raw Avg: 141.0075
  stand_still               | Scaled Avg:  -0.0004 | Raw Avg:   0.0045
  torques                   | Scaled Avg:  -0.0002 | Raw Avg: 1081.8328
  tracking_ang_vel          | Scaled Avg:   0.0154 | Raw Avg:   0.7720
  tracking_lin_vel          | Scaled Avg:   0.0323 | Raw Avg:   0.8075
  TOTAL REWARD              | Scaled Avg:   0.0090
------------------------------
################################################################################
                    [1m Learning iteration 10100/15000 [0m                    

                       Computation: 77802 steps/s (collection: 1.288s, learning 0.592s)
                     surrogate_loss -0.0038
                         value_loss 0.0473
                            entropy 2.2998
                     estimator_loss 0.0000
                         total_loss 0.0666
             Mean action noise std: 0.20
                       Mean reward: 4.97
               Mean episode length: 528.37
      Mean episode rew_action_rate: -0.4053
Mean episode rew_frame_action_rate: -0.0195
Mean episode rew_action_smoothness: -0.0129
Mean episode rew_frame_action_smoothness: -0.0006
       Mean episode rew_ang_vel_xy: -0.0697
 Mean episode rew_frame_ang_vel_xy: -0.0085
      Mean episode rew_base_height: -0.0003
Mean episode rew_frame_base_height: -0.0001
        Mean episode rew_collision: -0.0037
  Mean episode rew_frame_collision: -0.0015
          Mean episode rew_dof_acc: -0.0169
    Mean episode rew_frame_dof_acc: -0.0013
        Mean episode rew_dof_error: -0.0891
  Mean episode rew_frame_dof_error: -0.0115
          Mean episode rew_dof_vel: -0.1985
    Mean episode rew_frame_dof_vel: -0.0139
    Mean episode rew_feet_air_time: 0.0002
Mean episode rew_frame_feet_air_time: 0.0000
Mean episode rew_feet_contact_forces: -0.0006
Mean episode rew_frame_feet_contact_forces: -0.0000
   Mean episode rew_foot_clearance: -0.0021
Mean episode rew_frame_foot_clearance: -0.0001
      Mean episode rew_foot_mirror: -0.0025
Mean episode rew_frame_foot_mirror: -0.0004
       Mean episode rew_foot_slide: -0.0444
 Mean episode rew_frame_foot_slide: -0.0016
      Mean episode rew_has_contact: 0.0070
Mean episode rew_frame_has_contact: 0.0002
          Mean episode rew_hip_pos: -0.0824
    Mean episode rew_frame_hip_pos: -0.0131
        Mean episode rew_lin_vel_z: -0.0509
  Mean episode rew_frame_lin_vel_z: -0.0155
      Mean episode rew_orientation: -0.0014
Mean episode rew_frame_orientation: -0.0004
           Mean episode rew_powers: -0.0014
     Mean episode rew_frame_powers: -0.0001
      Mean episode rew_stand_still: 0.0000
Mean episode rew_frame_stand_still: 0.0000
          Mean episode rew_stumble: -0.0000
    Mean episode rew_frame_stumble: -0.0000
          Mean episode rew_torques: -0.0052
    Mean episode rew_frame_torques: -0.0003
 Mean episode rew_tracking_ang_vel: 0.3873
Mean episode rew_frame_tracking_ang_vel: 0.0107
 Mean episode rew_tracking_lin_vel: 0.8008
Mean episode rew_frame_tracking_lin_vel: 0.0200
Mean episode max_power_throughout_episode: 3627.6035
            Mean episode max_pos_x: 4.5644
            Mean episode min_pos_x: -2.7074
            Mean episode max_pos_y: 3.4602
            Mean episode min_pos_y: -4.1279
        Mean episode timeout_ratio: 0.4570
       Mean episode num_terminated: 9.9167
--------------------------------------------------------------------------------
                   Total timesteps: 292608
                    Iteration time: 1.88s
                        Total time: 179.95s
                               ETA: 8730.1s


------------------------------
Step: 2500 - Reward Breakdown:
  action_rate               | Scaled Avg:  -0.0161 | Raw Avg:   1.6116
  action_smoothness         | Scaled Avg:  -0.0005 | Raw Avg:   0.2543
  ang_vel_xy                | Scaled Avg:  -0.0026 | Raw Avg:   1.3101
  collision                 | Scaled Avg:  -0.0001 | Raw Avg:   0.0036
  dof_acc                   | Scaled Avg:  -0.0007 | Raw Avg: 139129.4844
  dof_error                 | Scaled Avg:  -0.0032 | Raw Avg:   0.3185
  dof_vel                   | Scaled Avg:  -0.0079 | Raw Avg:  79.0611
  feet_contact_forces       | Scaled Avg:  -0.0000 | Raw Avg:   7.4609
  foot_clearance            | Scaled Avg:  -0.0001 | Raw Avg:   0.0082
  foot_mirror               | Scaled Avg:  -0.0001 | Raw Avg:   0.0873
  foot_slide                | Scaled Avg:  -0.0018 | Raw Avg:   1.7644
  has_contact               | Scaled Avg:   0.0004 | Raw Avg:   0.0181
  hip_pos                   | Scaled Avg:  -0.0031 | Raw Avg:   0.0307
  lin_vel_z                 | Scaled Avg:  -0.0020 | Raw Avg:   0.0247
  orientation               | Scaled Avg:  -0.0000 | Raw Avg:   0.0104
  powers                    | Scaled Avg:  -0.0001 | Raw Avg: 136.5558
  stand_still               | Scaled Avg:  -0.0002 | Raw Avg:   0.0023
  torques                   | Scaled Avg:  -0.0002 | Raw Avg: 1024.3291
  tracking_ang_vel          | Scaled Avg:   0.0156 | Raw Avg:   0.7786
  tracking_lin_vel          | Scaled Avg:   0.0326 | Raw Avg:   0.8149
  TOTAL REWARD              | Scaled Avg:   0.0099
------------------------------

------------------------------
Step: 3000 - Reward Breakdown:
  action_rate               | Scaled Avg:  -0.0159 | Raw Avg:   1.5913
  action_smoothness         | Scaled Avg:  -0.0005 | Raw Avg:   0.2548
  ang_vel_xy                | Scaled Avg:  -0.0026 | Raw Avg:   1.3042
  collision                 | Scaled Avg:  -0.0001 | Raw Avg:   0.0030
  dof_acc                   | Scaled Avg:  -0.0007 | Raw Avg: 148135.2656
  dof_error                 | Scaled Avg:  -0.0031 | Raw Avg:   0.3120
  dof_vel                   | Scaled Avg:  -0.0081 | Raw Avg:  80.6476
  feet_contact_forces       | Scaled Avg:  -0.0000 | Raw Avg:   7.6533
  foot_clearance            | Scaled Avg:  -0.0001 | Raw Avg:   0.0083
  foot_mirror               | Scaled Avg:  -0.0001 | Raw Avg:   0.0825
  foot_slide                | Scaled Avg:  -0.0017 | Raw Avg:   1.7489
  has_contact               | Scaled Avg:   0.0004 | Raw Avg:   0.0192
  hip_pos                   | Scaled Avg:  -0.0029 | Raw Avg:   0.0290
  lin_vel_z                 | Scaled Avg:  -0.0018 | Raw Avg:   0.0228
  orientation               | Scaled Avg:  -0.0000 | Raw Avg:   0.0104
  powers                    | Scaled Avg:  -0.0001 | Raw Avg: 138.8300
  stand_still               | Scaled Avg:  -0.0004 | Raw Avg:   0.0037
  torques                   | Scaled Avg:  -0.0002 | Raw Avg: 1039.7389
  tracking_ang_vel          | Scaled Avg:   0.0157 | Raw Avg:   0.7835
  tracking_lin_vel          | Scaled Avg:   0.0326 | Raw Avg:   0.8148
  TOTAL REWARD              | Scaled Avg:   0.0103
------------------------------

------------------------------
Step: 3500 - Reward Breakdown:
  action_rate               | Scaled Avg:  -0.0159 | Raw Avg:   1.5925
  action_smoothness         | Scaled Avg:  -0.0005 | Raw Avg:   0.2538
  ang_vel_xy                | Scaled Avg:  -0.0026 | Raw Avg:   1.2942
  collision                 | Scaled Avg:  -0.0001 | Raw Avg:   0.0038
  dof_acc                   | Scaled Avg:  -0.0007 | Raw Avg: 143607.0156
  dof_error                 | Scaled Avg:  -0.0033 | Raw Avg:   0.3256
  dof_vel                   | Scaled Avg:  -0.0077 | Raw Avg:  77.3053
  feet_air_time             | Scaled Avg:   0.0000 | Raw Avg:   0.0003
  feet_contact_forces       | Scaled Avg:  -0.0000 | Raw Avg:   7.4652
  foot_clearance            | Scaled Avg:  -0.0001 | Raw Avg:   0.0086
  foot_mirror               | Scaled Avg:  -0.0001 | Raw Avg:   0.0875
  foot_slide                | Scaled Avg:  -0.0017 | Raw Avg:   1.7400
  has_contact               | Scaled Avg:   0.0004 | Raw Avg:   0.0177
  hip_pos                   | Scaled Avg:  -0.0030 | Raw Avg:   0.0296
  lin_vel_z                 | Scaled Avg:  -0.0018 | Raw Avg:   0.0225
  orientation               | Scaled Avg:  -0.0000 | Raw Avg:   0.0109
  powers                    | Scaled Avg:  -0.0001 | Raw Avg: 137.2482
  stand_still               | Scaled Avg:  -0.0003 | Raw Avg:   0.0030
  torques                   | Scaled Avg:  -0.0002 | Raw Avg: 1055.2727
  tracking_ang_vel          | Scaled Avg:   0.0156 | Raw Avg:   0.7814
  tracking_lin_vel          | Scaled Avg:   0.0321 | Raw Avg:   0.8034
  TOTAL REWARD              | Scaled Avg:   0.0100
------------------------------

------------------------------
Step: 4000 - Reward Breakdown:
  action_rate               | Scaled Avg:  -0.0163 | Raw Avg:   1.6324
  action_smoothness         | Scaled Avg:  -0.0005 | Raw Avg:   0.2569
  ang_vel_xy                | Scaled Avg:  -0.0026 | Raw Avg:   1.2982
  collision                 | Scaled Avg:  -0.0001 | Raw Avg:   0.0069
  dof_acc                   | Scaled Avg:  -0.0009 | Raw Avg: 175849.1094
  dof_error                 | Scaled Avg:  -0.0033 | Raw Avg:   0.3335
  dof_vel                   | Scaled Avg:  -0.0082 | Raw Avg:  81.9002
  feet_contact_forces       | Scaled Avg:  -0.0000 | Raw Avg:   7.7517
  foot_clearance            | Scaled Avg:  -0.0001 | Raw Avg:   0.0093
  foot_mirror               | Scaled Avg:  -0.0001 | Raw Avg:   0.0877
  foot_slide                | Scaled Avg:  -0.0017 | Raw Avg:   1.7419
  has_contact               | Scaled Avg:   0.0004 | Raw Avg:   0.0216
  hip_pos                   | Scaled Avg:  -0.0031 | Raw Avg:   0.0307
  lin_vel_z                 | Scaled Avg:  -0.0019 | Raw Avg:   0.0235
  orientation               | Scaled Avg:  -0.0000 | Raw Avg:   0.0123
  powers                    | Scaled Avg:  -0.0001 | Raw Avg: 138.4610
  stand_still               | Scaled Avg:  -0.0002 | Raw Avg:   0.0022
  torques                   | Scaled Avg:  -0.0002 | Raw Avg: 1036.7212
  tracking_ang_vel          | Scaled Avg:   0.0156 | Raw Avg:   0.7821
  tracking_lin_vel          | Scaled Avg:   0.0324 | Raw Avg:   0.8107
  TOTAL REWARD              | Scaled Avg:   0.0091
------------------------------

------------------------------
Step: 4500 - Reward Breakdown:
  action_rate               | Scaled Avg:  -0.0161 | Raw Avg:   1.6081
  action_smoothness         | Scaled Avg:  -0.0005 | Raw Avg:   0.2556
  ang_vel_xy                | Scaled Avg:  -0.0027 | Raw Avg:   1.3405
  collision                 | Scaled Avg:  -0.0001 | Raw Avg:   0.0049
  dof_acc                   | Scaled Avg:  -0.0007 | Raw Avg: 139208.8438
  dof_error                 | Scaled Avg:  -0.0032 | Raw Avg:   0.3214
  dof_vel                   | Scaled Avg:  -0.0079 | Raw Avg:  79.3045
  feet_contact_forces       | Scaled Avg:  -0.0000 | Raw Avg:   7.4247
  foot_clearance            | Scaled Avg:  -0.0001 | Raw Avg:   0.0086
  foot_mirror               | Scaled Avg:  -0.0001 | Raw Avg:   0.0870
  foot_slide                | Scaled Avg:  -0.0018 | Raw Avg:   1.7588
  has_contact               | Scaled Avg:   0.0004 | Raw Avg:   0.0198
  hip_pos                   | Scaled Avg:  -0.0031 | Raw Avg:   0.0308
  lin_vel_z                 | Scaled Avg:  -0.0018 | Raw Avg:   0.0228
  orientation               | Scaled Avg:  -0.0000 | Raw Avg:   0.0112
  powers                    | Scaled Avg:  -0.0001 | Raw Avg: 139.6525
  stand_still               | Scaled Avg:  -0.0002 | Raw Avg:   0.0021
  torques                   | Scaled Avg:  -0.0002 | Raw Avg: 1061.9943
  tracking_ang_vel          | Scaled Avg:   0.0157 | Raw Avg:   0.7832
  tracking_lin_vel          | Scaled Avg:   0.0323 | Raw Avg:   0.8067
  TOTAL REWARD              | Scaled Avg:   0.0097
------------------------------
################################################################################
                    [1m Learning iteration 10200/15000 [0m                    

                       Computation: 83945 steps/s (collection: 1.269s, learning 0.474s)
                     surrogate_loss -0.0020
                         value_loss 0.0628
                            entropy 2.2732
                     estimator_loss 0.0000
                         total_loss 0.0835
             Mean action noise std: 0.20
                       Mean reward: 3.93
               Mean episode length: 539.98
      Mean episode rew_action_rate: -0.4014
Mean episode rew_frame_action_rate: -0.0197
Mean episode rew_action_smoothness: -0.0127
Mean episode rew_frame_action_smoothness: -0.0006
       Mean episode rew_ang_vel_xy: -0.0686
 Mean episode rew_frame_ang_vel_xy: -0.0087
      Mean episode rew_base_height: -0.0002
Mean episode rew_frame_base_height: -0.0001
        Mean episode rew_collision: -0.0031
  Mean episode rew_frame_collision: -0.0010
          Mean episode rew_dof_acc: -0.0204
    Mean episode rew_frame_dof_acc: -0.0015
        Mean episode rew_dof_error: -0.0857
  Mean episode rew_frame_dof_error: -0.0107
          Mean episode rew_dof_vel: -0.2070
    Mean episode rew_frame_dof_vel: -0.0140
    Mean episode rew_feet_air_time: 0.0002
Mean episode rew_frame_feet_air_time: 0.0000
Mean episode rew_feet_contact_forces: -0.0006
Mean episode rew_frame_feet_contact_forces: -0.0000
   Mean episode rew_foot_clearance: -0.0023
Mean episode rew_frame_foot_clearance: -0.0001
      Mean episode rew_foot_mirror: -0.0023
Mean episode rew_frame_foot_mirror: -0.0003
       Mean episode rew_foot_slide: -0.0439
 Mean episode rew_frame_foot_slide: -0.0017
      Mean episode rew_has_contact: 0.0075
Mean episode rew_frame_has_contact: 0.0002
          Mean episode rew_hip_pos: -0.0780
    Mean episode rew_frame_hip_pos: -0.0117
        Mean episode rew_lin_vel_z: -0.0502
  Mean episode rew_frame_lin_vel_z: -0.0123
      Mean episode rew_orientation: -0.0013
Mean episode rew_frame_orientation: -0.0004
           Mean episode rew_powers: -0.0014
     Mean episode rew_frame_powers: -0.0001
      Mean episode rew_stand_still: -0.0057
Mean episode rew_frame_stand_still: -0.0001
          Mean episode rew_stumble: -0.0000
    Mean episode rew_frame_stumble: -0.0000
          Mean episode rew_torques: -0.0053
    Mean episode rew_frame_torques: -0.0003
 Mean episode rew_tracking_ang_vel: 0.3773
Mean episode rew_frame_tracking_ang_vel: 0.0112
 Mean episode rew_tracking_lin_vel: 0.7674
Mean episode rew_frame_tracking_lin_vel: 0.0207
Mean episode max_power_throughout_episode: 3674.1033
            Mean episode max_pos_x: 3.9783
            Mean episode min_pos_x: -2.2121
            Mean episode max_pos_y: 4.1681
            Mean episode min_pos_y: -3.8349
        Mean episode timeout_ratio: 0.4177
       Mean episode num_terminated: 9.7500
--------------------------------------------------------------------------------
                   Total timesteps: 438912
                    Iteration time: 1.74s
                        Total time: 355.93s
                               ETA: 8499.9s


------------------------------
Step: 5000 - Reward Breakdown:
  action_rate               | Scaled Avg:  -0.0160 | Raw Avg:   1.6045
  action_smoothness         | Scaled Avg:  -0.0005 | Raw Avg:   0.2562
  ang_vel_xy                | Scaled Avg:  -0.0028 | Raw Avg:   1.3936
  collision                 | Scaled Avg:  -0.0001 | Raw Avg:   0.0056
  dof_acc                   | Scaled Avg:  -0.0008 | Raw Avg: 150064.6562
  dof_error                 | Scaled Avg:  -0.0032 | Raw Avg:   0.3217
  dof_vel                   | Scaled Avg:  -0.0080 | Raw Avg:  80.0389
  feet_air_time             | Scaled Avg:   0.0000 | Raw Avg:   0.0003
  feet_contact_forces       | Scaled Avg:  -0.0000 | Raw Avg:   7.6943
  foot_clearance            | Scaled Avg:  -0.0001 | Raw Avg:   0.0088
  foot_mirror               | Scaled Avg:  -0.0001 | Raw Avg:   0.0863
  foot_slide                | Scaled Avg:  -0.0017 | Raw Avg:   1.7180
  has_contact               | Scaled Avg:   0.0004 | Raw Avg:   0.0181
  hip_pos                   | Scaled Avg:  -0.0030 | Raw Avg:   0.0305
  lin_vel_z                 | Scaled Avg:  -0.0019 | Raw Avg:   0.0234
  orientation               | Scaled Avg:  -0.0000 | Raw Avg:   0.0121
  powers                    | Scaled Avg:  -0.0001 | Raw Avg: 144.6741
  stand_still               | Scaled Avg:  -0.0004 | Raw Avg:   0.0038
  torques                   | Scaled Avg:  -0.0002 | Raw Avg: 1124.6779
  tracking_ang_vel          | Scaled Avg:   0.0156 | Raw Avg:   0.7821
  tracking_lin_vel          | Scaled Avg:   0.0321 | Raw Avg:   0.8013
  TOTAL REWARD              | Scaled Avg:   0.0091
------------------------------

------------------------------
Step: 5500 - Reward Breakdown:
  action_rate               | Scaled Avg:  -0.0159 | Raw Avg:   1.5865
  action_smoothness         | Scaled Avg:  -0.0005 | Raw Avg:   0.2557
  ang_vel_xy                | Scaled Avg:  -0.0025 | Raw Avg:   1.2633
  collision                 | Scaled Avg:  -0.0001 | Raw Avg:   0.0044
  dof_acc                   | Scaled Avg:  -0.0008 | Raw Avg: 150940.0469
  dof_error                 | Scaled Avg:  -0.0031 | Raw Avg:   0.3078
  dof_vel                   | Scaled Avg:  -0.0077 | Raw Avg:  77.4178
  feet_contact_forces       | Scaled Avg:  -0.0000 | Raw Avg:   7.8526
  foot_clearance            | Scaled Avg:  -0.0001 | Raw Avg:   0.0090
  foot_mirror               | Scaled Avg:  -0.0001 | Raw Avg:   0.0791
  foot_slide                | Scaled Avg:  -0.0018 | Raw Avg:   1.7576
  has_contact               | Scaled Avg:   0.0003 | Raw Avg:   0.0164
  hip_pos                   | Scaled Avg:  -0.0029 | Raw Avg:   0.0288
  lin_vel_z                 | Scaled Avg:  -0.0017 | Raw Avg:   0.0215
  orientation               | Scaled Avg:  -0.0000 | Raw Avg:   0.0104
  powers                    | Scaled Avg:  -0.0001 | Raw Avg: 135.8143
  stand_still               | Scaled Avg:  -0.0003 | Raw Avg:   0.0028
  torques                   | Scaled Avg:  -0.0002 | Raw Avg: 1032.0798
  tracking_ang_vel          | Scaled Avg:   0.0157 | Raw Avg:   0.7828
  tracking_lin_vel          | Scaled Avg:   0.0324 | Raw Avg:   0.8108
  TOTAL REWARD              | Scaled Avg:   0.0107
------------------------------

------------------------------
Step: 6000 - Reward Breakdown:
  action_rate               | Scaled Avg:  -0.0162 | Raw Avg:   1.6190
  action_smoothness         | Scaled Avg:  -0.0005 | Raw Avg:   0.2548
  ang_vel_xy                | Scaled Avg:  -0.0026 | Raw Avg:   1.3212
  collision                 | Scaled Avg:  -0.0001 | Raw Avg:   0.0064
  dof_acc                   | Scaled Avg:  -0.0008 | Raw Avg: 155435.9375
  dof_error                 | Scaled Avg:  -0.0032 | Raw Avg:   0.3223
  dof_vel                   | Scaled Avg:  -0.0079 | Raw Avg:  79.0829
  feet_contact_forces       | Scaled Avg:  -0.0000 | Raw Avg:   7.4089
  foot_clearance            | Scaled Avg:  -0.0001 | Raw Avg:   0.0092
  foot_mirror               | Scaled Avg:  -0.0001 | Raw Avg:   0.0854
  foot_slide                | Scaled Avg:  -0.0017 | Raw Avg:   1.7296
  has_contact               | Scaled Avg:   0.0004 | Raw Avg:   0.0188
  hip_pos                   | Scaled Avg:  -0.0030 | Raw Avg:   0.0302
  lin_vel_z                 | Scaled Avg:  -0.0020 | Raw Avg:   0.0244
  orientation               | Scaled Avg:  -0.0000 | Raw Avg:   0.0110
  powers                    | Scaled Avg:  -0.0001 | Raw Avg: 135.6203
  stand_still               | Scaled Avg:  -0.0004 | Raw Avg:   0.0040
  torques                   | Scaled Avg:  -0.0002 | Raw Avg: 1011.5749
  tracking_ang_vel          | Scaled Avg:   0.0157 | Raw Avg:   0.7864
  tracking_lin_vel          | Scaled Avg:   0.0323 | Raw Avg:   0.8083
  TOTAL REWARD              | Scaled Avg:   0.0094
------------------------------

------------------------------
Step: 6500 - Reward Breakdown:
  action_rate               | Scaled Avg:  -0.0164 | Raw Avg:   1.6373
  action_smoothness         | Scaled Avg:  -0.0005 | Raw Avg:   0.2552
  ang_vel_xy                | Scaled Avg:  -0.0025 | Raw Avg:   1.2717
  collision                 | Scaled Avg:  -0.0001 | Raw Avg:   0.0043
  dof_acc                   | Scaled Avg:  -0.0007 | Raw Avg: 148349.5312
  dof_error                 | Scaled Avg:  -0.0031 | Raw Avg:   0.3135
  dof_vel                   | Scaled Avg:  -0.0079 | Raw Avg:  79.4965
  feet_contact_forces       | Scaled Avg:  -0.0000 | Raw Avg:   8.4706
  foot_clearance            | Scaled Avg:  -0.0001 | Raw Avg:   0.0092
  foot_mirror               | Scaled Avg:  -0.0001 | Raw Avg:   0.0825
  foot_slide                | Scaled Avg:  -0.0017 | Raw Avg:   1.7199
  has_contact               | Scaled Avg:   0.0004 | Raw Avg:   0.0194
  hip_pos                   | Scaled Avg:  -0.0029 | Raw Avg:   0.0292
  lin_vel_z                 | Scaled Avg:  -0.0019 | Raw Avg:   0.0236
  orientation               | Scaled Avg:  -0.0000 | Raw Avg:   0.0110
  powers                    | Scaled Avg:  -0.0001 | Raw Avg: 136.3025
  stand_still               | Scaled Avg:  -0.0002 | Raw Avg:   0.0020
  torques                   | Scaled Avg:  -0.0002 | Raw Avg: 1036.0974
  tracking_ang_vel          | Scaled Avg:   0.0157 | Raw Avg:   0.7864
  tracking_lin_vel          | Scaled Avg:   0.0329 | Raw Avg:   0.8216
  TOTAL REWARD              | Scaled Avg:   0.0104
------------------------------

------------------------------
Step: 7000 - Reward Breakdown:
  action_rate               | Scaled Avg:  -0.0165 | Raw Avg:   1.6454
  action_smoothness         | Scaled Avg:  -0.0005 | Raw Avg:   0.2552
  ang_vel_xy                | Scaled Avg:  -0.0025 | Raw Avg:   1.2654
  collision                 | Scaled Avg:  -0.0001 | Raw Avg:   0.0064
  dof_acc                   | Scaled Avg:  -0.0008 | Raw Avg: 158926.9844
  dof_error                 | Scaled Avg:  -0.0032 | Raw Avg:   0.3189
  dof_vel                   | Scaled Avg:  -0.0082 | Raw Avg:  81.6590
  feet_air_time             | Scaled Avg:   0.0000 | Raw Avg:   0.0004
  feet_contact_forces       | Scaled Avg:  -0.0000 | Raw Avg:   8.5510
  foot_clearance            | Scaled Avg:  -0.0001 | Raw Avg:   0.0091
  foot_mirror               | Scaled Avg:  -0.0001 | Raw Avg:   0.0848
  foot_slide                | Scaled Avg:  -0.0018 | Raw Avg:   1.7511
  has_contact               | Scaled Avg:   0.0003 | Raw Avg:   0.0165
  hip_pos                   | Scaled Avg:  -0.0030 | Raw Avg:   0.0303
  lin_vel_z                 | Scaled Avg:  -0.0018 | Raw Avg:   0.0224
  orientation               | Scaled Avg:  -0.0000 | Raw Avg:   0.0109
  powers                    | Scaled Avg:  -0.0001 | Raw Avg: 141.5640
  stand_still               | Scaled Avg:  -0.0003 | Raw Avg:   0.0029
  torques                   | Scaled Avg:  -0.0002 | Raw Avg: 1083.0703
  tracking_ang_vel          | Scaled Avg:   0.0157 | Raw Avg:   0.7848
  tracking_lin_vel          | Scaled Avg:   0.0326 | Raw Avg:   0.8161
  TOTAL REWARD              | Scaled Avg:   0.0095
------------------------------
################################################################################
                    [1m Learning iteration 10300/15000 [0m                    

                       Computation: 80958 steps/s (collection: 1.333s, learning 0.474s)
                     surrogate_loss -0.0036
                         value_loss 0.0544
                            entropy 2.2852
                     estimator_loss 0.0000
                         total_loss 0.0736
             Mean action noise std: 0.20
                       Mean reward: 4.15
               Mean episode length: 537.48
      Mean episode rew_action_rate: -0.4513
Mean episode rew_frame_action_rate: -0.0195
Mean episode rew_action_smoothness: -0.0143
Mean episode rew_frame_action_smoothness: -0.0006
       Mean episode rew_ang_vel_xy: -0.0731
 Mean episode rew_frame_ang_vel_xy: -0.0077
      Mean episode rew_base_height: -0.0003
Mean episode rew_frame_base_height: -0.0001
        Mean episode rew_collision: -0.0049
  Mean episode rew_frame_collision: -0.0011
          Mean episode rew_dof_acc: -0.0220
    Mean episode rew_frame_dof_acc: -0.0015
        Mean episode rew_dof_error: -0.1036
  Mean episode rew_frame_dof_error: -0.0096
          Mean episode rew_dof_vel: -0.2269
    Mean episode rew_frame_dof_vel: -0.0137
    Mean episode rew_feet_air_time: 0.0003
Mean episode rew_frame_feet_air_time: 0.0000
Mean episode rew_feet_contact_forces: -0.0007
Mean episode rew_frame_feet_contact_forces: -0.0000
   Mean episode rew_foot_clearance: -0.0026
Mean episode rew_frame_foot_clearance: -0.0001
      Mean episode rew_foot_mirror: -0.0030
Mean episode rew_frame_foot_mirror: -0.0003
       Mean episode rew_foot_slide: -0.0477
 Mean episode rew_frame_foot_slide: -0.0016
      Mean episode rew_has_contact: 0.0053
Mean episode rew_frame_has_contact: 0.0001
          Mean episode rew_hip_pos: -0.0963
    Mean episode rew_frame_hip_pos: -0.0111
        Mean episode rew_lin_vel_z: -0.0558
  Mean episode rew_frame_lin_vel_z: -0.0132
      Mean episode rew_orientation: -0.0015
Mean episode rew_frame_orientation: -0.0004
           Mean episode rew_powers: -0.0015
     Mean episode rew_frame_powers: -0.0001
      Mean episode rew_stand_still: 0.0000
Mean episode rew_frame_stand_still: 0.0000
          Mean episode rew_stumble: -0.0000
    Mean episode rew_frame_stumble: -0.0000
          Mean episode rew_torques: -0.0060
    Mean episode rew_frame_torques: -0.0003
 Mean episode rew_tracking_ang_vel: 0.4298
Mean episode rew_frame_tracking_ang_vel: 0.0113
 Mean episode rew_tracking_lin_vel: 0.8813
Mean episode rew_frame_tracking_lin_vel: 0.0214
Mean episode max_power_throughout_episode: 3668.9062
            Mean episode max_pos_x: 3.8928
            Mean episode min_pos_x: -3.1600
            Mean episode max_pos_y: 3.7361
            Mean episode min_pos_y: -3.6903
        Mean episode timeout_ratio: 0.4916
       Mean episode num_terminated: 10.7083
--------------------------------------------------------------------------------
                   Total timesteps: 585216
                    Iteration time: 1.81s
                        Total time: 532.99s
                               ETA: 8322.5s


------------------------------
Step: 7500 - Reward Breakdown:
  action_rate               | Scaled Avg:  -0.0164 | Raw Avg:   1.6429
  action_smoothness         | Scaled Avg:  -0.0005 | Raw Avg:   0.2561
  ang_vel_xy                | Scaled Avg:  -0.0026 | Raw Avg:   1.3096
  collision                 | Scaled Avg:  -0.0001 | Raw Avg:   0.0051
  dof_acc                   | Scaled Avg:  -0.0008 | Raw Avg: 160219.5625
  dof_error                 | Scaled Avg:  -0.0031 | Raw Avg:   0.3149
  dof_vel                   | Scaled Avg:  -0.0081 | Raw Avg:  80.5028
  feet_contact_forces       | Scaled Avg:  -0.0000 | Raw Avg:   8.2481
  foot_clearance            | Scaled Avg:  -0.0001 | Raw Avg:   0.0091
  foot_mirror               | Scaled Avg:  -0.0001 | Raw Avg:   0.0870
  foot_slide                | Scaled Avg:  -0.0017 | Raw Avg:   1.7212
  has_contact               | Scaled Avg:   0.0004 | Raw Avg:   0.0198
  hip_pos                   | Scaled Avg:  -0.0030 | Raw Avg:   0.0296
  lin_vel_z                 | Scaled Avg:  -0.0019 | Raw Avg:   0.0242
  orientation               | Scaled Avg:  -0.0000 | Raw Avg:   0.0112
  powers                    | Scaled Avg:  -0.0001 | Raw Avg: 138.9985
  stand_still               | Scaled Avg:  -0.0002 | Raw Avg:   0.0016
  torques                   | Scaled Avg:  -0.0002 | Raw Avg: 1077.4929
  tracking_ang_vel          | Scaled Avg:   0.0158 | Raw Avg:   0.7894
  tracking_lin_vel          | Scaled Avg:   0.0326 | Raw Avg:   0.8161
  TOTAL REWARD              | Scaled Avg:   0.0099
------------------------------

------------------------------
Step: 8000 - Reward Breakdown:
  action_rate               | Scaled Avg:  -0.0165 | Raw Avg:   1.6547
  action_smoothness         | Scaled Avg:  -0.0005 | Raw Avg:   0.2629
  ang_vel_xy                | Scaled Avg:  -0.0026 | Raw Avg:   1.3171
  collision                 | Scaled Avg:  -0.0001 | Raw Avg:   0.0054
  dof_acc                   | Scaled Avg:  -0.0007 | Raw Avg: 130963.5078
  dof_error                 | Scaled Avg:  -0.0032 | Raw Avg:   0.3155
  dof_vel                   | Scaled Avg:  -0.0081 | Raw Avg:  81.2710
  feet_contact_forces       | Scaled Avg:  -0.0000 | Raw Avg:   8.1065
  foot_clearance            | Scaled Avg:  -0.0001 | Raw Avg:   0.0086
  foot_mirror               | Scaled Avg:  -0.0001 | Raw Avg:   0.0892
  foot_slide                | Scaled Avg:  -0.0017 | Raw Avg:   1.7361
  has_contact               | Scaled Avg:   0.0004 | Raw Avg:   0.0187
  hip_pos                   | Scaled Avg:  -0.0030 | Raw Avg:   0.0299
  lin_vel_z                 | Scaled Avg:  -0.0019 | Raw Avg:   0.0234
  orientation               | Scaled Avg:  -0.0000 | Raw Avg:   0.0114
  powers                    | Scaled Avg:  -0.0001 | Raw Avg: 140.0408
  stand_still               | Scaled Avg:  -0.0004 | Raw Avg:   0.0040
  torques                   | Scaled Avg:  -0.0002 | Raw Avg: 1081.0443
  tracking_ang_vel          | Scaled Avg:   0.0156 | Raw Avg:   0.7784
  tracking_lin_vel          | Scaled Avg:   0.0321 | Raw Avg:   0.8017
  TOTAL REWARD              | Scaled Avg:   0.0087
------------------------------

------------------------------
Step: 8500 - Reward Breakdown:
  action_rate               | Scaled Avg:  -0.0159 | Raw Avg:   1.5904
  action_smoothness         | Scaled Avg:  -0.0005 | Raw Avg:   0.2544
  ang_vel_xy                | Scaled Avg:  -0.0025 | Raw Avg:   1.2377
  collision                 | Scaled Avg:  -0.0001 | Raw Avg:   0.0041
  dof_acc                   | Scaled Avg:  -0.0007 | Raw Avg: 137995.6094
  dof_error                 | Scaled Avg:  -0.0031 | Raw Avg:   0.3073
  dof_vel                   | Scaled Avg:  -0.0077 | Raw Avg:  77.0961
  feet_contact_forces       | Scaled Avg:  -0.0000 | Raw Avg:   7.7233
  foot_clearance            | Scaled Avg:  -0.0001 | Raw Avg:   0.0086
  foot_mirror               | Scaled Avg:  -0.0001 | Raw Avg:   0.0841
  foot_slide                | Scaled Avg:  -0.0017 | Raw Avg:   1.7313
  has_contact               | Scaled Avg:   0.0004 | Raw Avg:   0.0180
  hip_pos                   | Scaled Avg:  -0.0029 | Raw Avg:   0.0292
  lin_vel_z                 | Scaled Avg:  -0.0018 | Raw Avg:   0.0224
  orientation               | Scaled Avg:  -0.0000 | Raw Avg:   0.0108
  powers                    | Scaled Avg:  -0.0001 | Raw Avg: 132.7226
  stand_still               | Scaled Avg:  -0.0004 | Raw Avg:   0.0039
  torques                   | Scaled Avg:  -0.0002 | Raw Avg: 1013.7087
  tracking_ang_vel          | Scaled Avg:   0.0157 | Raw Avg:   0.7856
  tracking_lin_vel          | Scaled Avg:   0.0324 | Raw Avg:   0.8106
  TOTAL REWARD              | Scaled Avg:   0.0107
------------------------------

------------------------------
Step: 9000 - Reward Breakdown:
  action_rate               | Scaled Avg:  -0.0164 | Raw Avg:   1.6407
  action_smoothness         | Scaled Avg:  -0.0005 | Raw Avg:   0.2617
  ang_vel_xy                | Scaled Avg:  -0.0026 | Raw Avg:   1.2978
  collision                 | Scaled Avg:  -0.0001 | Raw Avg:   0.0059
  dof_acc                   | Scaled Avg:  -0.0007 | Raw Avg: 138785.0312
  dof_error                 | Scaled Avg:  -0.0032 | Raw Avg:   0.3159
  dof_vel                   | Scaled Avg:  -0.0081 | Raw Avg:  80.9134
  feet_contact_forces       | Scaled Avg:  -0.0000 | Raw Avg:   7.8652
  foot_clearance            | Scaled Avg:  -0.0001 | Raw Avg:   0.0084
  foot_mirror               | Scaled Avg:  -0.0001 | Raw Avg:   0.0907
  foot_slide                | Scaled Avg:  -0.0018 | Raw Avg:   1.7546
  has_contact               | Scaled Avg:   0.0004 | Raw Avg:   0.0192
  hip_pos                   | Scaled Avg:  -0.0030 | Raw Avg:   0.0299
  lin_vel_z                 | Scaled Avg:  -0.0018 | Raw Avg:   0.0225
  orientation               | Scaled Avg:  -0.0000 | Raw Avg:   0.0105
  powers                    | Scaled Avg:  -0.0001 | Raw Avg: 138.0011
  stand_still               | Scaled Avg:  -0.0004 | Raw Avg:   0.0037
  torques                   | Scaled Avg:  -0.0002 | Raw Avg: 1050.7179
  tracking_ang_vel          | Scaled Avg:   0.0156 | Raw Avg:   0.7818
  tracking_lin_vel          | Scaled Avg:   0.0326 | Raw Avg:   0.8159
  TOTAL REWARD              | Scaled Avg:   0.0097
------------------------------

------------------------------
Step: 9500 - Reward Breakdown:
  action_rate               | Scaled Avg:  -0.0162 | Raw Avg:   1.6177
  action_smoothness         | Scaled Avg:  -0.0005 | Raw Avg:   0.2549
  ang_vel_xy                | Scaled Avg:  -0.0025 | Raw Avg:   1.2631
  collision                 | Scaled Avg:  -0.0001 | Raw Avg:   0.0043
  dof_acc                   | Scaled Avg:  -0.0007 | Raw Avg: 136397.7500
  dof_error                 | Scaled Avg:  -0.0031 | Raw Avg:   0.3061
  dof_vel                   | Scaled Avg:  -0.0081 | Raw Avg:  81.3759
  feet_air_time             | Scaled Avg:   0.0000 | Raw Avg:   0.0003
  feet_contact_forces       | Scaled Avg:  -0.0000 | Raw Avg:   7.5330
  foot_clearance            | Scaled Avg:  -0.0001 | Raw Avg:   0.0083
  foot_mirror               | Scaled Avg:  -0.0001 | Raw Avg:   0.0831
  foot_slide                | Scaled Avg:  -0.0018 | Raw Avg:   1.7722
  has_contact               | Scaled Avg:   0.0003 | Raw Avg:   0.0148
  hip_pos                   | Scaled Avg:  -0.0028 | Raw Avg:   0.0283
  lin_vel_z                 | Scaled Avg:  -0.0017 | Raw Avg:   0.0217
  orientation               | Scaled Avg:  -0.0000 | Raw Avg:   0.0109
  powers                    | Scaled Avg:  -0.0001 | Raw Avg: 136.3613
  stand_still               | Scaled Avg:  -0.0002 | Raw Avg:   0.0016
  torques                   | Scaled Avg:  -0.0002 | Raw Avg: 1036.8610
  tracking_ang_vel          | Scaled Avg:   0.0156 | Raw Avg:   0.7791
  tracking_lin_vel          | Scaled Avg:   0.0326 | Raw Avg:   0.8152
  TOTAL REWARD              | Scaled Avg:   0.0103
------------------------------
################################################################################
                    [1m Learning iteration 10400/15000 [0m                    

                       Computation: 82664 steps/s (collection: 1.296s, learning 0.474s)
                     surrogate_loss -0.0042
                         value_loss 0.0439
                            entropy 2.3201
                     estimator_loss 0.0000
                         total_loss 0.0629
             Mean action noise std: 0.20
                       Mean reward: 4.82
               Mean episode length: 512.16
      Mean episode rew_action_rate: -0.4250
Mean episode rew_frame_action_rate: -0.0207
Mean episode rew_action_smoothness: -0.0134
Mean episode rew_frame_action_smoothness: -0.0006
       Mean episode rew_ang_vel_xy: -0.0706
 Mean episode rew_frame_ang_vel_xy: -0.0088
      Mean episode rew_base_height: -0.0002
Mean episode rew_frame_base_height: -0.0001
        Mean episode rew_collision: -0.0025
  Mean episode rew_frame_collision: -0.0010
          Mean episode rew_dof_acc: -0.0178
    Mean episode rew_frame_dof_acc: -0.0012
        Mean episode rew_dof_error: -0.0815
  Mean episode rew_frame_dof_error: -0.0118
          Mean episode rew_dof_vel: -0.2125
    Mean episode rew_frame_dof_vel: -0.0151
    Mean episode rew_feet_air_time: 0.0001
Mean episode rew_frame_feet_air_time: 0.0000
Mean episode rew_feet_contact_forces: -0.0006
Mean episode rew_frame_feet_contact_forces: -0.0000
   Mean episode rew_foot_clearance: -0.0022
Mean episode rew_frame_foot_clearance: -0.0002
      Mean episode rew_foot_mirror: -0.0023
Mean episode rew_frame_foot_mirror: -0.0004
       Mean episode rew_foot_slide: -0.0457
 Mean episode rew_frame_foot_slide: -0.0016
      Mean episode rew_has_contact: 0.0082
Mean episode rew_frame_has_contact: 0.0003
          Mean episode rew_hip_pos: -0.0768
    Mean episode rew_frame_hip_pos: -0.0125
        Mean episode rew_lin_vel_z: -0.0505
  Mean episode rew_frame_lin_vel_z: -0.0152
      Mean episode rew_orientation: -0.0012
Mean episode rew_frame_orientation: -0.0004
           Mean episode rew_powers: -0.0014
     Mean episode rew_frame_powers: -0.0001
      Mean episode rew_stand_still: 0.0000
Mean episode rew_frame_stand_still: 0.0000
          Mean episode rew_stumble: -0.0000
    Mean episode rew_frame_stumble: -0.0000
          Mean episode rew_torques: -0.0054
    Mean episode rew_frame_torques: -0.0003
 Mean episode rew_tracking_ang_vel: 0.3999
Mean episode rew_frame_tracking_ang_vel: 0.0109
 Mean episode rew_tracking_lin_vel: 0.8301
Mean episode rew_frame_tracking_lin_vel: 0.0203
Mean episode max_power_throughout_episode: 3520.4355
            Mean episode max_pos_x: 4.4143
            Mean episode min_pos_x: -3.6582
            Mean episode max_pos_y: 3.3733
            Mean episode min_pos_y: -3.1057
        Mean episode timeout_ratio: 0.4594
       Mean episode num_terminated: 10.2500
--------------------------------------------------------------------------------
                   Total timesteps: 731520
                    Iteration time: 1.77s
                        Total time: 709.16s
                               ETA: 8135.0s


------------------------------
Step: 10000 - Reward Breakdown:
  action_rate               | Scaled Avg:  -0.0162 | Raw Avg:   1.6223
  action_smoothness         | Scaled Avg:  -0.0005 | Raw Avg:   0.2535
  ang_vel_xy                | Scaled Avg:  -0.0026 | Raw Avg:   1.3058
  collision                 | Scaled Avg:  -0.0001 | Raw Avg:   0.0038
  dof_acc                   | Scaled Avg:  -0.0007 | Raw Avg: 145304.0781
  dof_error                 | Scaled Avg:  -0.0031 | Raw Avg:   0.3084
  dof_vel                   | Scaled Avg:  -0.0080 | Raw Avg:  79.6930
  feet_contact_forces       | Scaled Avg:  -0.0000 | Raw Avg:   7.2218
  foot_clearance            | Scaled Avg:  -0.0001 | Raw Avg:   0.0082
  foot_mirror               | Scaled Avg:  -0.0001 | Raw Avg:   0.0865
  foot_slide                | Scaled Avg:  -0.0018 | Raw Avg:   1.7529
  has_contact               | Scaled Avg:   0.0004 | Raw Avg:   0.0189
  hip_pos                   | Scaled Avg:  -0.0029 | Raw Avg:   0.0287
  lin_vel_z                 | Scaled Avg:  -0.0018 | Raw Avg:   0.0231
  orientation               | Scaled Avg:  -0.0000 | Raw Avg:   0.0116
  powers                    | Scaled Avg:  -0.0001 | Raw Avg: 138.0555
  stand_still               | Scaled Avg:  -0.0004 | Raw Avg:   0.0045
  torques                   | Scaled Avg:  -0.0002 | Raw Avg: 1076.1366
  tracking_ang_vel          | Scaled Avg:   0.0155 | Raw Avg:   0.7743
  tracking_lin_vel          | Scaled Avg:   0.0325 | Raw Avg:   0.8121
  TOTAL REWARD              | Scaled Avg:   0.0097
------------------------------

------------------------------
Step: 10500 - Reward Breakdown:
  action_rate               | Scaled Avg:  -0.0162 | Raw Avg:   1.6164
  action_smoothness         | Scaled Avg:  -0.0005 | Raw Avg:   0.2540
  ang_vel_xy                | Scaled Avg:  -0.0025 | Raw Avg:   1.2593
  collision                 | Scaled Avg:  -0.0001 | Raw Avg:   0.0054
  dof_acc                   | Scaled Avg:  -0.0008 | Raw Avg: 155232.4062
  dof_error                 | Scaled Avg:  -0.0032 | Raw Avg:   0.3160
  dof_vel                   | Scaled Avg:  -0.0080 | Raw Avg:  80.1434
  feet_contact_forces       | Scaled Avg:  -0.0000 | Raw Avg:   8.0432
  foot_clearance            | Scaled Avg:  -0.0001 | Raw Avg:   0.0085
  foot_mirror               | Scaled Avg:  -0.0001 | Raw Avg:   0.0919
  foot_slide                | Scaled Avg:  -0.0017 | Raw Avg:   1.7392
  has_contact               | Scaled Avg:   0.0004 | Raw Avg:   0.0203
  hip_pos                   | Scaled Avg:  -0.0030 | Raw Avg:   0.0303
  lin_vel_z                 | Scaled Avg:  -0.0020 | Raw Avg:   0.0246
  orientation               | Scaled Avg:  -0.0000 | Raw Avg:   0.0112
  powers                    | Scaled Avg:  -0.0001 | Raw Avg: 136.0240
  stand_still               | Scaled Avg:  -0.0003 | Raw Avg:   0.0030
  torques                   | Scaled Avg:  -0.0002 | Raw Avg: 1028.5305
  tracking_ang_vel          | Scaled Avg:   0.0156 | Raw Avg:   0.7824
  tracking_lin_vel          | Scaled Avg:   0.0327 | Raw Avg:   0.8164
  TOTAL REWARD              | Scaled Avg:   0.0099
------------------------------

------------------------------
Step: 11000 - Reward Breakdown:
  action_rate               | Scaled Avg:  -0.0164 | Raw Avg:   1.6404
  action_smoothness         | Scaled Avg:  -0.0005 | Raw Avg:   0.2572
  ang_vel_xy                | Scaled Avg:  -0.0027 | Raw Avg:   1.3469
  collision                 | Scaled Avg:  -0.0001 | Raw Avg:   0.0044
  dof_acc                   | Scaled Avg:  -0.0007 | Raw Avg: 137564.2188
  dof_error                 | Scaled Avg:  -0.0031 | Raw Avg:   0.3110
  dof_vel                   | Scaled Avg:  -0.0081 | Raw Avg:  80.7490
  feet_contact_forces       | Scaled Avg:  -0.0000 | Raw Avg:   7.4112
  foot_clearance            | Scaled Avg:  -0.0001 | Raw Avg:   0.0083
  foot_mirror               | Scaled Avg:  -0.0001 | Raw Avg:   0.0854
  foot_slide                | Scaled Avg:  -0.0018 | Raw Avg:   1.8068
  has_contact               | Scaled Avg:   0.0004 | Raw Avg:   0.0201
  hip_pos                   | Scaled Avg:  -0.0031 | Raw Avg:   0.0309
  lin_vel_z                 | Scaled Avg:  -0.0021 | Raw Avg:   0.0261
  orientation               | Scaled Avg:  -0.0000 | Raw Avg:   0.0100
  powers                    | Scaled Avg:  -0.0001 | Raw Avg: 135.5574
  stand_still               | Scaled Avg:  -0.0002 | Raw Avg:   0.0024
  torques                   | Scaled Avg:  -0.0002 | Raw Avg: 1020.2969
  tracking_ang_vel          | Scaled Avg:   0.0155 | Raw Avg:   0.7756
  tracking_lin_vel          | Scaled Avg:   0.0327 | Raw Avg:   0.8171
  TOTAL REWARD              | Scaled Avg:   0.0093
------------------------------

------------------------------
Step: 11500 - Reward Breakdown:
  action_rate               | Scaled Avg:  -0.0168 | Raw Avg:   1.6808
  action_smoothness         | Scaled Avg:  -0.0005 | Raw Avg:   0.2663
  ang_vel_xy                | Scaled Avg:  -0.0026 | Raw Avg:   1.3018
  collision                 | Scaled Avg:  -0.0001 | Raw Avg:   0.0056
  dof_acc                   | Scaled Avg:  -0.0008 | Raw Avg: 154917.2969
  dof_error                 | Scaled Avg:  -0.0033 | Raw Avg:   0.3276
  dof_vel                   | Scaled Avg:  -0.0083 | Raw Avg:  82.5021
  feet_contact_forces       | Scaled Avg:  -0.0000 | Raw Avg:   7.6475
  foot_clearance            | Scaled Avg:  -0.0001 | Raw Avg:   0.0089
  foot_mirror               | Scaled Avg:  -0.0001 | Raw Avg:   0.0883
  foot_slide                | Scaled Avg:  -0.0018 | Raw Avg:   1.7562
  has_contact               | Scaled Avg:   0.0005 | Raw Avg:   0.0226
  hip_pos                   | Scaled Avg:  -0.0030 | Raw Avg:   0.0302
  lin_vel_z                 | Scaled Avg:  -0.0025 | Raw Avg:   0.0314
  orientation               | Scaled Avg:  -0.0000 | Raw Avg:   0.0104
  powers                    | Scaled Avg:  -0.0001 | Raw Avg: 136.3777
  stand_still               | Scaled Avg:  -0.0004 | Raw Avg:   0.0036
  torques                   | Scaled Avg:  -0.0002 | Raw Avg: 1018.5496
  tracking_ang_vel          | Scaled Avg:   0.0155 | Raw Avg:   0.7757
  tracking_lin_vel          | Scaled Avg:   0.0323 | Raw Avg:   0.8071
  TOTAL REWARD              | Scaled Avg:   0.0077
------------------------------

------------------------------
Step: 12000 - Reward Breakdown:
  action_rate               | Scaled Avg:  -0.0193 | Raw Avg:   1.9346
  action_smoothness         | Scaled Avg:  -0.0006 | Raw Avg:   0.3107
  ang_vel_xy                | Scaled Avg:  -0.0033 | Raw Avg:   1.6441
  collision                 | Scaled Avg:  -0.0001 | Raw Avg:   0.0067
  dof_acc                   | Scaled Avg:  -0.0010 | Raw Avg: 196179.9219
  dof_error                 | Scaled Avg:  -0.0035 | Raw Avg:   0.3544
  dof_vel                   | Scaled Avg:  -0.0090 | Raw Avg:  89.8735
  feet_contact_forces       | Scaled Avg:  -0.0000 | Raw Avg:   9.0558
  foot_clearance            | Scaled Avg:  -0.0001 | Raw Avg:   0.0097
  foot_mirror               | Scaled Avg:  -0.0001 | Raw Avg:   0.0977
  foot_slide                | Scaled Avg:  -0.0018 | Raw Avg:   1.7585
  has_contact               | Scaled Avg:   0.0004 | Raw Avg:   0.0192
  hip_pos                   | Scaled Avg:  -0.0035 | Raw Avg:   0.0346
  lin_vel_z                 | Scaled Avg:  -0.0134 | Raw Avg:   0.1680
  orientation               | Scaled Avg:  -0.0001 | Raw Avg:   0.0144
  powers                    | Scaled Avg:  -0.0001 | Raw Avg: 148.3398
  stand_still               | Scaled Avg:  -0.0004 | Raw Avg:   0.0039
  torques                   | Scaled Avg:  -0.0002 | Raw Avg: 1105.5348
  tracking_ang_vel          | Scaled Avg:   0.0147 | Raw Avg:   0.7374
  tracking_lin_vel          | Scaled Avg:   0.0313 | Raw Avg:   0.7835
  TOTAL REWARD              | Scaled Avg:  -0.0027
------------------------------
################################################################################
                    [1m Learning iteration 10500/15000 [0m                    

                       Computation: 81896 steps/s (collection: 1.310s, learning 0.476s)
                     surrogate_loss -0.0014
                         value_loss 1.3513
                            entropy 0.5563
                     estimator_loss 0.0000
                         total_loss 1.3555
             Mean action noise std: 0.23
                       Mean reward: 2.21
               Mean episode length: 458.74
      Mean episode rew_action_rate: -0.4038
Mean episode rew_frame_action_rate: -0.0224
Mean episode rew_action_smoothness: -0.0130
Mean episode rew_frame_action_smoothness: -0.0007
       Mean episode rew_ang_vel_xy: -0.0703
 Mean episode rew_frame_ang_vel_xy: -0.0093
      Mean episode rew_base_height: -0.0003
Mean episode rew_frame_base_height: -0.0001
        Mean episode rew_collision: -0.0027
  Mean episode rew_frame_collision: -0.0010
          Mean episode rew_dof_acc: -0.0187
    Mean episode rew_frame_dof_acc: -0.0016
        Mean episode rew_dof_error: -0.0803
  Mean episode rew_frame_dof_error: -0.0111
          Mean episode rew_dof_vel: -0.1960
    Mean episode rew_frame_dof_vel: -0.0158
    Mean episode rew_feet_air_time: 0.0002
Mean episode rew_frame_feet_air_time: 0.0000
Mean episode rew_feet_contact_forces: -0.0006
Mean episode rew_frame_feet_contact_forces: -0.0000
   Mean episode rew_foot_clearance: -0.0021
Mean episode rew_frame_foot_clearance: -0.0002
      Mean episode rew_foot_mirror: -0.0023
Mean episode rew_frame_foot_mirror: -0.0003
       Mean episode rew_foot_slide: -0.0401
 Mean episode rew_frame_foot_slide: -0.0017
      Mean episode rew_has_contact: 0.0091
Mean episode rew_frame_has_contact: 0.0003
          Mean episode rew_hip_pos: -0.0796
    Mean episode rew_frame_hip_pos: -0.0143
        Mean episode rew_lin_vel_z: -0.1207
  Mean episode rew_frame_lin_vel_z: -0.0150
      Mean episode rew_orientation: -0.0013
Mean episode rew_frame_orientation: -0.0004
           Mean episode rew_powers: -0.0013
     Mean episode rew_frame_powers: -0.0001
      Mean episode rew_stand_still: 0.0000
Mean episode rew_frame_stand_still: 0.0000
          Mean episode rew_stumble: -0.0000
    Mean episode rew_frame_stumble: -0.0000
          Mean episode rew_torques: -0.0048
    Mean episode rew_frame_torques: -0.0003
 Mean episode rew_tracking_ang_vel: 0.3447
Mean episode rew_frame_tracking_ang_vel: 0.0104
 Mean episode rew_tracking_lin_vel: 0.7234
Mean episode rew_frame_tracking_lin_vel: 0.0195
Mean episode max_power_throughout_episode: 3676.3684
            Mean episode max_pos_x: 3.5066
            Mean episode min_pos_x: -3.3789
            Mean episode max_pos_y: 3.7080
            Mean episode min_pos_y: -3.8334
        Mean episode timeout_ratio: 0.3705
       Mean episode num_terminated: 11.3750
--------------------------------------------------------------------------------
                   Total timesteps: 877824
                    Iteration time: 1.79s
                        Total time: 885.55s
                               ETA: 7954.1s


------------------------------
Step: 12500 - Reward Breakdown:
  action_rate               | Scaled Avg:  -0.0216 | Raw Avg:   2.1645
  action_smoothness         | Scaled Avg:  -0.0007 | Raw Avg:   0.3545
  ang_vel_xy                | Scaled Avg:  -0.0036 | Raw Avg:   1.7850
  base_height               | Scaled Avg:  -0.0000 | Raw Avg:   0.0007
  collision                 | Scaled Avg:  -0.0001 | Raw Avg:   0.0064
  dof_acc                   | Scaled Avg:  -0.0010 | Raw Avg: 202357.8750
  dof_error                 | Scaled Avg:  -0.0038 | Raw Avg:   0.3836
  dof_vel                   | Scaled Avg:  -0.0097 | Raw Avg:  97.1303
  feet_contact_forces       | Scaled Avg:  -0.0000 | Raw Avg:   9.4250
  foot_clearance            | Scaled Avg:  -0.0001 | Raw Avg:   0.0092
  foot_mirror               | Scaled Avg:  -0.0001 | Raw Avg:   0.1132
  foot_slide                | Scaled Avg:  -0.0018 | Raw Avg:   1.8171
  has_contact               | Scaled Avg:   0.0004 | Raw Avg:   0.0193
  hip_pos                   | Scaled Avg:  -0.0039 | Raw Avg:   0.0390
  lin_vel_z                 | Scaled Avg:  -0.0269 | Raw Avg:   0.3361
  orientation               | Scaled Avg:  -0.0001 | Raw Avg:   0.0154
  powers                    | Scaled Avg:  -0.0001 | Raw Avg: 156.9549
  stand_still               | Scaled Avg:  -0.0003 | Raw Avg:   0.0030
  torques                   | Scaled Avg:  -0.0002 | Raw Avg: 1157.9983
  tracking_ang_vel          | Scaled Avg:   0.0140 | Raw Avg:   0.7014
  tracking_lin_vel          | Scaled Avg:   0.0300 | Raw Avg:   0.7496
  TOTAL REWARD              | Scaled Avg:  -0.0089
------------------------------

------------------------------
Step: 13000 - Reward Breakdown:
  action_rate               | Scaled Avg:  -0.0241 | Raw Avg:   2.4089
  action_smoothness         | Scaled Avg:  -0.0008 | Raw Avg:   0.3887
  ang_vel_xy                | Scaled Avg:  -0.0039 | Raw Avg:   1.9515
  base_height               | Scaled Avg:  -0.0035 | Raw Avg:   0.1756
  collision                 | Scaled Avg:  -0.0002 | Raw Avg:   0.0084
  dof_acc                   | Scaled Avg:  -0.0010 | Raw Avg: 202893.5156
  dof_error                 | Scaled Avg:  -0.0041 | Raw Avg:   0.4127
  dof_vel                   | Scaled Avg:  -0.0104 | Raw Avg: 103.7876
  feet_contact_forces       | Scaled Avg:  -0.0000 | Raw Avg:   9.9434
  foot_clearance            | Scaled Avg:  -0.0001 | Raw Avg:   0.0096
  foot_mirror               | Scaled Avg:  -0.0001 | Raw Avg:   0.1229
  foot_slide                | Scaled Avg:  -0.0018 | Raw Avg:   1.7960
  has_contact               | Scaled Avg:   0.0004 | Raw Avg:   0.0192
  hip_pos                   | Scaled Avg:  -0.0039 | Raw Avg:   0.0393
  lin_vel_z                 | Scaled Avg:  -0.0516 | Raw Avg:   0.6456
  orientation               | Scaled Avg:  -0.0001 | Raw Avg:   0.0178
  powers                    | Scaled Avg:  -0.0001 | Raw Avg: 160.9419
  stand_still               | Scaled Avg:  -0.0004 | Raw Avg:   0.0045
  torques                   | Scaled Avg:  -0.0002 | Raw Avg: 1173.2799
  tracking_ang_vel          | Scaled Avg:   0.0136 | Raw Avg:   0.6816
  tracking_lin_vel          | Scaled Avg:   0.0296 | Raw Avg:   0.7409
  TOTAL REWARD              | Scaled Avg:  -0.0148
------------------------------

------------------------------
Step: 13500 - Reward Breakdown:
  action_rate               | Scaled Avg:  -0.0267 | Raw Avg:   2.6704
  action_smoothness         | Scaled Avg:  -0.0009 | Raw Avg:   0.4266
  ang_vel_xy                | Scaled Avg:  -0.0045 | Raw Avg:   2.2378
  base_height               | Scaled Avg:  -0.0000 | Raw Avg:   0.0011
  collision                 | Scaled Avg:  -0.0002 | Raw Avg:   0.0090
  dof_acc                   | Scaled Avg:  -0.0011 | Raw Avg: 218599.5938
  dof_error                 | Scaled Avg:  -0.0047 | Raw Avg:   0.4673
  dof_vel                   | Scaled Avg:  -0.0113 | Raw Avg: 112.5540
  feet_air_time             | Scaled Avg:   0.0000 | Raw Avg:   0.0003
  feet_contact_forces       | Scaled Avg:  -0.0000 | Raw Avg:   9.6825
  foot_clearance            | Scaled Avg:  -0.0001 | Raw Avg:   0.0098
  foot_mirror               | Scaled Avg:  -0.0001 | Raw Avg:   0.1348
  foot_slide                | Scaled Avg:  -0.0019 | Raw Avg:   1.8553
  has_contact               | Scaled Avg:   0.0004 | Raw Avg:   0.0204
  hip_pos                   | Scaled Avg:  -0.0042 | Raw Avg:   0.0422
  lin_vel_z                 | Scaled Avg:  -0.0200 | Raw Avg:   0.2505
  orientation               | Scaled Avg:  -0.0001 | Raw Avg:   0.0202
  powers                    | Scaled Avg:  -0.0001 | Raw Avg: 165.0149
  stand_still               | Scaled Avg:  -0.0005 | Raw Avg:   0.0053
  torques                   | Scaled Avg:  -0.0002 | Raw Avg: 1163.6812
  tracking_ang_vel          | Scaled Avg:   0.0127 | Raw Avg:   0.6333
  tracking_lin_vel          | Scaled Avg:   0.0282 | Raw Avg:   0.7045
  TOTAL REWARD              | Scaled Avg:  -0.0196
------------------------------

------------------------------
Step: 14000 - Reward Breakdown:
  action_rate               | Scaled Avg:  -0.0221 | Raw Avg:   2.2093
  action_smoothness         | Scaled Avg:  -0.0007 | Raw Avg:   0.3667
  ang_vel_xy                | Scaled Avg:  -0.0041 | Raw Avg:   2.0314
  base_height               | Scaled Avg:  -0.0000 | Raw Avg:   0.0013
  collision                 | Scaled Avg:  -0.0002 | Raw Avg:   0.0123
  dof_acc                   | Scaled Avg:  -0.0009 | Raw Avg: 174124.5938
  dof_error                 | Scaled Avg:  -0.0046 | Raw Avg:   0.4617
  dof_vel                   | Scaled Avg:  -0.0093 | Raw Avg:  92.9942
  feet_contact_forces       | Scaled Avg:  -0.0000 | Raw Avg:   8.3679
  foot_clearance            | Scaled Avg:  -0.0001 | Raw Avg:   0.0086
  foot_mirror               | Scaled Avg:  -0.0001 | Raw Avg:   0.1272
  foot_slide                | Scaled Avg:  -0.0017 | Raw Avg:   1.7019
  has_contact               | Scaled Avg:   0.0005 | Raw Avg:   0.0253
  hip_pos                   | Scaled Avg:  -0.0037 | Raw Avg:   0.0369
  lin_vel_z                 | Scaled Avg:  -0.0037 | Raw Avg:   0.0459
  orientation               | Scaled Avg:  -0.0001 | Raw Avg:   0.0224
  powers                    | Scaled Avg:  -0.0001 | Raw Avg: 144.7172
  stand_still               | Scaled Avg:  -0.0005 | Raw Avg:   0.0055
  torques                   | Scaled Avg:  -0.0002 | Raw Avg: 1064.1327
  tracking_ang_vel          | Scaled Avg:   0.0132 | Raw Avg:   0.6590
  tracking_lin_vel          | Scaled Avg:   0.0288 | Raw Avg:   0.7211
  TOTAL REWARD              | Scaled Avg:  -0.0096
------------------------------
################################################################################
                    [1m Learning iteration 10600/15000 [0m                    

                       Computation: 80336 steps/s (collection: 1.341s, learning 0.480s)
                     surrogate_loss -0.0048
                         value_loss 0.0462
                            entropy 0.4879
                     estimator_loss 0.0000
                         total_loss 0.0463
             Mean action noise std: 0.23
                       Mean reward: -2.18
               Mean episode length: 201.92
      Mean episode rew_action_rate: -0.2873
Mean episode rew_frame_action_rate: -0.0247
Mean episode rew_action_smoothness: -0.0094
Mean episode rew_frame_action_smoothness: -0.0007
       Mean episode rew_ang_vel_xy: -0.0504
 Mean episode rew_frame_ang_vel_xy: -0.0100
      Mean episode rew_base_height: -0.0003
Mean episode rew_frame_base_height: -0.0001
        Mean episode rew_collision: -0.0027
  Mean episode rew_frame_collision: -0.0012
          Mean episode rew_dof_acc: -0.0116
    Mean episode rew_frame_dof_acc: -0.0017
        Mean episode rew_dof_error: -0.0577
  Mean episode rew_frame_dof_error: -0.0132
          Mean episode rew_dof_vel: -0.1214
    Mean episode rew_frame_dof_vel: -0.0166
    Mean episode rew_feet_air_time: 0.0001
Mean episode rew_frame_feet_air_time: 0.0000
Mean episode rew_feet_contact_forces: -0.0003
Mean episode rew_frame_feet_contact_forces: -0.0000
   Mean episode rew_foot_clearance: -0.0011
Mean episode rew_frame_foot_clearance: -0.0002
      Mean episode rew_foot_mirror: -0.0016
Mean episode rew_frame_foot_mirror: -0.0004
       Mean episode rew_foot_slide: -0.0218
 Mean episode rew_frame_foot_slide: -0.0016
      Mean episode rew_has_contact: 0.0066
Mean episode rew_frame_has_contact: 0.0003
          Mean episode rew_hip_pos: -0.0470
    Mean episode rew_frame_hip_pos: -0.0122
        Mean episode rew_lin_vel_z: -0.0433
  Mean episode rew_frame_lin_vel_z: -0.0193
      Mean episode rew_orientation: -0.0011
Mean episode rew_frame_orientation: -0.0005
           Mean episode rew_powers: -0.0008
     Mean episode rew_frame_powers: -0.0001
      Mean episode rew_stand_still: -0.0049
Mean episode rew_frame_stand_still: -0.0003
          Mean episode rew_stumble: -0.0000
    Mean episode rew_frame_stumble: -0.0000
          Mean episode rew_torques: -0.0028
    Mean episode rew_frame_torques: -0.0003
 Mean episode rew_tracking_ang_vel: 0.1757
Mean episode rew_frame_tracking_ang_vel: 0.0088
 Mean episode rew_tracking_lin_vel: 0.3788
Mean episode rew_frame_tracking_lin_vel: 0.0159
Mean episode max_power_throughout_episode: 4050.1016
            Mean episode max_pos_x: 3.3717
            Mean episode min_pos_x: -2.7165
            Mean episode max_pos_y: 2.7596
            Mean episode min_pos_y: -3.2438
        Mean episode timeout_ratio: 0.1291
       Mean episode num_terminated: 20.3750
--------------------------------------------------------------------------------
                   Total timesteps: 1024128
                    Iteration time: 1.82s
                        Total time: 1067.18s
                               ETA: 7813.0s


------------------------------
Step: 14500 - Reward Breakdown:
  action_rate               | Scaled Avg:  -0.0187 | Raw Avg:   1.8728
  action_smoothness         | Scaled Avg:  -0.0006 | Raw Avg:   0.3023
  ang_vel_xy                | Scaled Avg:  -0.0033 | Raw Avg:   1.6371
  base_height               | Scaled Avg:  -0.0000 | Raw Avg:   0.0008
  collision                 | Scaled Avg:  -0.0002 | Raw Avg:   0.0085
  dof_acc                   | Scaled Avg:  -0.0008 | Raw Avg: 159960.3281
  dof_error                 | Scaled Avg:  -0.0038 | Raw Avg:   0.3834
  dof_vel                   | Scaled Avg:  -0.0084 | Raw Avg:  83.7493
  feet_air_time             | Scaled Avg:   0.0000 | Raw Avg:   0.0003
  feet_contact_forces       | Scaled Avg:  -0.0000 | Raw Avg:   8.1031
  foot_clearance            | Scaled Avg:  -0.0001 | Raw Avg:   0.0087
  foot_mirror               | Scaled Avg:  -0.0001 | Raw Avg:   0.1056
  foot_slide                | Scaled Avg:  -0.0016 | Raw Avg:   1.6236
  has_contact               | Scaled Avg:   0.0004 | Raw Avg:   0.0202
  hip_pos                   | Scaled Avg:  -0.0032 | Raw Avg:   0.0317
  lin_vel_z                 | Scaled Avg:  -0.0029 | Raw Avg:   0.0358
  orientation               | Scaled Avg:  -0.0001 | Raw Avg:   0.0163
  powers                    | Scaled Avg:  -0.0001 | Raw Avg: 139.6475
  stand_still               | Scaled Avg:  -0.0004 | Raw Avg:   0.0041
  torques                   | Scaled Avg:  -0.0002 | Raw Avg: 1079.7725
  tracking_ang_vel          | Scaled Avg:   0.0147 | Raw Avg:   0.7337
  tracking_lin_vel          | Scaled Avg:   0.0312 | Raw Avg:   0.7791
  TOTAL REWARD              | Scaled Avg:   0.0018
------------------------------

------------------------------
Step: 15000 - Reward Breakdown:
  action_rate               | Scaled Avg:  -0.0179 | Raw Avg:   1.7907
  action_smoothness         | Scaled Avg:  -0.0006 | Raw Avg:   0.2835
  ang_vel_xy                | Scaled Avg:  -0.0037 | Raw Avg:   1.8614
  base_height               | Scaled Avg:  -0.0000 | Raw Avg:   0.0010
  collision                 | Scaled Avg:  -0.0002 | Raw Avg:   0.0102
  dof_acc                   | Scaled Avg:  -0.0007 | Raw Avg: 144236.5625
  dof_error                 | Scaled Avg:  -0.0039 | Raw Avg:   0.3945
  dof_vel                   | Scaled Avg:  -0.0085 | Raw Avg:  84.9177
  feet_air_time             | Scaled Avg:   0.0000 | Raw Avg:   0.0003
  feet_contact_forces       | Scaled Avg:  -0.0000 | Raw Avg:   8.2264
  foot_clearance            | Scaled Avg:  -0.0001 | Raw Avg:   0.0075
  foot_mirror               | Scaled Avg:  -0.0001 | Raw Avg:   0.1124
  foot_slide                | Scaled Avg:  -0.0016 | Raw Avg:   1.6204
  has_contact               | Scaled Avg:   0.0004 | Raw Avg:   0.0217
  hip_pos                   | Scaled Avg:  -0.0033 | Raw Avg:   0.0330
  lin_vel_z                 | Scaled Avg:  -0.0029 | Raw Avg:   0.0358
  orientation               | Scaled Avg:  -0.0001 | Raw Avg:   0.0210
  powers                    | Scaled Avg:  -0.0001 | Raw Avg: 164.1453
  stand_still               | Scaled Avg:  -0.0005 | Raw Avg:   0.0047
  torques                   | Scaled Avg:  -0.0003 | Raw Avg: 1406.2118
  tracking_ang_vel          | Scaled Avg:   0.0145 | Raw Avg:   0.7234
  tracking_lin_vel          | Scaled Avg:   0.0300 | Raw Avg:   0.7494
  TOTAL REWARD              | Scaled Avg:   0.0004
------------------------------

------------------------------
Step: 15500 - Reward Breakdown:
  action_rate               | Scaled Avg:  -0.0169 | Raw Avg:   1.6929
  action_smoothness         | Scaled Avg:  -0.0005 | Raw Avg:   0.2658
  ang_vel_xy                | Scaled Avg:  -0.0034 | Raw Avg:   1.7211
  base_height               | Scaled Avg:  -0.0000 | Raw Avg:   0.0008
  collision                 | Scaled Avg:  -0.0002 | Raw Avg:   0.0082
  dof_acc                   | Scaled Avg:  -0.0006 | Raw Avg: 126737.8672
  dof_error                 | Scaled Avg:  -0.0034 | Raw Avg:   0.3450
  dof_vel                   | Scaled Avg:  -0.0081 | Raw Avg:  81.3901
  feet_air_time             | Scaled Avg:   0.0000 | Raw Avg:   0.0003
  feet_contact_forces       | Scaled Avg:  -0.0000 | Raw Avg:   7.5594
  foot_clearance            | Scaled Avg:  -0.0001 | Raw Avg:   0.0073
  foot_mirror               | Scaled Avg:  -0.0001 | Raw Avg:   0.1022
  foot_slide                | Scaled Avg:  -0.0016 | Raw Avg:   1.6434
  has_contact               | Scaled Avg:   0.0004 | Raw Avg:   0.0183
  hip_pos                   | Scaled Avg:  -0.0029 | Raw Avg:   0.0290
  lin_vel_z                 | Scaled Avg:  -0.0022 | Raw Avg:   0.0279
  orientation               | Scaled Avg:  -0.0001 | Raw Avg:   0.0137
  powers                    | Scaled Avg:  -0.0001 | Raw Avg: 168.0717
  stand_still               | Scaled Avg:  -0.0003 | Raw Avg:   0.0034
  torques                   | Scaled Avg:  -0.0003 | Raw Avg: 1520.0443
  tracking_ang_vel          | Scaled Avg:   0.0151 | Raw Avg:   0.7547
  tracking_lin_vel          | Scaled Avg:   0.0305 | Raw Avg:   0.7630
  TOTAL REWARD              | Scaled Avg:   0.0050
------------------------------

------------------------------
Step: 16000 - Reward Breakdown:
  action_rate               | Scaled Avg:  -0.0173 | Raw Avg:   1.7296
  action_smoothness         | Scaled Avg:  -0.0005 | Raw Avg:   0.2669
  ang_vel_xy                | Scaled Avg:  -0.0032 | Raw Avg:   1.5949
  base_height               | Scaled Avg:  -0.0000 | Raw Avg:   0.0006
  collision                 | Scaled Avg:  -0.0001 | Raw Avg:   0.0059
  dof_acc                   | Scaled Avg:  -0.0007 | Raw Avg: 141945.2969
  dof_error                 | Scaled Avg:  -0.0033 | Raw Avg:   0.3323
  dof_vel                   | Scaled Avg:  -0.0081 | Raw Avg:  80.6437
  feet_contact_forces       | Scaled Avg:  -0.0000 | Raw Avg:   7.6643
  foot_clearance            | Scaled Avg:  -0.0001 | Raw Avg:   0.0077
  foot_mirror               | Scaled Avg:  -0.0001 | Raw Avg:   0.0957
  foot_slide                | Scaled Avg:  -0.0017 | Raw Avg:   1.7038
  has_contact               | Scaled Avg:   0.0004 | Raw Avg:   0.0194
  hip_pos                   | Scaled Avg:  -0.0029 | Raw Avg:   0.0288
  lin_vel_z                 | Scaled Avg:  -0.0021 | Raw Avg:   0.0257
  orientation               | Scaled Avg:  -0.0001 | Raw Avg:   0.0134
  powers                    | Scaled Avg:  -0.0001 | Raw Avg: 162.5811
  stand_still               | Scaled Avg:  -0.0002 | Raw Avg:   0.0025
  torques                   | Scaled Avg:  -0.0003 | Raw Avg: 1467.1538
  tracking_ang_vel          | Scaled Avg:   0.0153 | Raw Avg:   0.7637
  tracking_lin_vel          | Scaled Avg:   0.0313 | Raw Avg:   0.7815
  TOTAL REWARD              | Scaled Avg:   0.0062
------------------------------

------------------------------
Step: 16500 - Reward Breakdown:
  action_rate               | Scaled Avg:  -0.0172 | Raw Avg:   1.7177
  action_smoothness         | Scaled Avg:  -0.0005 | Raw Avg:   0.2617
  ang_vel_xy                | Scaled Avg:  -0.0030 | Raw Avg:   1.5045
  collision                 | Scaled Avg:  -0.0001 | Raw Avg:   0.0056
  dof_acc                   | Scaled Avg:  -0.0007 | Raw Avg: 141006.4062
  dof_error                 | Scaled Avg:  -0.0033 | Raw Avg:   0.3282
  dof_vel                   | Scaled Avg:  -0.0081 | Raw Avg:  81.2814
  feet_contact_forces       | Scaled Avg:  -0.0000 | Raw Avg:   7.4752
  foot_clearance            | Scaled Avg:  -0.0001 | Raw Avg:   0.0080
  foot_mirror               | Scaled Avg:  -0.0001 | Raw Avg:   0.0922
  foot_slide                | Scaled Avg:  -0.0017 | Raw Avg:   1.7403
  has_contact               | Scaled Avg:   0.0004 | Raw Avg:   0.0181
  hip_pos                   | Scaled Avg:  -0.0029 | Raw Avg:   0.0295
  lin_vel_z                 | Scaled Avg:  -0.0019 | Raw Avg:   0.0239
  orientation               | Scaled Avg:  -0.0001 | Raw Avg:   0.0129
  powers                    | Scaled Avg:  -0.0001 | Raw Avg: 161.4065
  stand_still               | Scaled Avg:  -0.0002 | Raw Avg:   0.0023
  torques                   | Scaled Avg:  -0.0003 | Raw Avg: 1442.9971
  tracking_ang_vel          | Scaled Avg:   0.0154 | Raw Avg:   0.7716
  tracking_lin_vel          | Scaled Avg:   0.0314 | Raw Avg:   0.7849
  TOTAL REWARD              | Scaled Avg:   0.0068
------------------------------
################################################################################
                    [1m Learning iteration 10700/15000 [0m                    

                       Computation: 81519 steps/s (collection: 1.320s, learning 0.475s)
                     surrogate_loss -0.0039
                         value_loss 0.0612
                            entropy 2.2588
                     estimator_loss 0.0000
                         total_loss 0.0799
             Mean action noise std: 0.20
                       Mean reward: 5.67
               Mean episode length: 614.73
      Mean episode rew_action_rate: -0.4624
Mean episode rew_frame_action_rate: -0.0201
Mean episode rew_action_smoothness: -0.0145
Mean episode rew_frame_action_smoothness: -0.0006
       Mean episode rew_ang_vel_xy: -0.0847
 Mean episode rew_frame_ang_vel_xy: -0.0085
      Mean episode rew_base_height: -0.0003
Mean episode rew_frame_base_height: -0.0001
        Mean episode rew_collision: -0.0025
  Mean episode rew_frame_collision: -0.0011
          Mean episode rew_dof_acc: -0.0191
    Mean episode rew_frame_dof_acc: -0.0013
        Mean episode rew_dof_error: -0.0874
  Mean episode rew_frame_dof_error: -0.0094
          Mean episode rew_dof_vel: -0.2172
    Mean episode rew_frame_dof_vel: -0.0131
    Mean episode rew_feet_air_time: 0.0001
Mean episode rew_frame_feet_air_time: 0.0000
Mean episode rew_feet_contact_forces: -0.0006
Mean episode rew_frame_feet_contact_forces: -0.0000
   Mean episode rew_foot_clearance: -0.0022
Mean episode rew_frame_foot_clearance: -0.0001
      Mean episode rew_foot_mirror: -0.0026
Mean episode rew_frame_foot_mirror: -0.0003
       Mean episode rew_foot_slide: -0.0466
 Mean episode rew_frame_foot_slide: -0.0017
      Mean episode rew_has_contact: 0.0158
Mean episode rew_frame_has_contact: 0.0004
          Mean episode rew_hip_pos: -0.0768
    Mean episode rew_frame_hip_pos: -0.0101
        Mean episode rew_lin_vel_z: -0.0518
  Mean episode rew_frame_lin_vel_z: -0.0114
      Mean episode rew_orientation: -0.0013
Mean episode rew_frame_orientation: -0.0004
           Mean episode rew_powers: -0.0018
     Mean episode rew_frame_powers: -0.0001
      Mean episode rew_stand_still: -0.0117
Mean episode rew_frame_stand_still: -0.0002
          Mean episode rew_stumble: -0.0000
    Mean episode rew_frame_stumble: -0.0000
          Mean episode rew_torques: -0.0080
    Mean episode rew_frame_torques: -0.0003
 Mean episode rew_tracking_ang_vel: 0.4261
Mean episode rew_frame_tracking_ang_vel: 0.0117
 Mean episode rew_tracking_lin_vel: 0.8801
Mean episode rew_frame_tracking_lin_vel: 0.0216
Mean episode max_power_throughout_episode: 3755.0928
            Mean episode max_pos_x: 4.0488
            Mean episode min_pos_x: -3.4058
            Mean episode max_pos_y: 3.1718
            Mean episode min_pos_y: -4.1058
        Mean episode timeout_ratio: 0.4647
       Mean episode num_terminated: 10.7500
--------------------------------------------------------------------------------
                   Total timesteps: 1170432
                    Iteration time: 1.79s
                        Total time: 1245.79s
                               ETA: 7641.8s


------------------------------
Step: 17000 - Reward Breakdown:
  action_rate               | Scaled Avg:  -0.0167 | Raw Avg:   1.6683
  action_smoothness         | Scaled Avg:  -0.0005 | Raw Avg:   0.2598
  ang_vel_xy                | Scaled Avg:  -0.0028 | Raw Avg:   1.4076
  collision                 | Scaled Avg:  -0.0001 | Raw Avg:   0.0062
  dof_acc                   | Scaled Avg:  -0.0008 | Raw Avg: 156646.2344
  dof_error                 | Scaled Avg:  -0.0032 | Raw Avg:   0.3213
  dof_vel                   | Scaled Avg:  -0.0080 | Raw Avg:  80.1669
  feet_contact_forces       | Scaled Avg:  -0.0000 | Raw Avg:   7.3248
  foot_clearance            | Scaled Avg:  -0.0001 | Raw Avg:   0.0085
  foot_mirror               | Scaled Avg:  -0.0001 | Raw Avg:   0.0907
  foot_slide                | Scaled Avg:  -0.0017 | Raw Avg:   1.7348
  has_contact               | Scaled Avg:   0.0004 | Raw Avg:   0.0203
  hip_pos                   | Scaled Avg:  -0.0029 | Raw Avg:   0.0287
  lin_vel_z                 | Scaled Avg:  -0.0019 | Raw Avg:   0.0233
  orientation               | Scaled Avg:  -0.0000 | Raw Avg:   0.0114
  powers                    | Scaled Avg:  -0.0001 | Raw Avg: 144.6494
  stand_still               | Scaled Avg:  -0.0005 | Raw Avg:   0.0054
  torques                   | Scaled Avg:  -0.0002 | Raw Avg: 1181.2687
  tracking_ang_vel          | Scaled Avg:   0.0156 | Raw Avg:   0.7802
  tracking_lin_vel          | Scaled Avg:   0.0317 | Raw Avg:   0.7924
  TOTAL REWARD              | Scaled Avg:   0.0080
------------------------------

------------------------------
Step: 17500 - Reward Breakdown:
  action_rate               | Scaled Avg:  -0.0166 | Raw Avg:   1.6635
  action_smoothness         | Scaled Avg:  -0.0005 | Raw Avg:   0.2600
  ang_vel_xy                | Scaled Avg:  -0.0027 | Raw Avg:   1.3476
  collision                 | Scaled Avg:  -0.0001 | Raw Avg:   0.0046
  dof_acc                   | Scaled Avg:  -0.0007 | Raw Avg: 149263.4062
  dof_error                 | Scaled Avg:  -0.0033 | Raw Avg:   0.3293
  dof_vel                   | Scaled Avg:  -0.0080 | Raw Avg:  79.5969
  feet_contact_forces       | Scaled Avg:  -0.0000 | Raw Avg:   7.2238
  foot_clearance            | Scaled Avg:  -0.0001 | Raw Avg:   0.0086
  foot_mirror               | Scaled Avg:  -0.0001 | Raw Avg:   0.0921
  foot_slide                | Scaled Avg:  -0.0018 | Raw Avg:   1.7894
  has_contact               | Scaled Avg:   0.0003 | Raw Avg:   0.0160
  hip_pos                   | Scaled Avg:  -0.0030 | Raw Avg:   0.0296
  lin_vel_z                 | Scaled Avg:  -0.0025 | Raw Avg:   0.0312
  orientation               | Scaled Avg:  -0.0000 | Raw Avg:   0.0109
  powers                    | Scaled Avg:  -0.0001 | Raw Avg: 140.3298
  stand_still               | Scaled Avg:  -0.0003 | Raw Avg:   0.0028
  torques                   | Scaled Avg:  -0.0002 | Raw Avg: 1115.7791
  tracking_ang_vel          | Scaled Avg:   0.0156 | Raw Avg:   0.7802
  tracking_lin_vel          | Scaled Avg:   0.0317 | Raw Avg:   0.7929
  TOTAL REWARD              | Scaled Avg:   0.0076
------------------------------

------------------------------
Step: 18000 - Reward Breakdown:
  action_rate               | Scaled Avg:  -0.0166 | Raw Avg:   1.6616
  action_smoothness         | Scaled Avg:  -0.0005 | Raw Avg:   0.2593
  ang_vel_xy                | Scaled Avg:  -0.0027 | Raw Avg:   1.3340
  collision                 | Scaled Avg:  -0.0001 | Raw Avg:   0.0056
  dof_acc                   | Scaled Avg:  -0.0009 | Raw Avg: 170728.8438
  dof_error                 | Scaled Avg:  -0.0031 | Raw Avg:   0.3086
  dof_vel                   | Scaled Avg:  -0.0082 | Raw Avg:  81.6274
  feet_contact_forces       | Scaled Avg:  -0.0000 | Raw Avg:   7.4529
  foot_clearance            | Scaled Avg:  -0.0001 | Raw Avg:   0.0086
  foot_mirror               | Scaled Avg:  -0.0001 | Raw Avg:   0.0812
  foot_slide                | Scaled Avg:  -0.0018 | Raw Avg:   1.7695
  has_contact               | Scaled Avg:   0.0004 | Raw Avg:   0.0188
  hip_pos                   | Scaled Avg:  -0.0029 | Raw Avg:   0.0290
  lin_vel_z                 | Scaled Avg:  -0.0019 | Raw Avg:   0.0242
  orientation               | Scaled Avg:  -0.0000 | Raw Avg:   0.0115
  powers                    | Scaled Avg:  -0.0001 | Raw Avg: 136.8846
  stand_still               | Scaled Avg:  -0.0003 | Raw Avg:   0.0026
  torques                   | Scaled Avg:  -0.0002 | Raw Avg: 1046.2676
  tracking_ang_vel          | Scaled Avg:   0.0155 | Raw Avg:   0.7762
  tracking_lin_vel          | Scaled Avg:   0.0317 | Raw Avg:   0.7920
  TOTAL REWARD              | Scaled Avg:   0.0082
------------------------------

------------------------------
Step: 18500 - Reward Breakdown:
  action_rate               | Scaled Avg:  -0.0171 | Raw Avg:   1.7128
  action_smoothness         | Scaled Avg:  -0.0005 | Raw Avg:   0.2737
  ang_vel_xy                | Scaled Avg:  -0.0027 | Raw Avg:   1.3736
  base_height               | Scaled Avg:  -0.0001 | Raw Avg:   0.0047
  collision                 | Scaled Avg:  -0.0001 | Raw Avg:   0.0064
  dof_acc                   | Scaled Avg:  -0.0008 | Raw Avg: 153519.7188
  dof_error                 | Scaled Avg:  -0.0032 | Raw Avg:   0.3163
  dof_vel                   | Scaled Avg:  -0.0081 | Raw Avg:  80.9924
  feet_contact_forces       | Scaled Avg:  -0.0000 | Raw Avg:   7.7684
  foot_clearance            | Scaled Avg:  -0.0001 | Raw Avg:   0.0088
  foot_mirror               | Scaled Avg:  -0.0001 | Raw Avg:   0.0879
  foot_slide                | Scaled Avg:  -0.0018 | Raw Avg:   1.7621
  has_contact               | Scaled Avg:   0.0004 | Raw Avg:   0.0178
  hip_pos                   | Scaled Avg:  -0.0030 | Raw Avg:   0.0295
  lin_vel_z                 | Scaled Avg:  -0.0026 | Raw Avg:   0.0324
  orientation               | Scaled Avg:  -0.0000 | Raw Avg:   0.0120
  powers                    | Scaled Avg:  -0.0001 | Raw Avg: 136.8212
  stand_still               | Scaled Avg:  -0.0002 | Raw Avg:   0.0016
  torques                   | Scaled Avg:  -0.0002 | Raw Avg: 1047.3436
  tracking_ang_vel          | Scaled Avg:   0.0155 | Raw Avg:   0.7738
  tracking_lin_vel          | Scaled Avg:   0.0316 | Raw Avg:   0.7900
  TOTAL REWARD              | Scaled Avg:   0.0068
------------------------------

------------------------------
Step: 19000 - Reward Breakdown:
  action_rate               | Scaled Avg:  -0.0188 | Raw Avg:   1.8789
  action_smoothness         | Scaled Avg:  -0.0006 | Raw Avg:   0.3023
  ang_vel_xy                | Scaled Avg:  -0.0030 | Raw Avg:   1.4953
  base_height               | Scaled Avg:  -0.0000 | Raw Avg:   0.0006
  collision                 | Scaled Avg:  -0.0001 | Raw Avg:   0.0062
  dof_acc                   | Scaled Avg:  -0.0008 | Raw Avg: 152803.4375
  dof_error                 | Scaled Avg:  -0.0034 | Raw Avg:   0.3387
  dof_vel                   | Scaled Avg:  -0.0086 | Raw Avg:  85.7137
  feet_contact_forces       | Scaled Avg:  -0.0000 | Raw Avg:   8.3893
  foot_clearance            | Scaled Avg:  -0.0001 | Raw Avg:   0.0087
  foot_mirror               | Scaled Avg:  -0.0001 | Raw Avg:   0.0990
  foot_slide                | Scaled Avg:  -0.0018 | Raw Avg:   1.7583
  has_contact               | Scaled Avg:   0.0004 | Raw Avg:   0.0195
  hip_pos                   | Scaled Avg:  -0.0032 | Raw Avg:   0.0324
  lin_vel_z                 | Scaled Avg:  -0.0030 | Raw Avg:   0.0378
  orientation               | Scaled Avg:  -0.0001 | Raw Avg:   0.0128
  powers                    | Scaled Avg:  -0.0001 | Raw Avg: 141.2280
  stand_still               | Scaled Avg:  -0.0004 | Raw Avg:   0.0043
  torques                   | Scaled Avg:  -0.0002 | Raw Avg: 1064.5428
  tracking_ang_vel          | Scaled Avg:   0.0149 | Raw Avg:   0.7446
  tracking_lin_vel          | Scaled Avg:   0.0305 | Raw Avg:   0.7632
  TOTAL REWARD              | Scaled Avg:   0.0016
------------------------------
################################################################################
                    [1m Learning iteration 10800/15000 [0m                    

                       Computation: 80827 steps/s (collection: 1.334s, learning 0.476s)
                     surrogate_loss -0.0052
                         value_loss 0.0581
                            entropy 0.8042
                     estimator_loss 0.0000
                         total_loss 0.0609
             Mean action noise std: 0.23
                       Mean reward: 3.58
               Mean episode length: 554.51
      Mean episode rew_action_rate: -0.4635
Mean episode rew_frame_action_rate: -0.0222
Mean episode rew_action_smoothness: -0.0148
Mean episode rew_frame_action_smoothness: -0.0007
       Mean episode rew_ang_vel_xy: -0.0719
 Mean episode rew_frame_ang_vel_xy: -0.0083
      Mean episode rew_base_height: -0.0002
Mean episode rew_frame_base_height: -0.0001
        Mean episode rew_collision: -0.0031
  Mean episode rew_frame_collision: -0.0014
          Mean episode rew_dof_acc: -0.0208
    Mean episode rew_frame_dof_acc: -0.0017
        Mean episode rew_dof_error: -0.0827
  Mean episode rew_frame_dof_error: -0.0100
          Mean episode rew_dof_vel: -0.2156
    Mean episode rew_frame_dof_vel: -0.0145
    Mean episode rew_feet_air_time: 0.0002
Mean episode rew_frame_feet_air_time: 0.0000
Mean episode rew_feet_contact_forces: -0.0006
Mean episode rew_frame_feet_contact_forces: -0.0000
   Mean episode rew_foot_clearance: -0.0022
Mean episode rew_frame_foot_clearance: -0.0001
      Mean episode rew_foot_mirror: -0.0023
Mean episode rew_frame_foot_mirror: -0.0003
       Mean episode rew_foot_slide: -0.0453
 Mean episode rew_frame_foot_slide: -0.0017
      Mean episode rew_has_contact: 0.0095
Mean episode rew_frame_has_contact: 0.0002
          Mean episode rew_hip_pos: -0.0748
    Mean episode rew_frame_hip_pos: -0.0126
        Mean episode rew_lin_vel_z: -0.0522
  Mean episode rew_frame_lin_vel_z: -0.0147
      Mean episode rew_orientation: -0.0013
Mean episode rew_frame_orientation: -0.0004
           Mean episode rew_powers: -0.0014
     Mean episode rew_frame_powers: -0.0001
      Mean episode rew_stand_still: -0.0025
Mean episode rew_frame_stand_still: -0.0001
          Mean episode rew_stumble: -0.0000
    Mean episode rew_frame_stumble: -0.0000
          Mean episode rew_torques: -0.0055
    Mean episode rew_frame_torques: -0.0003
 Mean episode rew_tracking_ang_vel: 0.3876
Mean episode rew_frame_tracking_ang_vel: 0.0108
 Mean episode rew_tracking_lin_vel: 0.8009
Mean episode rew_frame_tracking_lin_vel: 0.0200
Mean episode max_power_throughout_episode: 3429.6184
            Mean episode max_pos_x: 4.7509
            Mean episode min_pos_x: -3.2898
            Mean episode max_pos_y: 4.1955
            Mean episode min_pos_y: -3.6846
        Mean episode timeout_ratio: 0.4645
       Mean episode num_terminated: 13.5000
--------------------------------------------------------------------------------
                   Total timesteps: 1316736
                    Iteration time: 1.81s
                        Total time: 1423.05s
                               ETA: 7461.7s


------------------------------
Step: 19500 - Reward Breakdown:
  action_rate               | Scaled Avg:  -0.0188 | Raw Avg:   1.8835
  action_smoothness         | Scaled Avg:  -0.0006 | Raw Avg:   0.3057
  ang_vel_xy                | Scaled Avg:  -0.0029 | Raw Avg:   1.4657
  base_height               | Scaled Avg:  -0.0000 | Raw Avg:   0.0005
  collision                 | Scaled Avg:  -0.0001 | Raw Avg:   0.0054
  dof_acc                   | Scaled Avg:  -0.0008 | Raw Avg: 168215.9844
  dof_error                 | Scaled Avg:  -0.0034 | Raw Avg:   0.3401
  dof_vel                   | Scaled Avg:  -0.0087 | Raw Avg:  86.9003
  feet_contact_forces       | Scaled Avg:  -0.0000 | Raw Avg:   8.8647
  foot_clearance            | Scaled Avg:  -0.0001 | Raw Avg:   0.0087
  foot_mirror               | Scaled Avg:  -0.0001 | Raw Avg:   0.1014
  foot_slide                | Scaled Avg:  -0.0018 | Raw Avg:   1.7869
  has_contact               | Scaled Avg:   0.0003 | Raw Avg:   0.0172
  hip_pos                   | Scaled Avg:  -0.0031 | Raw Avg:   0.0313
  lin_vel_z                 | Scaled Avg:  -0.0047 | Raw Avg:   0.0589
  orientation               | Scaled Avg:  -0.0000 | Raw Avg:   0.0120
  powers                    | Scaled Avg:  -0.0001 | Raw Avg: 141.2914
  stand_still               | Scaled Avg:  -0.0003 | Raw Avg:   0.0030
  torques                   | Scaled Avg:  -0.0002 | Raw Avg: 1063.6891
  tracking_ang_vel          | Scaled Avg:   0.0149 | Raw Avg:   0.7432
  tracking_lin_vel          | Scaled Avg:   0.0311 | Raw Avg:   0.7775
  TOTAL REWARD              | Scaled Avg:   0.0022
------------------------------

------------------------------
Step: 20000 - Reward Breakdown:
  action_rate               | Scaled Avg:  -0.0184 | Raw Avg:   1.8414
  action_smoothness         | Scaled Avg:  -0.0006 | Raw Avg:   0.2979
  ang_vel_xy                | Scaled Avg:  -0.0032 | Raw Avg:   1.5985
  base_height               | Scaled Avg:  -0.0000 | Raw Avg:   0.0006
  collision                 | Scaled Avg:  -0.0001 | Raw Avg:   0.0059
  dof_acc                   | Scaled Avg:  -0.0008 | Raw Avg: 161706.1406
  dof_error                 | Scaled Avg:  -0.0034 | Raw Avg:   0.3413
  dof_vel                   | Scaled Avg:  -0.0085 | Raw Avg:  85.4275
  feet_contact_forces       | Scaled Avg:  -0.0000 | Raw Avg:   8.1967
  foot_clearance            | Scaled Avg:  -0.0001 | Raw Avg:   0.0085
  foot_mirror               | Scaled Avg:  -0.0001 | Raw Avg:   0.0997
  foot_slide                | Scaled Avg:  -0.0018 | Raw Avg:   1.7566
  has_contact               | Scaled Avg:   0.0004 | Raw Avg:   0.0188
  hip_pos                   | Scaled Avg:  -0.0030 | Raw Avg:   0.0302
  lin_vel_z                 | Scaled Avg:  -0.0023 | Raw Avg:   0.0287
  orientation               | Scaled Avg:  -0.0001 | Raw Avg:   0.0133
  powers                    | Scaled Avg:  -0.0001 | Raw Avg: 146.0582
  stand_still               | Scaled Avg:  -0.0003 | Raw Avg:   0.0032
  torques                   | Scaled Avg:  -0.0002 | Raw Avg: 1143.2048
  tracking_ang_vel          | Scaled Avg:   0.0150 | Raw Avg:   0.7502
  tracking_lin_vel          | Scaled Avg:   0.0310 | Raw Avg:   0.7745
  TOTAL REWARD              | Scaled Avg:   0.0033
------------------------------

------------------------------
Step: 20500 - Reward Breakdown:
  action_rate               | Scaled Avg:  -0.0181 | Raw Avg:   1.8072
  action_smoothness         | Scaled Avg:  -0.0006 | Raw Avg:   0.2899
  ang_vel_xy                | Scaled Avg:  -0.0029 | Raw Avg:   1.4681
  collision                 | Scaled Avg:  -0.0001 | Raw Avg:   0.0051
  dof_acc                   | Scaled Avg:  -0.0008 | Raw Avg: 162915.5938
  dof_error                 | Scaled Avg:  -0.0033 | Raw Avg:   0.3325
  dof_vel                   | Scaled Avg:  -0.0083 | Raw Avg:  82.9469
  feet_contact_forces       | Scaled Avg:  -0.0000 | Raw Avg:   8.3861
  foot_clearance            | Scaled Avg:  -0.0001 | Raw Avg:   0.0092
  foot_mirror               | Scaled Avg:  -0.0001 | Raw Avg:   0.0958
  foot_slide                | Scaled Avg:  -0.0017 | Raw Avg:   1.7467
  has_contact               | Scaled Avg:   0.0004 | Raw Avg:   0.0196
  hip_pos                   | Scaled Avg:  -0.0030 | Raw Avg:   0.0304
  lin_vel_z                 | Scaled Avg:  -0.0091 | Raw Avg:   0.1133
  orientation               | Scaled Avg:  -0.0001 | Raw Avg:   0.0128
  powers                    | Scaled Avg:  -0.0001 | Raw Avg: 147.4785
  stand_still               | Scaled Avg:  -0.0004 | Raw Avg:   0.0038
  torques                   | Scaled Avg:  -0.0002 | Raw Avg: 1206.7396
  tracking_ang_vel          | Scaled Avg:   0.0150 | Raw Avg:   0.7499
  tracking_lin_vel          | Scaled Avg:   0.0311 | Raw Avg:   0.7783
  TOTAL REWARD              | Scaled Avg:   0.0039
------------------------------

------------------------------
Step: 21000 - Reward Breakdown:
  action_rate               | Scaled Avg:  -0.0181 | Raw Avg:   1.8085
  action_smoothness         | Scaled Avg:  -0.0006 | Raw Avg:   0.2905
  ang_vel_xy                | Scaled Avg:  -0.0030 | Raw Avg:   1.4815
  collision                 | Scaled Avg:  -0.0001 | Raw Avg:   0.0048
  dof_acc                   | Scaled Avg:  -0.0009 | Raw Avg: 170416.4219
  dof_error                 | Scaled Avg:  -0.0033 | Raw Avg:   0.3260
  dof_vel                   | Scaled Avg:  -0.0089 | Raw Avg:  88.5616
  feet_contact_forces       | Scaled Avg:  -0.0000 | Raw Avg:   8.9765
  foot_clearance            | Scaled Avg:  -0.0001 | Raw Avg:   0.0091
  foot_mirror               | Scaled Avg:  -0.0001 | Raw Avg:   0.0957
  foot_slide                | Scaled Avg:  -0.0018 | Raw Avg:   1.7936
  has_contact               | Scaled Avg:   0.0003 | Raw Avg:   0.0169
  hip_pos                   | Scaled Avg:  -0.0029 | Raw Avg:   0.0292
  lin_vel_z                 | Scaled Avg:  -0.0020 | Raw Avg:   0.0254
  orientation               | Scaled Avg:  -0.0000 | Raw Avg:   0.0119
  powers                    | Scaled Avg:  -0.0001 | Raw Avg: 146.0432
  stand_still               | Scaled Avg:  -0.0003 | Raw Avg:   0.0033
  torques                   | Scaled Avg:  -0.0002 | Raw Avg: 1110.3577
  tracking_ang_vel          | Scaled Avg:   0.0149 | Raw Avg:   0.7473
  tracking_lin_vel          | Scaled Avg:   0.0318 | Raw Avg:   0.7957
  TOTAL REWARD              | Scaled Avg:   0.0048
------------------------------

------------------------------
Step: 21500 - Reward Breakdown:
  action_rate               | Scaled Avg:  -0.0171 | Raw Avg:   1.7063
  action_smoothness         | Scaled Avg:  -0.0005 | Raw Avg:   0.2699
  ang_vel_xy                | Scaled Avg:  -0.0027 | Raw Avg:   1.3727
  collision                 | Scaled Avg:  -0.0001 | Raw Avg:   0.0056
  dof_acc                   | Scaled Avg:  -0.0008 | Raw Avg: 158398.9688
  dof_error                 | Scaled Avg:  -0.0033 | Raw Avg:   0.3259
  dof_vel                   | Scaled Avg:  -0.0082 | Raw Avg:  81.7283
  feet_contact_forces       | Scaled Avg:  -0.0000 | Raw Avg:   8.0046
  foot_clearance            | Scaled Avg:  -0.0001 | Raw Avg:   0.0089
  foot_mirror               | Scaled Avg:  -0.0001 | Raw Avg:   0.0931
  foot_slide                | Scaled Avg:  -0.0017 | Raw Avg:   1.7471
  has_contact               | Scaled Avg:   0.0004 | Raw Avg:   0.0223
  hip_pos                   | Scaled Avg:  -0.0029 | Raw Avg:   0.0287
  lin_vel_z                 | Scaled Avg:  -0.0021 | Raw Avg:   0.0257
  orientation               | Scaled Avg:  -0.0000 | Raw Avg:   0.0113
  powers                    | Scaled Avg:  -0.0001 | Raw Avg: 137.3344
  stand_still               | Scaled Avg:  -0.0004 | Raw Avg:   0.0043
  torques                   | Scaled Avg:  -0.0002 | Raw Avg: 1034.9813
  tracking_ang_vel          | Scaled Avg:   0.0155 | Raw Avg:   0.7737
  tracking_lin_vel          | Scaled Avg:   0.0321 | Raw Avg:   0.8036
  TOTAL REWARD              | Scaled Avg:   0.0078
------------------------------
################################################################################
                    [1m Learning iteration 10900/15000 [0m                    

                       Computation: 83948 steps/s (collection: 1.270s, learning 0.473s)
                     surrogate_loss -0.0009
                         value_loss 0.0596
                            entropy 1.9118
                     estimator_loss 0.0000
                         total_loss 0.0778
             Mean action noise std: 0.21
                       Mean reward: 2.68
               Mean episode length: 473.25
      Mean episode rew_action_rate: -0.4892
Mean episode rew_frame_action_rate: -0.0202
Mean episode rew_action_smoothness: -0.0156
Mean episode rew_frame_action_smoothness: -0.0006
       Mean episode rew_ang_vel_xy: -0.0772
 Mean episode rew_frame_ang_vel_xy: -0.0078
      Mean episode rew_base_height: -0.0002
Mean episode rew_frame_base_height: -0.0001
        Mean episode rew_collision: -0.0030
  Mean episode rew_frame_collision: -0.0012
          Mean episode rew_dof_acc: -0.0232
    Mean episode rew_frame_dof_acc: -0.0016
        Mean episode rew_dof_error: -0.0867
  Mean episode rew_frame_dof_error: -0.0089
          Mean episode rew_dof_vel: -0.2330
    Mean episode rew_frame_dof_vel: -0.0135
    Mean episode rew_feet_air_time: 0.0002
Mean episode rew_frame_feet_air_time: 0.0000
Mean episode rew_feet_contact_forces: -0.0007
Mean episode rew_frame_feet_contact_forces: -0.0000
   Mean episode rew_foot_clearance: -0.0025
Mean episode rew_frame_foot_clearance: -0.0001
      Mean episode rew_foot_mirror: -0.0025
Mean episode rew_frame_foot_mirror: -0.0003
       Mean episode rew_foot_slide: -0.0485
 Mean episode rew_frame_foot_slide: -0.0017
      Mean episode rew_has_contact: 0.0067
Mean episode rew_frame_has_contact: 0.0002
          Mean episode rew_hip_pos: -0.0768
    Mean episode rew_frame_hip_pos: -0.0104
        Mean episode rew_lin_vel_z: -0.0544
  Mean episode rew_frame_lin_vel_z: -0.0124
      Mean episode rew_orientation: -0.0012
Mean episode rew_frame_orientation: -0.0003
           Mean episode rew_powers: -0.0016
     Mean episode rew_frame_powers: -0.0001
      Mean episode rew_stand_still: -0.0159
Mean episode rew_frame_stand_still: -0.0003
          Mean episode rew_stumble: -0.0000
    Mean episode rew_frame_stumble: -0.0000
          Mean episode rew_torques: -0.0059
    Mean episode rew_frame_torques: -0.0003
 Mean episode rew_tracking_ang_vel: 0.4189
Mean episode rew_frame_tracking_ang_vel: 0.0112
 Mean episode rew_tracking_lin_vel: 0.8738
Mean episode rew_frame_tracking_lin_vel: 0.0216
Mean episode max_power_throughout_episode: 3375.6765
            Mean episode max_pos_x: 4.2938
            Mean episode min_pos_x: -3.2511
            Mean episode max_pos_y: 3.8779
            Mean episode min_pos_y: -3.4913
        Mean episode timeout_ratio: 0.4835
       Mean episode num_terminated: 11.4583
--------------------------------------------------------------------------------
                   Total timesteps: 1463040
                    Iteration time: 1.74s
                        Total time: 1601.44s
                               ETA: 7287.4s


------------------------------
Step: 22000 - Reward Breakdown:
  action_rate               | Scaled Avg:  -0.0172 | Raw Avg:   1.7189
  action_smoothness         | Scaled Avg:  -0.0005 | Raw Avg:   0.2702
  ang_vel_xy                | Scaled Avg:  -0.0028 | Raw Avg:   1.4227
  collision                 | Scaled Avg:  -0.0001 | Raw Avg:   0.0048
  dof_acc                   | Scaled Avg:  -0.0008 | Raw Avg: 164158.4844
  dof_error                 | Scaled Avg:  -0.0032 | Raw Avg:   0.3170
  dof_vel                   | Scaled Avg:  -0.0083 | Raw Avg:  82.9934
  feet_contact_forces       | Scaled Avg:  -0.0000 | Raw Avg:   7.9535
  foot_clearance            | Scaled Avg:  -0.0001 | Raw Avg:   0.0090
  foot_mirror               | Scaled Avg:  -0.0001 | Raw Avg:   0.0919
  foot_slide                | Scaled Avg:  -0.0018 | Raw Avg:   1.7524
  has_contact               | Scaled Avg:   0.0003 | Raw Avg:   0.0170
  hip_pos                   | Scaled Avg:  -0.0029 | Raw Avg:   0.0293
  lin_vel_z                 | Scaled Avg:  -0.0021 | Raw Avg:   0.0267
  orientation               | Scaled Avg:  -0.0000 | Raw Avg:   0.0119
  powers                    | Scaled Avg:  -0.0001 | Raw Avg: 143.8398
  stand_still               | Scaled Avg:  -0.0003 | Raw Avg:   0.0031
  torques                   | Scaled Avg:  -0.0002 | Raw Avg: 1113.5657
  tracking_ang_vel          | Scaled Avg:   0.0153 | Raw Avg:   0.7654
  tracking_lin_vel          | Scaled Avg:   0.0318 | Raw Avg:   0.7949
  TOTAL REWARD              | Scaled Avg:   0.0068
------------------------------

------------------------------
Step: 22500 - Reward Breakdown:
  action_rate               | Scaled Avg:  -0.0167 | Raw Avg:   1.6688
  action_smoothness         | Scaled Avg:  -0.0005 | Raw Avg:   0.2627
  ang_vel_xy                | Scaled Avg:  -0.0027 | Raw Avg:   1.3494
  collision                 | Scaled Avg:  -0.0001 | Raw Avg:   0.0034
  dof_acc                   | Scaled Avg:  -0.0008 | Raw Avg: 154244.4688
  dof_error                 | Scaled Avg:  -0.0030 | Raw Avg:   0.3016
  dof_vel                   | Scaled Avg:  -0.0080 | Raw Avg:  80.3694
  feet_contact_forces       | Scaled Avg:  -0.0000 | Raw Avg:   7.5490
  foot_clearance            | Scaled Avg:  -0.0001 | Raw Avg:   0.0091
  foot_mirror               | Scaled Avg:  -0.0001 | Raw Avg:   0.0826
  foot_slide                | Scaled Avg:  -0.0018 | Raw Avg:   1.7595
  has_contact               | Scaled Avg:   0.0004 | Raw Avg:   0.0217
  hip_pos                   | Scaled Avg:  -0.0027 | Raw Avg:   0.0270
  lin_vel_z                 | Scaled Avg:  -0.0018 | Raw Avg:   0.0220
  orientation               | Scaled Avg:  -0.0000 | Raw Avg:   0.0097
  powers                    | Scaled Avg:  -0.0001 | Raw Avg: 136.9420
  stand_still               | Scaled Avg:  -0.0003 | Raw Avg:   0.0026
  torques                   | Scaled Avg:  -0.0002 | Raw Avg: 1052.6160
  tracking_ang_vel          | Scaled Avg:   0.0155 | Raw Avg:   0.7762
  tracking_lin_vel          | Scaled Avg:   0.0320 | Raw Avg:   0.7999
  TOTAL REWARD              | Scaled Avg:   0.0092
------------------------------

------------------------------
Step: 23000 - Reward Breakdown:
  action_rate               | Scaled Avg:  -0.0167 | Raw Avg:   1.6686
  action_smoothness         | Scaled Avg:  -0.0005 | Raw Avg:   0.2607
  ang_vel_xy                | Scaled Avg:  -0.0027 | Raw Avg:   1.3522
  collision                 | Scaled Avg:  -0.0001 | Raw Avg:   0.0048
  dof_acc                   | Scaled Avg:  -0.0008 | Raw Avg: 166968.2812
  dof_error                 | Scaled Avg:  -0.0031 | Raw Avg:   0.3123
  dof_vel                   | Scaled Avg:  -0.0082 | Raw Avg:  81.8382
  feet_contact_forces       | Scaled Avg:  -0.0000 | Raw Avg:   8.1029
  foot_clearance            | Scaled Avg:  -0.0001 | Raw Avg:   0.0094
  foot_mirror               | Scaled Avg:  -0.0001 | Raw Avg:   0.0825
  foot_slide                | Scaled Avg:  -0.0017 | Raw Avg:   1.7291
  has_contact               | Scaled Avg:   0.0003 | Raw Avg:   0.0167
  hip_pos                   | Scaled Avg:  -0.0028 | Raw Avg:   0.0283
  lin_vel_z                 | Scaled Avg:  -0.0019 | Raw Avg:   0.0242
  orientation               | Scaled Avg:  -0.0000 | Raw Avg:   0.0109
  powers                    | Scaled Avg:  -0.0001 | Raw Avg: 141.5029
  stand_still               | Scaled Avg:  -0.0002 | Raw Avg:   0.0024
  torques                   | Scaled Avg:  -0.0002 | Raw Avg: 1078.6067
  tracking_ang_vel          | Scaled Avg:   0.0157 | Raw Avg:   0.7830
  tracking_lin_vel          | Scaled Avg:   0.0322 | Raw Avg:   0.8040
  TOTAL REWARD              | Scaled Avg:   0.0088
------------------------------

------------------------------
Step: 23500 - Reward Breakdown:
  action_rate               | Scaled Avg:  -0.0188 | Raw Avg:   1.8845
  action_smoothness         | Scaled Avg:  -0.0006 | Raw Avg:   0.2981
  ang_vel_xy                | Scaled Avg:  -0.0029 | Raw Avg:   1.4686
  base_height               | Scaled Avg:  -0.2427 | Raw Avg:  12.1373
  collision                 | Scaled Avg:  -0.0001 | Raw Avg:   0.0051
  dof_acc                   | Scaled Avg:  -0.0009 | Raw Avg: 178250.0625
  dof_error                 | Scaled Avg:  -0.0033 | Raw Avg:   0.3292
  dof_vel                   | Scaled Avg:  -0.0089 | Raw Avg:  89.2507
  feet_air_time             | Scaled Avg:   0.0000 | Raw Avg:   0.0003
  feet_contact_forces       | Scaled Avg:  -0.0000 | Raw Avg:   8.7325
  foot_clearance            | Scaled Avg:  -0.0001 | Raw Avg:   0.0091
  foot_mirror               | Scaled Avg:  -0.0001 | Raw Avg:   0.0915
  foot_slide                | Scaled Avg:  -0.0018 | Raw Avg:   1.7952
  has_contact               | Scaled Avg:   0.0003 | Raw Avg:   0.0154
  hip_pos                   | Scaled Avg:  -0.0030 | Raw Avg:   0.0300
  lin_vel_z                 | Scaled Avg:  -0.0097 | Raw Avg:   0.1217
  orientation               | Scaled Avg:  -0.0000 | Raw Avg:   0.0124
  powers                    | Scaled Avg:  -0.0001 | Raw Avg: 145.2070
  stand_still               | Scaled Avg:  -0.0003 | Raw Avg:   0.0033
  torques                   | Scaled Avg:  -0.0002 | Raw Avg: 1078.6178
  tracking_ang_vel          | Scaled Avg:   0.0150 | Raw Avg:   0.7502
  tracking_lin_vel          | Scaled Avg:   0.0315 | Raw Avg:   0.7878
  TOTAL REWARD              | Scaled Avg:   0.0013
------------------------------

------------------------------
Step: 24000 - Reward Breakdown:
  action_rate               | Scaled Avg:  -0.0175 | Raw Avg:   1.7532
  action_smoothness         | Scaled Avg:  -0.0006 | Raw Avg:   0.2751
  ang_vel_xy                | Scaled Avg:  -0.0027 | Raw Avg:   1.3567
  collision                 | Scaled Avg:  -0.0001 | Raw Avg:   0.0064
  dof_acc                   | Scaled Avg:  -0.0008 | Raw Avg: 161436.8125
  dof_error                 | Scaled Avg:  -0.0031 | Raw Avg:   0.3147
  dof_vel                   | Scaled Avg:  -0.0084 | Raw Avg:  83.9601
  feet_contact_forces       | Scaled Avg:  -0.0000 | Raw Avg:   8.0956
  foot_clearance            | Scaled Avg:  -0.0001 | Raw Avg:   0.0085
  foot_mirror               | Scaled Avg:  -0.0001 | Raw Avg:   0.0892
  foot_slide                | Scaled Avg:  -0.0017 | Raw Avg:   1.7386
  has_contact               | Scaled Avg:   0.0004 | Raw Avg:   0.0195
  hip_pos                   | Scaled Avg:  -0.0030 | Raw Avg:   0.0304
  lin_vel_z                 | Scaled Avg:  -0.0020 | Raw Avg:   0.0256
  orientation               | Scaled Avg:  -0.0000 | Raw Avg:   0.0120
  powers                    | Scaled Avg:  -0.0001 | Raw Avg: 141.0523
  stand_still               | Scaled Avg:  -0.0003 | Raw Avg:   0.0029
  torques                   | Scaled Avg:  -0.0002 | Raw Avg: 1062.9904
  tracking_ang_vel          | Scaled Avg:   0.0153 | Raw Avg:   0.7675
  tracking_lin_vel          | Scaled Avg:   0.0317 | Raw Avg:   0.7923
  TOTAL REWARD              | Scaled Avg:   0.0065
------------------------------
################################################################################
                    [1m Learning iteration 11000/15000 [0m                    

                       Computation: 81424 steps/s (collection: 1.325s, learning 0.472s)
                     surrogate_loss -0.0046
                         value_loss 0.0581
                            entropy 1.6929
                     estimator_loss 0.0000
                         total_loss 0.0705
             Mean action noise std: 0.21
                       Mean reward: 3.32
               Mean episode length: 560.19
      Mean episode rew_action_rate: -0.5140
Mean episode rew_frame_action_rate: -0.0207
Mean episode rew_action_smoothness: -0.0164
Mean episode rew_frame_action_smoothness: -0.0006
       Mean episode rew_ang_vel_xy: -0.0808
 Mean episode rew_frame_ang_vel_xy: -0.0079
      Mean episode rew_base_height: -0.0002
Mean episode rew_frame_base_height: -0.0001
        Mean episode rew_collision: -0.0028
  Mean episode rew_frame_collision: -0.0010
          Mean episode rew_dof_acc: -0.0238
    Mean episode rew_frame_dof_acc: -0.0017
        Mean episode rew_dof_error: -0.0896
  Mean episode rew_frame_dof_error: -0.0087
          Mean episode rew_dof_vel: -0.2419
    Mean episode rew_frame_dof_vel: -0.0138
    Mean episode rew_feet_air_time: 0.0001
Mean episode rew_frame_feet_air_time: 0.0000
Mean episode rew_feet_contact_forces: -0.0007
Mean episode rew_frame_feet_contact_forces: -0.0000
   Mean episode rew_foot_clearance: -0.0026
Mean episode rew_frame_foot_clearance: -0.0001
      Mean episode rew_foot_mirror: -0.0025
Mean episode rew_frame_foot_mirror: -0.0003
       Mean episode rew_foot_slide: -0.0498
 Mean episode rew_frame_foot_slide: -0.0017
      Mean episode rew_has_contact: 0.0127
Mean episode rew_frame_has_contact: 0.0003
          Mean episode rew_hip_pos: -0.0821
    Mean episode rew_frame_hip_pos: -0.0103
        Mean episode rew_lin_vel_z: -0.0548
  Mean episode rew_frame_lin_vel_z: -0.0119
      Mean episode rew_orientation: -0.0013
Mean episode rew_frame_orientation: -0.0004
           Mean episode rew_powers: -0.0016
     Mean episode rew_frame_powers: -0.0001
      Mean episode rew_stand_still: -0.0157
Mean episode rew_frame_stand_still: -0.0004
          Mean episode rew_stumble: -0.0000
    Mean episode rew_frame_stumble: -0.0000
          Mean episode rew_torques: -0.0063
    Mean episode rew_frame_torques: -0.0003
 Mean episode rew_tracking_ang_vel: 0.4463
Mean episode rew_frame_tracking_ang_vel: 0.0115
 Mean episode rew_tracking_lin_vel: 0.9330
Mean episode rew_frame_tracking_lin_vel: 0.0222
Mean episode max_power_throughout_episode: 3530.5020
            Mean episode max_pos_x: 4.2541
            Mean episode min_pos_x: -4.0885
            Mean episode max_pos_y: 3.6276
            Mean episode min_pos_y: -4.9937
        Mean episode timeout_ratio: 0.5293
       Mean episode num_terminated: 12.2917
--------------------------------------------------------------------------------
                   Total timesteps: 1609344
                    Iteration time: 1.80s
                        Total time: 1778.30s
                               ETA: 7106.1s


------------------------------
Step: 24500 - Reward Breakdown:
  action_rate               | Scaled Avg:  -0.0167 | Raw Avg:   1.6738
  action_smoothness         | Scaled Avg:  -0.0005 | Raw Avg:   0.2580
  ang_vel_xy                | Scaled Avg:  -0.0027 | Raw Avg:   1.3343
  collision                 | Scaled Avg:  -0.0001 | Raw Avg:   0.0038
  dof_acc                   | Scaled Avg:  -0.0007 | Raw Avg: 146795.0000
  dof_error                 | Scaled Avg:  -0.0032 | Raw Avg:   0.3176
  dof_vel                   | Scaled Avg:  -0.0083 | Raw Avg:  83.4848
  feet_contact_forces       | Scaled Avg:  -0.0000 | Raw Avg:   7.9996
  foot_clearance            | Scaled Avg:  -0.0001 | Raw Avg:   0.0089
  foot_mirror               | Scaled Avg:  -0.0001 | Raw Avg:   0.0879
  foot_slide                | Scaled Avg:  -0.0017 | Raw Avg:   1.7490
  has_contact               | Scaled Avg:   0.0004 | Raw Avg:   0.0192
  hip_pos                   | Scaled Avg:  -0.0031 | Raw Avg:   0.0307
  lin_vel_z                 | Scaled Avg:  -0.0020 | Raw Avg:   0.0249
  orientation               | Scaled Avg:  -0.0000 | Raw Avg:   0.0108
  powers                    | Scaled Avg:  -0.0001 | Raw Avg: 145.3422
  stand_still               | Scaled Avg:  -0.0003 | Raw Avg:   0.0030
  torques                   | Scaled Avg:  -0.0002 | Raw Avg: 1119.1787
  tracking_ang_vel          | Scaled Avg:   0.0156 | Raw Avg:   0.7801
  tracking_lin_vel          | Scaled Avg:   0.0324 | Raw Avg:   0.8091
  TOTAL REWARD              | Scaled Avg:   0.0084
------------------------------

------------------------------
Step: 25000 - Reward Breakdown:
  action_rate               | Scaled Avg:  -0.0165 | Raw Avg:   1.6538
  action_smoothness         | Scaled Avg:  -0.0005 | Raw Avg:   0.2591
  ang_vel_xy                | Scaled Avg:  -0.0028 | Raw Avg:   1.4072
  collision                 | Scaled Avg:  -0.0001 | Raw Avg:   0.0049
  dof_acc                   | Scaled Avg:  -0.0007 | Raw Avg: 138865.7188
  dof_error                 | Scaled Avg:  -0.0031 | Raw Avg:   0.3082
  dof_vel                   | Scaled Avg:  -0.0082 | Raw Avg:  82.2084
  feet_contact_forces       | Scaled Avg:  -0.0000 | Raw Avg:   8.0015
  foot_clearance            | Scaled Avg:  -0.0001 | Raw Avg:   0.0090
  foot_mirror               | Scaled Avg:  -0.0001 | Raw Avg:   0.0809
  foot_slide                | Scaled Avg:  -0.0017 | Raw Avg:   1.7495
  has_contact               | Scaled Avg:   0.0003 | Raw Avg:   0.0164
  hip_pos                   | Scaled Avg:  -0.0029 | Raw Avg:   0.0294
  lin_vel_z                 | Scaled Avg:  -0.0019 | Raw Avg:   0.0235
  orientation               | Scaled Avg:  -0.0000 | Raw Avg:   0.0101
  powers                    | Scaled Avg:  -0.0001 | Raw Avg: 145.6910
  stand_still               | Scaled Avg:  -0.0002 | Raw Avg:   0.0022
  torques                   | Scaled Avg:  -0.0002 | Raw Avg: 1128.7211
  tracking_ang_vel          | Scaled Avg:   0.0156 | Raw Avg:   0.7798
  tracking_lin_vel          | Scaled Avg:   0.0325 | Raw Avg:   0.8125
  TOTAL REWARD              | Scaled Avg:   0.0091
------------------------------

------------------------------
Step: 25500 - Reward Breakdown:
  action_rate               | Scaled Avg:  -0.0164 | Raw Avg:   1.6364
  action_smoothness         | Scaled Avg:  -0.0005 | Raw Avg:   0.2549
  ang_vel_xy                | Scaled Avg:  -0.0027 | Raw Avg:   1.3520
  collision                 | Scaled Avg:  -0.0001 | Raw Avg:   0.0041
  dof_acc                   | Scaled Avg:  -0.0008 | Raw Avg: 162050.2188
  dof_error                 | Scaled Avg:  -0.0030 | Raw Avg:   0.3004
  dof_vel                   | Scaled Avg:  -0.0081 | Raw Avg:  81.3995
  feet_contact_forces       | Scaled Avg:  -0.0000 | Raw Avg:   8.4290
  foot_clearance            | Scaled Avg:  -0.0001 | Raw Avg:   0.0090
  foot_mirror               | Scaled Avg:  -0.0001 | Raw Avg:   0.0806
  foot_slide                | Scaled Avg:  -0.0017 | Raw Avg:   1.7337
  has_contact               | Scaled Avg:   0.0004 | Raw Avg:   0.0197
  hip_pos                   | Scaled Avg:  -0.0028 | Raw Avg:   0.0279
  lin_vel_z                 | Scaled Avg:  -0.0018 | Raw Avg:   0.0230
  orientation               | Scaled Avg:  -0.0000 | Raw Avg:   0.0108
  powers                    | Scaled Avg:  -0.0001 | Raw Avg: 145.0429
  stand_still               | Scaled Avg:  -0.0003 | Raw Avg:   0.0034
  torques                   | Scaled Avg:  -0.0002 | Raw Avg: 1136.9114
  tracking_ang_vel          | Scaled Avg:   0.0158 | Raw Avg:   0.7895
  tracking_lin_vel          | Scaled Avg:   0.0323 | Raw Avg:   0.8085
  TOTAL REWARD              | Scaled Avg:   0.0097
------------------------------

------------------------------
Step: 26000 - Reward Breakdown:
  action_rate               | Scaled Avg:  -0.0168 | Raw Avg:   1.6782
  action_smoothness         | Scaled Avg:  -0.0005 | Raw Avg:   0.2669
  ang_vel_xy                | Scaled Avg:  -0.0027 | Raw Avg:   1.3726
  collision                 | Scaled Avg:  -0.0001 | Raw Avg:   0.0041
  dof_acc                   | Scaled Avg:  -0.0009 | Raw Avg: 171043.1562
  dof_error                 | Scaled Avg:  -0.0032 | Raw Avg:   0.3227
  dof_vel                   | Scaled Avg:  -0.0081 | Raw Avg:  81.4910
  feet_contact_forces       | Scaled Avg:  -0.0000 | Raw Avg:   8.3216
  foot_clearance            | Scaled Avg:  -0.0001 | Raw Avg:   0.0098
  foot_mirror               | Scaled Avg:  -0.0001 | Raw Avg:   0.0856
  foot_slide                | Scaled Avg:  -0.0017 | Raw Avg:   1.7300
  has_contact               | Scaled Avg:   0.0004 | Raw Avg:   0.0184
  hip_pos                   | Scaled Avg:  -0.0031 | Raw Avg:   0.0309
  lin_vel_z                 | Scaled Avg:  -0.0080 | Raw Avg:   0.1000
  orientation               | Scaled Avg:  -0.0000 | Raw Avg:   0.0113
  powers                    | Scaled Avg:  -0.0001 | Raw Avg: 143.7605
  stand_still               | Scaled Avg:  -0.0003 | Raw Avg:   0.0031
  torques                   | Scaled Avg:  -0.0002 | Raw Avg: 1109.9296
  tracking_ang_vel          | Scaled Avg:   0.0157 | Raw Avg:   0.7865
  tracking_lin_vel          | Scaled Avg:   0.0318 | Raw Avg:   0.7947
  TOTAL REWARD              | Scaled Avg:   0.0072
------------------------------
################################################################################
                    [1m Learning iteration 11100/15000 [0m                    

                       Computation: 84456 steps/s (collection: 1.260s, learning 0.473s)
                     surrogate_loss -0.0035
                         value_loss 0.1140
                            entropy 1.6893
                     estimator_loss 0.0000
                         total_loss 0.1275
             Mean action noise std: 0.21
                       Mean reward: 3.05
               Mean episode length: 505.16
      Mean episode rew_action_rate: -0.4512
Mean episode rew_frame_action_rate: -0.0219
Mean episode rew_action_smoothness: -0.0143
Mean episode rew_frame_action_smoothness: -0.0006
       Mean episode rew_ang_vel_xy: -0.0755
 Mean episode rew_frame_ang_vel_xy: -0.0087
      Mean episode rew_base_height: -0.0002
Mean episode rew_frame_base_height: -0.0001
        Mean episode rew_collision: -0.0022
  Mean episode rew_frame_collision: -0.0009
          Mean episode rew_dof_acc: -0.0231
    Mean episode rew_frame_dof_acc: -0.0019
        Mean episode rew_dof_error: -0.0839
  Mean episode rew_frame_dof_error: -0.0091
          Mean episode rew_dof_vel: -0.2194
    Mean episode rew_frame_dof_vel: -0.0150
    Mean episode rew_feet_air_time: 0.0002
Mean episode rew_frame_feet_air_time: 0.0000
Mean episode rew_feet_contact_forces: -0.0007
Mean episode rew_frame_feet_contact_forces: -0.0000
   Mean episode rew_foot_clearance: -0.0025
Mean episode rew_frame_foot_clearance: -0.0001
      Mean episode rew_foot_mirror: -0.0022
Mean episode rew_frame_foot_mirror: -0.0003
       Mean episode rew_foot_slide: -0.0461
 Mean episode rew_frame_foot_slide: -0.0017
      Mean episode rew_has_contact: 0.0071
Mean episode rew_frame_has_contact: 0.0002
          Mean episode rew_hip_pos: -0.0781
    Mean episode rew_frame_hip_pos: -0.0106
        Mean episode rew_lin_vel_z: -0.0513
  Mean episode rew_frame_lin_vel_z: -0.0133
      Mean episode rew_orientation: -0.0012
Mean episode rew_frame_orientation: -0.0004
           Mean episode rew_powers: -0.0015
     Mean episode rew_frame_powers: -0.0001
      Mean episode rew_stand_still: 0.0000
Mean episode rew_frame_stand_still: 0.0000
          Mean episode rew_stumble: -0.0000
    Mean episode rew_frame_stumble: -0.0000
          Mean episode rew_torques: -0.0059
    Mean episode rew_frame_torques: -0.0003
 Mean episode rew_tracking_ang_vel: 0.4142
Mean episode rew_frame_tracking_ang_vel: 0.0115
 Mean episode rew_tracking_lin_vel: 0.8425
Mean episode rew_frame_tracking_lin_vel: 0.0209
Mean episode max_power_throughout_episode: 3417.5410
            Mean episode max_pos_x: 4.0406
            Mean episode min_pos_x: -3.6322
            Mean episode max_pos_y: 4.0765
            Mean episode min_pos_y: -3.1604
        Mean episode timeout_ratio: 0.4631
       Mean episode num_terminated: 10.7083
--------------------------------------------------------------------------------
                   Total timesteps: 1755648
                    Iteration time: 1.73s
                        Total time: 1954.70s
                               ETA: 6924.0s


------------------------------
Step: 26500 - Reward Breakdown:
  action_rate               | Scaled Avg:  -0.0174 | Raw Avg:   1.7396
  action_smoothness         | Scaled Avg:  -0.0006 | Raw Avg:   0.2755
  ang_vel_xy                | Scaled Avg:  -0.0029 | Raw Avg:   1.4323
  collision                 | Scaled Avg:  -0.0001 | Raw Avg:   0.0054
  dof_acc                   | Scaled Avg:  -0.0008 | Raw Avg: 156001.0938
  dof_error                 | Scaled Avg:  -0.0032 | Raw Avg:   0.3192
  dof_vel                   | Scaled Avg:  -0.0082 | Raw Avg:  81.5394
  feet_contact_forces       | Scaled Avg:  -0.0000 | Raw Avg:   8.3149
  foot_clearance            | Scaled Avg:  -0.0001 | Raw Avg:   0.0090
  foot_mirror               | Scaled Avg:  -0.0001 | Raw Avg:   0.0888
  foot_slide                | Scaled Avg:  -0.0018 | Raw Avg:   1.7632
  has_contact               | Scaled Avg:   0.0003 | Raw Avg:   0.0165
  hip_pos                   | Scaled Avg:  -0.0030 | Raw Avg:   0.0304
  lin_vel_z                 | Scaled Avg:  -0.0528 | Raw Avg:   0.6606
  orientation               | Scaled Avg:  -0.0000 | Raw Avg:   0.0113
  powers                    | Scaled Avg:  -0.0001 | Raw Avg: 143.4125
  stand_still               | Scaled Avg:  -0.0003 | Raw Avg:   0.0035
  torques                   | Scaled Avg:  -0.0002 | Raw Avg: 1111.0477
  tracking_ang_vel          | Scaled Avg:   0.0153 | Raw Avg:   0.7672
  tracking_lin_vel          | Scaled Avg:   0.0315 | Raw Avg:   0.7883
  TOTAL REWARD              | Scaled Avg:   0.0057
------------------------------

------------------------------
Step: 27000 - Reward Breakdown:
  action_rate               | Scaled Avg:  -0.0165 | Raw Avg:   1.6516
  action_smoothness         | Scaled Avg:  -0.0005 | Raw Avg:   0.2624
  ang_vel_xy                | Scaled Avg:  -0.0027 | Raw Avg:   1.3345
  collision                 | Scaled Avg:  -0.0001 | Raw Avg:   0.0038
  dof_acc                   | Scaled Avg:  -0.0007 | Raw Avg: 141541.6094
  dof_error                 | Scaled Avg:  -0.0031 | Raw Avg:   0.3105
  dof_vel                   | Scaled Avg:  -0.0081 | Raw Avg:  81.3453
  feet_contact_forces       | Scaled Avg:  -0.0000 | Raw Avg:   8.6043
  foot_clearance            | Scaled Avg:  -0.0001 | Raw Avg:   0.0083
  foot_mirror               | Scaled Avg:  -0.0001 | Raw Avg:   0.0854
  foot_slide                | Scaled Avg:  -0.0018 | Raw Avg:   1.7681
  has_contact               | Scaled Avg:   0.0004 | Raw Avg:   0.0217
  hip_pos                   | Scaled Avg:  -0.0029 | Raw Avg:   0.0293
  lin_vel_z                 | Scaled Avg:  -0.0018 | Raw Avg:   0.0223
  orientation               | Scaled Avg:  -0.0000 | Raw Avg:   0.0101
  powers                    | Scaled Avg:  -0.0001 | Raw Avg: 144.1425
  stand_still               | Scaled Avg:  -0.0004 | Raw Avg:   0.0045
  torques                   | Scaled Avg:  -0.0002 | Raw Avg: 1110.2213
  tracking_ang_vel          | Scaled Avg:   0.0154 | Raw Avg:   0.7679
  tracking_lin_vel          | Scaled Avg:   0.0319 | Raw Avg:   0.7980
  TOTAL REWARD              | Scaled Avg:   0.0085
------------------------------

------------------------------
Step: 27500 - Reward Breakdown:
  action_rate               | Scaled Avg:  -0.0161 | Raw Avg:   1.6064
  action_smoothness         | Scaled Avg:  -0.0005 | Raw Avg:   0.2585
  ang_vel_xy                | Scaled Avg:  -0.0026 | Raw Avg:   1.3052
  collision                 | Scaled Avg:  -0.0001 | Raw Avg:   0.0059
  dof_acc                   | Scaled Avg:  -0.0007 | Raw Avg: 136369.3281
  dof_error                 | Scaled Avg:  -0.0030 | Raw Avg:   0.3040
  dof_vel                   | Scaled Avg:  -0.0079 | Raw Avg:  79.4281
  feet_contact_forces       | Scaled Avg:  -0.0000 | Raw Avg:   8.0655
  foot_clearance            | Scaled Avg:  -0.0001 | Raw Avg:   0.0089
  foot_mirror               | Scaled Avg:  -0.0001 | Raw Avg:   0.0776
  foot_slide                | Scaled Avg:  -0.0018 | Raw Avg:   1.7603
  has_contact               | Scaled Avg:   0.0003 | Raw Avg:   0.0169
  hip_pos                   | Scaled Avg:  -0.0030 | Raw Avg:   0.0302
  lin_vel_z                 | Scaled Avg:  -0.0018 | Raw Avg:   0.0231
  orientation               | Scaled Avg:  -0.0000 | Raw Avg:   0.0102
  powers                    | Scaled Avg:  -0.0001 | Raw Avg: 138.5244
  stand_still               | Scaled Avg:  -0.0002 | Raw Avg:   0.0017
  torques                   | Scaled Avg:  -0.0002 | Raw Avg: 1046.2689
  tracking_ang_vel          | Scaled Avg:   0.0156 | Raw Avg:   0.7775
  tracking_lin_vel          | Scaled Avg:   0.0323 | Raw Avg:   0.8086
  TOTAL REWARD              | Scaled Avg:   0.0100
------------------------------

------------------------------
Step: 28000 - Reward Breakdown:
  action_rate               | Scaled Avg:  -0.0161 | Raw Avg:   1.6086
  action_smoothness         | Scaled Avg:  -0.0005 | Raw Avg:   0.2567
  ang_vel_xy                | Scaled Avg:  -0.0027 | Raw Avg:   1.3506
  collision                 | Scaled Avg:  -0.0001 | Raw Avg:   0.0048
  dof_acc                   | Scaled Avg:  -0.0007 | Raw Avg: 135564.7188
  dof_error                 | Scaled Avg:  -0.0031 | Raw Avg:   0.3050
  dof_vel                   | Scaled Avg:  -0.0080 | Raw Avg:  80.0022
  feet_contact_forces       | Scaled Avg:  -0.0000 | Raw Avg:   8.0566
  foot_clearance            | Scaled Avg:  -0.0001 | Raw Avg:   0.0088
  foot_mirror               | Scaled Avg:  -0.0001 | Raw Avg:   0.0820
  foot_slide                | Scaled Avg:  -0.0017 | Raw Avg:   1.7436
  has_contact               | Scaled Avg:   0.0004 | Raw Avg:   0.0187
  hip_pos                   | Scaled Avg:  -0.0028 | Raw Avg:   0.0283
  lin_vel_z                 | Scaled Avg:  -0.0018 | Raw Avg:   0.0231
  orientation               | Scaled Avg:  -0.0000 | Raw Avg:   0.0112
  powers                    | Scaled Avg:  -0.0001 | Raw Avg: 138.8957
  stand_still               | Scaled Avg:  -0.0002 | Raw Avg:   0.0017
  torques                   | Scaled Avg:  -0.0002 | Raw Avg: 1069.3821
  tracking_ang_vel          | Scaled Avg:   0.0156 | Raw Avg:   0.7808
  tracking_lin_vel          | Scaled Avg:   0.0320 | Raw Avg:   0.8011
  TOTAL REWARD              | Scaled Avg:   0.0098
------------------------------

------------------------------
Step: 28500 - Reward Breakdown:
  action_rate               | Scaled Avg:  -0.0164 | Raw Avg:   1.6376
  action_smoothness         | Scaled Avg:  -0.0005 | Raw Avg:   0.2565
  ang_vel_xy                | Scaled Avg:  -0.0027 | Raw Avg:   1.3517
  collision                 | Scaled Avg:  -0.0001 | Raw Avg:   0.0054
  dof_acc                   | Scaled Avg:  -0.0008 | Raw Avg: 151482.6719
  dof_error                 | Scaled Avg:  -0.0030 | Raw Avg:   0.3021
  dof_vel                   | Scaled Avg:  -0.0079 | Raw Avg:  79.1707
  feet_contact_forces       | Scaled Avg:  -0.0000 | Raw Avg:   8.0472
  foot_clearance            | Scaled Avg:  -0.0001 | Raw Avg:   0.0086
  foot_mirror               | Scaled Avg:  -0.0001 | Raw Avg:   0.0838
  foot_slide                | Scaled Avg:  -0.0017 | Raw Avg:   1.7313
  has_contact               | Scaled Avg:   0.0003 | Raw Avg:   0.0161
  hip_pos                   | Scaled Avg:  -0.0029 | Raw Avg:   0.0287
  lin_vel_z                 | Scaled Avg:  -0.0018 | Raw Avg:   0.0226
  orientation               | Scaled Avg:  -0.0000 | Raw Avg:   0.0100
  powers                    | Scaled Avg:  -0.0001 | Raw Avg: 141.1477
  stand_still               | Scaled Avg:  -0.0003 | Raw Avg:   0.0034
  torques                   | Scaled Avg:  -0.0002 | Raw Avg: 1122.3041
  tracking_ang_vel          | Scaled Avg:   0.0156 | Raw Avg:   0.7807
  tracking_lin_vel          | Scaled Avg:   0.0320 | Raw Avg:   0.8001
  TOTAL REWARD              | Scaled Avg:   0.0093
------------------------------
################################################################################
                    [1m Learning iteration 11200/15000 [0m                    

                       Computation: 84696 steps/s (collection: 1.256s, learning 0.472s)
                     surrogate_loss -0.0051
                         value_loss 0.0509
                            entropy 2.1683
                     estimator_loss 0.0000
                         total_loss 0.0675
             Mean action noise std: 0.20
                       Mean reward: 5.40
               Mean episode length: 587.60
      Mean episode rew_action_rate: -0.4920
Mean episode rew_frame_action_rate: -0.0196
Mean episode rew_action_smoothness: -0.0155
Mean episode rew_frame_action_smoothness: -0.0006
       Mean episode rew_ang_vel_xy: -0.0807
 Mean episode rew_frame_ang_vel_xy: -0.0072
      Mean episode rew_base_height: -0.0002
Mean episode rew_frame_base_height: -0.0001
        Mean episode rew_collision: -0.0031
  Mean episode rew_frame_collision: -0.0012
          Mean episode rew_dof_acc: -0.0226
    Mean episode rew_frame_dof_acc: -0.0016
        Mean episode rew_dof_error: -0.0923
  Mean episode rew_frame_dof_error: -0.0081
          Mean episode rew_dof_vel: -0.2451
    Mean episode rew_frame_dof_vel: -0.0136
    Mean episode rew_feet_air_time: 0.0002
Mean episode rew_frame_feet_air_time: 0.0000
Mean episode rew_feet_contact_forces: -0.0007
Mean episode rew_frame_feet_contact_forces: -0.0000
   Mean episode rew_foot_clearance: -0.0026
Mean episode rew_frame_foot_clearance: -0.0001
      Mean episode rew_foot_mirror: -0.0025
Mean episode rew_frame_foot_mirror: -0.0002
       Mean episode rew_foot_slide: -0.0535
 Mean episode rew_frame_foot_slide: -0.0017
      Mean episode rew_has_contact: 0.0116
Mean episode rew_frame_has_contact: 0.0004
          Mean episode rew_hip_pos: -0.0867
    Mean episode rew_frame_hip_pos: -0.0099
        Mean episode rew_lin_vel_z: -0.0546
  Mean episode rew_frame_lin_vel_z: -0.0115
      Mean episode rew_orientation: -0.0013
Mean episode rew_frame_orientation: -0.0004
           Mean episode rew_powers: -0.0017
     Mean episode rew_frame_powers: -0.0001
      Mean episode rew_stand_still: -0.0078
Mean episode rew_frame_stand_still: -0.0002
          Mean episode rew_stumble: -0.0000
    Mean episode rew_frame_stumble: -0.0000
          Mean episode rew_torques: -0.0066
    Mean episode rew_frame_torques: -0.0003
 Mean episode rew_tracking_ang_vel: 0.4742
Mean episode rew_frame_tracking_ang_vel: 0.0120
 Mean episode rew_tracking_lin_vel: 0.9788
Mean episode rew_frame_tracking_lin_vel: 0.0231
Mean episode max_power_throughout_episode: 3387.5632
            Mean episode max_pos_x: 5.1948
            Mean episode min_pos_x: -3.9276
            Mean episode max_pos_y: 4.0735
            Mean episode min_pos_y: -3.9167
        Mean episode timeout_ratio: 0.5351
       Mean episode num_terminated: 11.2500
--------------------------------------------------------------------------------
                   Total timesteps: 1901952
                    Iteration time: 1.73s
                        Total time: 2129.91s
                               ETA: 6739.1s


------------------------------
Step: 29000 - Reward Breakdown:
  action_rate               | Scaled Avg:  -0.0160 | Raw Avg:   1.6039
  action_smoothness         | Scaled Avg:  -0.0005 | Raw Avg:   0.2543
  ang_vel_xy                | Scaled Avg:  -0.0027 | Raw Avg:   1.3444
  collision                 | Scaled Avg:  -0.0001 | Raw Avg:   0.0046
  dof_acc                   | Scaled Avg:  -0.0007 | Raw Avg: 135657.9531
  dof_error                 | Scaled Avg:  -0.0030 | Raw Avg:   0.3007
  dof_vel                   | Scaled Avg:  -0.0077 | Raw Avg:  77.0061
  feet_contact_forces       | Scaled Avg:  -0.0000 | Raw Avg:   7.0427
  foot_clearance            | Scaled Avg:  -0.0001 | Raw Avg:   0.0084
  foot_mirror               | Scaled Avg:  -0.0001 | Raw Avg:   0.0842
  foot_slide                | Scaled Avg:  -0.0017 | Raw Avg:   1.7457
  has_contact               | Scaled Avg:   0.0004 | Raw Avg:   0.0204
  hip_pos                   | Scaled Avg:  -0.0029 | Raw Avg:   0.0287
  lin_vel_z                 | Scaled Avg:  -0.0019 | Raw Avg:   0.0231
  orientation               | Scaled Avg:  -0.0000 | Raw Avg:   0.0108
  powers                    | Scaled Avg:  -0.0001 | Raw Avg: 138.1734
  stand_still               | Scaled Avg:  -0.0002 | Raw Avg:   0.0021
  torques                   | Scaled Avg:  -0.0002 | Raw Avg: 1082.2957
  tracking_ang_vel          | Scaled Avg:   0.0156 | Raw Avg:   0.7786
  tracking_lin_vel          | Scaled Avg:   0.0320 | Raw Avg:   0.8006
  TOTAL REWARD              | Scaled Avg:   0.0101
------------------------------

------------------------------
Step: 29500 - Reward Breakdown:
  action_rate               | Scaled Avg:  -0.0166 | Raw Avg:   1.6577
  action_smoothness         | Scaled Avg:  -0.0005 | Raw Avg:   0.2623
  ang_vel_xy                | Scaled Avg:  -0.0027 | Raw Avg:   1.3474
  collision                 | Scaled Avg:  -0.0001 | Raw Avg:   0.0054
  dof_acc                   | Scaled Avg:  -0.0007 | Raw Avg: 146967.1875
  dof_error                 | Scaled Avg:  -0.0030 | Raw Avg:   0.2987
  dof_vel                   | Scaled Avg:  -0.0080 | Raw Avg:  79.9166
  feet_contact_forces       | Scaled Avg:  -0.0000 | Raw Avg:   7.5488
  foot_clearance            | Scaled Avg:  -0.0001 | Raw Avg:   0.0084
  foot_mirror               | Scaled Avg:  -0.0001 | Raw Avg:   0.0832
  foot_slide                | Scaled Avg:  -0.0017 | Raw Avg:   1.7333
  has_contact               | Scaled Avg:   0.0004 | Raw Avg:   0.0179
  hip_pos                   | Scaled Avg:  -0.0030 | Raw Avg:   0.0295
  lin_vel_z                 | Scaled Avg:  -0.0018 | Raw Avg:   0.0222
  orientation               | Scaled Avg:  -0.0000 | Raw Avg:   0.0113
  powers                    | Scaled Avg:  -0.0001 | Raw Avg: 142.3373
  stand_still               | Scaled Avg:  -0.0002 | Raw Avg:   0.0022
  torques                   | Scaled Avg:  -0.0002 | Raw Avg: 1120.0348
  tracking_ang_vel          | Scaled Avg:   0.0155 | Raw Avg:   0.7769
  tracking_lin_vel          | Scaled Avg:   0.0318 | Raw Avg:   0.7960
  TOTAL REWARD              | Scaled Avg:   0.0089
------------------------------

------------------------------
Step: 30000 - Reward Breakdown:
  action_rate               | Scaled Avg:  -0.0168 | Raw Avg:   1.6769
  action_smoothness         | Scaled Avg:  -0.0005 | Raw Avg:   0.2746
  ang_vel_xy                | Scaled Avg:  -0.0028 | Raw Avg:   1.4003
  collision                 | Scaled Avg:  -0.0001 | Raw Avg:   0.0039
  dof_acc                   | Scaled Avg:  -0.0007 | Raw Avg: 147630.2188
  dof_error                 | Scaled Avg:  -0.0031 | Raw Avg:   0.3050
  dof_vel                   | Scaled Avg:  -0.0080 | Raw Avg:  79.5079
  feet_contact_forces       | Scaled Avg:  -0.0000 | Raw Avg:   8.2268
  foot_clearance            | Scaled Avg:  -0.0001 | Raw Avg:   0.0086
  foot_mirror               | Scaled Avg:  -0.0001 | Raw Avg:   0.0849
  foot_slide                | Scaled Avg:  -0.0017 | Raw Avg:   1.7118
  has_contact               | Scaled Avg:   0.0004 | Raw Avg:   0.0179
  hip_pos                   | Scaled Avg:  -0.0029 | Raw Avg:   0.0289
  lin_vel_z                 | Scaled Avg:  -0.0249 | Raw Avg:   0.3112
  orientation               | Scaled Avg:  -0.0000 | Raw Avg:   0.0119
  powers                    | Scaled Avg:  -0.0001 | Raw Avg: 143.6194
  stand_still               | Scaled Avg:  -0.0002 | Raw Avg:   0.0019
  torques                   | Scaled Avg:  -0.0002 | Raw Avg: 1126.2847
  tracking_ang_vel          | Scaled Avg:   0.0155 | Raw Avg:   0.7753
  tracking_lin_vel          | Scaled Avg:   0.0318 | Raw Avg:   0.7939
  TOTAL REWARD              | Scaled Avg:   0.0075
------------------------------

------------------------------
Step: 30500 - Reward Breakdown:
  action_rate               | Scaled Avg:  -0.0171 | Raw Avg:   1.7139
  action_smoothness         | Scaled Avg:  -0.0005 | Raw Avg:   0.2725
  ang_vel_xy                | Scaled Avg:  -0.0027 | Raw Avg:   1.3381
  collision                 | Scaled Avg:  -0.0001 | Raw Avg:   0.0054
  dof_acc                   | Scaled Avg:  -0.0008 | Raw Avg: 160253.5312
  dof_error                 | Scaled Avg:  -0.0030 | Raw Avg:   0.3017
  dof_vel                   | Scaled Avg:  -0.0083 | Raw Avg:  82.5421
  feet_contact_forces       | Scaled Avg:  -0.0000 | Raw Avg:   8.2207
  foot_clearance            | Scaled Avg:  -0.0001 | Raw Avg:   0.0088
  foot_mirror               | Scaled Avg:  -0.0001 | Raw Avg:   0.0799
  foot_slide                | Scaled Avg:  -0.0017 | Raw Avg:   1.7414
  has_contact               | Scaled Avg:   0.0003 | Raw Avg:   0.0154
  hip_pos                   | Scaled Avg:  -0.0028 | Raw Avg:   0.0281
  lin_vel_z                 | Scaled Avg:  -0.0017 | Raw Avg:   0.0214
  orientation               | Scaled Avg:  -0.0000 | Raw Avg:   0.0106
  powers                    | Scaled Avg:  -0.0001 | Raw Avg: 140.9037
  stand_still               | Scaled Avg:  -0.0002 | Raw Avg:   0.0016
  torques                   | Scaled Avg:  -0.0002 | Raw Avg: 1098.9319
  tracking_ang_vel          | Scaled Avg:   0.0156 | Raw Avg:   0.7815
  tracking_lin_vel          | Scaled Avg:   0.0319 | Raw Avg:   0.7968
  TOTAL REWARD              | Scaled Avg:   0.0083
------------------------------

------------------------------
Step: 31000 - Reward Breakdown:
  action_rate               | Scaled Avg:  -0.0175 | Raw Avg:   1.7512
  action_smoothness         | Scaled Avg:  -0.0006 | Raw Avg:   0.2794
  ang_vel_xy                | Scaled Avg:  -0.0028 | Raw Avg:   1.4001
  collision                 | Scaled Avg:  -0.0001 | Raw Avg:   0.0056
  dof_acc                   | Scaled Avg:  -0.0009 | Raw Avg: 182206.8594
  dof_error                 | Scaled Avg:  -0.0032 | Raw Avg:   0.3195
  dof_vel                   | Scaled Avg:  -0.0084 | Raw Avg:  84.4964
  feet_contact_forces       | Scaled Avg:  -0.0000 | Raw Avg:   8.5782
  foot_clearance            | Scaled Avg:  -0.0001 | Raw Avg:   0.0092
  foot_mirror               | Scaled Avg:  -0.0001 | Raw Avg:   0.0832
  foot_slide                | Scaled Avg:  -0.0018 | Raw Avg:   1.7626
  has_contact               | Scaled Avg:   0.0004 | Raw Avg:   0.0185
  hip_pos                   | Scaled Avg:  -0.0029 | Raw Avg:   0.0285
  lin_vel_z                 | Scaled Avg:  -0.0042 | Raw Avg:   0.0526
  orientation               | Scaled Avg:  -0.0000 | Raw Avg:   0.0121
  powers                    | Scaled Avg:  -0.0001 | Raw Avg: 144.4813
  stand_still               | Scaled Avg:  -0.0002 | Raw Avg:   0.0023
  torques                   | Scaled Avg:  -0.0002 | Raw Avg: 1103.2070
  tracking_ang_vel          | Scaled Avg:   0.0154 | Raw Avg:   0.7702
  tracking_lin_vel          | Scaled Avg:   0.0319 | Raw Avg:   0.7987
  TOTAL REWARD              | Scaled Avg:   0.0061
------------------------------
################################################################################
                    [1m Learning iteration 11300/15000 [0m                    

                       Computation: 83459 steps/s (collection: 1.280s, learning 0.473s)
                     surrogate_loss 0.0004
                         value_loss 0.2751
                            entropy 1.0955
                     estimator_loss 0.0000
                         total_loss 0.2865
             Mean action noise std: 0.22
                       Mean reward: 4.46
               Mean episode length: 570.30
      Mean episode rew_action_rate: -0.4930
Mean episode rew_frame_action_rate: -0.0210
Mean episode rew_action_smoothness: -0.0159
Mean episode rew_frame_action_smoothness: -0.0006
       Mean episode rew_ang_vel_xy: -0.0794
 Mean episode rew_frame_ang_vel_xy: -0.0080
      Mean episode rew_base_height: -0.0002
Mean episode rew_frame_base_height: -0.0001
        Mean episode rew_collision: -0.0024
  Mean episode rew_frame_collision: -0.0009
          Mean episode rew_dof_acc: -0.0227
    Mean episode rew_frame_dof_acc: -0.0015
        Mean episode rew_dof_error: -0.0879
  Mean episode rew_frame_dof_error: -0.0085
          Mean episode rew_dof_vel: -0.2327
    Mean episode rew_frame_dof_vel: -0.0134
    Mean episode rew_feet_air_time: 0.0002
Mean episode rew_frame_feet_air_time: 0.0000
Mean episode rew_feet_contact_forces: -0.0007
Mean episode rew_frame_feet_contact_forces: -0.0000
   Mean episode rew_foot_clearance: -0.0025
Mean episode rew_frame_foot_clearance: -0.0001
      Mean episode rew_foot_mirror: -0.0024
Mean episode rew_frame_foot_mirror: -0.0003
       Mean episode rew_foot_slide: -0.0487
 Mean episode rew_frame_foot_slide: -0.0017
      Mean episode rew_has_contact: 0.0156
Mean episode rew_frame_has_contact: 0.0003
          Mean episode rew_hip_pos: -0.0838
    Mean episode rew_frame_hip_pos: -0.0100
        Mean episode rew_lin_vel_z: -0.0543
  Mean episode rew_frame_lin_vel_z: -0.0119
      Mean episode rew_orientation: -0.0012
Mean episode rew_frame_orientation: -0.0003
           Mean episode rew_powers: -0.0016
     Mean episode rew_frame_powers: -0.0001
      Mean episode rew_stand_still: -0.0001
Mean episode rew_frame_stand_still: -0.0000
          Mean episode rew_stumble: -0.0000
    Mean episode rew_frame_stumble: -0.0000
          Mean episode rew_torques: -0.0064
    Mean episode rew_frame_torques: -0.0003
 Mean episode rew_tracking_ang_vel: 0.4489
Mean episode rew_frame_tracking_ang_vel: 0.0119
 Mean episode rew_tracking_lin_vel: 0.9218
Mean episode rew_frame_tracking_lin_vel: 0.0226
Mean episode max_power_throughout_episode: 3496.5369
            Mean episode max_pos_x: 3.5109
            Mean episode min_pos_x: -3.6724
            Mean episode max_pos_y: 4.0492
            Mean episode min_pos_y: -4.0787
        Mean episode timeout_ratio: 0.5128
       Mean episode num_terminated: 11.7500
--------------------------------------------------------------------------------
                   Total timesteps: 2048256
                    Iteration time: 1.75s
                        Total time: 2305.19s
                               ETA: 6555.9s


------------------------------
Step: 31500 - Reward Breakdown:
  action_rate               | Scaled Avg:  -0.0187 | Raw Avg:   1.8665
  action_smoothness         | Scaled Avg:  -0.0006 | Raw Avg:   0.3014
  ang_vel_xy                | Scaled Avg:  -0.0029 | Raw Avg:   1.4609
  collision                 | Scaled Avg:  -0.0001 | Raw Avg:   0.0048
  dof_acc                   | Scaled Avg:  -0.0009 | Raw Avg: 183455.1562
  dof_error                 | Scaled Avg:  -0.0034 | Raw Avg:   0.3368
  dof_vel                   | Scaled Avg:  -0.0089 | Raw Avg:  88.8524
  feet_contact_forces       | Scaled Avg:  -0.0000 | Raw Avg:   8.4674
  foot_clearance            | Scaled Avg:  -0.0001 | Raw Avg:   0.0093
  foot_mirror               | Scaled Avg:  -0.0001 | Raw Avg:   0.0909
  foot_slide                | Scaled Avg:  -0.0017 | Raw Avg:   1.7446
  has_contact               | Scaled Avg:   0.0004 | Raw Avg:   0.0176
  hip_pos                   | Scaled Avg:  -0.0031 | Raw Avg:   0.0311
  lin_vel_z                 | Scaled Avg:  -0.0020 | Raw Avg:   0.0252
  orientation               | Scaled Avg:  -0.0000 | Raw Avg:   0.0119
  powers                    | Scaled Avg:  -0.0001 | Raw Avg: 146.5423
  stand_still               | Scaled Avg:  -0.0002 | Raw Avg:   0.0021
  torques                   | Scaled Avg:  -0.0002 | Raw Avg: 1086.7587
  tracking_ang_vel          | Scaled Avg:   0.0151 | Raw Avg:   0.7556
  tracking_lin_vel          | Scaled Avg:   0.0313 | Raw Avg:   0.7834
  TOTAL REWARD              | Scaled Avg:   0.0037
------------------------------

------------------------------
Step: 32000 - Reward Breakdown:
  action_rate               | Scaled Avg:  -0.0167 | Raw Avg:   1.6673
  action_smoothness         | Scaled Avg:  -0.0005 | Raw Avg:   0.2664
  ang_vel_xy                | Scaled Avg:  -0.0026 | Raw Avg:   1.3040
  collision                 | Scaled Avg:  -0.0001 | Raw Avg:   0.0039
  dof_acc                   | Scaled Avg:  -0.0007 | Raw Avg: 149185.8281
  dof_error                 | Scaled Avg:  -0.0030 | Raw Avg:   0.3015
  dof_vel                   | Scaled Avg:  -0.0083 | Raw Avg:  82.8788
  feet_contact_forces       | Scaled Avg:  -0.0000 | Raw Avg:   8.0901
  foot_clearance            | Scaled Avg:  -0.0001 | Raw Avg:   0.0084
  foot_mirror               | Scaled Avg:  -0.0001 | Raw Avg:   0.0837
  foot_slide                | Scaled Avg:  -0.0017 | Raw Avg:   1.7230
  has_contact               | Scaled Avg:   0.0004 | Raw Avg:   0.0177
  hip_pos                   | Scaled Avg:  -0.0028 | Raw Avg:   0.0281
  lin_vel_z                 | Scaled Avg:  -0.0018 | Raw Avg:   0.0227
  orientation               | Scaled Avg:  -0.0000 | Raw Avg:   0.0097
  powers                    | Scaled Avg:  -0.0001 | Raw Avg: 139.9683
  stand_still               | Scaled Avg:  -0.0004 | Raw Avg:   0.0037
  torques                   | Scaled Avg:  -0.0002 | Raw Avg: 1075.4944
  tracking_ang_vel          | Scaled Avg:   0.0155 | Raw Avg:   0.7736
  tracking_lin_vel          | Scaled Avg:   0.0320 | Raw Avg:   0.7988
  TOTAL REWARD              | Scaled Avg:   0.0086
------------------------------

------------------------------
Step: 32500 - Reward Breakdown:
  action_rate               | Scaled Avg:  -0.0167 | Raw Avg:   1.6722
  action_smoothness         | Scaled Avg:  -0.0005 | Raw Avg:   0.2670
  ang_vel_xy                | Scaled Avg:  -0.0027 | Raw Avg:   1.3544
  collision                 | Scaled Avg:  -0.0001 | Raw Avg:   0.0044
  dof_acc                   | Scaled Avg:  -0.0007 | Raw Avg: 148125.8594
  dof_error                 | Scaled Avg:  -0.0031 | Raw Avg:   0.3105
  dof_vel                   | Scaled Avg:  -0.0083 | Raw Avg:  82.7152
  feet_contact_forces       | Scaled Avg:  -0.0000 | Raw Avg:   8.2030
  foot_clearance            | Scaled Avg:  -0.0001 | Raw Avg:   0.0084
  foot_mirror               | Scaled Avg:  -0.0001 | Raw Avg:   0.0825
  foot_slide                | Scaled Avg:  -0.0017 | Raw Avg:   1.7045
  has_contact               | Scaled Avg:   0.0003 | Raw Avg:   0.0167
  hip_pos                   | Scaled Avg:  -0.0029 | Raw Avg:   0.0291
  lin_vel_z                 | Scaled Avg:  -0.0026 | Raw Avg:   0.0319
  orientation               | Scaled Avg:  -0.0000 | Raw Avg:   0.0104
  powers                    | Scaled Avg:  -0.0001 | Raw Avg: 148.4069
  stand_still               | Scaled Avg:  -0.0003 | Raw Avg:   0.0028
  torques                   | Scaled Avg:  -0.0002 | Raw Avg: 1170.7043
  tracking_ang_vel          | Scaled Avg:   0.0155 | Raw Avg:   0.7744
  tracking_lin_vel          | Scaled Avg:   0.0320 | Raw Avg:   0.7999
  TOTAL REWARD              | Scaled Avg:   0.0077
------------------------------

------------------------------
Step: 33000 - Reward Breakdown:
  action_rate               | Scaled Avg:  -0.0168 | Raw Avg:   1.6848
  action_smoothness         | Scaled Avg:  -0.0005 | Raw Avg:   0.2643
  ang_vel_xy                | Scaled Avg:  -0.0028 | Raw Avg:   1.4024
  collision                 | Scaled Avg:  -0.0001 | Raw Avg:   0.0043
  dof_acc                   | Scaled Avg:  -0.0007 | Raw Avg: 145162.9688
  dof_error                 | Scaled Avg:  -0.0030 | Raw Avg:   0.3025
  dof_vel                   | Scaled Avg:  -0.0081 | Raw Avg:  81.2263
  feet_contact_forces       | Scaled Avg:  -0.0000 | Raw Avg:   8.4101
  foot_clearance            | Scaled Avg:  -0.0001 | Raw Avg:   0.0083
  foot_mirror               | Scaled Avg:  -0.0001 | Raw Avg:   0.0825
  foot_slide                | Scaled Avg:  -0.0017 | Raw Avg:   1.7225
  has_contact               | Scaled Avg:   0.0004 | Raw Avg:   0.0184
  hip_pos                   | Scaled Avg:  -0.0029 | Raw Avg:   0.0290
  lin_vel_z                 | Scaled Avg:  -0.0018 | Raw Avg:   0.0227
  orientation               | Scaled Avg:  -0.0000 | Raw Avg:   0.0098
  powers                    | Scaled Avg:  -0.0001 | Raw Avg: 148.5235
  stand_still               | Scaled Avg:  -0.0003 | Raw Avg:   0.0028
  torques                   | Scaled Avg:  -0.0002 | Raw Avg: 1201.1276
  tracking_ang_vel          | Scaled Avg:   0.0157 | Raw Avg:   0.7829
  tracking_lin_vel          | Scaled Avg:   0.0322 | Raw Avg:   0.8054
  TOTAL REWARD              | Scaled Avg:   0.0088
------------------------------

------------------------------
Step: 33500 - Reward Breakdown:
  action_rate               | Scaled Avg:  -0.0166 | Raw Avg:   1.6631
  action_smoothness         | Scaled Avg:  -0.0005 | Raw Avg:   0.2601
  ang_vel_xy                | Scaled Avg:  -0.0029 | Raw Avg:   1.4365
  collision                 | Scaled Avg:  -0.0001 | Raw Avg:   0.0041
  dof_acc                   | Scaled Avg:  -0.0007 | Raw Avg: 138197.5469
  dof_error                 | Scaled Avg:  -0.0031 | Raw Avg:   0.3099
  dof_vel                   | Scaled Avg:  -0.0081 | Raw Avg:  81.0592
  feet_contact_forces       | Scaled Avg:  -0.0000 | Raw Avg:   7.1248
  foot_clearance            | Scaled Avg:  -0.0001 | Raw Avg:   0.0084
  foot_mirror               | Scaled Avg:  -0.0001 | Raw Avg:   0.0869
  foot_slide                | Scaled Avg:  -0.0018 | Raw Avg:   1.7537
  has_contact               | Scaled Avg:   0.0004 | Raw Avg:   0.0180
  hip_pos                   | Scaled Avg:  -0.0030 | Raw Avg:   0.0303
  lin_vel_z                 | Scaled Avg:  -0.0023 | Raw Avg:   0.0285
  orientation               | Scaled Avg:  -0.0000 | Raw Avg:   0.0119
  powers                    | Scaled Avg:  -0.0001 | Raw Avg: 146.1998
  stand_still               | Scaled Avg:  -0.0004 | Raw Avg:   0.0039
  torques                   | Scaled Avg:  -0.0002 | Raw Avg: 1155.9438
  tracking_ang_vel          | Scaled Avg:   0.0154 | Raw Avg:   0.7711
  tracking_lin_vel          | Scaled Avg:   0.0319 | Raw Avg:   0.7972
  TOTAL REWARD              | Scaled Avg:   0.0077
------------------------------
################################################################################
                    [1m Learning iteration 11400/15000 [0m                    

                       Computation: 83599 steps/s (collection: 1.278s, learning 0.472s)
                     surrogate_loss -0.0046
                         value_loss 0.0481
                            entropy 2.1385
                     estimator_loss 0.0000
                         total_loss 0.0649
             Mean action noise std: 0.20
                       Mean reward: 3.71
               Mean episode length: 502.28
      Mean episode rew_action_rate: -0.4324
Mean episode rew_frame_action_rate: -0.0206
Mean episode rew_action_smoothness: -0.0136
Mean episode rew_frame_action_smoothness: -0.0006
       Mean episode rew_ang_vel_xy: -0.0754
 Mean episode rew_frame_ang_vel_xy: -0.0091
      Mean episode rew_base_height: -0.0002
Mean episode rew_frame_base_height: -0.0001
        Mean episode rew_collision: -0.0039
  Mean episode rew_frame_collision: -0.0014
          Mean episode rew_dof_acc: -0.0184
    Mean episode rew_frame_dof_acc: -0.0014
        Mean episode rew_dof_error: -0.0821
  Mean episode rew_frame_dof_error: -0.0091
          Mean episode rew_dof_vel: -0.2098
    Mean episode rew_frame_dof_vel: -0.0133
    Mean episode rew_feet_air_time: 0.0002
Mean episode rew_frame_feet_air_time: 0.0000
Mean episode rew_feet_contact_forces: -0.0006
Mean episode rew_frame_feet_contact_forces: -0.0000
   Mean episode rew_foot_clearance: -0.0021
Mean episode rew_frame_foot_clearance: -0.0001
      Mean episode rew_foot_mirror: -0.0023
Mean episode rew_frame_foot_mirror: -0.0003
       Mean episode rew_foot_slide: -0.0445
 Mean episode rew_frame_foot_slide: -0.0017
      Mean episode rew_has_contact: 0.0071
Mean episode rew_frame_has_contact: 0.0004
          Mean episode rew_hip_pos: -0.0791
    Mean episode rew_frame_hip_pos: -0.0108
        Mean episode rew_lin_vel_z: -0.0515
  Mean episode rew_frame_lin_vel_z: -0.0122
      Mean episode rew_orientation: -0.0013
Mean episode rew_frame_orientation: -0.0004
           Mean episode rew_powers: -0.0015
     Mean episode rew_frame_powers: -0.0001
      Mean episode rew_stand_still: 0.0000
Mean episode rew_frame_stand_still: 0.0000
          Mean episode rew_stumble: -0.0000
    Mean episode rew_frame_stumble: -0.0000
          Mean episode rew_torques: -0.0060
    Mean episode rew_frame_torques: -0.0003
 Mean episode rew_tracking_ang_vel: 0.3972
Mean episode rew_frame_tracking_ang_vel: 0.0112
 Mean episode rew_tracking_lin_vel: 0.8062
Mean episode rew_frame_tracking_lin_vel: 0.0209
Mean episode max_power_throughout_episode: 3376.7947
            Mean episode max_pos_x: 3.8518
            Mean episode min_pos_x: -2.8840
            Mean episode max_pos_y: 3.3211
            Mean episode min_pos_y: -3.2878
        Mean episode timeout_ratio: 0.4307
       Mean episode num_terminated: 9.7500
--------------------------------------------------------------------------------
                   Total timesteps: 2194560
                    Iteration time: 1.75s
                        Total time: 2481.66s
                               ETA: 6376.9s


------------------------------
Step: 34000 - Reward Breakdown:
  action_rate               | Scaled Avg:  -0.0161 | Raw Avg:   1.6097
  action_smoothness         | Scaled Avg:  -0.0005 | Raw Avg:   0.2567
  ang_vel_xy                | Scaled Avg:  -0.0027 | Raw Avg:   1.3443
  collision                 | Scaled Avg:  -0.0001 | Raw Avg:   0.0038
  dof_acc                   | Scaled Avg:  -0.0007 | Raw Avg: 130108.7422
  dof_error                 | Scaled Avg:  -0.0030 | Raw Avg:   0.2964
  dof_vel                   | Scaled Avg:  -0.0079 | Raw Avg:  79.2144
  feet_contact_forces       | Scaled Avg:  -0.0000 | Raw Avg:   7.5718
  foot_clearance            | Scaled Avg:  -0.0001 | Raw Avg:   0.0082
  foot_mirror               | Scaled Avg:  -0.0001 | Raw Avg:   0.0842
  foot_slide                | Scaled Avg:  -0.0017 | Raw Avg:   1.7497
  has_contact               | Scaled Avg:   0.0004 | Raw Avg:   0.0186
  hip_pos                   | Scaled Avg:  -0.0028 | Raw Avg:   0.0279
  lin_vel_z                 | Scaled Avg:  -0.0018 | Raw Avg:   0.0221
  orientation               | Scaled Avg:  -0.0000 | Raw Avg:   0.0109
  powers                    | Scaled Avg:  -0.0001 | Raw Avg: 140.1199
  stand_still               | Scaled Avg:  -0.0002 | Raw Avg:   0.0022
  torques                   | Scaled Avg:  -0.0002 | Raw Avg: 1102.1392
  tracking_ang_vel          | Scaled Avg:   0.0156 | Raw Avg:   0.7821
  tracking_lin_vel          | Scaled Avg:   0.0321 | Raw Avg:   0.8014
  TOTAL REWARD              | Scaled Avg:   0.0101
------------------------------

------------------------------
Step: 34500 - Reward Breakdown:
  action_rate               | Scaled Avg:  -0.0162 | Raw Avg:   1.6233
  action_smoothness         | Scaled Avg:  -0.0005 | Raw Avg:   0.2570
  ang_vel_xy                | Scaled Avg:  -0.0026 | Raw Avg:   1.2768
  collision                 | Scaled Avg:  -0.0001 | Raw Avg:   0.0041
  dof_acc                   | Scaled Avg:  -0.0008 | Raw Avg: 152408.0781
  dof_error                 | Scaled Avg:  -0.0031 | Raw Avg:   0.3095
  dof_vel                   | Scaled Avg:  -0.0078 | Raw Avg:  78.2532
  feet_contact_forces       | Scaled Avg:  -0.0000 | Raw Avg:   7.6640
  foot_clearance            | Scaled Avg:  -0.0001 | Raw Avg:   0.0092
  foot_mirror               | Scaled Avg:  -0.0001 | Raw Avg:   0.0838
  foot_slide                | Scaled Avg:  -0.0018 | Raw Avg:   1.7536
  has_contact               | Scaled Avg:   0.0004 | Raw Avg:   0.0198
  hip_pos                   | Scaled Avg:  -0.0029 | Raw Avg:   0.0295
  lin_vel_z                 | Scaled Avg:  -0.0017 | Raw Avg:   0.0207
  orientation               | Scaled Avg:  -0.0000 | Raw Avg:   0.0105
  powers                    | Scaled Avg:  -0.0001 | Raw Avg: 138.0737
  stand_still               | Scaled Avg:  -0.0004 | Raw Avg:   0.0037
  torques                   | Scaled Avg:  -0.0002 | Raw Avg: 1076.3771
  tracking_ang_vel          | Scaled Avg:   0.0156 | Raw Avg:   0.7815
  tracking_lin_vel          | Scaled Avg:   0.0321 | Raw Avg:   0.8027
  TOTAL REWARD              | Scaled Avg:   0.0098
------------------------------

------------------------------
Step: 35000 - Reward Breakdown:
  action_rate               | Scaled Avg:  -0.0161 | Raw Avg:   1.6093
  action_smoothness         | Scaled Avg:  -0.0005 | Raw Avg:   0.2557
  ang_vel_xy                | Scaled Avg:  -0.0027 | Raw Avg:   1.3284
  collision                 | Scaled Avg:  -0.0001 | Raw Avg:   0.0043
  dof_acc                   | Scaled Avg:  -0.0008 | Raw Avg: 164971.7031
  dof_error                 | Scaled Avg:  -0.0031 | Raw Avg:   0.3107
  dof_vel                   | Scaled Avg:  -0.0079 | Raw Avg:  79.1602
  feet_contact_forces       | Scaled Avg:  -0.0000 | Raw Avg:   7.5111
  foot_clearance            | Scaled Avg:  -0.0001 | Raw Avg:   0.0093
  foot_mirror               | Scaled Avg:  -0.0001 | Raw Avg:   0.0838
  foot_slide                | Scaled Avg:  -0.0017 | Raw Avg:   1.7322
  has_contact               | Scaled Avg:   0.0003 | Raw Avg:   0.0166
  hip_pos                   | Scaled Avg:  -0.0029 | Raw Avg:   0.0295
  lin_vel_z                 | Scaled Avg:  -0.0017 | Raw Avg:   0.0213
  orientation               | Scaled Avg:  -0.0000 | Raw Avg:   0.0114
  powers                    | Scaled Avg:  -0.0001 | Raw Avg: 138.8124
  stand_still               | Scaled Avg:  -0.0002 | Raw Avg:   0.0018
  torques                   | Scaled Avg:  -0.0002 | Raw Avg: 1061.2500
  tracking_ang_vel          | Scaled Avg:   0.0158 | Raw Avg:   0.7904
  tracking_lin_vel          | Scaled Avg:   0.0323 | Raw Avg:   0.8070
  TOTAL REWARD              | Scaled Avg:   0.0101
------------------------------

------------------------------
Step: 35500 - Reward Breakdown:
  action_rate               | Scaled Avg:  -0.0160 | Raw Avg:   1.5972
  action_smoothness         | Scaled Avg:  -0.0005 | Raw Avg:   0.2563
  ang_vel_xy                | Scaled Avg:  -0.0026 | Raw Avg:   1.3190
  collision                 | Scaled Avg:  -0.0001 | Raw Avg:   0.0041
  dof_acc                   | Scaled Avg:  -0.0007 | Raw Avg: 135523.6562
  dof_error                 | Scaled Avg:  -0.0030 | Raw Avg:   0.3037
  dof_vel                   | Scaled Avg:  -0.0076 | Raw Avg:  76.2520
  feet_contact_forces       | Scaled Avg:  -0.0000 | Raw Avg:   7.2108
  foot_clearance            | Scaled Avg:  -0.0001 | Raw Avg:   0.0084
  foot_mirror               | Scaled Avg:  -0.0001 | Raw Avg:   0.0862
  foot_slide                | Scaled Avg:  -0.0017 | Raw Avg:   1.7385
  has_contact               | Scaled Avg:   0.0004 | Raw Avg:   0.0193
  hip_pos                   | Scaled Avg:  -0.0030 | Raw Avg:   0.0296
  lin_vel_z                 | Scaled Avg:  -0.0017 | Raw Avg:   0.0219
  orientation               | Scaled Avg:  -0.0000 | Raw Avg:   0.0099
  powers                    | Scaled Avg:  -0.0001 | Raw Avg: 137.2616
  stand_still               | Scaled Avg:  -0.0004 | Raw Avg:   0.0036
  torques                   | Scaled Avg:  -0.0002 | Raw Avg: 1076.9548
  tracking_ang_vel          | Scaled Avg:   0.0155 | Raw Avg:   0.7769
  tracking_lin_vel          | Scaled Avg:   0.0316 | Raw Avg:   0.7912
  TOTAL REWARD              | Scaled Avg:   0.0097
------------------------------

------------------------------
Step: 36000 - Reward Breakdown:
  action_rate               | Scaled Avg:  -0.0163 | Raw Avg:   1.6276
  action_smoothness         | Scaled Avg:  -0.0005 | Raw Avg:   0.2576
  ang_vel_xy                | Scaled Avg:  -0.0027 | Raw Avg:   1.3643
  collision                 | Scaled Avg:  -0.0001 | Raw Avg:   0.0041
  dof_acc                   | Scaled Avg:  -0.0007 | Raw Avg: 138511.7344
  dof_error                 | Scaled Avg:  -0.0030 | Raw Avg:   0.2994
  dof_vel                   | Scaled Avg:  -0.0080 | Raw Avg:  79.7063
  feet_contact_forces       | Scaled Avg:  -0.0000 | Raw Avg:   7.6405
  foot_clearance            | Scaled Avg:  -0.0001 | Raw Avg:   0.0085
  foot_mirror               | Scaled Avg:  -0.0001 | Raw Avg:   0.0838
  foot_slide                | Scaled Avg:  -0.0017 | Raw Avg:   1.7360
  has_contact               | Scaled Avg:   0.0003 | Raw Avg:   0.0157
  hip_pos                   | Scaled Avg:  -0.0029 | Raw Avg:   0.0292
  lin_vel_z                 | Scaled Avg:  -0.0017 | Raw Avg:   0.0208
  orientation               | Scaled Avg:  -0.0000 | Raw Avg:   0.0108
  powers                    | Scaled Avg:  -0.0001 | Raw Avg: 142.3826
  stand_still               | Scaled Avg:  -0.0002 | Raw Avg:   0.0019
  torques                   | Scaled Avg:  -0.0002 | Raw Avg: 1114.1655
  tracking_ang_vel          | Scaled Avg:   0.0156 | Raw Avg:   0.7781
  tracking_lin_vel          | Scaled Avg:   0.0320 | Raw Avg:   0.7989
  TOTAL REWARD              | Scaled Avg:   0.0095
------------------------------
################################################################################
                    [1m Learning iteration 11500/15000 [0m                    

                       Computation: 83629 steps/s (collection: 1.275s, learning 0.474s)
                     surrogate_loss -0.0038
                         value_loss 0.0532
                            entropy 2.2730
                     estimator_loss 0.0000
                         total_loss 0.0721
             Mean action noise std: 0.20
                       Mean reward: 6.08
               Mean episode length: 558.16
      Mean episode rew_action_rate: -0.4895
Mean episode rew_frame_action_rate: -0.0188
Mean episode rew_action_smoothness: -0.0156
Mean episode rew_frame_action_smoothness: -0.0006
       Mean episode rew_ang_vel_xy: -0.0804
 Mean episode rew_frame_ang_vel_xy: -0.0069
      Mean episode rew_base_height: -0.0002
Mean episode rew_frame_base_height: -0.0001
        Mean episode rew_collision: -0.0024
  Mean episode rew_frame_collision: -0.0009
          Mean episode rew_dof_acc: -0.0225
    Mean episode rew_frame_dof_acc: -0.0013
        Mean episode rew_dof_error: -0.0950
  Mean episode rew_frame_dof_error: -0.0081
          Mean episode rew_dof_vel: -0.2373
    Mean episode rew_frame_dof_vel: -0.0123
    Mean episode rew_feet_air_time: 0.0002
Mean episode rew_frame_feet_air_time: 0.0000
Mean episode rew_feet_contact_forces: -0.0007
Mean episode rew_frame_feet_contact_forces: -0.0000
   Mean episode rew_foot_clearance: -0.0027
Mean episode rew_frame_foot_clearance: -0.0001
      Mean episode rew_foot_mirror: -0.0027
Mean episode rew_frame_foot_mirror: -0.0003
       Mean episode rew_foot_slide: -0.0529
 Mean episode rew_frame_foot_slide: -0.0017
      Mean episode rew_has_contact: 0.0145
Mean episode rew_frame_has_contact: 0.0005
          Mean episode rew_hip_pos: -0.0869
    Mean episode rew_frame_hip_pos: -0.0092
        Mean episode rew_lin_vel_z: -0.0531
  Mean episode rew_frame_lin_vel_z: -0.0094
      Mean episode rew_orientation: -0.0013
Mean episode rew_frame_orientation: -0.0003
           Mean episode rew_powers: -0.0017
     Mean episode rew_frame_powers: -0.0001
      Mean episode rew_stand_still: 0.0000
Mean episode rew_frame_stand_still: 0.0000
          Mean episode rew_stumble: -0.0000
    Mean episode rew_frame_stumble: -0.0000
          Mean episode rew_torques: -0.0067
    Mean episode rew_frame_torques: -0.0002
 Mean episode rew_tracking_ang_vel: 0.4783
Mean episode rew_frame_tracking_ang_vel: 0.0121
 Mean episode rew_tracking_lin_vel: 0.9788
Mean episode rew_frame_tracking_lin_vel: 0.0235
Mean episode max_power_throughout_episode: 3473.5105
            Mean episode max_pos_x: 3.7410
            Mean episode min_pos_x: -3.7623
            Mean episode max_pos_y: 4.2263
            Mean episode min_pos_y: -3.9623
        Mean episode timeout_ratio: 0.5420
       Mean episode num_terminated: 9.5833
--------------------------------------------------------------------------------
                   Total timesteps: 2340864
                    Iteration time: 1.75s
                        Total time: 2657.89s
                               ETA: 6197.6s


------------------------------
Step: 36500 - Reward Breakdown:
  action_rate               | Scaled Avg:  -0.0164 | Raw Avg:   1.6439
  action_smoothness         | Scaled Avg:  -0.0005 | Raw Avg:   0.2594
  ang_vel_xy                | Scaled Avg:  -0.0026 | Raw Avg:   1.2866
  collision                 | Scaled Avg:  -0.0001 | Raw Avg:   0.0048
  dof_acc                   | Scaled Avg:  -0.0008 | Raw Avg: 150862.2812
  dof_error                 | Scaled Avg:  -0.0031 | Raw Avg:   0.3137
  dof_vel                   | Scaled Avg:  -0.0081 | Raw Avg:  80.8529
  feet_contact_forces       | Scaled Avg:  -0.0000 | Raw Avg:   7.7101
  foot_clearance            | Scaled Avg:  -0.0001 | Raw Avg:   0.0091
  foot_mirror               | Scaled Avg:  -0.0001 | Raw Avg:   0.0859
  foot_slide                | Scaled Avg:  -0.0017 | Raw Avg:   1.7133
  has_contact               | Scaled Avg:   0.0003 | Raw Avg:   0.0171
  hip_pos                   | Scaled Avg:  -0.0030 | Raw Avg:   0.0303
  lin_vel_z                 | Scaled Avg:  -0.0018 | Raw Avg:   0.0229
  orientation               | Scaled Avg:  -0.0000 | Raw Avg:   0.0120
  powers                    | Scaled Avg:  -0.0001 | Raw Avg: 138.9241
  stand_still               | Scaled Avg:  -0.0003 | Raw Avg:   0.0030
  torques                   | Scaled Avg:  -0.0002 | Raw Avg: 1047.3894
  tracking_ang_vel          | Scaled Avg:   0.0156 | Raw Avg:   0.7820
  tracking_lin_vel          | Scaled Avg:   0.0324 | Raw Avg:   0.8102
  TOTAL REWARD              | Scaled Avg:   0.0094
------------------------------

------------------------------
Step: 37000 - Reward Breakdown:
  action_rate               | Scaled Avg:  -0.0164 | Raw Avg:   1.6449
  action_smoothness         | Scaled Avg:  -0.0005 | Raw Avg:   0.2588
  ang_vel_xy                | Scaled Avg:  -0.0025 | Raw Avg:   1.2572
  collision                 | Scaled Avg:  -0.0001 | Raw Avg:   0.0038
  dof_acc                   | Scaled Avg:  -0.0007 | Raw Avg: 135327.3125
  dof_error                 | Scaled Avg:  -0.0031 | Raw Avg:   0.3074
  dof_vel                   | Scaled Avg:  -0.0081 | Raw Avg:  80.5525
  feet_contact_forces       | Scaled Avg:  -0.0000 | Raw Avg:   8.0495
  foot_clearance            | Scaled Avg:  -0.0001 | Raw Avg:   0.0082
  foot_mirror               | Scaled Avg:  -0.0001 | Raw Avg:   0.0889
  foot_slide                | Scaled Avg:  -0.0017 | Raw Avg:   1.7181
  has_contact               | Scaled Avg:   0.0004 | Raw Avg:   0.0201
  hip_pos                   | Scaled Avg:  -0.0030 | Raw Avg:   0.0302
  lin_vel_z                 | Scaled Avg:  -0.0019 | Raw Avg:   0.0239
  orientation               | Scaled Avg:  -0.0000 | Raw Avg:   0.0107
  powers                    | Scaled Avg:  -0.0001 | Raw Avg: 140.4654
  stand_still               | Scaled Avg:  -0.0002 | Raw Avg:   0.0018
  torques                   | Scaled Avg:  -0.0002 | Raw Avg: 1091.1617
  tracking_ang_vel          | Scaled Avg:   0.0157 | Raw Avg:   0.7825
  tracking_lin_vel          | Scaled Avg:   0.0321 | Raw Avg:   0.8026
  TOTAL REWARD              | Scaled Avg:   0.0094
------------------------------

------------------------------
Step: 37500 - Reward Breakdown:
  action_rate               | Scaled Avg:  -0.0161 | Raw Avg:   1.6084
  action_smoothness         | Scaled Avg:  -0.0005 | Raw Avg:   0.2545
  ang_vel_xy                | Scaled Avg:  -0.0025 | Raw Avg:   1.2378
  collision                 | Scaled Avg:  -0.0001 | Raw Avg:   0.0026
  dof_acc                   | Scaled Avg:  -0.0007 | Raw Avg: 140723.1406
  dof_error                 | Scaled Avg:  -0.0030 | Raw Avg:   0.2986
  dof_vel                   | Scaled Avg:  -0.0077 | Raw Avg:  77.3136
  feet_air_time             | Scaled Avg:   0.0000 | Raw Avg:   0.0003
  feet_contact_forces       | Scaled Avg:  -0.0000 | Raw Avg:   7.8297
  foot_clearance            | Scaled Avg:  -0.0001 | Raw Avg:   0.0087
  foot_mirror               | Scaled Avg:  -0.0001 | Raw Avg:   0.0819
  foot_slide                | Scaled Avg:  -0.0017 | Raw Avg:   1.7182
  has_contact               | Scaled Avg:   0.0004 | Raw Avg:   0.0186
  hip_pos                   | Scaled Avg:  -0.0030 | Raw Avg:   0.0295
  lin_vel_z                 | Scaled Avg:  -0.0016 | Raw Avg:   0.0201
  orientation               | Scaled Avg:  -0.0000 | Raw Avg:   0.0091
  powers                    | Scaled Avg:  -0.0001 | Raw Avg: 132.1439
  stand_still               | Scaled Avg:  -0.0004 | Raw Avg:   0.0039
  torques                   | Scaled Avg:  -0.0002 | Raw Avg: 983.8196
  tracking_ang_vel          | Scaled Avg:   0.0157 | Raw Avg:   0.7854
  tracking_lin_vel          | Scaled Avg:   0.0324 | Raw Avg:   0.8094
  TOTAL REWARD              | Scaled Avg:   0.0108
------------------------------

------------------------------
Step: 38000 - Reward Breakdown:
  action_rate               | Scaled Avg:  -0.0161 | Raw Avg:   1.6107
  action_smoothness         | Scaled Avg:  -0.0005 | Raw Avg:   0.2537
  ang_vel_xy                | Scaled Avg:  -0.0025 | Raw Avg:   1.2750
  collision                 | Scaled Avg:  -0.0001 | Raw Avg:   0.0036
  dof_acc                   | Scaled Avg:  -0.0007 | Raw Avg: 143282.8594
  dof_error                 | Scaled Avg:  -0.0031 | Raw Avg:   0.3095
  dof_vel                   | Scaled Avg:  -0.0079 | Raw Avg:  79.1725
  feet_air_time             | Scaled Avg:   0.0000 | Raw Avg:   0.0003
  feet_contact_forces       | Scaled Avg:  -0.0000 | Raw Avg:   8.1878
  foot_clearance            | Scaled Avg:  -0.0001 | Raw Avg:   0.0086
  foot_mirror               | Scaled Avg:  -0.0001 | Raw Avg:   0.0874
  foot_slide                | Scaled Avg:  -0.0017 | Raw Avg:   1.7447
  has_contact               | Scaled Avg:   0.0004 | Raw Avg:   0.0197
  hip_pos                   | Scaled Avg:  -0.0030 | Raw Avg:   0.0296
  lin_vel_z                 | Scaled Avg:  -0.0017 | Raw Avg:   0.0207
  orientation               | Scaled Avg:  -0.0000 | Raw Avg:   0.0115
  powers                    | Scaled Avg:  -0.0001 | Raw Avg: 137.8584
  stand_still               | Scaled Avg:  -0.0002 | Raw Avg:   0.0018
  torques                   | Scaled Avg:  -0.0002 | Raw Avg: 1039.2279
  tracking_ang_vel          | Scaled Avg:   0.0156 | Raw Avg:   0.7805
  tracking_lin_vel          | Scaled Avg:   0.0324 | Raw Avg:   0.8099
  TOTAL REWARD              | Scaled Avg:   0.0104
------------------------------
################################################################################
                    [1m Learning iteration 11600/15000 [0m                    

                       Computation: 82964 steps/s (collection: 1.292s, learning 0.471s)
                     surrogate_loss -0.0045
                         value_loss 0.0619
                            entropy 2.2707
                     estimator_loss 0.0000
                         total_loss 0.0801
             Mean action noise std: 0.20
                       Mean reward: 6.07
               Mean episode length: 638.05
      Mean episode rew_action_rate: -0.4768
Mean episode rew_frame_action_rate: -0.0191
Mean episode rew_action_smoothness: -0.0151
Mean episode rew_frame_action_smoothness: -0.0006
       Mean episode rew_ang_vel_xy: -0.0755
 Mean episode rew_frame_ang_vel_xy: -0.0072
      Mean episode rew_base_height: -0.0002
Mean episode rew_frame_base_height: -0.0001
        Mean episode rew_collision: -0.0030
  Mean episode rew_frame_collision: -0.0011
          Mean episode rew_dof_acc: -0.0206
    Mean episode rew_frame_dof_acc: -0.0013
        Mean episode rew_dof_error: -0.0910
  Mean episode rew_frame_dof_error: -0.0086
          Mean episode rew_dof_vel: -0.2325
    Mean episode rew_frame_dof_vel: -0.0129
    Mean episode rew_feet_air_time: 0.0002
Mean episode rew_frame_feet_air_time: 0.0000
Mean episode rew_feet_contact_forces: -0.0007
Mean episode rew_frame_feet_contact_forces: -0.0000
   Mean episode rew_foot_clearance: -0.0026
Mean episode rew_frame_foot_clearance: -0.0001
      Mean episode rew_foot_mirror: -0.0026
Mean episode rew_frame_foot_mirror: -0.0003
       Mean episode rew_foot_slide: -0.0509
 Mean episode rew_frame_foot_slide: -0.0017
      Mean episode rew_has_contact: 0.0124
Mean episode rew_frame_has_contact: 0.0003
          Mean episode rew_hip_pos: -0.0892
    Mean episode rew_frame_hip_pos: -0.0110
        Mean episode rew_lin_vel_z: -0.0521
  Mean episode rew_frame_lin_vel_z: -0.0099
      Mean episode rew_orientation: -0.0014
Mean episode rew_frame_orientation: -0.0004
           Mean episode rew_powers: -0.0016
     Mean episode rew_frame_powers: -0.0001
      Mean episode rew_stand_still: -0.0071
Mean episode rew_frame_stand_still: -0.0001
          Mean episode rew_stumble: -0.0000
    Mean episode rew_frame_stumble: -0.0000
          Mean episode rew_torques: -0.0060
    Mean episode rew_frame_torques: -0.0002
 Mean episode rew_tracking_ang_vel: 0.4616
Mean episode rew_frame_tracking_ang_vel: 0.0115
 Mean episode rew_tracking_lin_vel: 0.9659
Mean episode rew_frame_tracking_lin_vel: 0.0226
Mean episode max_power_throughout_episode: 3240.1238
            Mean episode max_pos_x: 4.4507
            Mean episode min_pos_x: -3.5536
            Mean episode max_pos_y: 4.6217
            Mean episode min_pos_y: -3.8940
        Mean episode timeout_ratio: 0.5417
       Mean episode num_terminated: 11.1667
--------------------------------------------------------------------------------
                   Total timesteps: 2487168
                    Iteration time: 1.76s
                        Total time: 2833.33s
                               ETA: 6017.1s


------------------------------
Step: 38500 - Reward Breakdown:
  action_rate               | Scaled Avg:  -0.0162 | Raw Avg:   1.6213
  action_smoothness         | Scaled Avg:  -0.0005 | Raw Avg:   0.2546
  ang_vel_xy                | Scaled Avg:  -0.0025 | Raw Avg:   1.2636
  collision                 | Scaled Avg:  -0.0001 | Raw Avg:   0.0043
  dof_acc                   | Scaled Avg:  -0.0007 | Raw Avg: 145913.8438
  dof_error                 | Scaled Avg:  -0.0031 | Raw Avg:   0.3090
  dof_vel                   | Scaled Avg:  -0.0080 | Raw Avg:  79.7799
  feet_contact_forces       | Scaled Avg:  -0.0000 | Raw Avg:   7.3818
  foot_clearance            | Scaled Avg:  -0.0001 | Raw Avg:   0.0086
  foot_mirror               | Scaled Avg:  -0.0001 | Raw Avg:   0.0859
  foot_slide                | Scaled Avg:  -0.0018 | Raw Avg:   1.7564
  has_contact               | Scaled Avg:   0.0004 | Raw Avg:   0.0177
  hip_pos                   | Scaled Avg:  -0.0031 | Raw Avg:   0.0310
  lin_vel_z                 | Scaled Avg:  -0.0018 | Raw Avg:   0.0231
  orientation               | Scaled Avg:  -0.0000 | Raw Avg:   0.0107
  powers                    | Scaled Avg:  -0.0001 | Raw Avg: 136.7962
  stand_still               | Scaled Avg:  -0.0002 | Raw Avg:   0.0021
  torques                   | Scaled Avg:  -0.0002 | Raw Avg: 1011.8735
  tracking_ang_vel          | Scaled Avg:   0.0156 | Raw Avg:   0.7799
  tracking_lin_vel          | Scaled Avg:   0.0326 | Raw Avg:   0.8155
  TOTAL REWARD              | Scaled Avg:   0.0100
------------------------------

------------------------------
Step: 39000 - Reward Breakdown:
  action_rate               | Scaled Avg:  -0.0162 | Raw Avg:   1.6178
  action_smoothness         | Scaled Avg:  -0.0005 | Raw Avg:   0.2571
  ang_vel_xy                | Scaled Avg:  -0.0026 | Raw Avg:   1.2835
  collision                 | Scaled Avg:  -0.0001 | Raw Avg:   0.0036
  dof_acc                   | Scaled Avg:  -0.0007 | Raw Avg: 137292.4844
  dof_error                 | Scaled Avg:  -0.0031 | Raw Avg:   0.3059
  dof_vel                   | Scaled Avg:  -0.0078 | Raw Avg:  78.1292
  feet_contact_forces       | Scaled Avg:  -0.0000 | Raw Avg:   7.5900
  foot_clearance            | Scaled Avg:  -0.0001 | Raw Avg:   0.0087
  foot_mirror               | Scaled Avg:  -0.0001 | Raw Avg:   0.0818
  foot_slide                | Scaled Avg:  -0.0017 | Raw Avg:   1.7322
  has_contact               | Scaled Avg:   0.0004 | Raw Avg:   0.0206
  hip_pos                   | Scaled Avg:  -0.0030 | Raw Avg:   0.0301
  lin_vel_z                 | Scaled Avg:  -0.0017 | Raw Avg:   0.0218
  orientation               | Scaled Avg:  -0.0000 | Raw Avg:   0.0105
  powers                    | Scaled Avg:  -0.0001 | Raw Avg: 134.5698
  stand_still               | Scaled Avg:  -0.0004 | Raw Avg:   0.0036
  torques                   | Scaled Avg:  -0.0002 | Raw Avg: 1004.5191
  tracking_ang_vel          | Scaled Avg:   0.0156 | Raw Avg:   0.7804
  tracking_lin_vel          | Scaled Avg:   0.0326 | Raw Avg:   0.8143
  TOTAL REWARD              | Scaled Avg:   0.0104
------------------------------

------------------------------
Step: 39500 - Reward Breakdown:
  action_rate               | Scaled Avg:  -0.0163 | Raw Avg:   1.6345
  action_smoothness         | Scaled Avg:  -0.0005 | Raw Avg:   0.2572
  ang_vel_xy                | Scaled Avg:  -0.0026 | Raw Avg:   1.3107
  collision                 | Scaled Avg:  -0.0001 | Raw Avg:   0.0052
  dof_acc                   | Scaled Avg:  -0.0007 | Raw Avg: 138546.7344
  dof_error                 | Scaled Avg:  -0.0030 | Raw Avg:   0.3037
  dof_vel                   | Scaled Avg:  -0.0080 | Raw Avg:  79.9678
  feet_contact_forces       | Scaled Avg:  -0.0000 | Raw Avg:   8.4936
  foot_clearance            | Scaled Avg:  -0.0001 | Raw Avg:   0.0087
  foot_mirror               | Scaled Avg:  -0.0001 | Raw Avg:   0.0808
  foot_slide                | Scaled Avg:  -0.0017 | Raw Avg:   1.6987
  has_contact               | Scaled Avg:   0.0003 | Raw Avg:   0.0173
  hip_pos                   | Scaled Avg:  -0.0030 | Raw Avg:   0.0303
  lin_vel_z                 | Scaled Avg:  -0.0019 | Raw Avg:   0.0236
  orientation               | Scaled Avg:  -0.0000 | Raw Avg:   0.0106
  powers                    | Scaled Avg:  -0.0001 | Raw Avg: 141.7294
  stand_still               | Scaled Avg:  -0.0004 | Raw Avg:   0.0040
  torques                   | Scaled Avg:  -0.0002 | Raw Avg: 1096.2533
  tracking_ang_vel          | Scaled Avg:   0.0157 | Raw Avg:   0.7868
  tracking_lin_vel          | Scaled Avg:   0.0324 | Raw Avg:   0.8088
  TOTAL REWARD              | Scaled Avg:   0.0096
------------------------------

------------------------------
Step: 40000 - Reward Breakdown:
  action_rate               | Scaled Avg:  -0.0162 | Raw Avg:   1.6243
  action_smoothness         | Scaled Avg:  -0.0005 | Raw Avg:   0.2595
  ang_vel_xy                | Scaled Avg:  -0.0026 | Raw Avg:   1.3034
  collision                 | Scaled Avg:  -0.0001 | Raw Avg:   0.0036
  dof_acc                   | Scaled Avg:  -0.0007 | Raw Avg: 148391.3594
  dof_error                 | Scaled Avg:  -0.0030 | Raw Avg:   0.3025
  dof_vel                   | Scaled Avg:  -0.0078 | Raw Avg:  78.4469
  feet_contact_forces       | Scaled Avg:  -0.0000 | Raw Avg:   7.7151
  foot_clearance            | Scaled Avg:  -0.0001 | Raw Avg:   0.0086
  foot_mirror               | Scaled Avg:  -0.0001 | Raw Avg:   0.0783
  foot_slide                | Scaled Avg:  -0.0017 | Raw Avg:   1.7148
  has_contact               | Scaled Avg:   0.0004 | Raw Avg:   0.0186
  hip_pos                   | Scaled Avg:  -0.0030 | Raw Avg:   0.0301
  lin_vel_z                 | Scaled Avg:  -0.0018 | Raw Avg:   0.0225
  orientation               | Scaled Avg:  -0.0000 | Raw Avg:   0.0112
  powers                    | Scaled Avg:  -0.0001 | Raw Avg: 139.0533
  stand_still               | Scaled Avg:  -0.0004 | Raw Avg:   0.0035
  torques                   | Scaled Avg:  -0.0002 | Raw Avg: 1066.1816
  tracking_ang_vel          | Scaled Avg:   0.0157 | Raw Avg:   0.7849
  tracking_lin_vel          | Scaled Avg:   0.0323 | Raw Avg:   0.8086
  TOTAL REWARD              | Scaled Avg:   0.0100
------------------------------

------------------------------
Step: 40500 - Reward Breakdown:
  action_rate               | Scaled Avg:  -0.0165 | Raw Avg:   1.6530
  action_smoothness         | Scaled Avg:  -0.0005 | Raw Avg:   0.2613
  ang_vel_xy                | Scaled Avg:  -0.0026 | Raw Avg:   1.3165
  collision                 | Scaled Avg:  -0.0001 | Raw Avg:   0.0031
  dof_acc                   | Scaled Avg:  -0.0008 | Raw Avg: 157687.3906
  dof_error                 | Scaled Avg:  -0.0031 | Raw Avg:   0.3052
  dof_vel                   | Scaled Avg:  -0.0080 | Raw Avg:  80.4412
  feet_contact_forces       | Scaled Avg:  -0.0000 | Raw Avg:   8.3744
  foot_clearance            | Scaled Avg:  -0.0001 | Raw Avg:   0.0092
  foot_mirror               | Scaled Avg:  -0.0001 | Raw Avg:   0.0802
  foot_slide                | Scaled Avg:  -0.0017 | Raw Avg:   1.6878
  has_contact               | Scaled Avg:   0.0004 | Raw Avg:   0.0178
  hip_pos                   | Scaled Avg:  -0.0030 | Raw Avg:   0.0302
  lin_vel_z                 | Scaled Avg:  -0.0019 | Raw Avg:   0.0243
  orientation               | Scaled Avg:  -0.0000 | Raw Avg:   0.0107
  powers                    | Scaled Avg:  -0.0001 | Raw Avg: 138.0301
  stand_still               | Scaled Avg:  -0.0004 | Raw Avg:   0.0042
  torques                   | Scaled Avg:  -0.0002 | Raw Avg: 1051.6337
  tracking_ang_vel          | Scaled Avg:   0.0156 | Raw Avg:   0.7820
  tracking_lin_vel          | Scaled Avg:   0.0321 | Raw Avg:   0.8032
  TOTAL REWARD              | Scaled Avg:   0.0089
------------------------------
################################################################################
                    [1m Learning iteration 11700/15000 [0m                    

                       Computation: 84201 steps/s (collection: 1.267s, learning 0.471s)
                     surrogate_loss -0.0027
                         value_loss 0.0570
                            entropy 2.2061
                     estimator_loss 0.0000
                         total_loss 0.0764
             Mean action noise std: 0.20
                       Mean reward: 6.51
               Mean episode length: 696.25
      Mean episode rew_action_rate: -0.5551
Mean episode rew_frame_action_rate: -0.0188
Mean episode rew_action_smoothness: -0.0175
Mean episode rew_frame_action_smoothness: -0.0006
       Mean episode rew_ang_vel_xy: -0.0869
 Mean episode rew_frame_ang_vel_xy: -0.0057
      Mean episode rew_base_height: -0.0002
Mean episode rew_frame_base_height: -0.0001
        Mean episode rew_collision: -0.0027
  Mean episode rew_frame_collision: -0.0007
          Mean episode rew_dof_acc: -0.0243
    Mean episode rew_frame_dof_acc: -0.0012
        Mean episode rew_dof_error: -0.0970
  Mean episode rew_frame_dof_error: -0.0069
          Mean episode rew_dof_vel: -0.2672
    Mean episode rew_frame_dof_vel: -0.0114
    Mean episode rew_feet_air_time: 0.0002
Mean episode rew_frame_feet_air_time: 0.0000
Mean episode rew_feet_contact_forces: -0.0008
Mean episode rew_frame_feet_contact_forces: -0.0000
   Mean episode rew_foot_clearance: -0.0029
Mean episode rew_frame_foot_clearance: -0.0001
      Mean episode rew_foot_mirror: -0.0025
Mean episode rew_frame_foot_mirror: -0.0002
       Mean episode rew_foot_slide: -0.0576
 Mean episode rew_frame_foot_slide: -0.0017
      Mean episode rew_has_contact: 0.0085
Mean episode rew_frame_has_contact: 0.0002
          Mean episode rew_hip_pos: -0.0971
    Mean episode rew_frame_hip_pos: -0.0083
        Mean episode rew_lin_vel_z: -0.0598
  Mean episode rew_frame_lin_vel_z: -0.0079
      Mean episode rew_orientation: -0.0014
Mean episode rew_frame_orientation: -0.0003
           Mean episode rew_powers: -0.0019
     Mean episode rew_frame_powers: -0.0001
      Mean episode rew_stand_still: -0.0148
Mean episode rew_frame_stand_still: -0.0014
          Mean episode rew_stumble: -0.0000
    Mean episode rew_frame_stumble: -0.0000
          Mean episode rew_torques: -0.0072
    Mean episode rew_frame_torques: -0.0002
 Mean episode rew_tracking_ang_vel: 0.5268
Mean episode rew_frame_tracking_ang_vel: 0.0128
 Mean episode rew_tracking_lin_vel: 1.0801
Mean episode rew_frame_tracking_lin_vel: 0.0247
Mean episode max_power_throughout_episode: 3291.3508
            Mean episode max_pos_x: 5.3603
            Mean episode min_pos_x: -4.3563
            Mean episode max_pos_y: 4.7398
            Mean episode min_pos_y: -4.1234
        Mean episode timeout_ratio: 0.5937
       Mean episode num_terminated: 10.3750
--------------------------------------------------------------------------------
                   Total timesteps: 2633472
                    Iteration time: 1.74s
                        Total time: 3008.58s
                               ETA: 5836.8s


------------------------------
Step: 41000 - Reward Breakdown:
  action_rate               | Scaled Avg:  -0.0164 | Raw Avg:   1.6383
  action_smoothness         | Scaled Avg:  -0.0005 | Raw Avg:   0.2579
  ang_vel_xy                | Scaled Avg:  -0.0027 | Raw Avg:   1.3502
  collision                 | Scaled Avg:  -0.0001 | Raw Avg:   0.0072
  dof_acc                   | Scaled Avg:  -0.0007 | Raw Avg: 142708.6875
  dof_error                 | Scaled Avg:  -0.0030 | Raw Avg:   0.3038
  dof_vel                   | Scaled Avg:  -0.0080 | Raw Avg:  79.9863
  feet_contact_forces       | Scaled Avg:  -0.0000 | Raw Avg:   8.0811
  foot_clearance            | Scaled Avg:  -0.0001 | Raw Avg:   0.0082
  foot_mirror               | Scaled Avg:  -0.0001 | Raw Avg:   0.0827
  foot_slide                | Scaled Avg:  -0.0017 | Raw Avg:   1.7218
  has_contact               | Scaled Avg:   0.0004 | Raw Avg:   0.0187
  hip_pos                   | Scaled Avg:  -0.0032 | Raw Avg:   0.0318
  lin_vel_z                 | Scaled Avg:  -0.0019 | Raw Avg:   0.0240
  orientation               | Scaled Avg:  -0.0000 | Raw Avg:   0.0116
  powers                    | Scaled Avg:  -0.0001 | Raw Avg: 137.4586
  stand_still               | Scaled Avg:  -0.0002 | Raw Avg:   0.0023
  torques                   | Scaled Avg:  -0.0002 | Raw Avg: 1052.6853
  tracking_ang_vel          | Scaled Avg:   0.0155 | Raw Avg:   0.7753
  tracking_lin_vel          | Scaled Avg:   0.0319 | Raw Avg:   0.7978
  TOTAL REWARD              | Scaled Avg:   0.0087
------------------------------

------------------------------
Step: 41500 - Reward Breakdown:
  action_rate               | Scaled Avg:  -0.0161 | Raw Avg:   1.6125
  action_smoothness         | Scaled Avg:  -0.0005 | Raw Avg:   0.2563
  ang_vel_xy                | Scaled Avg:  -0.0026 | Raw Avg:   1.2819
  collision                 | Scaled Avg:  -0.0000 | Raw Avg:   0.0018
  dof_acc                   | Scaled Avg:  -0.0007 | Raw Avg: 143379.1562
  dof_error                 | Scaled Avg:  -0.0028 | Raw Avg:   0.2834
  dof_vel                   | Scaled Avg:  -0.0077 | Raw Avg:  77.2074
  feet_contact_forces       | Scaled Avg:  -0.0000 | Raw Avg:   7.7515
  foot_clearance            | Scaled Avg:  -0.0001 | Raw Avg:   0.0082
  foot_mirror               | Scaled Avg:  -0.0001 | Raw Avg:   0.0793
  foot_slide                | Scaled Avg:  -0.0017 | Raw Avg:   1.7130
  has_contact               | Scaled Avg:   0.0004 | Raw Avg:   0.0187
  hip_pos                   | Scaled Avg:  -0.0029 | Raw Avg:   0.0287
  lin_vel_z                 | Scaled Avg:  -0.0018 | Raw Avg:   0.0221
  orientation               | Scaled Avg:  -0.0000 | Raw Avg:   0.0098
  powers                    | Scaled Avg:  -0.0001 | Raw Avg: 135.7613
  stand_still               | Scaled Avg:  -0.0003 | Raw Avg:   0.0033
  torques                   | Scaled Avg:  -0.0002 | Raw Avg: 1047.2129
  tracking_ang_vel          | Scaled Avg:   0.0157 | Raw Avg:   0.7860
  tracking_lin_vel          | Scaled Avg:   0.0321 | Raw Avg:   0.8036
  TOTAL REWARD              | Scaled Avg:   0.0106
------------------------------

------------------------------
Step: 42000 - Reward Breakdown:
  action_rate               | Scaled Avg:  -0.0161 | Raw Avg:   1.6084
  action_smoothness         | Scaled Avg:  -0.0005 | Raw Avg:   0.2543
  ang_vel_xy                | Scaled Avg:  -0.0027 | Raw Avg:   1.3346
  collision                 | Scaled Avg:  -0.0001 | Raw Avg:   0.0044
  dof_acc                   | Scaled Avg:  -0.0007 | Raw Avg: 130822.1016
  dof_error                 | Scaled Avg:  -0.0029 | Raw Avg:   0.2861
  dof_vel                   | Scaled Avg:  -0.0079 | Raw Avg:  79.2089
  feet_contact_forces       | Scaled Avg:  -0.0000 | Raw Avg:   7.9934
  foot_clearance            | Scaled Avg:  -0.0001 | Raw Avg:   0.0080
  foot_mirror               | Scaled Avg:  -0.0001 | Raw Avg:   0.0796
  foot_slide                | Scaled Avg:  -0.0017 | Raw Avg:   1.7334
  has_contact               | Scaled Avg:   0.0004 | Raw Avg:   0.0178
  hip_pos                   | Scaled Avg:  -0.0029 | Raw Avg:   0.0291
  lin_vel_z                 | Scaled Avg:  -0.0017 | Raw Avg:   0.0217
  orientation               | Scaled Avg:  -0.0000 | Raw Avg:   0.0109
  powers                    | Scaled Avg:  -0.0001 | Raw Avg: 140.3956
  stand_still               | Scaled Avg:  -0.0003 | Raw Avg:   0.0030
  torques                   | Scaled Avg:  -0.0002 | Raw Avg: 1097.0594
  tracking_ang_vel          | Scaled Avg:   0.0157 | Raw Avg:   0.7854
  tracking_lin_vel          | Scaled Avg:   0.0323 | Raw Avg:   0.8082
  TOTAL REWARD              | Scaled Avg:   0.0104
------------------------------

------------------------------
Step: 42500 - Reward Breakdown:
  action_rate               | Scaled Avg:  -0.0164 | Raw Avg:   1.6399
  action_smoothness         | Scaled Avg:  -0.0005 | Raw Avg:   0.2586
  ang_vel_xy                | Scaled Avg:  -0.0027 | Raw Avg:   1.3556
  collision                 | Scaled Avg:  -0.0001 | Raw Avg:   0.0061
  dof_acc                   | Scaled Avg:  -0.0007 | Raw Avg: 141034.8906
  dof_error                 | Scaled Avg:  -0.0030 | Raw Avg:   0.3037
  dof_vel                   | Scaled Avg:  -0.0081 | Raw Avg:  80.6360
  feet_contact_forces       | Scaled Avg:  -0.0000 | Raw Avg:   8.3756
  foot_clearance            | Scaled Avg:  -0.0001 | Raw Avg:   0.0085
  foot_mirror               | Scaled Avg:  -0.0001 | Raw Avg:   0.0819
  foot_slide                | Scaled Avg:  -0.0017 | Raw Avg:   1.7257
  has_contact               | Scaled Avg:   0.0004 | Raw Avg:   0.0178
  hip_pos                   | Scaled Avg:  -0.0030 | Raw Avg:   0.0302
  lin_vel_z                 | Scaled Avg:  -0.0019 | Raw Avg:   0.0237
  orientation               | Scaled Avg:  -0.0000 | Raw Avg:   0.0107
  powers                    | Scaled Avg:  -0.0001 | Raw Avg: 139.7818
  stand_still               | Scaled Avg:  -0.0002 | Raw Avg:   0.0020
  torques                   | Scaled Avg:  -0.0002 | Raw Avg: 1069.4794
  tracking_ang_vel          | Scaled Avg:   0.0157 | Raw Avg:   0.7829
  tracking_lin_vel          | Scaled Avg:   0.0325 | Raw Avg:   0.8119
  TOTAL REWARD              | Scaled Avg:   0.0096
------------------------------

------------------------------
Step: 43000 - Reward Breakdown:
  action_rate               | Scaled Avg:  -0.0164 | Raw Avg:   1.6442
  action_smoothness         | Scaled Avg:  -0.0005 | Raw Avg:   0.2583
  ang_vel_xy                | Scaled Avg:  -0.0026 | Raw Avg:   1.3069
  collision                 | Scaled Avg:  -0.0001 | Raw Avg:   0.0039
  dof_acc                   | Scaled Avg:  -0.0007 | Raw Avg: 146210.5000
  dof_error                 | Scaled Avg:  -0.0029 | Raw Avg:   0.2918
  dof_vel                   | Scaled Avg:  -0.0079 | Raw Avg:  79.1408
  feet_contact_forces       | Scaled Avg:  -0.0000 | Raw Avg:   8.2687
  foot_clearance            | Scaled Avg:  -0.0001 | Raw Avg:   0.0087
  foot_mirror               | Scaled Avg:  -0.0001 | Raw Avg:   0.0779
  foot_slide                | Scaled Avg:  -0.0017 | Raw Avg:   1.7226
  has_contact               | Scaled Avg:   0.0004 | Raw Avg:   0.0181
  hip_pos                   | Scaled Avg:  -0.0029 | Raw Avg:   0.0292
  lin_vel_z                 | Scaled Avg:  -0.0026 | Raw Avg:   0.0321
  orientation               | Scaled Avg:  -0.0000 | Raw Avg:   0.0105
  powers                    | Scaled Avg:  -0.0001 | Raw Avg: 136.7354
  stand_still               | Scaled Avg:  -0.0002 | Raw Avg:   0.0017
  torques                   | Scaled Avg:  -0.0002 | Raw Avg: 1051.3502
  tracking_ang_vel          | Scaled Avg:   0.0156 | Raw Avg:   0.7820
  tracking_lin_vel          | Scaled Avg:   0.0325 | Raw Avg:   0.8123
  TOTAL REWARD              | Scaled Avg:   0.0094
------------------------------
################################################################################
                    [1m Learning iteration 11800/15000 [0m                    

                       Computation: 82231 steps/s (collection: 1.307s, learning 0.472s)
                     surrogate_loss -0.0046
                         value_loss 0.0493
                            entropy 2.2040
                     estimator_loss 0.0000
                         total_loss 0.0668
             Mean action noise std: 0.20
                       Mean reward: 5.54
               Mean episode length: 583.92
      Mean episode rew_action_rate: -0.5037
Mean episode rew_frame_action_rate: -0.0193
Mean episode rew_action_smoothness: -0.0158
Mean episode rew_frame_action_smoothness: -0.0006
       Mean episode rew_ang_vel_xy: -0.0819
 Mean episode rew_frame_ang_vel_xy: -0.0061
      Mean episode rew_base_height: -0.0002
Mean episode rew_frame_base_height: -0.0001
        Mean episode rew_collision: -0.0025
  Mean episode rew_frame_collision: -0.0007
          Mean episode rew_dof_acc: -0.0233
    Mean episode rew_frame_dof_acc: -0.0016
        Mean episode rew_dof_error: -0.0895
  Mean episode rew_frame_dof_error: -0.0073
          Mean episode rew_dof_vel: -0.2497
    Mean episode rew_frame_dof_vel: -0.0126
    Mean episode rew_feet_air_time: 0.0002
Mean episode rew_frame_feet_air_time: 0.0000
Mean episode rew_feet_contact_forces: -0.0008
Mean episode rew_frame_feet_contact_forces: -0.0000
   Mean episode rew_foot_clearance: -0.0026
Mean episode rew_frame_foot_clearance: -0.0001
      Mean episode rew_foot_mirror: -0.0024
Mean episode rew_frame_foot_mirror: -0.0002
       Mean episode rew_foot_slide: -0.0538
 Mean episode rew_frame_foot_slide: -0.0017
      Mean episode rew_has_contact: 0.0102
Mean episode rew_frame_has_contact: 0.0003
          Mean episode rew_hip_pos: -0.0861
    Mean episode rew_frame_hip_pos: -0.0086
        Mean episode rew_lin_vel_z: -0.0571
  Mean episode rew_frame_lin_vel_z: -0.0095
      Mean episode rew_orientation: -0.0013
Mean episode rew_frame_orientation: -0.0003
           Mean episode rew_powers: -0.0017
     Mean episode rew_frame_powers: -0.0001
      Mean episode rew_stand_still: -0.0076
Mean episode rew_frame_stand_still: -0.0002
          Mean episode rew_stumble: -0.0000
    Mean episode rew_frame_stumble: -0.0000
          Mean episode rew_torques: -0.0066
    Mean episode rew_frame_torques: -0.0002
 Mean episode rew_tracking_ang_vel: 0.4803
Mean episode rew_frame_tracking_ang_vel: 0.0121
 Mean episode rew_tracking_lin_vel: 0.9934
Mean episode rew_frame_tracking_lin_vel: 0.0232
Mean episode max_power_throughout_episode: 3728.0549
            Mean episode max_pos_x: 4.3849
            Mean episode min_pos_x: -3.9220
            Mean episode max_pos_y: 4.6228
            Mean episode min_pos_y: -4.3776
        Mean episode timeout_ratio: 0.5681
       Mean episode num_terminated: 11.7917
--------------------------------------------------------------------------------
                   Total timesteps: 2779776
                    Iteration time: 1.78s
                        Total time: 3183.88s
                               ETA: 5657.1s


------------------------------
Step: 43500 - Reward Breakdown:
  action_rate               | Scaled Avg:  -0.0160 | Raw Avg:   1.6025
  action_smoothness         | Scaled Avg:  -0.0005 | Raw Avg:   0.2539
  ang_vel_xy                | Scaled Avg:  -0.0026 | Raw Avg:   1.2915
  collision                 | Scaled Avg:  -0.0001 | Raw Avg:   0.0046
  dof_acc                   | Scaled Avg:  -0.0008 | Raw Avg: 154886.3438
  dof_error                 | Scaled Avg:  -0.0031 | Raw Avg:   0.3067
  dof_vel                   | Scaled Avg:  -0.0080 | Raw Avg:  80.1611
  feet_contact_forces       | Scaled Avg:  -0.0000 | Raw Avg:   8.3989
  foot_clearance            | Scaled Avg:  -0.0001 | Raw Avg:   0.0086
  foot_mirror               | Scaled Avg:  -0.0001 | Raw Avg:   0.0852
  foot_slide                | Scaled Avg:  -0.0017 | Raw Avg:   1.7280
  has_contact               | Scaled Avg:   0.0003 | Raw Avg:   0.0151
  hip_pos                   | Scaled Avg:  -0.0030 | Raw Avg:   0.0296
  lin_vel_z                 | Scaled Avg:  -0.0019 | Raw Avg:   0.0238
  orientation               | Scaled Avg:  -0.0000 | Raw Avg:   0.0113
  powers                    | Scaled Avg:  -0.0001 | Raw Avg: 140.6989
  stand_still               | Scaled Avg:  -0.0002 | Raw Avg:   0.0021
  torques                   | Scaled Avg:  -0.0002 | Raw Avg: 1091.1221
  tracking_ang_vel          | Scaled Avg:   0.0157 | Raw Avg:   0.7853
  tracking_lin_vel          | Scaled Avg:   0.0324 | Raw Avg:   0.8094
  TOTAL REWARD              | Scaled Avg:   0.0100
------------------------------

------------------------------
Step: 44000 - Reward Breakdown:
  action_rate               | Scaled Avg:  -0.0163 | Raw Avg:   1.6255
  action_smoothness         | Scaled Avg:  -0.0005 | Raw Avg:   0.2561
  ang_vel_xy                | Scaled Avg:  -0.0028 | Raw Avg:   1.3906
  collision                 | Scaled Avg:  -0.0001 | Raw Avg:   0.0054
  dof_acc                   | Scaled Avg:  -0.0007 | Raw Avg: 147640.9375
  dof_error                 | Scaled Avg:  -0.0030 | Raw Avg:   0.3010
  dof_vel                   | Scaled Avg:  -0.0079 | Raw Avg:  78.9374
  feet_contact_forces       | Scaled Avg:  -0.0000 | Raw Avg:   8.0219
  foot_clearance            | Scaled Avg:  -0.0001 | Raw Avg:   0.0082
  foot_mirror               | Scaled Avg:  -0.0001 | Raw Avg:   0.0861
  foot_slide                | Scaled Avg:  -0.0017 | Raw Avg:   1.7431
  has_contact               | Scaled Avg:   0.0004 | Raw Avg:   0.0188
  hip_pos                   | Scaled Avg:  -0.0029 | Raw Avg:   0.0291
  lin_vel_z                 | Scaled Avg:  -0.0018 | Raw Avg:   0.0230
  orientation               | Scaled Avg:  -0.0000 | Raw Avg:   0.0110
  powers                    | Scaled Avg:  -0.0001 | Raw Avg: 147.6344
  stand_still               | Scaled Avg:  -0.0003 | Raw Avg:   0.0029
  torques                   | Scaled Avg:  -0.0002 | Raw Avg: 1177.6514
  tracking_ang_vel          | Scaled Avg:   0.0156 | Raw Avg:   0.7807
  tracking_lin_vel          | Scaled Avg:   0.0324 | Raw Avg:   0.8103
  TOTAL REWARD              | Scaled Avg:   0.0098
------------------------------

------------------------------
Step: 44500 - Reward Breakdown:
  action_rate               | Scaled Avg:  -0.0164 | Raw Avg:   1.6407
  action_smoothness         | Scaled Avg:  -0.0005 | Raw Avg:   0.2591
  ang_vel_xy                | Scaled Avg:  -0.0028 | Raw Avg:   1.4131
  collision                 | Scaled Avg:  -0.0001 | Raw Avg:   0.0030
  dof_acc                   | Scaled Avg:  -0.0007 | Raw Avg: 141581.7344
  dof_error                 | Scaled Avg:  -0.0031 | Raw Avg:   0.3078
  dof_vel                   | Scaled Avg:  -0.0083 | Raw Avg:  82.8752
  feet_contact_forces       | Scaled Avg:  -0.0000 | Raw Avg:   7.8314
  foot_clearance            | Scaled Avg:  -0.0001 | Raw Avg:   0.0078
  foot_mirror               | Scaled Avg:  -0.0001 | Raw Avg:   0.0892
  foot_slide                | Scaled Avg:  -0.0018 | Raw Avg:   1.7524
  has_contact               | Scaled Avg:   0.0004 | Raw Avg:   0.0186
  hip_pos                   | Scaled Avg:  -0.0030 | Raw Avg:   0.0298
  lin_vel_z                 | Scaled Avg:  -0.0019 | Raw Avg:   0.0238
  orientation               | Scaled Avg:  -0.0000 | Raw Avg:   0.0117
  powers                    | Scaled Avg:  -0.0001 | Raw Avg: 148.9417
  stand_still               | Scaled Avg:  -0.0003 | Raw Avg:   0.0027
  torques                   | Scaled Avg:  -0.0002 | Raw Avg: 1170.5872
  tracking_ang_vel          | Scaled Avg:   0.0155 | Raw Avg:   0.7729
  tracking_lin_vel          | Scaled Avg:   0.0322 | Raw Avg:   0.8048
  TOTAL REWARD              | Scaled Avg:   0.0087
------------------------------

------------------------------
Step: 45000 - Reward Breakdown:
  action_rate               | Scaled Avg:  -0.0161 | Raw Avg:   1.6071
  action_smoothness         | Scaled Avg:  -0.0005 | Raw Avg:   0.2533
  ang_vel_xy                | Scaled Avg:  -0.0027 | Raw Avg:   1.3566
  collision                 | Scaled Avg:  -0.0001 | Raw Avg:   0.0049
  dof_acc                   | Scaled Avg:  -0.0007 | Raw Avg: 149442.5781
  dof_error                 | Scaled Avg:  -0.0030 | Raw Avg:   0.3025
  dof_vel                   | Scaled Avg:  -0.0080 | Raw Avg:  80.3074
  feet_contact_forces       | Scaled Avg:  -0.0000 | Raw Avg:   7.7722
  foot_clearance            | Scaled Avg:  -0.0001 | Raw Avg:   0.0082
  foot_mirror               | Scaled Avg:  -0.0001 | Raw Avg:   0.0861
  foot_slide                | Scaled Avg:  -0.0018 | Raw Avg:   1.7808
  has_contact               | Scaled Avg:   0.0004 | Raw Avg:   0.0193
  hip_pos                   | Scaled Avg:  -0.0029 | Raw Avg:   0.0294
  lin_vel_z                 | Scaled Avg:  -0.0017 | Raw Avg:   0.0219
  orientation               | Scaled Avg:  -0.0000 | Raw Avg:   0.0120
  powers                    | Scaled Avg:  -0.0001 | Raw Avg: 141.4364
  stand_still               | Scaled Avg:  -0.0003 | Raw Avg:   0.0025
  torques                   | Scaled Avg:  -0.0002 | Raw Avg: 1103.3228
  tracking_ang_vel          | Scaled Avg:   0.0156 | Raw Avg:   0.7803
  tracking_lin_vel          | Scaled Avg:   0.0322 | Raw Avg:   0.8060
  TOTAL REWARD              | Scaled Avg:   0.0098
------------------------------

------------------------------
Step: 45500 - Reward Breakdown:
  action_rate               | Scaled Avg:  -0.0160 | Raw Avg:   1.6046
  action_smoothness         | Scaled Avg:  -0.0005 | Raw Avg:   0.2514
  ang_vel_xy                | Scaled Avg:  -0.0026 | Raw Avg:   1.2935
  collision                 | Scaled Avg:  -0.0001 | Raw Avg:   0.0062
  dof_acc                   | Scaled Avg:  -0.0008 | Raw Avg: 153584.4688
  dof_error                 | Scaled Avg:  -0.0030 | Raw Avg:   0.3046
  dof_vel                   | Scaled Avg:  -0.0079 | Raw Avg:  78.7178
  feet_air_time             | Scaled Avg:   0.0000 | Raw Avg:   0.0003
  feet_contact_forces       | Scaled Avg:  -0.0000 | Raw Avg:   8.5390
  foot_clearance            | Scaled Avg:  -0.0001 | Raw Avg:   0.0087
  foot_mirror               | Scaled Avg:  -0.0001 | Raw Avg:   0.0838
  foot_slide                | Scaled Avg:  -0.0017 | Raw Avg:   1.7244
  has_contact               | Scaled Avg:   0.0004 | Raw Avg:   0.0193
  hip_pos                   | Scaled Avg:  -0.0031 | Raw Avg:   0.0307
  lin_vel_z                 | Scaled Avg:  -0.0018 | Raw Avg:   0.0226
  orientation               | Scaled Avg:  -0.0000 | Raw Avg:   0.0109
  powers                    | Scaled Avg:  -0.0001 | Raw Avg: 142.8684
  stand_still               | Scaled Avg:  -0.0003 | Raw Avg:   0.0025
  torques                   | Scaled Avg:  -0.0002 | Raw Avg: 1128.7959
  tracking_ang_vel          | Scaled Avg:   0.0158 | Raw Avg:   0.7901
  tracking_lin_vel          | Scaled Avg:   0.0321 | Raw Avg:   0.8028
  TOTAL REWARD              | Scaled Avg:   0.0100
------------------------------
################################################################################
                    [1m Learning iteration 11900/15000 [0m                    

                       Computation: 83176 steps/s (collection: 1.287s, learning 0.472s)
                     surrogate_loss -0.0039
                         value_loss 0.0421
                            entropy 2.2770
                     estimator_loss 0.0000
                         total_loss 0.0610
             Mean action noise std: 0.20
                       Mean reward: 5.63
               Mean episode length: 583.71
      Mean episode rew_action_rate: -0.4527
Mean episode rew_frame_action_rate: -0.0193
Mean episode rew_action_smoothness: -0.0143
Mean episode rew_frame_action_smoothness: -0.0006
       Mean episode rew_ang_vel_xy: -0.0781
 Mean episode rew_frame_ang_vel_xy: -0.0082
      Mean episode rew_base_height: -0.0003
Mean episode rew_frame_base_height: -0.0001
        Mean episode rew_collision: -0.0030
  Mean episode rew_frame_collision: -0.0013
          Mean episode rew_dof_acc: -0.0215
    Mean episode rew_frame_dof_acc: -0.0017
        Mean episode rew_dof_error: -0.0874
  Mean episode rew_frame_dof_error: -0.0089
          Mean episode rew_dof_vel: -0.2289
    Mean episode rew_frame_dof_vel: -0.0137
    Mean episode rew_feet_air_time: 0.0001
Mean episode rew_frame_feet_air_time: 0.0000
Mean episode rew_feet_contact_forces: -0.0007
Mean episode rew_frame_feet_contact_forces: -0.0000
   Mean episode rew_foot_clearance: -0.0024
Mean episode rew_frame_foot_clearance: -0.0001
      Mean episode rew_foot_mirror: -0.0025
Mean episode rew_frame_foot_mirror: -0.0003
       Mean episode rew_foot_slide: -0.0498
 Mean episode rew_frame_foot_slide: -0.0017
      Mean episode rew_has_contact: 0.0090
Mean episode rew_frame_has_contact: 0.0002
          Mean episode rew_hip_pos: -0.0843
    Mean episode rew_frame_hip_pos: -0.0119
        Mean episode rew_lin_vel_z: -0.0544
  Mean episode rew_frame_lin_vel_z: -0.0125
      Mean episode rew_orientation: -0.0013
Mean episode rew_frame_orientation: -0.0004
           Mean episode rew_powers: -0.0016
     Mean episode rew_frame_powers: -0.0001
      Mean episode rew_stand_still: -0.0121
Mean episode rew_frame_stand_still: -0.0002
          Mean episode rew_stumble: -0.0000
    Mean episode rew_frame_stumble: -0.0000
          Mean episode rew_torques: -0.0063
    Mean episode rew_frame_torques: -0.0003
 Mean episode rew_tracking_ang_vel: 0.4384
Mean episode rew_frame_tracking_ang_vel: 0.0114
 Mean episode rew_tracking_lin_vel: 0.9086
Mean episode rew_frame_tracking_lin_vel: 0.0217
Mean episode max_power_throughout_episode: 3354.6843
            Mean episode max_pos_x: 3.7084
            Mean episode min_pos_x: -3.6139
            Mean episode max_pos_y: 3.3370
            Mean episode min_pos_y: -2.8242
        Mean episode timeout_ratio: 0.5119
       Mean episode num_terminated: 9.2083
--------------------------------------------------------------------------------
                   Total timesteps: 2926080
                    Iteration time: 1.76s
                        Total time: 3359.48s
                               ETA: 5478.4s


------------------------------
Step: 46000 - Reward Breakdown:
  action_rate               | Scaled Avg:  -0.0163 | Raw Avg:   1.6307
  action_smoothness         | Scaled Avg:  -0.0005 | Raw Avg:   0.2572
  ang_vel_xy                | Scaled Avg:  -0.0026 | Raw Avg:   1.3088
  collision                 | Scaled Avg:  -0.0001 | Raw Avg:   0.0049
  dof_acc                   | Scaled Avg:  -0.0007 | Raw Avg: 146620.3281
  dof_error                 | Scaled Avg:  -0.0029 | Raw Avg:   0.2894
  dof_vel                   | Scaled Avg:  -0.0080 | Raw Avg:  80.2477
  feet_contact_forces       | Scaled Avg:  -0.0000 | Raw Avg:   7.7285
  foot_clearance            | Scaled Avg:  -0.0001 | Raw Avg:   0.0084
  foot_mirror               | Scaled Avg:  -0.0001 | Raw Avg:   0.0808
  foot_slide                | Scaled Avg:  -0.0017 | Raw Avg:   1.7411
  has_contact               | Scaled Avg:   0.0004 | Raw Avg:   0.0197
  hip_pos                   | Scaled Avg:  -0.0029 | Raw Avg:   0.0289
  lin_vel_z                 | Scaled Avg:  -0.0018 | Raw Avg:   0.0219
  orientation               | Scaled Avg:  -0.0000 | Raw Avg:   0.0106
  powers                    | Scaled Avg:  -0.0001 | Raw Avg: 140.5165
  stand_still               | Scaled Avg:  -0.0004 | Raw Avg:   0.0037
  torques                   | Scaled Avg:  -0.0002 | Raw Avg: 1085.4703
  tracking_ang_vel          | Scaled Avg:   0.0156 | Raw Avg:   0.7794
  tracking_lin_vel          | Scaled Avg:   0.0326 | Raw Avg:   0.8151
  TOTAL REWARD              | Scaled Avg:   0.0101
------------------------------

------------------------------
Step: 46500 - Reward Breakdown:
  action_rate               | Scaled Avg:  -0.0161 | Raw Avg:   1.6070
  action_smoothness         | Scaled Avg:  -0.0005 | Raw Avg:   0.2556
  ang_vel_xy                | Scaled Avg:  -0.0026 | Raw Avg:   1.3150
  collision                 | Scaled Avg:  -0.0001 | Raw Avg:   0.0049
  dof_acc                   | Scaled Avg:  -0.0008 | Raw Avg: 153914.5938
  dof_error                 | Scaled Avg:  -0.0030 | Raw Avg:   0.2993
  dof_vel                   | Scaled Avg:  -0.0079 | Raw Avg:  78.9503
  feet_contact_forces       | Scaled Avg:  -0.0000 | Raw Avg:   7.1832
  foot_clearance            | Scaled Avg:  -0.0001 | Raw Avg:   0.0087
  foot_mirror               | Scaled Avg:  -0.0001 | Raw Avg:   0.0802
  foot_slide                | Scaled Avg:  -0.0017 | Raw Avg:   1.7487
  has_contact               | Scaled Avg:   0.0004 | Raw Avg:   0.0199
  hip_pos                   | Scaled Avg:  -0.0029 | Raw Avg:   0.0293
  lin_vel_z                 | Scaled Avg:  -0.0017 | Raw Avg:   0.0214
  orientation               | Scaled Avg:  -0.0000 | Raw Avg:   0.0110
  powers                    | Scaled Avg:  -0.0001 | Raw Avg: 138.8305
  stand_still               | Scaled Avg:  -0.0004 | Raw Avg:   0.0036
  torques                   | Scaled Avg:  -0.0002 | Raw Avg: 1085.8445
  tracking_ang_vel          | Scaled Avg:   0.0155 | Raw Avg:   0.7750
  tracking_lin_vel          | Scaled Avg:   0.0323 | Raw Avg:   0.8080
  TOTAL REWARD              | Scaled Avg:   0.0100
------------------------------

------------------------------
Step: 47000 - Reward Breakdown:
  action_rate               | Scaled Avg:  -0.0163 | Raw Avg:   1.6279
  action_smoothness         | Scaled Avg:  -0.0005 | Raw Avg:   0.2584
  ang_vel_xy                | Scaled Avg:  -0.0027 | Raw Avg:   1.3270
  base_height               | Scaled Avg:  -0.0000 | Raw Avg:   0.0005
  collision                 | Scaled Avg:  -0.0001 | Raw Avg:   0.0056
  dof_acc                   | Scaled Avg:  -0.0007 | Raw Avg: 146805.6406
  dof_error                 | Scaled Avg:  -0.0030 | Raw Avg:   0.3046
  dof_vel                   | Scaled Avg:  -0.0078 | Raw Avg:  78.4893
  feet_contact_forces       | Scaled Avg:  -0.0000 | Raw Avg:   7.5913
  foot_clearance            | Scaled Avg:  -0.0001 | Raw Avg:   0.0080
  foot_mirror               | Scaled Avg:  -0.0001 | Raw Avg:   0.0834
  foot_slide                | Scaled Avg:  -0.0018 | Raw Avg:   1.7529
  has_contact               | Scaled Avg:   0.0004 | Raw Avg:   0.0194
  hip_pos                   | Scaled Avg:  -0.0030 | Raw Avg:   0.0305
  lin_vel_z                 | Scaled Avg:  -0.0018 | Raw Avg:   0.0221
  orientation               | Scaled Avg:  -0.0000 | Raw Avg:   0.0118
  powers                    | Scaled Avg:  -0.0001 | Raw Avg: 139.3354
  stand_still               | Scaled Avg:  -0.0003 | Raw Avg:   0.0027
  torques                   | Scaled Avg:  -0.0002 | Raw Avg: 1093.2056
  tracking_ang_vel          | Scaled Avg:   0.0155 | Raw Avg:   0.7741
  tracking_lin_vel          | Scaled Avg:   0.0320 | Raw Avg:   0.8011
  TOTAL REWARD              | Scaled Avg:   0.0094
------------------------------

------------------------------
Step: 47500 - Reward Breakdown:
  action_rate               | Scaled Avg:  -0.0163 | Raw Avg:   1.6276
  action_smoothness         | Scaled Avg:  -0.0005 | Raw Avg:   0.2558
  ang_vel_xy                | Scaled Avg:  -0.0027 | Raw Avg:   1.3393
  collision                 | Scaled Avg:  -0.0001 | Raw Avg:   0.0041
  dof_acc                   | Scaled Avg:  -0.0006 | Raw Avg: 127527.6641
  dof_error                 | Scaled Avg:  -0.0029 | Raw Avg:   0.2937
  dof_vel                   | Scaled Avg:  -0.0080 | Raw Avg:  79.5714
  feet_contact_forces       | Scaled Avg:  -0.0000 | Raw Avg:   7.1626
  foot_clearance            | Scaled Avg:  -0.0001 | Raw Avg:   0.0080
  foot_mirror               | Scaled Avg:  -0.0001 | Raw Avg:   0.0773
  foot_slide                | Scaled Avg:  -0.0018 | Raw Avg:   1.7536
  has_contact               | Scaled Avg:   0.0004 | Raw Avg:   0.0197
  hip_pos                   | Scaled Avg:  -0.0029 | Raw Avg:   0.0290
  lin_vel_z                 | Scaled Avg:  -0.0021 | Raw Avg:   0.0258
  orientation               | Scaled Avg:  -0.0000 | Raw Avg:   0.0105
  powers                    | Scaled Avg:  -0.0001 | Raw Avg: 139.9890
  stand_still               | Scaled Avg:  -0.0003 | Raw Avg:   0.0030
  torques                   | Scaled Avg:  -0.0002 | Raw Avg: 1095.9879
  tracking_ang_vel          | Scaled Avg:   0.0156 | Raw Avg:   0.7805
  tracking_lin_vel          | Scaled Avg:   0.0323 | Raw Avg:   0.8074
  TOTAL REWARD              | Scaled Avg:   0.0097
------------------------------

------------------------------
Step: 48000 - Reward Breakdown:
  action_rate               | Scaled Avg:  -0.0161 | Raw Avg:   1.6119
  action_smoothness         | Scaled Avg:  -0.0005 | Raw Avg:   0.2580
  ang_vel_xy                | Scaled Avg:  -0.0027 | Raw Avg:   1.3373
  collision                 | Scaled Avg:  -0.0001 | Raw Avg:   0.0052
  dof_acc                   | Scaled Avg:  -0.0007 | Raw Avg: 135932.1250
  dof_error                 | Scaled Avg:  -0.0031 | Raw Avg:   0.3071
  dof_vel                   | Scaled Avg:  -0.0079 | Raw Avg:  78.7225
  feet_contact_forces       | Scaled Avg:  -0.0000 | Raw Avg:   7.6856
  foot_clearance            | Scaled Avg:  -0.0001 | Raw Avg:   0.0083
  foot_mirror               | Scaled Avg:  -0.0001 | Raw Avg:   0.0810
  foot_slide                | Scaled Avg:  -0.0018 | Raw Avg:   1.7572
  has_contact               | Scaled Avg:   0.0004 | Raw Avg:   0.0176
  hip_pos                   | Scaled Avg:  -0.0031 | Raw Avg:   0.0313
  lin_vel_z                 | Scaled Avg:  -0.0017 | Raw Avg:   0.0207
  orientation               | Scaled Avg:  -0.0000 | Raw Avg:   0.0115
  powers                    | Scaled Avg:  -0.0001 | Raw Avg: 142.2849
  stand_still               | Scaled Avg:  -0.0003 | Raw Avg:   0.0032
  torques                   | Scaled Avg:  -0.0002 | Raw Avg: 1131.0409
  tracking_ang_vel          | Scaled Avg:   0.0155 | Raw Avg:   0.7733
  tracking_lin_vel          | Scaled Avg:   0.0322 | Raw Avg:   0.8056
  TOTAL REWARD              | Scaled Avg:   0.0096
------------------------------
################################################################################
                    [1m Learning iteration 12000/15000 [0m                    

                       Computation: 82801 steps/s (collection: 1.296s, learning 0.471s)
                     surrogate_loss -0.0022
                         value_loss 0.0490
                            entropy 2.3027
                     estimator_loss 0.0000
                         total_loss 0.0698
             Mean action noise std: 0.20
                       Mean reward: 5.23
               Mean episode length: 583.53
      Mean episode rew_action_rate: -0.4795
Mean episode rew_frame_action_rate: -0.0190
Mean episode rew_action_smoothness: -0.0151
Mean episode rew_frame_action_smoothness: -0.0006
       Mean episode rew_ang_vel_xy: -0.0786
 Mean episode rew_frame_ang_vel_xy: -0.0069
      Mean episode rew_base_height: -0.0003
Mean episode rew_frame_base_height: -0.0001
        Mean episode rew_collision: -0.0026
  Mean episode rew_frame_collision: -0.0009
          Mean episode rew_dof_acc: -0.0200
    Mean episode rew_frame_dof_acc: -0.0014
        Mean episode rew_dof_error: -0.0868
  Mean episode rew_frame_dof_error: -0.0079
          Mean episode rew_dof_vel: -0.2324
    Mean episode rew_frame_dof_vel: -0.0120
    Mean episode rew_feet_air_time: 0.0002
Mean episode rew_frame_feet_air_time: 0.0000
Mean episode rew_feet_contact_forces: -0.0007
Mean episode rew_frame_feet_contact_forces: -0.0000
   Mean episode rew_foot_clearance: -0.0024
Mean episode rew_frame_foot_clearance: -0.0001
      Mean episode rew_foot_mirror: -0.0023
Mean episode rew_frame_foot_mirror: -0.0002
       Mean episode rew_foot_slide: -0.0509
 Mean episode rew_frame_foot_slide: -0.0017
      Mean episode rew_has_contact: 0.0096
Mean episode rew_frame_has_contact: 0.0003
          Mean episode rew_hip_pos: -0.0918
    Mean episode rew_frame_hip_pos: -0.0103
        Mean episode rew_lin_vel_z: -0.0522
  Mean episode rew_frame_lin_vel_z: -0.0094
      Mean episode rew_orientation: -0.0013
Mean episode rew_frame_orientation: -0.0003
           Mean episode rew_powers: -0.0017
     Mean episode rew_frame_powers: -0.0001
      Mean episode rew_stand_still: -0.0111
Mean episode rew_frame_stand_still: -0.0002
          Mean episode rew_stumble: -0.0000
    Mean episode rew_frame_stumble: -0.0000
          Mean episode rew_torques: -0.0065
    Mean episode rew_frame_torques: -0.0003
 Mean episode rew_tracking_ang_vel: 0.4526
Mean episode rew_frame_tracking_ang_vel: 0.0118
 Mean episode rew_tracking_lin_vel: 0.9283
Mean episode rew_frame_tracking_lin_vel: 0.0228
Mean episode max_power_throughout_episode: 3448.5359
            Mean episode max_pos_x: 4.1582
            Mean episode min_pos_x: -3.5247
            Mean episode max_pos_y: 4.6056
            Mean episode min_pos_y: -3.8154
        Mean episode timeout_ratio: 0.5125
       Mean episode num_terminated: 9.9167
--------------------------------------------------------------------------------
                   Total timesteps: 3072384
                    Iteration time: 1.77s
                        Total time: 3535.20s
                               ETA: 5300.1s


------------------------------
Step: 48500 - Reward Breakdown:
  action_rate               | Scaled Avg:  -0.0156 | Raw Avg:   1.5627
  action_smoothness         | Scaled Avg:  -0.0005 | Raw Avg:   0.2521
  ang_vel_xy                | Scaled Avg:  -0.0026 | Raw Avg:   1.2821
  collision                 | Scaled Avg:  -0.0001 | Raw Avg:   0.0062
  dof_acc                   | Scaled Avg:  -0.0006 | Raw Avg: 115182.5391
  dof_error                 | Scaled Avg:  -0.0030 | Raw Avg:   0.2989
  dof_vel                   | Scaled Avg:  -0.0076 | Raw Avg:  75.8806
  feet_contact_forces       | Scaled Avg:  -0.0000 | Raw Avg:   7.3045
  foot_clearance            | Scaled Avg:  -0.0001 | Raw Avg:   0.0076
  foot_mirror               | Scaled Avg:  -0.0001 | Raw Avg:   0.0818
  foot_slide                | Scaled Avg:  -0.0017 | Raw Avg:   1.7464
  has_contact               | Scaled Avg:   0.0003 | Raw Avg:   0.0165
  hip_pos                   | Scaled Avg:  -0.0030 | Raw Avg:   0.0303
  lin_vel_z                 | Scaled Avg:  -0.0017 | Raw Avg:   0.0209
  orientation               | Scaled Avg:  -0.0000 | Raw Avg:   0.0116
  powers                    | Scaled Avg:  -0.0001 | Raw Avg: 138.2363
  stand_still               | Scaled Avg:  -0.0002 | Raw Avg:   0.0025
  torques                   | Scaled Avg:  -0.0002 | Raw Avg: 1108.4043
  tracking_ang_vel          | Scaled Avg:   0.0156 | Raw Avg:   0.7787
  tracking_lin_vel          | Scaled Avg:   0.0318 | Raw Avg:   0.7948
  TOTAL REWARD              | Scaled Avg:   0.0105
------------------------------

------------------------------
Step: 49000 - Reward Breakdown:
  action_rate               | Scaled Avg:  -0.0160 | Raw Avg:   1.6002
  action_smoothness         | Scaled Avg:  -0.0005 | Raw Avg:   0.2596
  ang_vel_xy                | Scaled Avg:  -0.0026 | Raw Avg:   1.3034
  collision                 | Scaled Avg:  -0.0001 | Raw Avg:   0.0056
  dof_acc                   | Scaled Avg:  -0.0006 | Raw Avg: 120985.8359
  dof_error                 | Scaled Avg:  -0.0029 | Raw Avg:   0.2913
  dof_vel                   | Scaled Avg:  -0.0078 | Raw Avg:  77.7139
  feet_air_time             | Scaled Avg:   0.0000 | Raw Avg:   0.0003
  feet_contact_forces       | Scaled Avg:  -0.0000 | Raw Avg:   7.4447
  foot_clearance            | Scaled Avg:  -0.0001 | Raw Avg:   0.0077
  foot_mirror               | Scaled Avg:  -0.0001 | Raw Avg:   0.0795
  foot_slide                | Scaled Avg:  -0.0018 | Raw Avg:   1.7525
  has_contact               | Scaled Avg:   0.0004 | Raw Avg:   0.0200
  hip_pos                   | Scaled Avg:  -0.0029 | Raw Avg:   0.0293
  lin_vel_z                 | Scaled Avg:  -0.0064 | Raw Avg:   0.0802
  orientation               | Scaled Avg:  -0.0000 | Raw Avg:   0.0099
  powers                    | Scaled Avg:  -0.0001 | Raw Avg: 133.5434
  stand_still               | Scaled Avg:  -0.0002 | Raw Avg:   0.0024
  torques                   | Scaled Avg:  -0.0002 | Raw Avg: 1032.4586
  tracking_ang_vel          | Scaled Avg:   0.0155 | Raw Avg:   0.7762
  tracking_lin_vel          | Scaled Avg:   0.0317 | Raw Avg:   0.7934
  TOTAL REWARD              | Scaled Avg:   0.0092
------------------------------

------------------------------
Step: 49500 - Reward Breakdown:
  action_rate               | Scaled Avg:  -0.0160 | Raw Avg:   1.6005
  action_smoothness         | Scaled Avg:  -0.0005 | Raw Avg:   0.2578
  ang_vel_xy                | Scaled Avg:  -0.0026 | Raw Avg:   1.2788
  base_height               | Scaled Avg:  -0.0000 | Raw Avg:   0.0005
  collision                 | Scaled Avg:  -0.0001 | Raw Avg:   0.0062
  dof_acc                   | Scaled Avg:  -0.0006 | Raw Avg: 122839.3047
  dof_error                 | Scaled Avg:  -0.0030 | Raw Avg:   0.3002
  dof_vel                   | Scaled Avg:  -0.0079 | Raw Avg:  78.5376
  feet_contact_forces       | Scaled Avg:  -0.0000 | Raw Avg:   7.7767
  foot_clearance            | Scaled Avg:  -0.0001 | Raw Avg:   0.0075
  foot_mirror               | Scaled Avg:  -0.0001 | Raw Avg:   0.0862
  foot_slide                | Scaled Avg:  -0.0017 | Raw Avg:   1.7302
  has_contact               | Scaled Avg:   0.0004 | Raw Avg:   0.0195
  hip_pos                   | Scaled Avg:  -0.0031 | Raw Avg:   0.0307
  lin_vel_z                 | Scaled Avg:  -0.0018 | Raw Avg:   0.0220
  orientation               | Scaled Avg:  -0.0000 | Raw Avg:   0.0121
  powers                    | Scaled Avg:  -0.0001 | Raw Avg: 135.4704
  stand_still               | Scaled Avg:  -0.0003 | Raw Avg:   0.0032
  torques                   | Scaled Avg:  -0.0002 | Raw Avg: 1037.6929
  tracking_ang_vel          | Scaled Avg:   0.0154 | Raw Avg:   0.7708
  tracking_lin_vel          | Scaled Avg:   0.0318 | Raw Avg:   0.7962
  TOTAL REWARD              | Scaled Avg:   0.0096
------------------------------

------------------------------
Step: 50000 - Reward Breakdown:
  action_rate               | Scaled Avg:  -0.0162 | Raw Avg:   1.6236
  action_smoothness         | Scaled Avg:  -0.0005 | Raw Avg:   0.2557
  ang_vel_xy                | Scaled Avg:  -0.0026 | Raw Avg:   1.2846
  base_height               | Scaled Avg:  -0.0000 | Raw Avg:   0.0005
  collision                 | Scaled Avg:  -0.0001 | Raw Avg:   0.0046
  dof_acc                   | Scaled Avg:  -0.0007 | Raw Avg: 130434.6484
  dof_error                 | Scaled Avg:  -0.0029 | Raw Avg:   0.2919
  dof_vel                   | Scaled Avg:  -0.0079 | Raw Avg:  78.9280
  feet_contact_forces       | Scaled Avg:  -0.0000 | Raw Avg:   7.4674
  foot_clearance            | Scaled Avg:  -0.0001 | Raw Avg:   0.0077
  foot_mirror               | Scaled Avg:  -0.0001 | Raw Avg:   0.0802
  foot_slide                | Scaled Avg:  -0.0018 | Raw Avg:   1.7531
  has_contact               | Scaled Avg:   0.0004 | Raw Avg:   0.0191
  hip_pos                   | Scaled Avg:  -0.0031 | Raw Avg:   0.0306
  lin_vel_z                 | Scaled Avg:  -0.0018 | Raw Avg:   0.0219
  orientation               | Scaled Avg:  -0.0000 | Raw Avg:   0.0109
  powers                    | Scaled Avg:  -0.0001 | Raw Avg: 136.5970
  stand_still               | Scaled Avg:  -0.0003 | Raw Avg:   0.0030
  torques                   | Scaled Avg:  -0.0002 | Raw Avg: 1044.9984
  tracking_ang_vel          | Scaled Avg:   0.0156 | Raw Avg:   0.7790
  tracking_lin_vel          | Scaled Avg:   0.0322 | Raw Avg:   0.8040
  TOTAL REWARD              | Scaled Avg:   0.0099
------------------------------
################################################################################
                    [1m Learning iteration 12100/15000 [0m                    

                       Computation: 83565 steps/s (collection: 1.280s, learning 0.471s)
                     surrogate_loss -0.0037
                         value_loss 0.0568
                            entropy 2.2975
                     estimator_loss 0.0000
                         total_loss 0.0761
             Mean action noise std: 0.20
                       Mean reward: 7.06
               Mean episode length: 637.72
      Mean episode rew_action_rate: -0.5174
Mean episode rew_frame_action_rate: -0.0184
Mean episode rew_action_smoothness: -0.0165
Mean episode rew_frame_action_smoothness: -0.0006
       Mean episode rew_ang_vel_xy: -0.0818
 Mean episode rew_frame_ang_vel_xy: -0.0062
      Mean episode rew_base_height: -0.0003
Mean episode rew_frame_base_height: -0.0001
        Mean episode rew_collision: -0.0029
  Mean episode rew_frame_collision: -0.0008
          Mean episode rew_dof_acc: -0.0218
    Mean episode rew_frame_dof_acc: -0.0015
        Mean episode rew_dof_error: -0.0930
  Mean episode rew_frame_dof_error: -0.0071
          Mean episode rew_dof_vel: -0.2537
    Mean episode rew_frame_dof_vel: -0.0119
    Mean episode rew_feet_air_time: 0.0002
Mean episode rew_frame_feet_air_time: 0.0000
Mean episode rew_feet_contact_forces: -0.0007
Mean episode rew_frame_feet_contact_forces: -0.0000
   Mean episode rew_foot_clearance: -0.0024
Mean episode rew_frame_foot_clearance: -0.0001
      Mean episode rew_foot_mirror: -0.0026
Mean episode rew_frame_foot_mirror: -0.0002
       Mean episode rew_foot_slide: -0.0554
 Mean episode rew_frame_foot_slide: -0.0017
      Mean episode rew_has_contact: 0.0105
Mean episode rew_frame_has_contact: 0.0003
          Mean episode rew_hip_pos: -0.0909
    Mean episode rew_frame_hip_pos: -0.0091
        Mean episode rew_lin_vel_z: -0.0553
  Mean episode rew_frame_lin_vel_z: -0.0080
      Mean episode rew_orientation: -0.0014
Mean episode rew_frame_orientation: -0.0003
           Mean episode rew_powers: -0.0017
     Mean episode rew_frame_powers: -0.0001
      Mean episode rew_stand_still: -0.0099
Mean episode rew_frame_stand_still: -0.0019
          Mean episode rew_stumble: -0.0000
    Mean episode rew_frame_stumble: -0.0000
          Mean episode rew_torques: -0.0067
    Mean episode rew_frame_torques: -0.0002
 Mean episode rew_tracking_ang_vel: 0.5041
Mean episode rew_frame_tracking_ang_vel: 0.0124
 Mean episode rew_tracking_lin_vel: 1.0472
Mean episode rew_frame_tracking_lin_vel: 0.0246
Mean episode max_power_throughout_episode: 3434.9382
            Mean episode max_pos_x: 4.4071
            Mean episode min_pos_x: -3.3863
            Mean episode max_pos_y: 3.6713
            Mean episode min_pos_y: -4.1871
        Mean episode timeout_ratio: 0.5685
       Mean episode num_terminated: 9.7500
--------------------------------------------------------------------------------
                   Total timesteps: 3218688
                    Iteration time: 1.75s
                        Total time: 3711.38s
                               ETA: 5122.8s


------------------------------
Step: 50500 - Reward Breakdown:
  action_rate               | Scaled Avg:  -0.0161 | Raw Avg:   1.6132
  action_smoothness         | Scaled Avg:  -0.0005 | Raw Avg:   0.2555
  ang_vel_xy                | Scaled Avg:  -0.0026 | Raw Avg:   1.2790
  collision                 | Scaled Avg:  -0.0001 | Raw Avg:   0.0041
  dof_acc                   | Scaled Avg:  -0.0007 | Raw Avg: 147784.5938
  dof_error                 | Scaled Avg:  -0.0029 | Raw Avg:   0.2869
  dof_vel                   | Scaled Avg:  -0.0080 | Raw Avg:  79.8636
  feet_contact_forces       | Scaled Avg:  -0.0000 | Raw Avg:   7.5001
  foot_clearance            | Scaled Avg:  -0.0001 | Raw Avg:   0.0073
  foot_mirror               | Scaled Avg:  -0.0001 | Raw Avg:   0.0782
  foot_slide                | Scaled Avg:  -0.0014 | Raw Avg:   1.3874
  has_contact               | Scaled Avg:   0.0004 | Raw Avg:   0.0189
  hip_pos                   | Scaled Avg:  -0.0030 | Raw Avg:   0.0297
  lin_vel_z                 | Scaled Avg:  -0.0018 | Raw Avg:   0.0219
  orientation               | Scaled Avg:  -0.0000 | Raw Avg:   0.0108
  powers                    | Scaled Avg:  -0.0001 | Raw Avg: 133.5745
  stand_still               | Scaled Avg:  -0.0003 | Raw Avg:   0.0035
  torques                   | Scaled Avg:  -0.0002 | Raw Avg: 1004.9072
  tracking_ang_vel          | Scaled Avg:   0.0157 | Raw Avg:   0.7838
  tracking_lin_vel          | Scaled Avg:   0.0321 | Raw Avg:   0.8024
  TOTAL REWARD              | Scaled Avg:   0.0103
------------------------------

------------------------------
Step: 51000 - Reward Breakdown:
  action_rate               | Scaled Avg:  -0.0164 | Raw Avg:   1.6355
  action_smoothness         | Scaled Avg:  -0.0005 | Raw Avg:   0.2572
  ang_vel_xy                | Scaled Avg:  -0.0026 | Raw Avg:   1.2915
  collision                 | Scaled Avg:  -0.0001 | Raw Avg:   0.0048
  dof_acc                   | Scaled Avg:  -0.0007 | Raw Avg: 143487.1406
  dof_error                 | Scaled Avg:  -0.0030 | Raw Avg:   0.2955
  dof_vel                   | Scaled Avg:  -0.0080 | Raw Avg:  80.1890
  feet_contact_forces       | Scaled Avg:  -0.0000 | Raw Avg:   8.2663
  foot_clearance            | Scaled Avg:  -0.0001 | Raw Avg:   0.0078
  foot_mirror               | Scaled Avg:  -0.0001 | Raw Avg:   0.0788
  foot_slide                | Scaled Avg:  -0.0017 | Raw Avg:   1.7098
  has_contact               | Scaled Avg:   0.0004 | Raw Avg:   0.0193
  hip_pos                   | Scaled Avg:  -0.0030 | Raw Avg:   0.0295
  lin_vel_z                 | Scaled Avg:  -0.0017 | Raw Avg:   0.0211
  orientation               | Scaled Avg:  -0.0000 | Raw Avg:   0.0107
  powers                    | Scaled Avg:  -0.0001 | Raw Avg: 136.5640
  stand_still               | Scaled Avg:  -0.0003 | Raw Avg:   0.0032
  torques                   | Scaled Avg:  -0.0002 | Raw Avg: 1031.4576
  tracking_ang_vel          | Scaled Avg:   0.0157 | Raw Avg:   0.7855
  tracking_lin_vel          | Scaled Avg:   0.0324 | Raw Avg:   0.8111
  TOTAL REWARD              | Scaled Avg:   0.0101
------------------------------

------------------------------
Step: 51500 - Reward Breakdown:
  action_rate               | Scaled Avg:  -0.0161 | Raw Avg:   1.6109
  action_smoothness         | Scaled Avg:  -0.0005 | Raw Avg:   0.2577
  ang_vel_xy                | Scaled Avg:  -0.0026 | Raw Avg:   1.3154
  base_height               | Scaled Avg:  -0.0000 | Raw Avg:   0.0005
  collision                 | Scaled Avg:  -0.0001 | Raw Avg:   0.0041
  dof_acc                   | Scaled Avg:  -0.0006 | Raw Avg: 120630.6797
  dof_error                 | Scaled Avg:  -0.0029 | Raw Avg:   0.2871
  dof_vel                   | Scaled Avg:  -0.0076 | Raw Avg:  76.3340
  feet_contact_forces       | Scaled Avg:  -0.0000 | Raw Avg:   7.4097
  foot_clearance            | Scaled Avg:  -0.0001 | Raw Avg:   0.0072
  foot_mirror               | Scaled Avg:  -0.0001 | Raw Avg:   0.0800
  foot_slide                | Scaled Avg:  -0.0017 | Raw Avg:   1.7256
  has_contact               | Scaled Avg:   0.0004 | Raw Avg:   0.0186
  hip_pos                   | Scaled Avg:  -0.0030 | Raw Avg:   0.0296
  lin_vel_z                 | Scaled Avg:  -0.0018 | Raw Avg:   0.0222
  orientation               | Scaled Avg:  -0.0000 | Raw Avg:   0.0102
  powers                    | Scaled Avg:  -0.0001 | Raw Avg: 134.3234
  stand_still               | Scaled Avg:  -0.0003 | Raw Avg:   0.0034
  torques                   | Scaled Avg:  -0.0002 | Raw Avg: 1035.8181
  tracking_ang_vel          | Scaled Avg:   0.0155 | Raw Avg:   0.7758
  tracking_lin_vel          | Scaled Avg:   0.0319 | Raw Avg:   0.7983
  TOTAL REWARD              | Scaled Avg:   0.0101
------------------------------

------------------------------
Step: 52000 - Reward Breakdown:
  action_rate               | Scaled Avg:  -0.0162 | Raw Avg:   1.6239
  action_smoothness         | Scaled Avg:  -0.0005 | Raw Avg:   0.2548
  ang_vel_xy                | Scaled Avg:  -0.0026 | Raw Avg:   1.2813
  collision                 | Scaled Avg:  -0.0001 | Raw Avg:   0.0056
  dof_acc                   | Scaled Avg:  -0.0007 | Raw Avg: 137869.8906
  dof_error                 | Scaled Avg:  -0.0030 | Raw Avg:   0.2960
  dof_vel                   | Scaled Avg:  -0.0081 | Raw Avg:  80.8502
  feet_contact_forces       | Scaled Avg:  -0.0000 | Raw Avg:   7.7890
  foot_clearance            | Scaled Avg:  -0.0001 | Raw Avg:   0.0080
  foot_mirror               | Scaled Avg:  -0.0001 | Raw Avg:   0.0802
  foot_slide                | Scaled Avg:  -0.0017 | Raw Avg:   1.7091
  has_contact               | Scaled Avg:   0.0004 | Raw Avg:   0.0181
  hip_pos                   | Scaled Avg:  -0.0030 | Raw Avg:   0.0300
  lin_vel_z                 | Scaled Avg:  -0.0020 | Raw Avg:   0.0244
  orientation               | Scaled Avg:  -0.0000 | Raw Avg:   0.0111
  powers                    | Scaled Avg:  -0.0001 | Raw Avg: 138.2234
  stand_still               | Scaled Avg:  -0.0004 | Raw Avg:   0.0042
  torques                   | Scaled Avg:  -0.0002 | Raw Avg: 1052.7587
  tracking_ang_vel          | Scaled Avg:   0.0157 | Raw Avg:   0.7864
  tracking_lin_vel          | Scaled Avg:   0.0324 | Raw Avg:   0.8088
  TOTAL REWARD              | Scaled Avg:   0.0097
------------------------------

------------------------------
Step: 52500 - Reward Breakdown:
  action_rate               | Scaled Avg:  -0.0163 | Raw Avg:   1.6328
  action_smoothness         | Scaled Avg:  -0.0005 | Raw Avg:   0.2570
  ang_vel_xy                | Scaled Avg:  -0.0027 | Raw Avg:   1.3258
  base_height               | Scaled Avg:  -0.0000 | Raw Avg:   0.0005
  collision                 | Scaled Avg:  -0.0001 | Raw Avg:   0.0044
  dof_acc                   | Scaled Avg:  -0.0008 | Raw Avg: 151345.6406
  dof_error                 | Scaled Avg:  -0.0030 | Raw Avg:   0.2961
  dof_vel                   | Scaled Avg:  -0.0081 | Raw Avg:  80.8997
  feet_contact_forces       | Scaled Avg:  -0.0000 | Raw Avg:   7.8123
  foot_clearance            | Scaled Avg:  -0.0001 | Raw Avg:   0.0080
  foot_mirror               | Scaled Avg:  -0.0001 | Raw Avg:   0.0811
  foot_slide                | Scaled Avg:  -0.0017 | Raw Avg:   1.7462
  has_contact               | Scaled Avg:   0.0003 | Raw Avg:   0.0151
  hip_pos                   | Scaled Avg:  -0.0030 | Raw Avg:   0.0304
  lin_vel_z                 | Scaled Avg:  -0.0019 | Raw Avg:   0.0232
  orientation               | Scaled Avg:  -0.0000 | Raw Avg:   0.0112
  powers                    | Scaled Avg:  -0.0001 | Raw Avg: 140.7396
  stand_still               | Scaled Avg:  -0.0002 | Raw Avg:   0.0017
  torques                   | Scaled Avg:  -0.0002 | Raw Avg: 1070.2983
  tracking_ang_vel          | Scaled Avg:   0.0156 | Raw Avg:   0.7804
  tracking_lin_vel          | Scaled Avg:   0.0323 | Raw Avg:   0.8063
  TOTAL REWARD              | Scaled Avg:   0.0095
------------------------------
################################################################################
                    [1m Learning iteration 12200/15000 [0m                    

                       Computation: 84211 steps/s (collection: 1.267s, learning 0.470s)
                     surrogate_loss -0.0048
                         value_loss 0.0492
                            entropy 2.1865
                     estimator_loss 0.0000
                         total_loss 0.0663
             Mean action noise std: 0.20
                       Mean reward: 3.80
               Mean episode length: 489.14
      Mean episode rew_action_rate: -0.4414
Mean episode rew_frame_action_rate: -0.0199
Mean episode rew_action_smoothness: -0.0139
Mean episode rew_frame_action_smoothness: -0.0006
       Mean episode rew_ang_vel_xy: -0.0723
 Mean episode rew_frame_ang_vel_xy: -0.0080
      Mean episode rew_base_height: -0.0003
Mean episode rew_frame_base_height: -0.0001
        Mean episode rew_collision: -0.0028
  Mean episode rew_frame_collision: -0.0010
          Mean episode rew_dof_acc: -0.0191
    Mean episode rew_frame_dof_acc: -0.0017
        Mean episode rew_dof_error: -0.0824
  Mean episode rew_frame_dof_error: -0.0092
          Mean episode rew_dof_vel: -0.2174
    Mean episode rew_frame_dof_vel: -0.0140
    Mean episode rew_feet_air_time: 0.0002
Mean episode rew_frame_feet_air_time: 0.0000
Mean episode rew_feet_contact_forces: -0.0006
Mean episode rew_frame_feet_contact_forces: -0.0000
   Mean episode rew_foot_clearance: -0.0022
Mean episode rew_frame_foot_clearance: -0.0001
      Mean episode rew_foot_mirror: -0.0023
Mean episode rew_frame_foot_mirror: -0.0003
       Mean episode rew_foot_slide: -0.0464
 Mean episode rew_frame_foot_slide: -0.0017
      Mean episode rew_has_contact: 0.0171
Mean episode rew_frame_has_contact: 0.0003
          Mean episode rew_hip_pos: -0.0824
    Mean episode rew_frame_hip_pos: -0.0120
        Mean episode rew_lin_vel_z: -0.0519
  Mean episode rew_frame_lin_vel_z: -0.0134
      Mean episode rew_orientation: -0.0014
Mean episode rew_frame_orientation: -0.0004
           Mean episode rew_powers: -0.0015
     Mean episode rew_frame_powers: -0.0001
      Mean episode rew_stand_still: -0.0075
Mean episode rew_frame_stand_still: -0.0001
          Mean episode rew_stumble: -0.0000
    Mean episode rew_frame_stumble: -0.0000
          Mean episode rew_torques: -0.0057
    Mean episode rew_frame_torques: -0.0003
 Mean episode rew_tracking_ang_vel: 0.4210
Mean episode rew_frame_tracking_ang_vel: 0.0114
 Mean episode rew_tracking_lin_vel: 0.8703
Mean episode rew_frame_tracking_lin_vel: 0.0210
Mean episode max_power_throughout_episode: 3355.4514
            Mean episode max_pos_x: 4.9597
            Mean episode min_pos_x: -3.4039
            Mean episode max_pos_y: 3.8896
            Mean episode min_pos_y: -3.5028
        Mean episode timeout_ratio: 0.4890
       Mean episode num_terminated: 11.1250
--------------------------------------------------------------------------------
                   Total timesteps: 3364992
                    Iteration time: 1.74s
                        Total time: 3887.60s
                               ETA: 4945.6s


------------------------------
Step: 53000 - Reward Breakdown:
  action_rate               | Scaled Avg:  -0.0163 | Raw Avg:   1.6290
  action_smoothness         | Scaled Avg:  -0.0005 | Raw Avg:   0.2595
  ang_vel_xy                | Scaled Avg:  -0.0026 | Raw Avg:   1.2858
  collision                 | Scaled Avg:  -0.0001 | Raw Avg:   0.0046
  dof_acc                   | Scaled Avg:  -0.0007 | Raw Avg: 143494.1875
  dof_error                 | Scaled Avg:  -0.0030 | Raw Avg:   0.2986
  dof_vel                   | Scaled Avg:  -0.0080 | Raw Avg:  80.3856
  feet_contact_forces       | Scaled Avg:  -0.0000 | Raw Avg:   7.9122
  foot_clearance            | Scaled Avg:  -0.0001 | Raw Avg:   0.0083
  foot_mirror               | Scaled Avg:  -0.0001 | Raw Avg:   0.0795
  foot_slide                | Scaled Avg:  -0.0018 | Raw Avg:   1.7598
  has_contact               | Scaled Avg:   0.0004 | Raw Avg:   0.0187
  hip_pos                   | Scaled Avg:  -0.0029 | Raw Avg:   0.0293
  lin_vel_z                 | Scaled Avg:  -0.0018 | Raw Avg:   0.0222
  orientation               | Scaled Avg:  -0.0000 | Raw Avg:   0.0114
  powers                    | Scaled Avg:  -0.0001 | Raw Avg: 136.9279
  stand_still               | Scaled Avg:  -0.0002 | Raw Avg:   0.0021
  torques                   | Scaled Avg:  -0.0002 | Raw Avg: 1036.1439
  tracking_ang_vel          | Scaled Avg:   0.0155 | Raw Avg:   0.7775
  tracking_lin_vel          | Scaled Avg:   0.0324 | Raw Avg:   0.8093
  TOTAL REWARD              | Scaled Avg:   0.0099
------------------------------

------------------------------
Step: 53500 - Reward Breakdown:
  action_rate               | Scaled Avg:  -0.0162 | Raw Avg:   1.6201
  action_smoothness         | Scaled Avg:  -0.0005 | Raw Avg:   0.2600
  ang_vel_xy                | Scaled Avg:  -0.0025 | Raw Avg:   1.2395
  collision                 | Scaled Avg:  -0.0001 | Raw Avg:   0.0044
  dof_acc                   | Scaled Avg:  -0.0006 | Raw Avg: 128865.3203
  dof_error                 | Scaled Avg:  -0.0030 | Raw Avg:   0.2983
  dof_vel                   | Scaled Avg:  -0.0081 | Raw Avg:  80.9070
  feet_contact_forces       | Scaled Avg:  -0.0000 | Raw Avg:   8.0505
  foot_clearance            | Scaled Avg:  -0.0001 | Raw Avg:   0.0080
  foot_mirror               | Scaled Avg:  -0.0001 | Raw Avg:   0.0858
  foot_slide                | Scaled Avg:  -0.0017 | Raw Avg:   1.7413
  has_contact               | Scaled Avg:   0.0004 | Raw Avg:   0.0182
  hip_pos                   | Scaled Avg:  -0.0030 | Raw Avg:   0.0299
  lin_vel_z                 | Scaled Avg:  -0.0023 | Raw Avg:   0.0290
  orientation               | Scaled Avg:  -0.0000 | Raw Avg:   0.0110
  powers                    | Scaled Avg:  -0.0001 | Raw Avg: 133.7342
  stand_still               | Scaled Avg:  -0.0001 | Raw Avg:   0.0012
  torques                   | Scaled Avg:  -0.0002 | Raw Avg: 982.2009
  tracking_ang_vel          | Scaled Avg:   0.0158 | Raw Avg:   0.7884
  tracking_lin_vel          | Scaled Avg:   0.0326 | Raw Avg:   0.8153
  TOTAL REWARD              | Scaled Avg:   0.0101
------------------------------

------------------------------
Step: 54000 - Reward Breakdown:
  action_rate               | Scaled Avg:  -0.0162 | Raw Avg:   1.6227
  action_smoothness         | Scaled Avg:  -0.0005 | Raw Avg:   0.2580
  ang_vel_xy                | Scaled Avg:  -0.0025 | Raw Avg:   1.2597
  base_height               | Scaled Avg:  -0.0000 | Raw Avg:   0.0005
  collision                 | Scaled Avg:  -0.0001 | Raw Avg:   0.0051
  dof_acc                   | Scaled Avg:  -0.0006 | Raw Avg: 128266.7188
  dof_error                 | Scaled Avg:  -0.0029 | Raw Avg:   0.2934
  dof_vel                   | Scaled Avg:  -0.0079 | Raw Avg:  79.2257
  feet_contact_forces       | Scaled Avg:  -0.0000 | Raw Avg:   7.7915
  foot_clearance            | Scaled Avg:  -0.0001 | Raw Avg:   0.0075
  foot_mirror               | Scaled Avg:  -0.0001 | Raw Avg:   0.0832
  foot_slide                | Scaled Avg:  -0.0018 | Raw Avg:   1.7688
  has_contact               | Scaled Avg:   0.0003 | Raw Avg:   0.0171
  hip_pos                   | Scaled Avg:  -0.0030 | Raw Avg:   0.0296
  lin_vel_z                 | Scaled Avg:  -0.0017 | Raw Avg:   0.0209
  orientation               | Scaled Avg:  -0.0000 | Raw Avg:   0.0116
  powers                    | Scaled Avg:  -0.0001 | Raw Avg: 133.3866
  stand_still               | Scaled Avg:  -0.0002 | Raw Avg:   0.0025
  torques                   | Scaled Avg:  -0.0002 | Raw Avg: 989.1786
  tracking_ang_vel          | Scaled Avg:   0.0155 | Raw Avg:   0.7774
  tracking_lin_vel          | Scaled Avg:   0.0323 | Raw Avg:   0.8086
  TOTAL REWARD              | Scaled Avg:   0.0102
------------------------------

------------------------------
Step: 54500 - Reward Breakdown:
  action_rate               | Scaled Avg:  -0.0162 | Raw Avg:   1.6220
  action_smoothness         | Scaled Avg:  -0.0005 | Raw Avg:   0.2589
  ang_vel_xy                | Scaled Avg:  -0.0025 | Raw Avg:   1.2365
  collision                 | Scaled Avg:  -0.0001 | Raw Avg:   0.0041
  dof_acc                   | Scaled Avg:  -0.0007 | Raw Avg: 134797.7031
  dof_error                 | Scaled Avg:  -0.0029 | Raw Avg:   0.2893
  dof_vel                   | Scaled Avg:  -0.0079 | Raw Avg:  79.3782
  feet_contact_forces       | Scaled Avg:  -0.0000 | Raw Avg:   8.0579
  foot_clearance            | Scaled Avg:  -0.0001 | Raw Avg:   0.0082
  foot_mirror               | Scaled Avg:  -0.0001 | Raw Avg:   0.0802
  foot_slide                | Scaled Avg:  -0.0017 | Raw Avg:   1.7313
  has_contact               | Scaled Avg:   0.0004 | Raw Avg:   0.0184
  hip_pos                   | Scaled Avg:  -0.0029 | Raw Avg:   0.0292
  lin_vel_z                 | Scaled Avg:  -0.0017 | Raw Avg:   0.0208
  orientation               | Scaled Avg:  -0.0000 | Raw Avg:   0.0101
  powers                    | Scaled Avg:  -0.0001 | Raw Avg: 130.7934
  stand_still               | Scaled Avg:  -0.0003 | Raw Avg:   0.0033
  torques                   | Scaled Avg:  -0.0002 | Raw Avg: 969.2106
  tracking_ang_vel          | Scaled Avg:   0.0157 | Raw Avg:   0.7861
  tracking_lin_vel          | Scaled Avg:   0.0322 | Raw Avg:   0.8053
  TOTAL REWARD              | Scaled Avg:   0.0104
------------------------------

------------------------------
Step: 55000 - Reward Breakdown:
  action_rate               | Scaled Avg:  -0.0161 | Raw Avg:   1.6130
  action_smoothness         | Scaled Avg:  -0.0005 | Raw Avg:   0.2575
  ang_vel_xy                | Scaled Avg:  -0.0025 | Raw Avg:   1.2424
  collision                 | Scaled Avg:  -0.0001 | Raw Avg:   0.0059
  dof_acc                   | Scaled Avg:  -0.0007 | Raw Avg: 142151.9844
  dof_error                 | Scaled Avg:  -0.0030 | Raw Avg:   0.3009
  dof_vel                   | Scaled Avg:  -0.0077 | Raw Avg:  77.4522
  feet_contact_forces       | Scaled Avg:  -0.0000 | Raw Avg:   7.7678
  foot_clearance            | Scaled Avg:  -0.0001 | Raw Avg:   0.0088
  foot_mirror               | Scaled Avg:  -0.0001 | Raw Avg:   0.0778
  foot_slide                | Scaled Avg:  -0.0017 | Raw Avg:   1.7292
  has_contact               | Scaled Avg:   0.0003 | Raw Avg:   0.0159
  hip_pos                   | Scaled Avg:  -0.0030 | Raw Avg:   0.0299
  lin_vel_z                 | Scaled Avg:  -0.0017 | Raw Avg:   0.0208
  orientation               | Scaled Avg:  -0.0000 | Raw Avg:   0.0099
  powers                    | Scaled Avg:  -0.0001 | Raw Avg: 129.4423
  stand_still               | Scaled Avg:  -0.0002 | Raw Avg:   0.0020
  torques                   | Scaled Avg:  -0.0002 | Raw Avg: 961.6775
  tracking_ang_vel          | Scaled Avg:   0.0157 | Raw Avg:   0.7829
  tracking_lin_vel          | Scaled Avg:   0.0322 | Raw Avg:   0.8043
  TOTAL REWARD              | Scaled Avg:   0.0104
------------------------------
################################################################################
                    [1m Learning iteration 12300/15000 [0m                    

                       Computation: 83558 steps/s (collection: 1.279s, learning 0.472s)
                     surrogate_loss -0.0027
                         value_loss 0.0573
                            entropy 2.2924
                     estimator_loss 0.0000
                         total_loss 0.0776
             Mean action noise std: 0.20
                       Mean reward: 4.98
               Mean episode length: 566.08
      Mean episode rew_action_rate: -0.5165
Mean episode rew_frame_action_rate: -0.0194
Mean episode rew_action_smoothness: -0.0164
Mean episode rew_frame_action_smoothness: -0.0006
       Mean episode rew_ang_vel_xy: -0.0799
 Mean episode rew_frame_ang_vel_xy: -0.0064
      Mean episode rew_base_height: -0.0002
Mean episode rew_frame_base_height: -0.0001
        Mean episode rew_collision: -0.0062
  Mean episode rew_frame_collision: -0.0009
          Mean episode rew_dof_acc: -0.0228
    Mean episode rew_frame_dof_acc: -0.0012
        Mean episode rew_dof_error: -0.0970
  Mean episode rew_frame_dof_error: -0.0074
          Mean episode rew_dof_vel: -0.2521
    Mean episode rew_frame_dof_vel: -0.0120
    Mean episode rew_feet_air_time: 0.0004
Mean episode rew_frame_feet_air_time: 0.0000
Mean episode rew_feet_contact_forces: -0.0008
Mean episode rew_frame_feet_contact_forces: -0.0000
   Mean episode rew_foot_clearance: -0.0027
Mean episode rew_frame_foot_clearance: -0.0001
      Mean episode rew_foot_mirror: -0.0027
Mean episode rew_frame_foot_mirror: -0.0003
       Mean episode rew_foot_slide: -0.0546
 Mean episode rew_frame_foot_slide: -0.0017
      Mean episode rew_has_contact: 0.0105
Mean episode rew_frame_has_contact: 0.0002
          Mean episode rew_hip_pos: -0.0968
    Mean episode rew_frame_hip_pos: -0.0090
        Mean episode rew_lin_vel_z: -0.0541
  Mean episode rew_frame_lin_vel_z: -0.0081
      Mean episode rew_orientation: -0.0016
Mean episode rew_frame_orientation: -0.0003
           Mean episode rew_powers: -0.0017
     Mean episode rew_frame_powers: -0.0001
      Mean episode rew_stand_still: -0.0062
Mean episode rew_frame_stand_still: -0.0001
          Mean episode rew_stumble: -0.0000
    Mean episode rew_frame_stumble: -0.0000
          Mean episode rew_torques: -0.0063
    Mean episode rew_frame_torques: -0.0002
 Mean episode rew_tracking_ang_vel: 0.4959
Mean episode rew_frame_tracking_ang_vel: 0.0124
 Mean episode rew_tracking_lin_vel: 1.0241
Mean episode rew_frame_tracking_lin_vel: 0.0245
Mean episode max_power_throughout_episode: 3506.0461
            Mean episode max_pos_x: 3.9563
            Mean episode min_pos_x: -3.5982
            Mean episode max_pos_y: 3.7408
            Mean episode min_pos_y: -4.5267
        Mean episode timeout_ratio: 0.5633
       Mean episode num_terminated: 10.2500
--------------------------------------------------------------------------------
                   Total timesteps: 3511296
                    Iteration time: 1.75s
                        Total time: 4062.67s
                               ETA: 4767.2s


------------------------------
Step: 55500 - Reward Breakdown:
  action_rate               | Scaled Avg:  -0.0161 | Raw Avg:   1.6120
  action_smoothness         | Scaled Avg:  -0.0005 | Raw Avg:   0.2559
  ang_vel_xy                | Scaled Avg:  -0.0027 | Raw Avg:   1.3366
  collision                 | Scaled Avg:  -0.0001 | Raw Avg:   0.0038
  dof_acc                   | Scaled Avg:  -0.0006 | Raw Avg: 128824.6484
  dof_error                 | Scaled Avg:  -0.0030 | Raw Avg:   0.2961
  dof_vel                   | Scaled Avg:  -0.0079 | Raw Avg:  78.5193
  feet_contact_forces       | Scaled Avg:  -0.0000 | Raw Avg:   7.7898
  foot_clearance            | Scaled Avg:  -0.0001 | Raw Avg:   0.0079
  foot_mirror               | Scaled Avg:  -0.0001 | Raw Avg:   0.0797
  foot_slide                | Scaled Avg:  -0.0017 | Raw Avg:   1.7468
  has_contact               | Scaled Avg:   0.0004 | Raw Avg:   0.0207
  hip_pos                   | Scaled Avg:  -0.0031 | Raw Avg:   0.0307
  lin_vel_z                 | Scaled Avg:  -0.0017 | Raw Avg:   0.0219
  orientation               | Scaled Avg:  -0.0000 | Raw Avg:   0.0101
  powers                    | Scaled Avg:  -0.0001 | Raw Avg: 133.7596
  stand_still               | Scaled Avg:  -0.0003 | Raw Avg:   0.0030
  torques                   | Scaled Avg:  -0.0002 | Raw Avg: 1018.9225
  tracking_ang_vel          | Scaled Avg:   0.0156 | Raw Avg:   0.7817
  tracking_lin_vel          | Scaled Avg:   0.0324 | Raw Avg:   0.8105
  TOTAL REWARD              | Scaled Avg:   0.0103
------------------------------

------------------------------
Step: 56000 - Reward Breakdown:
  action_rate               | Scaled Avg:  -0.0164 | Raw Avg:   1.6377
  action_smoothness         | Scaled Avg:  -0.0005 | Raw Avg:   0.2572
  ang_vel_xy                | Scaled Avg:  -0.0026 | Raw Avg:   1.3119
  collision                 | Scaled Avg:  -0.0001 | Raw Avg:   0.0059
  dof_acc                   | Scaled Avg:  -0.0007 | Raw Avg: 134249.3906
  dof_error                 | Scaled Avg:  -0.0029 | Raw Avg:   0.2918
  dof_vel                   | Scaled Avg:  -0.0080 | Raw Avg:  80.1052
  feet_air_time             | Scaled Avg:   0.0000 | Raw Avg:   0.0003
  feet_contact_forces       | Scaled Avg:  -0.0000 | Raw Avg:   7.6711
  foot_clearance            | Scaled Avg:  -0.0001 | Raw Avg:   0.0083
  foot_mirror               | Scaled Avg:  -0.0001 | Raw Avg:   0.0778
  foot_slide                | Scaled Avg:  -0.0018 | Raw Avg:   1.7527
  has_contact               | Scaled Avg:   0.0004 | Raw Avg:   0.0177
  hip_pos                   | Scaled Avg:  -0.0030 | Raw Avg:   0.0296
  lin_vel_z                 | Scaled Avg:  -0.0018 | Raw Avg:   0.0223
  orientation               | Scaled Avg:  -0.0000 | Raw Avg:   0.0115
  powers                    | Scaled Avg:  -0.0001 | Raw Avg: 134.9917
  stand_still               | Scaled Avg:  -0.0002 | Raw Avg:   0.0022
  torques                   | Scaled Avg:  -0.0002 | Raw Avg: 1004.4330
  tracking_ang_vel          | Scaled Avg:   0.0156 | Raw Avg:   0.7792
  tracking_lin_vel          | Scaled Avg:   0.0323 | Raw Avg:   0.8087
  TOTAL REWARD              | Scaled Avg:   0.0099
------------------------------

------------------------------
Step: 56500 - Reward Breakdown:
  action_rate               | Scaled Avg:  -0.0162 | Raw Avg:   1.6243
  action_smoothness         | Scaled Avg:  -0.0005 | Raw Avg:   0.2588
  ang_vel_xy                | Scaled Avg:  -0.0026 | Raw Avg:   1.2826
  collision                 | Scaled Avg:  -0.0001 | Raw Avg:   0.0043
  dof_acc                   | Scaled Avg:  -0.0007 | Raw Avg: 146518.0312
  dof_error                 | Scaled Avg:  -0.0029 | Raw Avg:   0.2932
  dof_vel                   | Scaled Avg:  -0.0079 | Raw Avg:  79.0273
  feet_contact_forces       | Scaled Avg:  -0.0000 | Raw Avg:   7.2634
  foot_clearance            | Scaled Avg:  -0.0001 | Raw Avg:   0.0081
  foot_mirror               | Scaled Avg:  -0.0001 | Raw Avg:   0.0808
  foot_slide                | Scaled Avg:  -0.0017 | Raw Avg:   1.7244
  has_contact               | Scaled Avg:   0.0004 | Raw Avg:   0.0211
  hip_pos                   | Scaled Avg:  -0.0030 | Raw Avg:   0.0303
  lin_vel_z                 | Scaled Avg:  -0.0018 | Raw Avg:   0.0227
  orientation               | Scaled Avg:  -0.0000 | Raw Avg:   0.0115
  powers                    | Scaled Avg:  -0.0001 | Raw Avg: 136.3730
  stand_still               | Scaled Avg:  -0.0004 | Raw Avg:   0.0035
  torques                   | Scaled Avg:  -0.0002 | Raw Avg: 1019.0953
  tracking_ang_vel          | Scaled Avg:   0.0156 | Raw Avg:   0.7798
  tracking_lin_vel          | Scaled Avg:   0.0322 | Raw Avg:   0.8051
  TOTAL REWARD              | Scaled Avg:   0.0098
------------------------------

------------------------------
Step: 57000 - Reward Breakdown:
  action_rate               | Scaled Avg:  -0.0162 | Raw Avg:   1.6176
  action_smoothness         | Scaled Avg:  -0.0005 | Raw Avg:   0.2560
  ang_vel_xy                | Scaled Avg:  -0.0027 | Raw Avg:   1.3257
  collision                 | Scaled Avg:  -0.0001 | Raw Avg:   0.0054
  dof_acc                   | Scaled Avg:  -0.0008 | Raw Avg: 154518.6719
  dof_error                 | Scaled Avg:  -0.0030 | Raw Avg:   0.3017
  dof_vel                   | Scaled Avg:  -0.0081 | Raw Avg:  81.1530
  feet_air_time             | Scaled Avg:   0.0000 | Raw Avg:   0.0003
  feet_contact_forces       | Scaled Avg:  -0.0000 | Raw Avg:   7.8498
  foot_clearance            | Scaled Avg:  -0.0001 | Raw Avg:   0.0084
  foot_mirror               | Scaled Avg:  -0.0001 | Raw Avg:   0.0842
  foot_slide                | Scaled Avg:  -0.0017 | Raw Avg:   1.7466
  has_contact               | Scaled Avg:   0.0004 | Raw Avg:   0.0177
  hip_pos                   | Scaled Avg:  -0.0031 | Raw Avg:   0.0306
  lin_vel_z                 | Scaled Avg:  -0.0023 | Raw Avg:   0.0288
  orientation               | Scaled Avg:  -0.0000 | Raw Avg:   0.0124
  powers                    | Scaled Avg:  -0.0001 | Raw Avg: 139.9309
  stand_still               | Scaled Avg:  -0.0001 | Raw Avg:   0.0013
  torques                   | Scaled Avg:  -0.0002 | Raw Avg: 1045.6770
  tracking_ang_vel          | Scaled Avg:   0.0155 | Raw Avg:   0.7768
  tracking_lin_vel          | Scaled Avg:   0.0323 | Raw Avg:   0.8066
  TOTAL REWARD              | Scaled Avg:   0.0090
------------------------------

------------------------------
Step: 57500 - Reward Breakdown:
  action_rate               | Scaled Avg:  -0.0168 | Raw Avg:   1.6800
  action_smoothness         | Scaled Avg:  -0.0005 | Raw Avg:   0.2631
  ang_vel_xy                | Scaled Avg:  -0.0027 | Raw Avg:   1.3501
  collision                 | Scaled Avg:  -0.0001 | Raw Avg:   0.0051
  dof_acc                   | Scaled Avg:  -0.0008 | Raw Avg: 158930.9531
  dof_error                 | Scaled Avg:  -0.0031 | Raw Avg:   0.3075
  dof_vel                   | Scaled Avg:  -0.0083 | Raw Avg:  83.4775
  feet_contact_forces       | Scaled Avg:  -0.0000 | Raw Avg:   8.4358
  foot_clearance            | Scaled Avg:  -0.0001 | Raw Avg:   0.0084
  foot_mirror               | Scaled Avg:  -0.0001 | Raw Avg:   0.0812
  foot_slide                | Scaled Avg:  -0.0017 | Raw Avg:   1.7171
  has_contact               | Scaled Avg:   0.0004 | Raw Avg:   0.0181
  hip_pos                   | Scaled Avg:  -0.0030 | Raw Avg:   0.0302
  lin_vel_z                 | Scaled Avg:  -0.0018 | Raw Avg:   0.0231
  orientation               | Scaled Avg:  -0.0000 | Raw Avg:   0.0114
  powers                    | Scaled Avg:  -0.0001 | Raw Avg: 142.9540
  stand_still               | Scaled Avg:  -0.0003 | Raw Avg:   0.0033
  torques                   | Scaled Avg:  -0.0002 | Raw Avg: 1085.4014
  tracking_ang_vel          | Scaled Avg:   0.0155 | Raw Avg:   0.7753
  tracking_lin_vel          | Scaled Avg:   0.0321 | Raw Avg:   0.8031
  TOTAL REWARD              | Scaled Avg:   0.0082
------------------------------
################################################################################
                    [1m Learning iteration 12400/15000 [0m                    

                       Computation: 83427 steps/s (collection: 1.281s, learning 0.472s)
                     surrogate_loss -0.0045
                         value_loss 0.0573
                            entropy 2.0739
                     estimator_loss 0.0000
                         total_loss 0.0735
             Mean action noise std: 0.20
                       Mean reward: 4.94
               Mean episode length: 553.00
      Mean episode rew_action_rate: -0.4701
Mean episode rew_frame_action_rate: -0.0193
Mean episode rew_action_smoothness: -0.0151
Mean episode rew_frame_action_smoothness: -0.0006
       Mean episode rew_ang_vel_xy: -0.0753
 Mean episode rew_frame_ang_vel_xy: -0.0074
      Mean episode rew_base_height: -0.0003
Mean episode rew_frame_base_height: -0.0001
        Mean episode rew_collision: -0.0035
  Mean episode rew_frame_collision: -0.0010
          Mean episode rew_dof_acc: -0.0208
    Mean episode rew_frame_dof_acc: -0.0015
        Mean episode rew_dof_error: -0.0894
  Mean episode rew_frame_dof_error: -0.0088
          Mean episode rew_dof_vel: -0.2308
    Mean episode rew_frame_dof_vel: -0.0132
    Mean episode rew_feet_air_time: 0.0002
Mean episode rew_frame_feet_air_time: 0.0000
Mean episode rew_feet_contact_forces: -0.0007
Mean episode rew_frame_feet_contact_forces: -0.0000
   Mean episode rew_foot_clearance: -0.0024
Mean episode rew_frame_foot_clearance: -0.0001
      Mean episode rew_foot_mirror: -0.0025
Mean episode rew_frame_foot_mirror: -0.0003
       Mean episode rew_foot_slide: -0.0491
 Mean episode rew_frame_foot_slide: -0.0017
      Mean episode rew_has_contact: 0.0131
Mean episode rew_frame_has_contact: 0.0004
          Mean episode rew_hip_pos: -0.0851
    Mean episode rew_frame_hip_pos: -0.0108
        Mean episode rew_lin_vel_z: -0.0543
  Mean episode rew_frame_lin_vel_z: -0.0102
      Mean episode rew_orientation: -0.0014
Mean episode rew_frame_orientation: -0.0004
           Mean episode rew_powers: -0.0016
     Mean episode rew_frame_powers: -0.0001
      Mean episode rew_stand_still: -0.0125
Mean episode rew_frame_stand_still: -0.0002
          Mean episode rew_stumble: -0.0000
    Mean episode rew_frame_stumble: -0.0000
          Mean episode rew_torques: -0.0059
    Mean episode rew_frame_torques: -0.0002
 Mean episode rew_tracking_ang_vel: 0.4439
Mean episode rew_frame_tracking_ang_vel: 0.0117
 Mean episode rew_tracking_lin_vel: 0.9260
Mean episode rew_frame_tracking_lin_vel: 0.0223
Mean episode max_power_throughout_episode: 3528.5320
            Mean episode max_pos_x: 5.0602
            Mean episode min_pos_x: -3.2438
            Mean episode max_pos_y: 4.1032
            Mean episode min_pos_y: -3.9713
        Mean episode timeout_ratio: 0.5103
       Mean episode num_terminated: 10.4167
--------------------------------------------------------------------------------
                   Total timesteps: 3657600
                    Iteration time: 1.75s
                        Total time: 4238.52s
                               ETA: 4589.8s


------------------------------
Step: 58000 - Reward Breakdown:
  action_rate               | Scaled Avg:  -0.0171 | Raw Avg:   1.7130
  action_smoothness         | Scaled Avg:  -0.0005 | Raw Avg:   0.2717
  ang_vel_xy                | Scaled Avg:  -0.0026 | Raw Avg:   1.3134
  collision                 | Scaled Avg:  -0.0001 | Raw Avg:   0.0041
  dof_acc                   | Scaled Avg:  -0.0008 | Raw Avg: 155884.5000
  dof_error                 | Scaled Avg:  -0.0031 | Raw Avg:   0.3075
  dof_vel                   | Scaled Avg:  -0.0085 | Raw Avg:  85.4065
  feet_contact_forces       | Scaled Avg:  -0.0000 | Raw Avg:   8.6642
  foot_clearance            | Scaled Avg:  -0.0001 | Raw Avg:   0.0088
  foot_mirror               | Scaled Avg:  -0.0001 | Raw Avg:   0.0828
  foot_slide                | Scaled Avg:  -0.0017 | Raw Avg:   1.7373
  has_contact               | Scaled Avg:   0.0004 | Raw Avg:   0.0183
  hip_pos                   | Scaled Avg:  -0.0029 | Raw Avg:   0.0294
  lin_vel_z                 | Scaled Avg:  -0.0019 | Raw Avg:   0.0243
  orientation               | Scaled Avg:  -0.0000 | Raw Avg:   0.0111
  powers                    | Scaled Avg:  -0.0001 | Raw Avg: 141.6245
  stand_still               | Scaled Avg:  -0.0002 | Raw Avg:   0.0020
  torques                   | Scaled Avg:  -0.0002 | Raw Avg: 1045.9818
  tracking_ang_vel          | Scaled Avg:   0.0156 | Raw Avg:   0.7791
  tracking_lin_vel          | Scaled Avg:   0.0325 | Raw Avg:   0.8125
  TOTAL REWARD              | Scaled Avg:   0.0083
------------------------------

------------------------------
Step: 58500 - Reward Breakdown:
  action_rate               | Scaled Avg:  -0.0166 | Raw Avg:   1.6617
  action_smoothness         | Scaled Avg:  -0.0005 | Raw Avg:   0.2626
  ang_vel_xy                | Scaled Avg:  -0.0026 | Raw Avg:   1.3230
  collision                 | Scaled Avg:  -0.0001 | Raw Avg:   0.0057
  dof_acc                   | Scaled Avg:  -0.0008 | Raw Avg: 166123.1250
  dof_error                 | Scaled Avg:  -0.0030 | Raw Avg:   0.3000
  dof_vel                   | Scaled Avg:  -0.0080 | Raw Avg:  80.4866
  feet_contact_forces       | Scaled Avg:  -0.0000 | Raw Avg:   8.4212
  foot_clearance            | Scaled Avg:  -0.0001 | Raw Avg:   0.0092
  foot_mirror               | Scaled Avg:  -0.0001 | Raw Avg:   0.0793
  foot_slide                | Scaled Avg:  -0.0018 | Raw Avg:   1.7511
  has_contact               | Scaled Avg:   0.0004 | Raw Avg:   0.0207
  hip_pos                   | Scaled Avg:  -0.0029 | Raw Avg:   0.0286
  lin_vel_z                 | Scaled Avg:  -0.0018 | Raw Avg:   0.0231
  orientation               | Scaled Avg:  -0.0000 | Raw Avg:   0.0105
  powers                    | Scaled Avg:  -0.0001 | Raw Avg: 138.8124
  stand_still               | Scaled Avg:  -0.0002 | Raw Avg:   0.0018
  torques                   | Scaled Avg:  -0.0002 | Raw Avg: 1051.5681
  tracking_ang_vel          | Scaled Avg:   0.0156 | Raw Avg:   0.7812
  tracking_lin_vel          | Scaled Avg:   0.0325 | Raw Avg:   0.8134
  TOTAL REWARD              | Scaled Avg:   0.0096
------------------------------

------------------------------
Step: 59000 - Reward Breakdown:
  action_rate               | Scaled Avg:  -0.0163 | Raw Avg:   1.6307
  action_smoothness         | Scaled Avg:  -0.0005 | Raw Avg:   0.2567
  ang_vel_xy                | Scaled Avg:  -0.0027 | Raw Avg:   1.3276
  collision                 | Scaled Avg:  -0.0001 | Raw Avg:   0.0059
  dof_acc                   | Scaled Avg:  -0.0008 | Raw Avg: 166419.1875
  dof_error                 | Scaled Avg:  -0.0030 | Raw Avg:   0.3024
  dof_vel                   | Scaled Avg:  -0.0080 | Raw Avg:  79.8828
  feet_contact_forces       | Scaled Avg:  -0.0000 | Raw Avg:   8.7130
  foot_clearance            | Scaled Avg:  -0.0001 | Raw Avg:   0.0090
  foot_mirror               | Scaled Avg:  -0.0001 | Raw Avg:   0.0753
  foot_slide                | Scaled Avg:  -0.0017 | Raw Avg:   1.7227
  has_contact               | Scaled Avg:   0.0004 | Raw Avg:   0.0185
  hip_pos                   | Scaled Avg:  -0.0029 | Raw Avg:   0.0289
  lin_vel_z                 | Scaled Avg:  -0.0018 | Raw Avg:   0.0221
  orientation               | Scaled Avg:  -0.0000 | Raw Avg:   0.0106
  powers                    | Scaled Avg:  -0.0001 | Raw Avg: 143.0461
  stand_still               | Scaled Avg:  -0.0003 | Raw Avg:   0.0031
  torques                   | Scaled Avg:  -0.0002 | Raw Avg: 1115.5573
  tracking_ang_vel          | Scaled Avg:   0.0157 | Raw Avg:   0.7839
  tracking_lin_vel          | Scaled Avg:   0.0323 | Raw Avg:   0.8074
  TOTAL REWARD              | Scaled Avg:   0.0097
------------------------------

------------------------------
Step: 59500 - Reward Breakdown:
  action_rate               | Scaled Avg:  -0.0169 | Raw Avg:   1.6889
  action_smoothness         | Scaled Avg:  -0.0005 | Raw Avg:   0.2619
  ang_vel_xy                | Scaled Avg:  -0.0028 | Raw Avg:   1.3798
  collision                 | Scaled Avg:  -0.0001 | Raw Avg:   0.0049
  dof_acc                   | Scaled Avg:  -0.0008 | Raw Avg: 167965.6250
  dof_error                 | Scaled Avg:  -0.0031 | Raw Avg:   0.3129
  dof_vel                   | Scaled Avg:  -0.0083 | Raw Avg:  82.9958
  feet_contact_forces       | Scaled Avg:  -0.0000 | Raw Avg:   8.3246
  foot_clearance            | Scaled Avg:  -0.0001 | Raw Avg:   0.0090
  foot_mirror               | Scaled Avg:  -0.0001 | Raw Avg:   0.0807
  foot_slide                | Scaled Avg:  -0.0018 | Raw Avg:   1.7573
  has_contact               | Scaled Avg:   0.0004 | Raw Avg:   0.0176
  hip_pos                   | Scaled Avg:  -0.0031 | Raw Avg:   0.0310
  lin_vel_z                 | Scaled Avg:  -0.0018 | Raw Avg:   0.0220
  orientation               | Scaled Avg:  -0.0000 | Raw Avg:   0.0107
  powers                    | Scaled Avg:  -0.0001 | Raw Avg: 144.8671
  stand_still               | Scaled Avg:  -0.0002 | Raw Avg:   0.0021
  torques                   | Scaled Avg:  -0.0002 | Raw Avg: 1111.6140
  tracking_ang_vel          | Scaled Avg:   0.0157 | Raw Avg:   0.7836
  tracking_lin_vel          | Scaled Avg:   0.0322 | Raw Avg:   0.8044
  TOTAL REWARD              | Scaled Avg:   0.0083
------------------------------

------------------------------
Step: 60000 - Reward Breakdown:
  action_rate               | Scaled Avg:  -0.0162 | Raw Avg:   1.6246
  action_smoothness         | Scaled Avg:  -0.0005 | Raw Avg:   0.2578
  ang_vel_xy                | Scaled Avg:  -0.0026 | Raw Avg:   1.3078
  collision                 | Scaled Avg:  -0.0001 | Raw Avg:   0.0048
  dof_acc                   | Scaled Avg:  -0.0007 | Raw Avg: 147721.0781
  dof_error                 | Scaled Avg:  -0.0030 | Raw Avg:   0.2994
  dof_vel                   | Scaled Avg:  -0.0079 | Raw Avg:  78.8015
  feet_contact_forces       | Scaled Avg:  -0.0000 | Raw Avg:   8.1227
  foot_clearance            | Scaled Avg:  -0.0001 | Raw Avg:   0.0090
  foot_mirror               | Scaled Avg:  -0.0001 | Raw Avg:   0.0776
  foot_slide                | Scaled Avg:  -0.0017 | Raw Avg:   1.7221
  has_contact               | Scaled Avg:   0.0004 | Raw Avg:   0.0208
  hip_pos                   | Scaled Avg:  -0.0029 | Raw Avg:   0.0289
  lin_vel_z                 | Scaled Avg:  -0.0020 | Raw Avg:   0.0255
  orientation               | Scaled Avg:  -0.0000 | Raw Avg:   0.0098
  powers                    | Scaled Avg:  -0.0001 | Raw Avg: 139.6516
  stand_still               | Scaled Avg:  -0.0003 | Raw Avg:   0.0031
  torques                   | Scaled Avg:  -0.0002 | Raw Avg: 1085.1729
  tracking_ang_vel          | Scaled Avg:   0.0157 | Raw Avg:   0.7827
  tracking_lin_vel          | Scaled Avg:   0.0325 | Raw Avg:   0.8118
  TOTAL REWARD              | Scaled Avg:   0.0100
------------------------------
################################################################################
                    [1m Learning iteration 12500/15000 [0m                    

                       Computation: 84336 steps/s (collection: 1.265s, learning 0.470s)
                     surrogate_loss -0.0024
                         value_loss 0.1395
                            entropy 2.2894
                     estimator_loss 0.0000
                         total_loss 0.1599
             Mean action noise std: 0.20
                       Mean reward: 6.21
               Mean episode length: 621.74
      Mean episode rew_action_rate: -0.5022
Mean episode rew_frame_action_rate: -0.0189
Mean episode rew_action_smoothness: -0.0158
Mean episode rew_frame_action_smoothness: -0.0006
       Mean episode rew_ang_vel_xy: -0.0824
 Mean episode rew_frame_ang_vel_xy: -0.0065
      Mean episode rew_base_height: -0.0002
Mean episode rew_frame_base_height: -0.0001
        Mean episode rew_collision: -0.0033
  Mean episode rew_frame_collision: -0.0009
          Mean episode rew_dof_acc: -0.0242
    Mean episode rew_frame_dof_acc: -0.0017
        Mean episode rew_dof_error: -0.0911
  Mean episode rew_frame_dof_error: -0.0069
          Mean episode rew_dof_vel: -0.2445
    Mean episode rew_frame_dof_vel: -0.0123
    Mean episode rew_feet_air_time: 0.0002
Mean episode rew_frame_feet_air_time: 0.0000
Mean episode rew_feet_contact_forces: -0.0007
Mean episode rew_frame_feet_contact_forces: -0.0000
   Mean episode rew_foot_clearance: -0.0027
Mean episode rew_frame_foot_clearance: -0.0001
      Mean episode rew_foot_mirror: -0.0024
Mean episode rew_frame_foot_mirror: -0.0002
       Mean episode rew_foot_slide: -0.0533
 Mean episode rew_frame_foot_slide: -0.0017
      Mean episode rew_has_contact: 0.0123
Mean episode rew_frame_has_contact: 0.0004
          Mean episode rew_hip_pos: -0.0880
    Mean episode rew_frame_hip_pos: -0.0095
        Mean episode rew_lin_vel_z: -0.0529
  Mean episode rew_frame_lin_vel_z: -0.0086
      Mean episode rew_orientation: -0.0014
Mean episode rew_frame_orientation: -0.0003
           Mean episode rew_powers: -0.0017
     Mean episode rew_frame_powers: -0.0001
      Mean episode rew_stand_still: -0.0130
Mean episode rew_frame_stand_still: -0.0004
          Mean episode rew_stumble: -0.0000
    Mean episode rew_frame_stumble: -0.0000
          Mean episode rew_torques: -0.0068
    Mean episode rew_frame_torques: -0.0003
 Mean episode rew_tracking_ang_vel: 0.4812
Mean episode rew_frame_tracking_ang_vel: 0.0124
 Mean episode rew_tracking_lin_vel: 0.9947
Mean episode rew_frame_tracking_lin_vel: 0.0242
Mean episode max_power_throughout_episode: 3262.7234
            Mean episode max_pos_x: 3.7979
            Mean episode min_pos_x: -3.9978
            Mean episode max_pos_y: 3.4850
            Mean episode min_pos_y: -4.2325
        Mean episode timeout_ratio: 0.5561
       Mean episode num_terminated: 9.9167
--------------------------------------------------------------------------------
                   Total timesteps: 3803904
                    Iteration time: 1.73s
                        Total time: 4414.49s
                               ETA: 4412.7s


------------------------------
Step: 60500 - Reward Breakdown:
  action_rate               | Scaled Avg:  -0.0166 | Raw Avg:   1.6568
  action_smoothness         | Scaled Avg:  -0.0005 | Raw Avg:   0.2654
  ang_vel_xy                | Scaled Avg:  -0.0027 | Raw Avg:   1.3382
  collision                 | Scaled Avg:  -0.0001 | Raw Avg:   0.0031
  dof_acc                   | Scaled Avg:  -0.0008 | Raw Avg: 168931.2812
  dof_error                 | Scaled Avg:  -0.0030 | Raw Avg:   0.3045
  dof_vel                   | Scaled Avg:  -0.0081 | Raw Avg:  80.8775
  feet_contact_forces       | Scaled Avg:  -0.0000 | Raw Avg:   8.6664
  foot_clearance            | Scaled Avg:  -0.0001 | Raw Avg:   0.0094
  foot_mirror               | Scaled Avg:  -0.0001 | Raw Avg:   0.0783
  foot_slide                | Scaled Avg:  -0.0017 | Raw Avg:   1.7367
  has_contact               | Scaled Avg:   0.0004 | Raw Avg:   0.0201
  hip_pos                   | Scaled Avg:  -0.0028 | Raw Avg:   0.0284
  lin_vel_z                 | Scaled Avg:  -0.0017 | Raw Avg:   0.0219
  orientation               | Scaled Avg:  -0.0000 | Raw Avg:   0.0093
  powers                    | Scaled Avg:  -0.0001 | Raw Avg: 141.7744
  stand_still               | Scaled Avg:  -0.0004 | Raw Avg:   0.0036
  torques                   | Scaled Avg:  -0.0002 | Raw Avg: 1078.1746
  tracking_ang_vel          | Scaled Avg:   0.0156 | Raw Avg:   0.7780
  tracking_lin_vel          | Scaled Avg:   0.0323 | Raw Avg:   0.8075
  TOTAL REWARD              | Scaled Avg:   0.0093
------------------------------

------------------------------
Step: 61000 - Reward Breakdown:
  action_rate               | Scaled Avg:  -0.0177 | Raw Avg:   1.7701
  action_smoothness         | Scaled Avg:  -0.0006 | Raw Avg:   0.2832
  ang_vel_xy                | Scaled Avg:  -0.0028 | Raw Avg:   1.4099
  collision                 | Scaled Avg:  -0.0001 | Raw Avg:   0.0059
  dof_acc                   | Scaled Avg:  -0.0009 | Raw Avg: 171366.7969
  dof_error                 | Scaled Avg:  -0.0032 | Raw Avg:   0.3165
  dof_vel                   | Scaled Avg:  -0.0085 | Raw Avg:  84.7788
  feet_contact_forces       | Scaled Avg:  -0.0000 | Raw Avg:   9.0883
  foot_clearance            | Scaled Avg:  -0.0001 | Raw Avg:   0.0097
  foot_mirror               | Scaled Avg:  -0.0001 | Raw Avg:   0.0831
  foot_slide                | Scaled Avg:  -0.0017 | Raw Avg:   1.7421
  has_contact               | Scaled Avg:   0.0003 | Raw Avg:   0.0161
  hip_pos                   | Scaled Avg:  -0.0031 | Raw Avg:   0.0305
  lin_vel_z                 | Scaled Avg:  -0.0147 | Raw Avg:   0.1836
  orientation               | Scaled Avg:  -0.0000 | Raw Avg:   0.0112
  powers                    | Scaled Avg:  -0.0001 | Raw Avg: 141.8220
  stand_still               | Scaled Avg:  -0.0003 | Raw Avg:   0.0034
  torques                   | Scaled Avg:  -0.0002 | Raw Avg: 1044.7313
  tracking_ang_vel          | Scaled Avg:   0.0155 | Raw Avg:   0.7758
  tracking_lin_vel          | Scaled Avg:   0.0325 | Raw Avg:   0.8130
  TOTAL REWARD              | Scaled Avg:   0.0058
------------------------------

------------------------------
Step: 61500 - Reward Breakdown:
  action_rate               | Scaled Avg:  -0.0196 | Raw Avg:   1.9605
  action_smoothness         | Scaled Avg:  -0.0006 | Raw Avg:   0.3146
  ang_vel_xy                | Scaled Avg:  -0.0031 | Raw Avg:   1.5366
  collision                 | Scaled Avg:  -0.0001 | Raw Avg:   0.0066
  dof_acc                   | Scaled Avg:  -0.0009 | Raw Avg: 185117.3594
  dof_error                 | Scaled Avg:  -0.0033 | Raw Avg:   0.3273
  dof_vel                   | Scaled Avg:  -0.0091 | Raw Avg:  91.1061
  feet_contact_forces       | Scaled Avg:  -0.0000 | Raw Avg:   9.5179
  foot_clearance            | Scaled Avg:  -0.0001 | Raw Avg:   0.0089
  foot_mirror               | Scaled Avg:  -0.0001 | Raw Avg:   0.0900
  foot_slide                | Scaled Avg:  -0.0018 | Raw Avg:   1.7880
  has_contact               | Scaled Avg:   0.0004 | Raw Avg:   0.0183
  hip_pos                   | Scaled Avg:  -0.0032 | Raw Avg:   0.0320
  lin_vel_z                 | Scaled Avg:  -0.1849 | Raw Avg:   2.3114
  orientation               | Scaled Avg:  -0.0000 | Raw Avg:   0.0123
  powers                    | Scaled Avg:  -0.0001 | Raw Avg: 149.9773
  stand_still               | Scaled Avg:  -0.0004 | Raw Avg:   0.0036
  torques                   | Scaled Avg:  -0.0002 | Raw Avg: 1111.8185
  tracking_ang_vel          | Scaled Avg:   0.0151 | Raw Avg:   0.7555
  tracking_lin_vel          | Scaled Avg:   0.0319 | Raw Avg:   0.7971
  TOTAL REWARD              | Scaled Avg:   0.0019
------------------------------

------------------------------
Step: 62000 - Reward Breakdown:
  action_rate               | Scaled Avg:  -0.0184 | Raw Avg:   1.8359
  action_smoothness         | Scaled Avg:  -0.0006 | Raw Avg:   0.2876
  ang_vel_xy                | Scaled Avg:  -0.0028 | Raw Avg:   1.3883
  collision                 | Scaled Avg:  -0.0001 | Raw Avg:   0.0038
  dof_acc                   | Scaled Avg:  -0.0009 | Raw Avg: 175202.1719
  dof_error                 | Scaled Avg:  -0.0031 | Raw Avg:   0.3132
  dof_vel                   | Scaled Avg:  -0.0088 | Raw Avg:  87.8048
  feet_contact_forces       | Scaled Avg:  -0.0000 | Raw Avg:   9.7019
  foot_clearance            | Scaled Avg:  -0.0001 | Raw Avg:   0.0094
  foot_mirror               | Scaled Avg:  -0.0001 | Raw Avg:   0.0832
  foot_slide                | Scaled Avg:  -0.0018 | Raw Avg:   1.7720
  has_contact               | Scaled Avg:   0.0003 | Raw Avg:   0.0173
  hip_pos                   | Scaled Avg:  -0.0029 | Raw Avg:   0.0289
  lin_vel_z                 | Scaled Avg:  -0.0019 | Raw Avg:   0.0238
  orientation               | Scaled Avg:  -0.0000 | Raw Avg:   0.0102
  powers                    | Scaled Avg:  -0.0001 | Raw Avg: 150.5647
  stand_still               | Scaled Avg:  -0.0003 | Raw Avg:   0.0031
  torques                   | Scaled Avg:  -0.0002 | Raw Avg: 1150.5352
  tracking_ang_vel          | Scaled Avg:   0.0153 | Raw Avg:   0.7661
  tracking_lin_vel          | Scaled Avg:   0.0321 | Raw Avg:   0.8028
  TOTAL REWARD              | Scaled Avg:   0.0058
------------------------------
################################################################################
                    [1m Learning iteration 12600/15000 [0m                    

                       Computation: 83605 steps/s (collection: 1.275s, learning 0.475s)
                     surrogate_loss -0.0044
                         value_loss 0.0598
                            entropy 1.4326
                     estimator_loss 0.0000
                         total_loss 0.0698
             Mean action noise std: 0.21
                       Mean reward: 2.25
               Mean episode length: 533.21
      Mean episode rew_action_rate: -0.5289
Mean episode rew_frame_action_rate: -0.0217
Mean episode rew_action_smoothness: -0.0170
Mean episode rew_frame_action_smoothness: -0.0007
       Mean episode rew_ang_vel_xy: -0.0838
 Mean episode rew_frame_ang_vel_xy: -0.0070
      Mean episode rew_base_height: -0.0002
Mean episode rew_frame_base_height: -0.0001
        Mean episode rew_collision: -0.0030
  Mean episode rew_frame_collision: -0.0009
          Mean episode rew_dof_acc: -0.0246
    Mean episode rew_frame_dof_acc: -0.0016
        Mean episode rew_dof_error: -0.0895
  Mean episode rew_frame_dof_error: -0.0075
          Mean episode rew_dof_vel: -0.2455
    Mean episode rew_frame_dof_vel: -0.0133
    Mean episode rew_feet_air_time: 0.0002
Mean episode rew_frame_feet_air_time: 0.0000
Mean episode rew_feet_contact_forces: -0.0008
Mean episode rew_frame_feet_contact_forces: -0.0000
   Mean episode rew_foot_clearance: -0.0026
Mean episode rew_frame_foot_clearance: -0.0001
      Mean episode rew_foot_mirror: -0.0024
Mean episode rew_frame_foot_mirror: -0.0002
       Mean episode rew_foot_slide: -0.0497
 Mean episode rew_frame_foot_slide: -0.0017
      Mean episode rew_has_contact: 0.0095
Mean episode rew_frame_has_contact: 0.0002
          Mean episode rew_hip_pos: -0.0829
    Mean episode rew_frame_hip_pos: -0.0091
        Mean episode rew_lin_vel_z: -0.0543
  Mean episode rew_frame_lin_vel_z: -0.0084
      Mean episode rew_orientation: -0.0013
Mean episode rew_frame_orientation: -0.0003
           Mean episode rew_powers: -0.0017
     Mean episode rew_frame_powers: -0.0001
      Mean episode rew_stand_still: -0.0007
Mean episode rew_frame_stand_still: -0.0009
          Mean episode rew_stumble: -0.0000
    Mean episode rew_frame_stumble: -0.0000
          Mean episode rew_torques: -0.0066
    Mean episode rew_frame_torques: -0.0003
 Mean episode rew_tracking_ang_vel: 0.4366
Mean episode rew_frame_tracking_ang_vel: 0.0118
 Mean episode rew_tracking_lin_vel: 0.9227
Mean episode rew_frame_tracking_lin_vel: 0.0229
Mean episode max_power_throughout_episode: 3578.4727
            Mean episode max_pos_x: 4.7067
            Mean episode min_pos_x: -3.4565
            Mean episode max_pos_y: 3.9504
            Mean episode min_pos_y: -4.5009
        Mean episode timeout_ratio: 0.5036
       Mean episode num_terminated: 11.3750
--------------------------------------------------------------------------------
                   Total timesteps: 3950208
                    Iteration time: 1.75s
                        Total time: 4590.94s
                               ETA: 4236.2s


------------------------------
Step: 62500 - Reward Breakdown:
  action_rate               | Scaled Avg:  -0.0176 | Raw Avg:   1.7563
  action_smoothness         | Scaled Avg:  -0.0006 | Raw Avg:   0.2783
  ang_vel_xy                | Scaled Avg:  -0.0029 | Raw Avg:   1.4337
  collision                 | Scaled Avg:  -0.0001 | Raw Avg:   0.0049
  dof_acc                   | Scaled Avg:  -0.0009 | Raw Avg: 172776.7188
  dof_error                 | Scaled Avg:  -0.0031 | Raw Avg:   0.3093
  dof_vel                   | Scaled Avg:  -0.0085 | Raw Avg:  84.7972
  feet_contact_forces       | Scaled Avg:  -0.0000 | Raw Avg:   8.8097
  foot_clearance            | Scaled Avg:  -0.0001 | Raw Avg:   0.0092
  foot_mirror               | Scaled Avg:  -0.0001 | Raw Avg:   0.0795
  foot_slide                | Scaled Avg:  -0.0018 | Raw Avg:   1.7532
  has_contact               | Scaled Avg:   0.0004 | Raw Avg:   0.0202
  hip_pos                   | Scaled Avg:  -0.0029 | Raw Avg:   0.0295
  lin_vel_z                 | Scaled Avg:  -0.0020 | Raw Avg:   0.0247
  orientation               | Scaled Avg:  -0.0000 | Raw Avg:   0.0109
  powers                    | Scaled Avg:  -0.0001 | Raw Avg: 149.5069
  stand_still               | Scaled Avg:  -0.0003 | Raw Avg:   0.0034
  torques                   | Scaled Avg:  -0.0002 | Raw Avg: 1165.9733
  tracking_ang_vel          | Scaled Avg:   0.0154 | Raw Avg:   0.7718
  tracking_lin_vel          | Scaled Avg:   0.0324 | Raw Avg:   0.8102
  TOTAL REWARD              | Scaled Avg:   0.0072
------------------------------

------------------------------
Step: 63000 - Reward Breakdown:
  action_rate               | Scaled Avg:  -0.0170 | Raw Avg:   1.6972
  action_smoothness         | Scaled Avg:  -0.0005 | Raw Avg:   0.2695
  ang_vel_xy                | Scaled Avg:  -0.0027 | Raw Avg:   1.3702
  collision                 | Scaled Avg:  -0.0001 | Raw Avg:   0.0054
  dof_acc                   | Scaled Avg:  -0.0008 | Raw Avg: 156080.6875
  dof_error                 | Scaled Avg:  -0.0031 | Raw Avg:   0.3119
  dof_vel                   | Scaled Avg:  -0.0084 | Raw Avg:  84.2318
  feet_contact_forces       | Scaled Avg:  -0.0000 | Raw Avg:   8.8214
  foot_clearance            | Scaled Avg:  -0.0001 | Raw Avg:   0.0092
  foot_mirror               | Scaled Avg:  -0.0001 | Raw Avg:   0.0851
  foot_slide                | Scaled Avg:  -0.0017 | Raw Avg:   1.7460
  has_contact               | Scaled Avg:   0.0004 | Raw Avg:   0.0205
  hip_pos                   | Scaled Avg:  -0.0029 | Raw Avg:   0.0285
  lin_vel_z                 | Scaled Avg:  -0.0020 | Raw Avg:   0.0244
  orientation               | Scaled Avg:  -0.0000 | Raw Avg:   0.0112
  powers                    | Scaled Avg:  -0.0001 | Raw Avg: 146.4724
  stand_still               | Scaled Avg:  -0.0003 | Raw Avg:   0.0025
  torques                   | Scaled Avg:  -0.0002 | Raw Avg: 1133.1630
  tracking_ang_vel          | Scaled Avg:   0.0156 | Raw Avg:   0.7816
  tracking_lin_vel          | Scaled Avg:   0.0326 | Raw Avg:   0.8141
  TOTAL REWARD              | Scaled Avg:   0.0086
------------------------------

------------------------------
Step: 63500 - Reward Breakdown:
  action_rate               | Scaled Avg:  -0.0166 | Raw Avg:   1.6624
  action_smoothness         | Scaled Avg:  -0.0005 | Raw Avg:   0.2651
  ang_vel_xy                | Scaled Avg:  -0.0026 | Raw Avg:   1.3058
  collision                 | Scaled Avg:  -0.0001 | Raw Avg:   0.0049
  dof_acc                   | Scaled Avg:  -0.0007 | Raw Avg: 149497.3906
  dof_error                 | Scaled Avg:  -0.0029 | Raw Avg:   0.2918
  dof_vel                   | Scaled Avg:  -0.0080 | Raw Avg:  79.5589
  feet_contact_forces       | Scaled Avg:  -0.0000 | Raw Avg:   8.1955
  foot_clearance            | Scaled Avg:  -0.0001 | Raw Avg:   0.0088
  foot_mirror               | Scaled Avg:  -0.0001 | Raw Avg:   0.0755
  foot_slide                | Scaled Avg:  -0.0017 | Raw Avg:   1.7237
  has_contact               | Scaled Avg:   0.0003 | Raw Avg:   0.0160
  hip_pos                   | Scaled Avg:  -0.0028 | Raw Avg:   0.0278
  lin_vel_z                 | Scaled Avg:  -0.0018 | Raw Avg:   0.0219
  orientation               | Scaled Avg:  -0.0000 | Raw Avg:   0.0100
  powers                    | Scaled Avg:  -0.0001 | Raw Avg: 138.6482
  stand_still               | Scaled Avg:  -0.0004 | Raw Avg:   0.0036
  torques                   | Scaled Avg:  -0.0002 | Raw Avg: 1068.2462
  tracking_ang_vel          | Scaled Avg:   0.0157 | Raw Avg:   0.7842
  tracking_lin_vel          | Scaled Avg:   0.0322 | Raw Avg:   0.8061
  TOTAL REWARD              | Scaled Avg:   0.0096
------------------------------

------------------------------
Step: 64000 - Reward Breakdown:
  action_rate               | Scaled Avg:  -0.0165 | Raw Avg:   1.6531
  action_smoothness         | Scaled Avg:  -0.0005 | Raw Avg:   0.2596
  ang_vel_xy                | Scaled Avg:  -0.0028 | Raw Avg:   1.3935
  collision                 | Scaled Avg:  -0.0001 | Raw Avg:   0.0044
  dof_acc                   | Scaled Avg:  -0.0007 | Raw Avg: 142689.3906
  dof_error                 | Scaled Avg:  -0.0030 | Raw Avg:   0.3007
  dof_vel                   | Scaled Avg:  -0.0080 | Raw Avg:  80.0102
  feet_contact_forces       | Scaled Avg:  -0.0000 | Raw Avg:   7.7640
  foot_clearance            | Scaled Avg:  -0.0001 | Raw Avg:   0.0083
  foot_mirror               | Scaled Avg:  -0.0001 | Raw Avg:   0.0804
  foot_slide                | Scaled Avg:  -0.0017 | Raw Avg:   1.7394
  has_contact               | Scaled Avg:   0.0004 | Raw Avg:   0.0194
  hip_pos                   | Scaled Avg:  -0.0030 | Raw Avg:   0.0295
  lin_vel_z                 | Scaled Avg:  -0.0019 | Raw Avg:   0.0237
  orientation               | Scaled Avg:  -0.0000 | Raw Avg:   0.0114
  powers                    | Scaled Avg:  -0.0001 | Raw Avg: 139.5780
  stand_still               | Scaled Avg:  -0.0002 | Raw Avg:   0.0021
  torques                   | Scaled Avg:  -0.0002 | Raw Avg: 1076.3062
  tracking_ang_vel          | Scaled Avg:   0.0156 | Raw Avg:   0.7802
  tracking_lin_vel          | Scaled Avg:   0.0321 | Raw Avg:   0.8014
  TOTAL REWARD              | Scaled Avg:   0.0091
------------------------------

------------------------------
Step: 64500 - Reward Breakdown:
  action_rate               | Scaled Avg:  -0.0163 | Raw Avg:   1.6262
  action_smoothness         | Scaled Avg:  -0.0005 | Raw Avg:   0.2566
  ang_vel_xy                | Scaled Avg:  -0.0026 | Raw Avg:   1.2920
  collision                 | Scaled Avg:  -0.0001 | Raw Avg:   0.0033
  dof_acc                   | Scaled Avg:  -0.0007 | Raw Avg: 146294.4375
  dof_error                 | Scaled Avg:  -0.0029 | Raw Avg:   0.2887
  dof_vel                   | Scaled Avg:  -0.0080 | Raw Avg:  80.2333
  feet_contact_forces       | Scaled Avg:  -0.0000 | Raw Avg:   8.3385
  foot_clearance            | Scaled Avg:  -0.0001 | Raw Avg:   0.0083
  foot_mirror               | Scaled Avg:  -0.0001 | Raw Avg:   0.0768
  foot_slide                | Scaled Avg:  -0.0017 | Raw Avg:   1.7153
  has_contact               | Scaled Avg:   0.0003 | Raw Avg:   0.0153
  hip_pos                   | Scaled Avg:  -0.0028 | Raw Avg:   0.0275
  lin_vel_z                 | Scaled Avg:  -0.0017 | Raw Avg:   0.0218
  orientation               | Scaled Avg:  -0.0000 | Raw Avg:   0.0111
  powers                    | Scaled Avg:  -0.0001 | Raw Avg: 140.9552
  stand_still               | Scaled Avg:  -0.0003 | Raw Avg:   0.0031
  torques                   | Scaled Avg:  -0.0002 | Raw Avg: 1090.9360
  tracking_ang_vel          | Scaled Avg:   0.0157 | Raw Avg:   0.7860
  tracking_lin_vel          | Scaled Avg:   0.0327 | Raw Avg:   0.8183
  TOTAL REWARD              | Scaled Avg:   0.0107
------------------------------
################################################################################
                    [1m Learning iteration 12700/15000 [0m                    

                       Computation: 81452 steps/s (collection: 1.325s, learning 0.471s)
                     surrogate_loss -0.0049
                         value_loss 0.0475
                            entropy 2.3110
                     estimator_loss 0.0000
                         total_loss 0.0658
             Mean action noise std: 0.20
                       Mean reward: 5.48
               Mean episode length: 582.64
      Mean episode rew_action_rate: -0.4878
Mean episode rew_frame_action_rate: -0.0197
Mean episode rew_action_smoothness: -0.0154
Mean episode rew_frame_action_smoothness: -0.0006
       Mean episode rew_ang_vel_xy: -0.0800
 Mean episode rew_frame_ang_vel_xy: -0.0072
      Mean episode rew_base_height: -0.0002
Mean episode rew_frame_base_height: -0.0001
        Mean episode rew_collision: -0.0023
  Mean episode rew_frame_collision: -0.0008
          Mean episode rew_dof_acc: -0.0207
    Mean episode rew_frame_dof_acc: -0.0014
        Mean episode rew_dof_error: -0.0853
  Mean episode rew_frame_dof_error: -0.0075
          Mean episode rew_dof_vel: -0.2356
    Mean episode rew_frame_dof_vel: -0.0129
    Mean episode rew_feet_air_time: 0.0002
Mean episode rew_frame_feet_air_time: 0.0000
Mean episode rew_feet_contact_forces: -0.0007
Mean episode rew_frame_feet_contact_forces: -0.0000
   Mean episode rew_foot_clearance: -0.0024
Mean episode rew_frame_foot_clearance: -0.0001
      Mean episode rew_foot_mirror: -0.0023
Mean episode rew_frame_foot_mirror: -0.0002
       Mean episode rew_foot_slide: -0.0517
 Mean episode rew_frame_foot_slide: -0.0017
      Mean episode rew_has_contact: 0.0100
Mean episode rew_frame_has_contact: 0.0003
          Mean episode rew_hip_pos: -0.0823
    Mean episode rew_frame_hip_pos: -0.0090
        Mean episode rew_lin_vel_z: -0.0543
  Mean episode rew_frame_lin_vel_z: -0.0119
      Mean episode rew_orientation: -0.0012
Mean episode rew_frame_orientation: -0.0003
           Mean episode rew_powers: -0.0017
     Mean episode rew_frame_powers: -0.0001
      Mean episode rew_stand_still: -0.0080
Mean episode rew_frame_stand_still: -0.0002
          Mean episode rew_stumble: -0.0000
    Mean episode rew_frame_stumble: -0.0000
          Mean episode rew_torques: -0.0065
    Mean episode rew_frame_torques: -0.0002
 Mean episode rew_tracking_ang_vel: 0.4673
Mean episode rew_frame_tracking_ang_vel: 0.0119
 Mean episode rew_tracking_lin_vel: 0.9696
Mean episode rew_frame_tracking_lin_vel: 0.0232
Mean episode max_power_throughout_episode: 3598.6462
            Mean episode max_pos_x: 3.7340
            Mean episode min_pos_x: -3.4692
            Mean episode max_pos_y: 4.0153
            Mean episode min_pos_y: -3.7911
        Mean episode timeout_ratio: 0.5165
       Mean episode num_terminated: 9.4583
--------------------------------------------------------------------------------
                   Total timesteps: 4096512
                    Iteration time: 1.80s
                        Total time: 4767.54s
                               ETA: 4059.7s


------------------------------
Step: 65000 - Reward Breakdown:
  action_rate               | Scaled Avg:  -0.0165 | Raw Avg:   1.6512
  action_smoothness         | Scaled Avg:  -0.0005 | Raw Avg:   0.2604
  ang_vel_xy                | Scaled Avg:  -0.0029 | Raw Avg:   1.4457
  collision                 | Scaled Avg:  -0.0001 | Raw Avg:   0.0041
  dof_acc                   | Scaled Avg:  -0.0007 | Raw Avg: 140247.5000
  dof_error                 | Scaled Avg:  -0.0030 | Raw Avg:   0.3040
  dof_vel                   | Scaled Avg:  -0.0081 | Raw Avg:  80.9747
  feet_contact_forces       | Scaled Avg:  -0.0000 | Raw Avg:   7.7340
  foot_clearance            | Scaled Avg:  -0.0001 | Raw Avg:   0.0080
  foot_mirror               | Scaled Avg:  -0.0001 | Raw Avg:   0.0805
  foot_slide                | Scaled Avg:  -0.0018 | Raw Avg:   1.7603
  has_contact               | Scaled Avg:   0.0003 | Raw Avg:   0.0160
  hip_pos                   | Scaled Avg:  -0.0029 | Raw Avg:   0.0295
  lin_vel_z                 | Scaled Avg:  -0.0021 | Raw Avg:   0.0262
  orientation               | Scaled Avg:  -0.0000 | Raw Avg:   0.0111
  powers                    | Scaled Avg:  -0.0001 | Raw Avg: 142.9601
  stand_still               | Scaled Avg:  -0.0001 | Raw Avg:   0.0013
  torques                   | Scaled Avg:  -0.0002 | Raw Avg: 1105.4379
  tracking_ang_vel          | Scaled Avg:   0.0155 | Raw Avg:   0.7769
  tracking_lin_vel          | Scaled Avg:   0.0323 | Raw Avg:   0.8076
  TOTAL REWARD              | Scaled Avg:   0.0089
------------------------------

------------------------------
Step: 65500 - Reward Breakdown:
  action_rate               | Scaled Avg:  -0.0175 | Raw Avg:   1.7527
  action_smoothness         | Scaled Avg:  -0.0006 | Raw Avg:   0.2799
  ang_vel_xy                | Scaled Avg:  -0.0029 | Raw Avg:   1.4280
  collision                 | Scaled Avg:  -0.0001 | Raw Avg:   0.0057
  dof_acc                   | Scaled Avg:  -0.0008 | Raw Avg: 158185.3906
  dof_error                 | Scaled Avg:  -0.0031 | Raw Avg:   0.3104
  dof_vel                   | Scaled Avg:  -0.0082 | Raw Avg:  81.9651
  feet_contact_forces       | Scaled Avg:  -0.0000 | Raw Avg:   8.1255
  foot_clearance            | Scaled Avg:  -0.0001 | Raw Avg:   0.0083
  foot_mirror               | Scaled Avg:  -0.0001 | Raw Avg:   0.0869
  foot_slide                | Scaled Avg:  -0.0018 | Raw Avg:   1.7648
  has_contact               | Scaled Avg:   0.0004 | Raw Avg:   0.0188
  hip_pos                   | Scaled Avg:  -0.0029 | Raw Avg:   0.0294
  lin_vel_z                 | Scaled Avg:  -0.0415 | Raw Avg:   0.5184
  orientation               | Scaled Avg:  -0.0000 | Raw Avg:   0.0116
  powers                    | Scaled Avg:  -0.0001 | Raw Avg: 141.5764
  stand_still               | Scaled Avg:  -0.0003 | Raw Avg:   0.0028
  torques                   | Scaled Avg:  -0.0002 | Raw Avg: 1076.6699
  tracking_ang_vel          | Scaled Avg:   0.0154 | Raw Avg:   0.7716
  tracking_lin_vel          | Scaled Avg:   0.0318 | Raw Avg:   0.7954
  TOTAL REWARD              | Scaled Avg:   0.0063
------------------------------

------------------------------
Step: 66000 - Reward Breakdown:
  action_rate               | Scaled Avg:  -0.0171 | Raw Avg:   1.7110
  action_smoothness         | Scaled Avg:  -0.0005 | Raw Avg:   0.2706
  ang_vel_xy                | Scaled Avg:  -0.0027 | Raw Avg:   1.3293
  collision                 | Scaled Avg:  -0.0001 | Raw Avg:   0.0054
  dof_acc                   | Scaled Avg:  -0.0008 | Raw Avg: 169166.6094
  dof_error                 | Scaled Avg:  -0.0030 | Raw Avg:   0.3049
  dof_vel                   | Scaled Avg:  -0.0083 | Raw Avg:  83.1540
  feet_contact_forces       | Scaled Avg:  -0.0000 | Raw Avg:   8.3819
  foot_clearance            | Scaled Avg:  -0.0001 | Raw Avg:   0.0090
  foot_mirror               | Scaled Avg:  -0.0001 | Raw Avg:   0.0814
  foot_slide                | Scaled Avg:  -0.0017 | Raw Avg:   1.7254
  has_contact               | Scaled Avg:   0.0004 | Raw Avg:   0.0176
  hip_pos                   | Scaled Avg:  -0.0030 | Raw Avg:   0.0298
  lin_vel_z                 | Scaled Avg:  -0.0019 | Raw Avg:   0.0240
  orientation               | Scaled Avg:  -0.0000 | Raw Avg:   0.0110
  powers                    | Scaled Avg:  -0.0001 | Raw Avg: 142.2742
  stand_still               | Scaled Avg:  -0.0003 | Raw Avg:   0.0031
  torques                   | Scaled Avg:  -0.0002 | Raw Avg: 1059.7899
  tracking_ang_vel          | Scaled Avg:   0.0157 | Raw Avg:   0.7854
  tracking_lin_vel          | Scaled Avg:   0.0319 | Raw Avg:   0.7967
  TOTAL REWARD              | Scaled Avg:   0.0079
------------------------------

------------------------------
Step: 66500 - Reward Breakdown:
  action_rate               | Scaled Avg:  -0.0164 | Raw Avg:   1.6412
  action_smoothness         | Scaled Avg:  -0.0005 | Raw Avg:   0.2579
  ang_vel_xy                | Scaled Avg:  -0.0026 | Raw Avg:   1.3088
  collision                 | Scaled Avg:  -0.0001 | Raw Avg:   0.0041
  dof_acc                   | Scaled Avg:  -0.0007 | Raw Avg: 135821.7969
  dof_error                 | Scaled Avg:  -0.0030 | Raw Avg:   0.2961
  dof_vel                   | Scaled Avg:  -0.0078 | Raw Avg:  78.2321
  feet_contact_forces       | Scaled Avg:  -0.0000 | Raw Avg:   8.4572
  foot_clearance            | Scaled Avg:  -0.0001 | Raw Avg:   0.0084
  foot_mirror               | Scaled Avg:  -0.0001 | Raw Avg:   0.0830
  foot_slide                | Scaled Avg:  -0.0017 | Raw Avg:   1.7075
  has_contact               | Scaled Avg:   0.0004 | Raw Avg:   0.0206
  hip_pos                   | Scaled Avg:  -0.0029 | Raw Avg:   0.0287
  lin_vel_z                 | Scaled Avg:  -0.0019 | Raw Avg:   0.0237
  orientation               | Scaled Avg:  -0.0000 | Raw Avg:   0.0102
  powers                    | Scaled Avg:  -0.0001 | Raw Avg: 139.6050
  stand_still               | Scaled Avg:  -0.0003 | Raw Avg:   0.0032
  torques                   | Scaled Avg:  -0.0002 | Raw Avg: 1080.6733
  tracking_ang_vel          | Scaled Avg:   0.0157 | Raw Avg:   0.7862
  tracking_lin_vel          | Scaled Avg:   0.0325 | Raw Avg:   0.8113
  TOTAL REWARD              | Scaled Avg:   0.0102
------------------------------

------------------------------
Step: 67000 - Reward Breakdown:
  action_rate               | Scaled Avg:  -0.0163 | Raw Avg:   1.6329
  action_smoothness         | Scaled Avg:  -0.0005 | Raw Avg:   0.2557
  ang_vel_xy                | Scaled Avg:  -0.0027 | Raw Avg:   1.3339
  collision                 | Scaled Avg:  -0.0001 | Raw Avg:   0.0039
  dof_acc                   | Scaled Avg:  -0.0007 | Raw Avg: 147219.7969
  dof_error                 | Scaled Avg:  -0.0030 | Raw Avg:   0.2999
  dof_vel                   | Scaled Avg:  -0.0080 | Raw Avg:  79.6837
  feet_air_time             | Scaled Avg:   0.0000 | Raw Avg:   0.0003
  feet_contact_forces       | Scaled Avg:  -0.0000 | Raw Avg:   8.0848
  foot_clearance            | Scaled Avg:  -0.0001 | Raw Avg:   0.0086
  foot_mirror               | Scaled Avg:  -0.0001 | Raw Avg:   0.0778
  foot_slide                | Scaled Avg:  -0.0017 | Raw Avg:   1.7223
  has_contact               | Scaled Avg:   0.0004 | Raw Avg:   0.0196
  hip_pos                   | Scaled Avg:  -0.0029 | Raw Avg:   0.0285
  lin_vel_z                 | Scaled Avg:  -0.0018 | Raw Avg:   0.0228
  orientation               | Scaled Avg:  -0.0000 | Raw Avg:   0.0108
  powers                    | Scaled Avg:  -0.0001 | Raw Avg: 140.7765
  stand_still               | Scaled Avg:  -0.0003 | Raw Avg:   0.0027
  torques                   | Scaled Avg:  -0.0002 | Raw Avg: 1089.8416
  tracking_ang_vel          | Scaled Avg:   0.0156 | Raw Avg:   0.7814
  tracking_lin_vel          | Scaled Avg:   0.0326 | Raw Avg:   0.8145
  TOTAL REWARD              | Scaled Avg:   0.0101
------------------------------
################################################################################
                    [1m Learning iteration 12800/15000 [0m                    

                       Computation: 83223 steps/s (collection: 1.286s, learning 0.472s)
                     surrogate_loss -0.0054
                         value_loss 0.0507
                            entropy 2.2807
                     estimator_loss 0.0000
                         total_loss 0.0681
             Mean action noise std: 0.20
                       Mean reward: 6.21
               Mean episode length: 627.14
      Mean episode rew_action_rate: -0.5202
Mean episode rew_frame_action_rate: -0.0192
Mean episode rew_action_smoothness: -0.0164
Mean episode rew_frame_action_smoothness: -0.0006
       Mean episode rew_ang_vel_xy: -0.0817
 Mean episode rew_frame_ang_vel_xy: -0.0066
      Mean episode rew_base_height: -0.0002
Mean episode rew_frame_base_height: -0.0001
        Mean episode rew_collision: -0.0039
  Mean episode rew_frame_collision: -0.0012
          Mean episode rew_dof_acc: -0.0237
    Mean episode rew_frame_dof_acc: -0.0013
        Mean episode rew_dof_error: -0.0962
  Mean episode rew_frame_dof_error: -0.0084
          Mean episode rew_dof_vel: -0.2506
    Mean episode rew_frame_dof_vel: -0.0123
    Mean episode rew_feet_air_time: 0.0002
Mean episode rew_frame_feet_air_time: 0.0000
Mean episode rew_feet_contact_forces: -0.0008
Mean episode rew_frame_feet_contact_forces: -0.0000
   Mean episode rew_foot_clearance: -0.0027
Mean episode rew_frame_foot_clearance: -0.0001
      Mean episode rew_foot_mirror: -0.0026
Mean episode rew_frame_foot_mirror: -0.0003
       Mean episode rew_foot_slide: -0.0539
 Mean episode rew_frame_foot_slide: -0.0017
      Mean episode rew_has_contact: 0.0182
Mean episode rew_frame_has_contact: 0.0004
          Mean episode rew_hip_pos: -0.0906
    Mean episode rew_frame_hip_pos: -0.0095
        Mean episode rew_lin_vel_z: -0.0560
  Mean episode rew_frame_lin_vel_z: -0.0087
      Mean episode rew_orientation: -0.0014
Mean episode rew_frame_orientation: -0.0003
           Mean episode rew_powers: -0.0017
     Mean episode rew_frame_powers: -0.0001
      Mean episode rew_stand_still: -0.0078
Mean episode rew_frame_stand_still: -0.0011
          Mean episode rew_stumble: -0.0000
    Mean episode rew_frame_stumble: -0.0000
          Mean episode rew_torques: -0.0067
    Mean episode rew_frame_torques: -0.0002
 Mean episode rew_tracking_ang_vel: 0.4992
Mean episode rew_frame_tracking_ang_vel: 0.0124
 Mean episode rew_tracking_lin_vel: 1.0425
Mean episode rew_frame_tracking_lin_vel: 0.0240
Mean episode max_power_throughout_episode: 3601.4609
            Mean episode max_pos_x: 5.3624
            Mean episode min_pos_x: -3.9798
            Mean episode max_pos_y: 4.7473
            Mean episode min_pos_y: -4.2842
        Mean episode timeout_ratio: 0.5971
       Mean episode num_terminated: 10.6667
--------------------------------------------------------------------------------
                   Total timesteps: 4242816
                    Iteration time: 1.76s
                        Total time: 4942.94s
                               ETA: 3882.3s


------------------------------
Step: 67500 - Reward Breakdown:
  action_rate               | Scaled Avg:  -0.0167 | Raw Avg:   1.6676
  action_smoothness         | Scaled Avg:  -0.0005 | Raw Avg:   0.2575
  ang_vel_xy                | Scaled Avg:  -0.0026 | Raw Avg:   1.3056
  collision                 | Scaled Avg:  -0.0001 | Raw Avg:   0.0046
  dof_acc                   | Scaled Avg:  -0.0008 | Raw Avg: 151430.0938
  dof_error                 | Scaled Avg:  -0.0029 | Raw Avg:   0.2861
  dof_vel                   | Scaled Avg:  -0.0082 | Raw Avg:  82.3104
  feet_contact_forces       | Scaled Avg:  -0.0000 | Raw Avg:   8.0874
  foot_clearance            | Scaled Avg:  -0.0001 | Raw Avg:   0.0083
  foot_mirror               | Scaled Avg:  -0.0001 | Raw Avg:   0.0750
  foot_slide                | Scaled Avg:  -0.0017 | Raw Avg:   1.7425
  has_contact               | Scaled Avg:   0.0003 | Raw Avg:   0.0148
  hip_pos                   | Scaled Avg:  -0.0029 | Raw Avg:   0.0293
  lin_vel_z                 | Scaled Avg:  -0.0018 | Raw Avg:   0.0222
  orientation               | Scaled Avg:  -0.0000 | Raw Avg:   0.0099
  powers                    | Scaled Avg:  -0.0001 | Raw Avg: 145.7473
  stand_still               | Scaled Avg:  -0.0002 | Raw Avg:   0.0016
  torques                   | Scaled Avg:  -0.0002 | Raw Avg: 1110.2441
  tracking_ang_vel          | Scaled Avg:   0.0157 | Raw Avg:   0.7852
  tracking_lin_vel          | Scaled Avg:   0.0326 | Raw Avg:   0.8139
  TOTAL REWARD              | Scaled Avg:   0.0097
------------------------------

------------------------------
Step: 68000 - Reward Breakdown:
  action_rate               | Scaled Avg:  -0.0164 | Raw Avg:   1.6392
  action_smoothness         | Scaled Avg:  -0.0005 | Raw Avg:   0.2558
  ang_vel_xy                | Scaled Avg:  -0.0026 | Raw Avg:   1.2855
  collision                 | Scaled Avg:  -0.0001 | Raw Avg:   0.0034
  dof_acc                   | Scaled Avg:  -0.0007 | Raw Avg: 140196.8906
  dof_error                 | Scaled Avg:  -0.0028 | Raw Avg:   0.2846
  dof_vel                   | Scaled Avg:  -0.0080 | Raw Avg:  80.4142
  feet_air_time             | Scaled Avg:   0.0000 | Raw Avg:   0.0003
  feet_contact_forces       | Scaled Avg:  -0.0000 | Raw Avg:   7.5416
  foot_clearance            | Scaled Avg:  -0.0001 | Raw Avg:   0.0079
  foot_mirror               | Scaled Avg:  -0.0001 | Raw Avg:   0.0796
  foot_slide                | Scaled Avg:  -0.0018 | Raw Avg:   1.7574
  has_contact               | Scaled Avg:   0.0004 | Raw Avg:   0.0180
  hip_pos                   | Scaled Avg:  -0.0029 | Raw Avg:   0.0294
  lin_vel_z                 | Scaled Avg:  -0.0018 | Raw Avg:   0.0219
  orientation               | Scaled Avg:  -0.0000 | Raw Avg:   0.0091
  powers                    | Scaled Avg:  -0.0001 | Raw Avg: 142.8818
  stand_still               | Scaled Avg:  -0.0003 | Raw Avg:   0.0034
  torques                   | Scaled Avg:  -0.0002 | Raw Avg: 1101.5073
  tracking_ang_vel          | Scaled Avg:   0.0157 | Raw Avg:   0.7841
  tracking_lin_vel          | Scaled Avg:   0.0327 | Raw Avg:   0.8170
  TOTAL REWARD              | Scaled Avg:   0.0103
------------------------------

------------------------------
Step: 68500 - Reward Breakdown:
  action_rate               | Scaled Avg:  -0.0162 | Raw Avg:   1.6186
  action_smoothness         | Scaled Avg:  -0.0005 | Raw Avg:   0.2546
  ang_vel_xy                | Scaled Avg:  -0.0026 | Raw Avg:   1.2816
  collision                 | Scaled Avg:  -0.0000 | Raw Avg:   0.0025
  dof_acc                   | Scaled Avg:  -0.0007 | Raw Avg: 136726.8281
  dof_error                 | Scaled Avg:  -0.0029 | Raw Avg:   0.2864
  dof_vel                   | Scaled Avg:  -0.0080 | Raw Avg:  79.7083
  feet_contact_forces       | Scaled Avg:  -0.0000 | Raw Avg:   8.4770
  foot_clearance            | Scaled Avg:  -0.0001 | Raw Avg:   0.0081
  foot_mirror               | Scaled Avg:  -0.0001 | Raw Avg:   0.0796
  foot_slide                | Scaled Avg:  -0.0017 | Raw Avg:   1.7018
  has_contact               | Scaled Avg:   0.0004 | Raw Avg:   0.0198
  hip_pos                   | Scaled Avg:  -0.0029 | Raw Avg:   0.0288
  lin_vel_z                 | Scaled Avg:  -0.0018 | Raw Avg:   0.0219
  orientation               | Scaled Avg:  -0.0000 | Raw Avg:   0.0096
  powers                    | Scaled Avg:  -0.0001 | Raw Avg: 141.8610
  stand_still               | Scaled Avg:  -0.0003 | Raw Avg:   0.0025
  torques                   | Scaled Avg:  -0.0002 | Raw Avg: 1107.0481
  tracking_ang_vel          | Scaled Avg:   0.0158 | Raw Avg:   0.7911
  tracking_lin_vel          | Scaled Avg:   0.0327 | Raw Avg:   0.8181
  TOTAL REWARD              | Scaled Avg:   0.0110
------------------------------

------------------------------
Step: 69000 - Reward Breakdown:
  action_rate               | Scaled Avg:  -0.0163 | Raw Avg:   1.6309
  action_smoothness         | Scaled Avg:  -0.0005 | Raw Avg:   0.2549
  ang_vel_xy                | Scaled Avg:  -0.0027 | Raw Avg:   1.3275
  collision                 | Scaled Avg:  -0.0001 | Raw Avg:   0.0049
  dof_acc                   | Scaled Avg:  -0.0007 | Raw Avg: 139925.8125
  dof_error                 | Scaled Avg:  -0.0029 | Raw Avg:   0.2932
  dof_vel                   | Scaled Avg:  -0.0080 | Raw Avg:  79.5090
  feet_contact_forces       | Scaled Avg:  -0.0000 | Raw Avg:   8.1559
  foot_clearance            | Scaled Avg:  -0.0001 | Raw Avg:   0.0081
  foot_mirror               | Scaled Avg:  -0.0001 | Raw Avg:   0.0841
  foot_slide                | Scaled Avg:  -0.0017 | Raw Avg:   1.7351
  has_contact               | Scaled Avg:   0.0003 | Raw Avg:   0.0165
  hip_pos                   | Scaled Avg:  -0.0029 | Raw Avg:   0.0288
  lin_vel_z                 | Scaled Avg:  -0.0018 | Raw Avg:   0.0226
  orientation               | Scaled Avg:  -0.0000 | Raw Avg:   0.0105
  powers                    | Scaled Avg:  -0.0001 | Raw Avg: 140.8891
  stand_still               | Scaled Avg:  -0.0002 | Raw Avg:   0.0022
  torques                   | Scaled Avg:  -0.0002 | Raw Avg: 1090.5374
  tracking_ang_vel          | Scaled Avg:   0.0156 | Raw Avg:   0.7804
  tracking_lin_vel          | Scaled Avg:   0.0326 | Raw Avg:   0.8143
  TOTAL REWARD              | Scaled Avg:   0.0102
------------------------------

------------------------------
Step: 69500 - Reward Breakdown:
  action_rate               | Scaled Avg:  -0.0163 | Raw Avg:   1.6338
  action_smoothness         | Scaled Avg:  -0.0005 | Raw Avg:   0.2558
  ang_vel_xy                | Scaled Avg:  -0.0026 | Raw Avg:   1.3115
  collision                 | Scaled Avg:  -0.0001 | Raw Avg:   0.0038
  dof_acc                   | Scaled Avg:  -0.0007 | Raw Avg: 134010.4844
  dof_error                 | Scaled Avg:  -0.0029 | Raw Avg:   0.2935
  dof_vel                   | Scaled Avg:  -0.0080 | Raw Avg:  80.4108
  feet_contact_forces       | Scaled Avg:  -0.0000 | Raw Avg:   7.9376
  foot_clearance            | Scaled Avg:  -0.0001 | Raw Avg:   0.0079
  foot_mirror               | Scaled Avg:  -0.0001 | Raw Avg:   0.0828
  foot_slide                | Scaled Avg:  -0.0017 | Raw Avg:   1.7237
  has_contact               | Scaled Avg:   0.0004 | Raw Avg:   0.0185
  hip_pos                   | Scaled Avg:  -0.0029 | Raw Avg:   0.0293
  lin_vel_z                 | Scaled Avg:  -0.0018 | Raw Avg:   0.0224
  orientation               | Scaled Avg:  -0.0000 | Raw Avg:   0.0111
  powers                    | Scaled Avg:  -0.0001 | Raw Avg: 138.4862
  stand_still               | Scaled Avg:  -0.0003 | Raw Avg:   0.0032
  torques                   | Scaled Avg:  -0.0002 | Raw Avg: 1072.2179
  tracking_ang_vel          | Scaled Avg:   0.0157 | Raw Avg:   0.7848
  tracking_lin_vel          | Scaled Avg:   0.0324 | Raw Avg:   0.8110
  TOTAL REWARD              | Scaled Avg:   0.0100
------------------------------
################################################################################
                    [1m Learning iteration 12900/15000 [0m                    

                       Computation: 82254 steps/s (collection: 1.307s, learning 0.472s)
                     surrogate_loss -0.0046
                         value_loss 0.0500
                            entropy 2.2901
                     estimator_loss 0.0000
                         total_loss 0.0683
             Mean action noise std: 0.20
                       Mean reward: 4.22
               Mean episode length: 590.63
      Mean episode rew_action_rate: -0.4948
Mean episode rew_frame_action_rate: -0.0199
Mean episode rew_action_smoothness: -0.0153
Mean episode rew_frame_action_smoothness: -0.0006
       Mean episode rew_ang_vel_xy: -0.0791
 Mean episode rew_frame_ang_vel_xy: -0.0071
      Mean episode rew_base_height: -0.0002
Mean episode rew_frame_base_height: -0.0001
        Mean episode rew_collision: -0.0026
  Mean episode rew_frame_collision: -0.0008
          Mean episode rew_dof_acc: -0.0215
    Mean episode rew_frame_dof_acc: -0.0017
        Mean episode rew_dof_error: -0.0931
  Mean episode rew_frame_dof_error: -0.0090
          Mean episode rew_dof_vel: -0.2472
    Mean episode rew_frame_dof_vel: -0.0134
    Mean episode rew_feet_air_time: 0.0002
Mean episode rew_frame_feet_air_time: 0.0000
Mean episode rew_feet_contact_forces: -0.0007
Mean episode rew_frame_feet_contact_forces: -0.0000
   Mean episode rew_foot_clearance: -0.0024
Mean episode rew_frame_foot_clearance: -0.0001
      Mean episode rew_foot_mirror: -0.0026
Mean episode rew_frame_foot_mirror: -0.0003
       Mean episode rew_foot_slide: -0.0522
 Mean episode rew_frame_foot_slide: -0.0017
      Mean episode rew_has_contact: 0.0098
Mean episode rew_frame_has_contact: 0.0002
          Mean episode rew_hip_pos: -0.0925
    Mean episode rew_frame_hip_pos: -0.0101
        Mean episode rew_lin_vel_z: -0.0583
  Mean episode rew_frame_lin_vel_z: -0.0102
      Mean episode rew_orientation: -0.0014
Mean episode rew_frame_orientation: -0.0004
           Mean episode rew_powers: -0.0017
     Mean episode rew_frame_powers: -0.0001
      Mean episode rew_stand_still: -0.0055
Mean episode rew_frame_stand_still: -0.0001
          Mean episode rew_stumble: -0.0000
    Mean episode rew_frame_stumble: -0.0000
          Mean episode rew_torques: -0.0065
    Mean episode rew_frame_torques: -0.0003
 Mean episode rew_tracking_ang_vel: 0.4673
Mean episode rew_frame_tracking_ang_vel: 0.0123
 Mean episode rew_tracking_lin_vel: 0.9593
Mean episode rew_frame_tracking_lin_vel: 0.0227
Mean episode max_power_throughout_episode: 3524.8035
            Mean episode max_pos_x: 4.4634
            Mean episode min_pos_x: -3.4323
            Mean episode max_pos_y: 4.5638
            Mean episode min_pos_y: -3.4123
        Mean episode timeout_ratio: 0.5368
       Mean episode num_terminated: 9.9583
--------------------------------------------------------------------------------
                   Total timesteps: 4389120
                    Iteration time: 1.78s
                        Total time: 5118.88s
                               ETA: 3705.5s


------------------------------
Step: 70000 - Reward Breakdown:
  action_rate               | Scaled Avg:  -0.0166 | Raw Avg:   1.6643
  action_smoothness         | Scaled Avg:  -0.0005 | Raw Avg:   0.2636
  ang_vel_xy                | Scaled Avg:  -0.0027 | Raw Avg:   1.3613
  collision                 | Scaled Avg:  -0.0001 | Raw Avg:   0.0039
  dof_acc                   | Scaled Avg:  -0.0007 | Raw Avg: 142216.0156
  dof_error                 | Scaled Avg:  -0.0030 | Raw Avg:   0.3032
  dof_vel                   | Scaled Avg:  -0.0082 | Raw Avg:  82.2055
  feet_contact_forces       | Scaled Avg:  -0.0000 | Raw Avg:   7.6947
  foot_clearance            | Scaled Avg:  -0.0001 | Raw Avg:   0.0085
  foot_mirror               | Scaled Avg:  -0.0001 | Raw Avg:   0.0786
  foot_slide                | Scaled Avg:  -0.0017 | Raw Avg:   1.7329
  has_contact               | Scaled Avg:   0.0004 | Raw Avg:   0.0179
  hip_pos                   | Scaled Avg:  -0.0030 | Raw Avg:   0.0297
  lin_vel_z                 | Scaled Avg:  -0.0038 | Raw Avg:   0.0473
  orientation               | Scaled Avg:  -0.0000 | Raw Avg:   0.0107
  powers                    | Scaled Avg:  -0.0001 | Raw Avg: 142.0710
  stand_still               | Scaled Avg:  -0.0004 | Raw Avg:   0.0040
  torques                   | Scaled Avg:  -0.0002 | Raw Avg: 1073.1909
  tracking_ang_vel          | Scaled Avg:   0.0156 | Raw Avg:   0.7804
  tracking_lin_vel          | Scaled Avg:   0.0326 | Raw Avg:   0.8160
  TOTAL REWARD              | Scaled Avg:   0.0080
------------------------------

------------------------------
Step: 70500 - Reward Breakdown:
  action_rate               | Scaled Avg:  -0.0162 | Raw Avg:   1.6169
  action_smoothness         | Scaled Avg:  -0.0005 | Raw Avg:   0.2552
  ang_vel_xy                | Scaled Avg:  -0.0026 | Raw Avg:   1.2957
  collision                 | Scaled Avg:  -0.0001 | Raw Avg:   0.0072
  dof_acc                   | Scaled Avg:  -0.0007 | Raw Avg: 133531.4844
  dof_error                 | Scaled Avg:  -0.0031 | Raw Avg:   0.3103
  dof_vel                   | Scaled Avg:  -0.0079 | Raw Avg:  79.3609
  feet_contact_forces       | Scaled Avg:  -0.0000 | Raw Avg:   7.9558
  foot_clearance            | Scaled Avg:  -0.0001 | Raw Avg:   0.0082
  foot_mirror               | Scaled Avg:  -0.0001 | Raw Avg:   0.0866
  foot_slide                | Scaled Avg:  -0.0017 | Raw Avg:   1.7127
  has_contact               | Scaled Avg:   0.0004 | Raw Avg:   0.0175
  hip_pos                   | Scaled Avg:  -0.0031 | Raw Avg:   0.0307
  lin_vel_z                 | Scaled Avg:  -0.0017 | Raw Avg:   0.0208
  orientation               | Scaled Avg:  -0.0000 | Raw Avg:   0.0114
  powers                    | Scaled Avg:  -0.0001 | Raw Avg: 140.8864
  stand_still               | Scaled Avg:  -0.0003 | Raw Avg:   0.0034
  torques                   | Scaled Avg:  -0.0002 | Raw Avg: 1107.9238
  tracking_ang_vel          | Scaled Avg:   0.0156 | Raw Avg:   0.7809
  tracking_lin_vel          | Scaled Avg:   0.0323 | Raw Avg:   0.8064
  TOTAL REWARD              | Scaled Avg:   0.0098
------------------------------

------------------------------
Step: 71000 - Reward Breakdown:
  action_rate               | Scaled Avg:  -0.0170 | Raw Avg:   1.7027
  action_smoothness         | Scaled Avg:  -0.0005 | Raw Avg:   0.2679
  ang_vel_xy                | Scaled Avg:  -0.0027 | Raw Avg:   1.3538
  collision                 | Scaled Avg:  -0.0001 | Raw Avg:   0.0066
  dof_acc                   | Scaled Avg:  -0.0008 | Raw Avg: 164029.5156
  dof_error                 | Scaled Avg:  -0.0031 | Raw Avg:   0.3095
  dof_vel                   | Scaled Avg:  -0.0083 | Raw Avg:  83.2056
  feet_air_time             | Scaled Avg:   0.0000 | Raw Avg:   0.0003
  feet_contact_forces       | Scaled Avg:  -0.0000 | Raw Avg:   8.2891
  foot_clearance            | Scaled Avg:  -0.0001 | Raw Avg:   0.0086
  foot_mirror               | Scaled Avg:  -0.0001 | Raw Avg:   0.0877
  foot_slide                | Scaled Avg:  -0.0017 | Raw Avg:   1.7302
  has_contact               | Scaled Avg:   0.0003 | Raw Avg:   0.0173
  hip_pos                   | Scaled Avg:  -0.0029 | Raw Avg:   0.0289
  lin_vel_z                 | Scaled Avg:  -0.0019 | Raw Avg:   0.0239
  orientation               | Scaled Avg:  -0.0000 | Raw Avg:   0.0112
  powers                    | Scaled Avg:  -0.0001 | Raw Avg: 143.3917
  stand_still               | Scaled Avg:  -0.0003 | Raw Avg:   0.0032
  torques                   | Scaled Avg:  -0.0002 | Raw Avg: 1094.1819
  tracking_ang_vel          | Scaled Avg:   0.0155 | Raw Avg:   0.7762
  tracking_lin_vel          | Scaled Avg:   0.0324 | Raw Avg:   0.8112
  TOTAL REWARD              | Scaled Avg:   0.0083
------------------------------

------------------------------
Step: 71500 - Reward Breakdown:
  action_rate               | Scaled Avg:  -0.0168 | Raw Avg:   1.6845
  action_smoothness         | Scaled Avg:  -0.0005 | Raw Avg:   0.2667
  ang_vel_xy                | Scaled Avg:  -0.0026 | Raw Avg:   1.3102
  collision                 | Scaled Avg:  -0.0001 | Raw Avg:   0.0041
  dof_acc                   | Scaled Avg:  -0.0007 | Raw Avg: 143681.9375
  dof_error                 | Scaled Avg:  -0.0030 | Raw Avg:   0.2950
  dof_vel                   | Scaled Avg:  -0.0080 | Raw Avg:  80.0376
  feet_contact_forces       | Scaled Avg:  -0.0000 | Raw Avg:   8.2749
  foot_clearance            | Scaled Avg:  -0.0001 | Raw Avg:   0.0084
  foot_mirror               | Scaled Avg:  -0.0001 | Raw Avg:   0.0816
  foot_slide                | Scaled Avg:  -0.0017 | Raw Avg:   1.7216
  has_contact               | Scaled Avg:   0.0004 | Raw Avg:   0.0220
  hip_pos                   | Scaled Avg:  -0.0028 | Raw Avg:   0.0280
  lin_vel_z                 | Scaled Avg:  -0.0017 | Raw Avg:   0.0210
  orientation               | Scaled Avg:  -0.0000 | Raw Avg:   0.0101
  powers                    | Scaled Avg:  -0.0001 | Raw Avg: 134.4914
  stand_still               | Scaled Avg:  -0.0003 | Raw Avg:   0.0030
  torques                   | Scaled Avg:  -0.0002 | Raw Avg: 1035.9164
  tracking_ang_vel          | Scaled Avg:   0.0155 | Raw Avg:   0.7755
  tracking_lin_vel          | Scaled Avg:   0.0322 | Raw Avg:   0.8060
  TOTAL REWARD              | Scaled Avg:   0.0094
------------------------------

------------------------------
Step: 72000 - Reward Breakdown:
  action_rate               | Scaled Avg:  -0.0165 | Raw Avg:   1.6453
  action_smoothness         | Scaled Avg:  -0.0005 | Raw Avg:   0.2616
  ang_vel_xy                | Scaled Avg:  -0.0026 | Raw Avg:   1.3172
  collision                 | Scaled Avg:  -0.0001 | Raw Avg:   0.0048
  dof_acc                   | Scaled Avg:  -0.0006 | Raw Avg: 128101.0000
  dof_error                 | Scaled Avg:  -0.0030 | Raw Avg:   0.3013
  dof_vel                   | Scaled Avg:  -0.0079 | Raw Avg:  78.6559
  feet_contact_forces       | Scaled Avg:  -0.0000 | Raw Avg:   7.5594
  foot_clearance            | Scaled Avg:  -0.0001 | Raw Avg:   0.0080
  foot_mirror               | Scaled Avg:  -0.0001 | Raw Avg:   0.0835
  foot_slide                | Scaled Avg:  -0.0017 | Raw Avg:   1.7426
  has_contact               | Scaled Avg:   0.0004 | Raw Avg:   0.0221
  hip_pos                   | Scaled Avg:  -0.0029 | Raw Avg:   0.0291
  lin_vel_z                 | Scaled Avg:  -0.0017 | Raw Avg:   0.0210
  orientation               | Scaled Avg:  -0.0000 | Raw Avg:   0.0111
  powers                    | Scaled Avg:  -0.0001 | Raw Avg: 137.8839
  stand_still               | Scaled Avg:  -0.0002 | Raw Avg:   0.0023
  torques                   | Scaled Avg:  -0.0002 | Raw Avg: 1071.4944
  tracking_ang_vel          | Scaled Avg:   0.0155 | Raw Avg:   0.7760
  tracking_lin_vel          | Scaled Avg:   0.0322 | Raw Avg:   0.8050
  TOTAL REWARD              | Scaled Avg:   0.0099
------------------------------
################################################################################
                    [1m Learning iteration 13000/15000 [0m                    

                       Computation: 83698 steps/s (collection: 1.278s, learning 0.470s)
                     surrogate_loss -0.0048
                         value_loss 0.0571
                            entropy 2.0966
                     estimator_loss 0.0000
                         total_loss 0.0733
             Mean action noise std: 0.20
                       Mean reward: 5.69
               Mean episode length: 631.34
      Mean episode rew_action_rate: -0.5185
Mean episode rew_frame_action_rate: -0.0197
Mean episode rew_action_smoothness: -0.0165
Mean episode rew_frame_action_smoothness: -0.0006
       Mean episode rew_ang_vel_xy: -0.0809
 Mean episode rew_frame_ang_vel_xy: -0.0070
      Mean episode rew_base_height: -0.0002
Mean episode rew_frame_base_height: -0.0001
        Mean episode rew_collision: -0.0036
  Mean episode rew_frame_collision: -0.0013
          Mean episode rew_dof_acc: -0.0226
    Mean episode rew_frame_dof_acc: -0.0013
        Mean episode rew_dof_error: -0.0933
  Mean episode rew_frame_dof_error: -0.0075
          Mean episode rew_dof_vel: -0.2498
    Mean episode rew_frame_dof_vel: -0.0124
    Mean episode rew_feet_air_time: 0.0001
Mean episode rew_frame_feet_air_time: 0.0000
Mean episode rew_feet_contact_forces: -0.0007
Mean episode rew_frame_feet_contact_forces: -0.0000
   Mean episode rew_foot_clearance: -0.0026
Mean episode rew_frame_foot_clearance: -0.0001
      Mean episode rew_foot_mirror: -0.0026
Mean episode rew_frame_foot_mirror: -0.0002
       Mean episode rew_foot_slide: -0.0540
 Mean episode rew_frame_foot_slide: -0.0017
      Mean episode rew_has_contact: 0.0168
Mean episode rew_frame_has_contact: 0.0005
          Mean episode rew_hip_pos: -0.0868
    Mean episode rew_frame_hip_pos: -0.0089
        Mean episode rew_lin_vel_z: -0.0531
  Mean episode rew_frame_lin_vel_z: -0.0088
      Mean episode rew_orientation: -0.0015
Mean episode rew_frame_orientation: -0.0004
           Mean episode rew_powers: -0.0017
     Mean episode rew_frame_powers: -0.0001
      Mean episode rew_stand_still: -0.0190
Mean episode rew_frame_stand_still: -0.0007
          Mean episode rew_stumble: -0.0000
    Mean episode rew_frame_stumble: -0.0000
          Mean episode rew_torques: -0.0065
    Mean episode rew_frame_torques: -0.0002
 Mean episode rew_tracking_ang_vel: 0.4837
Mean episode rew_frame_tracking_ang_vel: 0.0120
 Mean episode rew_tracking_lin_vel: 1.0048
Mean episode rew_frame_tracking_lin_vel: 0.0239
Mean episode max_power_throughout_episode: 3736.6321
            Mean episode max_pos_x: 4.8536
            Mean episode min_pos_x: -3.6058
            Mean episode max_pos_y: 3.7304
            Mean episode min_pos_y: -4.5107
        Mean episode timeout_ratio: 0.5629
       Mean episode num_terminated: 10.0417
--------------------------------------------------------------------------------
                   Total timesteps: 4535424
                    Iteration time: 1.75s
                        Total time: 5293.85s
                               ETA: 3528.1s


------------------------------
Step: 72500 - Reward Breakdown:
  action_rate               | Scaled Avg:  -0.0165 | Raw Avg:   1.6462
  action_smoothness         | Scaled Avg:  -0.0005 | Raw Avg:   0.2616
  ang_vel_xy                | Scaled Avg:  -0.0026 | Raw Avg:   1.3127
  collision                 | Scaled Avg:  -0.0001 | Raw Avg:   0.0064
  dof_acc                   | Scaled Avg:  -0.0006 | Raw Avg: 129384.2969
  dof_error                 | Scaled Avg:  -0.0029 | Raw Avg:   0.2926
  dof_vel                   | Scaled Avg:  -0.0080 | Raw Avg:  79.8048
  feet_contact_forces       | Scaled Avg:  -0.0000 | Raw Avg:   7.4148
  foot_clearance            | Scaled Avg:  -0.0001 | Raw Avg:   0.0074
  foot_mirror               | Scaled Avg:  -0.0001 | Raw Avg:   0.0816
  foot_slide                | Scaled Avg:  -0.0017 | Raw Avg:   1.7460
  has_contact               | Scaled Avg:   0.0003 | Raw Avg:   0.0169
  hip_pos                   | Scaled Avg:  -0.0029 | Raw Avg:   0.0292
  lin_vel_z                 | Scaled Avg:  -0.0017 | Raw Avg:   0.0206
  orientation               | Scaled Avg:  -0.0000 | Raw Avg:   0.0117
  powers                    | Scaled Avg:  -0.0001 | Raw Avg: 142.0521
  stand_still               | Scaled Avg:  -0.0002 | Raw Avg:   0.0022
  torques                   | Scaled Avg:  -0.0002 | Raw Avg: 1106.4276
  tracking_ang_vel          | Scaled Avg:   0.0155 | Raw Avg:   0.7748
  tracking_lin_vel          | Scaled Avg:   0.0323 | Raw Avg:   0.8078
  TOTAL REWARD              | Scaled Avg:   0.0098
------------------------------

------------------------------
Step: 73000 - Reward Breakdown:
  action_rate               | Scaled Avg:  -0.0166 | Raw Avg:   1.6596
  action_smoothness         | Scaled Avg:  -0.0005 | Raw Avg:   0.2644
  ang_vel_xy                | Scaled Avg:  -0.0027 | Raw Avg:   1.3259
  collision                 | Scaled Avg:  -0.0001 | Raw Avg:   0.0048
  dof_acc                   | Scaled Avg:  -0.0007 | Raw Avg: 137488.1562
  dof_error                 | Scaled Avg:  -0.0029 | Raw Avg:   0.2885
  dof_vel                   | Scaled Avg:  -0.0080 | Raw Avg:  79.7660
  feet_contact_forces       | Scaled Avg:  -0.0000 | Raw Avg:   8.0516
  foot_clearance            | Scaled Avg:  -0.0001 | Raw Avg:   0.0081
  foot_mirror               | Scaled Avg:  -0.0001 | Raw Avg:   0.0781
  foot_slide                | Scaled Avg:  -0.0017 | Raw Avg:   1.7491
  has_contact               | Scaled Avg:   0.0004 | Raw Avg:   0.0205
  hip_pos                   | Scaled Avg:  -0.0028 | Raw Avg:   0.0284
  lin_vel_z                 | Scaled Avg:  -0.0147 | Raw Avg:   0.1836
  orientation               | Scaled Avg:  -0.0000 | Raw Avg:   0.0099
  powers                    | Scaled Avg:  -0.0001 | Raw Avg: 139.6534
  stand_still               | Scaled Avg:  -0.0004 | Raw Avg:   0.0039
  torques                   | Scaled Avg:  -0.0002 | Raw Avg: 1098.8346
  tracking_ang_vel          | Scaled Avg:   0.0157 | Raw Avg:   0.7830
  tracking_lin_vel          | Scaled Avg:   0.0323 | Raw Avg:   0.8075
  TOTAL REWARD              | Scaled Avg:   0.0089
------------------------------

------------------------------
Step: 73500 - Reward Breakdown:
  action_rate               | Scaled Avg:  -0.0165 | Raw Avg:   1.6510
  action_smoothness         | Scaled Avg:  -0.0005 | Raw Avg:   0.2590
  ang_vel_xy                | Scaled Avg:  -0.0025 | Raw Avg:   1.2517
  collision                 | Scaled Avg:  -0.0001 | Raw Avg:   0.0052
  dof_acc                   | Scaled Avg:  -0.0007 | Raw Avg: 142710.6250
  dof_error                 | Scaled Avg:  -0.0029 | Raw Avg:   0.2941
  dof_vel                   | Scaled Avg:  -0.0080 | Raw Avg:  80.3255
  feet_contact_forces       | Scaled Avg:  -0.0000 | Raw Avg:   7.5833
  foot_clearance            | Scaled Avg:  -0.0001 | Raw Avg:   0.0085
  foot_mirror               | Scaled Avg:  -0.0001 | Raw Avg:   0.0779
  foot_slide                | Scaled Avg:  -0.0017 | Raw Avg:   1.7401
  has_contact               | Scaled Avg:   0.0003 | Raw Avg:   0.0168
  hip_pos                   | Scaled Avg:  -0.0029 | Raw Avg:   0.0288
  lin_vel_z                 | Scaled Avg:  -0.0017 | Raw Avg:   0.0212
  orientation               | Scaled Avg:  -0.0000 | Raw Avg:   0.0107
  powers                    | Scaled Avg:  -0.0001 | Raw Avg: 135.0127
  stand_still               | Scaled Avg:  -0.0003 | Raw Avg:   0.0027
  torques                   | Scaled Avg:  -0.0002 | Raw Avg: 1009.9860
  tracking_ang_vel          | Scaled Avg:   0.0157 | Raw Avg:   0.7856
  tracking_lin_vel          | Scaled Avg:   0.0324 | Raw Avg:   0.8097
  TOTAL REWARD              | Scaled Avg:   0.0100
------------------------------

------------------------------
Step: 74000 - Reward Breakdown:
  action_rate               | Scaled Avg:  -0.0163 | Raw Avg:   1.6316
  action_smoothness         | Scaled Avg:  -0.0005 | Raw Avg:   0.2538
  ang_vel_xy                | Scaled Avg:  -0.0026 | Raw Avg:   1.3000
  collision                 | Scaled Avg:  -0.0001 | Raw Avg:   0.0034
  dof_acc                   | Scaled Avg:  -0.0007 | Raw Avg: 136697.6094
  dof_error                 | Scaled Avg:  -0.0029 | Raw Avg:   0.2878
  dof_vel                   | Scaled Avg:  -0.0079 | Raw Avg:  79.1442
  feet_air_time             | Scaled Avg:   0.0000 | Raw Avg:   0.0003
  feet_contact_forces       | Scaled Avg:  -0.0000 | Raw Avg:   7.5651
  foot_clearance            | Scaled Avg:  -0.0001 | Raw Avg:   0.0079
  foot_mirror               | Scaled Avg:  -0.0001 | Raw Avg:   0.0789
  foot_slide                | Scaled Avg:  -0.0017 | Raw Avg:   1.7285
  has_contact               | Scaled Avg:   0.0004 | Raw Avg:   0.0206
  hip_pos                   | Scaled Avg:  -0.0029 | Raw Avg:   0.0291
  lin_vel_z                 | Scaled Avg:  -0.0019 | Raw Avg:   0.0231
  orientation               | Scaled Avg:  -0.0000 | Raw Avg:   0.0100
  powers                    | Scaled Avg:  -0.0001 | Raw Avg: 136.5104
  stand_still               | Scaled Avg:  -0.0002 | Raw Avg:   0.0024
  torques                   | Scaled Avg:  -0.0002 | Raw Avg: 1041.7213
  tracking_ang_vel          | Scaled Avg:   0.0156 | Raw Avg:   0.7778
  tracking_lin_vel          | Scaled Avg:   0.0324 | Raw Avg:   0.8088
  TOTAL REWARD              | Scaled Avg:   0.0101
------------------------------
################################################################################
                    [1m Learning iteration 13100/15000 [0m                    

                       Computation: 82955 steps/s (collection: 1.290s, learning 0.473s)
                     surrogate_loss -0.0018
                         value_loss 0.5011
                            entropy 1.8949
                     estimator_loss 0.0000
                         total_loss 0.5182
             Mean action noise std: 0.21
                       Mean reward: 7.00
               Mean episode length: 619.13
      Mean episode rew_action_rate: -0.5236
Mean episode rew_frame_action_rate: -0.0196
Mean episode rew_action_smoothness: -0.0167
Mean episode rew_frame_action_smoothness: -0.0006
       Mean episode rew_ang_vel_xy: -0.0861
 Mean episode rew_frame_ang_vel_xy: -0.0065
      Mean episode rew_base_height: -0.0002
Mean episode rew_frame_base_height: -0.0001
        Mean episode rew_collision: -0.0024
  Mean episode rew_frame_collision: -0.0008
          Mean episode rew_dof_acc: -0.0217
    Mean episode rew_frame_dof_acc: -0.0015
        Mean episode rew_dof_error: -0.0962
  Mean episode rew_frame_dof_error: -0.0070
          Mean episode rew_dof_vel: -0.2511
    Mean episode rew_frame_dof_vel: -0.0122
    Mean episode rew_feet_air_time: 0.0002
Mean episode rew_frame_feet_air_time: 0.0000
Mean episode rew_feet_contact_forces: -0.0007
Mean episode rew_frame_feet_contact_forces: -0.0000
   Mean episode rew_foot_clearance: -0.0026
Mean episode rew_frame_foot_clearance: -0.0001
      Mean episode rew_foot_mirror: -0.0026
Mean episode rew_frame_foot_mirror: -0.0002
       Mean episode rew_foot_slide: -0.0558
 Mean episode rew_frame_foot_slide: -0.0017
      Mean episode rew_has_contact: 0.0110
Mean episode rew_frame_has_contact: 0.0004
          Mean episode rew_hip_pos: -0.0921
    Mean episode rew_frame_hip_pos: -0.0090
        Mean episode rew_lin_vel_z: -0.2156
  Mean episode rew_frame_lin_vel_z: -0.0182
      Mean episode rew_orientation: -0.0014
Mean episode rew_frame_orientation: -0.0003
           Mean episode rew_powers: -0.0017
     Mean episode rew_frame_powers: -0.0001
      Mean episode rew_stand_still: -0.0116
Mean episode rew_frame_stand_still: -0.0002
          Mean episode rew_stumble: -0.0000
    Mean episode rew_frame_stumble: -0.0000
          Mean episode rew_torques: -0.0067
    Mean episode rew_frame_torques: -0.0002
 Mean episode rew_tracking_ang_vel: 0.5072
Mean episode rew_frame_tracking_ang_vel: 0.0126
 Mean episode rew_tracking_lin_vel: 1.0629
Mean episode rew_frame_tracking_lin_vel: 0.0249
Mean episode max_power_throughout_episode: 3475.0037
            Mean episode max_pos_x: 4.5431
            Mean episode min_pos_x: -3.9135
            Mean episode max_pos_y: 4.8505
            Mean episode min_pos_y: -3.0954
        Mean episode timeout_ratio: 0.5993
       Mean episode num_terminated: 11.9583
--------------------------------------------------------------------------------
                   Total timesteps: 4681728
                    Iteration time: 1.76s
                        Total time: 5470.00s
                               ETA: 3351.5s


------------------------------
Step: 74500 - Reward Breakdown:
  action_rate               | Scaled Avg:  -0.0170 | Raw Avg:   1.6998
  action_smoothness         | Scaled Avg:  -0.0005 | Raw Avg:   0.2699
  ang_vel_xy                | Scaled Avg:  -0.0027 | Raw Avg:   1.3500
  collision                 | Scaled Avg:  -0.0001 | Raw Avg:   0.0069
  dof_acc                   | Scaled Avg:  -0.0007 | Raw Avg: 140015.3438
  dof_error                 | Scaled Avg:  -0.0030 | Raw Avg:   0.2978
  dof_vel                   | Scaled Avg:  -0.0081 | Raw Avg:  80.9739
  feet_air_time             | Scaled Avg:   0.0000 | Raw Avg:   0.0003
  feet_contact_forces       | Scaled Avg:  -0.0000 | Raw Avg:   7.8366
  foot_clearance            | Scaled Avg:  -0.0001 | Raw Avg:   0.0080
  foot_mirror               | Scaled Avg:  -0.0001 | Raw Avg:   0.0852
  foot_slide                | Scaled Avg:  -0.0017 | Raw Avg:   1.7492
  has_contact               | Scaled Avg:   0.0004 | Raw Avg:   0.0198
  hip_pos                   | Scaled Avg:  -0.0029 | Raw Avg:   0.0293
  lin_vel_z                 | Scaled Avg:  -0.0017 | Raw Avg:   0.0216
  orientation               | Scaled Avg:  -0.0000 | Raw Avg:   0.0109
  powers                    | Scaled Avg:  -0.0001 | Raw Avg: 135.7037
  stand_still               | Scaled Avg:  -0.0004 | Raw Avg:   0.0044
  torques                   | Scaled Avg:  -0.0002 | Raw Avg: 1024.6969
  tracking_ang_vel          | Scaled Avg:   0.0155 | Raw Avg:   0.7733
  tracking_lin_vel          | Scaled Avg:   0.0321 | Raw Avg:   0.8021
  TOTAL REWARD              | Scaled Avg:   0.0085
------------------------------

------------------------------
Step: 75000 - Reward Breakdown:
  action_rate               | Scaled Avg:  -0.0171 | Raw Avg:   1.7067
  action_smoothness         | Scaled Avg:  -0.0005 | Raw Avg:   0.2736
  ang_vel_xy                | Scaled Avg:  -0.0026 | Raw Avg:   1.3126
  collision                 | Scaled Avg:  -0.0001 | Raw Avg:   0.0069
  dof_acc                   | Scaled Avg:  -0.0008 | Raw Avg: 153316.3594
  dof_error                 | Scaled Avg:  -0.0030 | Raw Avg:   0.3022
  dof_vel                   | Scaled Avg:  -0.0081 | Raw Avg:  81.3237
  feet_contact_forces       | Scaled Avg:  -0.0000 | Raw Avg:   8.2638
  foot_clearance            | Scaled Avg:  -0.0001 | Raw Avg:   0.0083
  foot_mirror               | Scaled Avg:  -0.0001 | Raw Avg:   0.0809
  foot_slide                | Scaled Avg:  -0.0017 | Raw Avg:   1.7415
  has_contact               | Scaled Avg:   0.0004 | Raw Avg:   0.0195
  hip_pos                   | Scaled Avg:  -0.0029 | Raw Avg:   0.0294
  lin_vel_z                 | Scaled Avg:  -0.0016 | Raw Avg:   0.0205
  orientation               | Scaled Avg:  -0.0000 | Raw Avg:   0.0098
  powers                    | Scaled Avg:  -0.0001 | Raw Avg: 136.9146
  stand_still               | Scaled Avg:  -0.0003 | Raw Avg:   0.0031
  torques                   | Scaled Avg:  -0.0002 | Raw Avg: 1027.3970
  tracking_ang_vel          | Scaled Avg:   0.0155 | Raw Avg:   0.7757
  tracking_lin_vel          | Scaled Avg:   0.0320 | Raw Avg:   0.7991
  TOTAL REWARD              | Scaled Avg:   0.0084
------------------------------

------------------------------
Step: 75500 - Reward Breakdown:
  action_rate               | Scaled Avg:  -0.0169 | Raw Avg:   1.6932
  action_smoothness         | Scaled Avg:  -0.0005 | Raw Avg:   0.2692
  ang_vel_xy                | Scaled Avg:  -0.0028 | Raw Avg:   1.4052
  collision                 | Scaled Avg:  -0.0001 | Raw Avg:   0.0061
  dof_acc                   | Scaled Avg:  -0.0007 | Raw Avg: 136409.1562
  dof_error                 | Scaled Avg:  -0.0030 | Raw Avg:   0.3038
  dof_vel                   | Scaled Avg:  -0.0081 | Raw Avg:  81.4904
  feet_contact_forces       | Scaled Avg:  -0.0000 | Raw Avg:   8.3099
  foot_clearance            | Scaled Avg:  -0.0001 | Raw Avg:   0.0077
  foot_mirror               | Scaled Avg:  -0.0001 | Raw Avg:   0.0847
  foot_slide                | Scaled Avg:  -0.0017 | Raw Avg:   1.7291
  has_contact               | Scaled Avg:   0.0004 | Raw Avg:   0.0182
  hip_pos                   | Scaled Avg:  -0.0030 | Raw Avg:   0.0303
  lin_vel_z                 | Scaled Avg:  -0.0031 | Raw Avg:   0.0391
  orientation               | Scaled Avg:  -0.0000 | Raw Avg:   0.0112
  powers                    | Scaled Avg:  -0.0001 | Raw Avg: 142.0155
  stand_still               | Scaled Avg:  -0.0003 | Raw Avg:   0.0027
  torques                   | Scaled Avg:  -0.0002 | Raw Avg: 1096.0426
  tracking_ang_vel          | Scaled Avg:   0.0153 | Raw Avg:   0.7656
  tracking_lin_vel          | Scaled Avg:   0.0319 | Raw Avg:   0.7973
  TOTAL REWARD              | Scaled Avg:   0.0071
------------------------------

------------------------------
Step: 76000 - Reward Breakdown:
  action_rate               | Scaled Avg:  -0.0167 | Raw Avg:   1.6709
  action_smoothness         | Scaled Avg:  -0.0005 | Raw Avg:   0.2641
  ang_vel_xy                | Scaled Avg:  -0.0027 | Raw Avg:   1.3723
  collision                 | Scaled Avg:  -0.0001 | Raw Avg:   0.0062
  dof_acc                   | Scaled Avg:  -0.0007 | Raw Avg: 137339.2344
  dof_error                 | Scaled Avg:  -0.0031 | Raw Avg:   0.3089
  dof_vel                   | Scaled Avg:  -0.0080 | Raw Avg:  79.9188
  feet_air_time             | Scaled Avg:   0.0000 | Raw Avg:   0.0003
  feet_contact_forces       | Scaled Avg:  -0.0000 | Raw Avg:   8.0333
  foot_clearance            | Scaled Avg:  -0.0001 | Raw Avg:   0.0077
  foot_mirror               | Scaled Avg:  -0.0001 | Raw Avg:   0.0893
  foot_slide                | Scaled Avg:  -0.0017 | Raw Avg:   1.7455
  has_contact               | Scaled Avg:   0.0003 | Raw Avg:   0.0155
  hip_pos                   | Scaled Avg:  -0.0031 | Raw Avg:   0.0311
  lin_vel_z                 | Scaled Avg:  -0.0017 | Raw Avg:   0.0211
  orientation               | Scaled Avg:  -0.0000 | Raw Avg:   0.0114
  powers                    | Scaled Avg:  -0.0001 | Raw Avg: 140.1544
  stand_still               | Scaled Avg:  -0.0002 | Raw Avg:   0.0025
  torques                   | Scaled Avg:  -0.0002 | Raw Avg: 1079.4102
  tracking_ang_vel          | Scaled Avg:   0.0155 | Raw Avg:   0.7769
  tracking_lin_vel          | Scaled Avg:   0.0321 | Raw Avg:   0.8028
  TOTAL REWARD              | Scaled Avg:   0.0088
------------------------------

------------------------------
Step: 76500 - Reward Breakdown:
  action_rate               | Scaled Avg:  -0.0162 | Raw Avg:   1.6228
  action_smoothness         | Scaled Avg:  -0.0005 | Raw Avg:   0.2566
  ang_vel_xy                | Scaled Avg:  -0.0025 | Raw Avg:   1.2728
  collision                 | Scaled Avg:  -0.0001 | Raw Avg:   0.0062
  dof_acc                   | Scaled Avg:  -0.0007 | Raw Avg: 138220.1406
  dof_error                 | Scaled Avg:  -0.0029 | Raw Avg:   0.2855
  dof_vel                   | Scaled Avg:  -0.0080 | Raw Avg:  79.9061
  feet_air_time             | Scaled Avg:   0.0000 | Raw Avg:   0.0003
  feet_contact_forces       | Scaled Avg:  -0.0000 | Raw Avg:   8.0276
  foot_clearance            | Scaled Avg:  -0.0001 | Raw Avg:   0.0074
  foot_mirror               | Scaled Avg:  -0.0001 | Raw Avg:   0.0832
  foot_slide                | Scaled Avg:  -0.0017 | Raw Avg:   1.6843
  has_contact               | Scaled Avg:   0.0004 | Raw Avg:   0.0221
  hip_pos                   | Scaled Avg:  -0.0029 | Raw Avg:   0.0292
  lin_vel_z                 | Scaled Avg:  -0.0018 | Raw Avg:   0.0224
  orientation               | Scaled Avg:  -0.0000 | Raw Avg:   0.0107
  powers                    | Scaled Avg:  -0.0001 | Raw Avg: 134.4928
  stand_still               | Scaled Avg:  -0.0003 | Raw Avg:   0.0030
  torques                   | Scaled Avg:  -0.0002 | Raw Avg: 1021.3658
  tracking_ang_vel          | Scaled Avg:   0.0155 | Raw Avg:   0.7763
  tracking_lin_vel          | Scaled Avg:   0.0320 | Raw Avg:   0.8002
  TOTAL REWARD              | Scaled Avg:   0.0099
------------------------------
################################################################################
                    [1m Learning iteration 13200/15000 [0m                    

                       Computation: 84132 steps/s (collection: 1.268s, learning 0.470s)
                     surrogate_loss -0.0050
                         value_loss 0.0541
                            entropy 2.2572
                     estimator_loss 0.0000
                         total_loss 0.0716
             Mean action noise std: 0.20
                       Mean reward: 5.90
               Mean episode length: 630.93
      Mean episode rew_action_rate: -0.5183
Mean episode rew_frame_action_rate: -0.0194
Mean episode rew_action_smoothness: -0.0164
Mean episode rew_frame_action_smoothness: -0.0006
       Mean episode rew_ang_vel_xy: -0.0814
 Mean episode rew_frame_ang_vel_xy: -0.0062
      Mean episode rew_base_height: -0.0003
Mean episode rew_frame_base_height: -0.0001
        Mean episode rew_collision: -0.0033
  Mean episode rew_frame_collision: -0.0008
          Mean episode rew_dof_acc: -0.0211
    Mean episode rew_frame_dof_acc: -0.0013
        Mean episode rew_dof_error: -0.0930
  Mean episode rew_frame_dof_error: -0.0068
          Mean episode rew_dof_vel: -0.2542
    Mean episode rew_frame_dof_vel: -0.0119
    Mean episode rew_feet_air_time: 0.0002
Mean episode rew_frame_feet_air_time: 0.0000
Mean episode rew_feet_contact_forces: -0.0007
Mean episode rew_frame_feet_contact_forces: -0.0000
   Mean episode rew_foot_clearance: -0.0024
Mean episode rew_frame_foot_clearance: -0.0001
      Mean episode rew_foot_mirror: -0.0027
Mean episode rew_frame_foot_mirror: -0.0002
       Mean episode rew_foot_slide: -0.0544
 Mean episode rew_frame_foot_slide: -0.0017
      Mean episode rew_has_contact: 0.0132
Mean episode rew_frame_has_contact: 0.0004
          Mean episode rew_hip_pos: -0.0910
    Mean episode rew_frame_hip_pos: -0.0088
        Mean episode rew_lin_vel_z: -0.0557
  Mean episode rew_frame_lin_vel_z: -0.0080
      Mean episode rew_orientation: -0.0014
Mean episode rew_frame_orientation: -0.0003
           Mean episode rew_powers: -0.0017
     Mean episode rew_frame_powers: -0.0001
      Mean episode rew_stand_still: -0.0207
Mean episode rew_frame_stand_still: -0.0026
          Mean episode rew_stumble: -0.0000
    Mean episode rew_frame_stumble: -0.0000
          Mean episode rew_torques: -0.0067
    Mean episode rew_frame_torques: -0.0002
 Mean episode rew_tracking_ang_vel: 0.4936
Mean episode rew_frame_tracking_ang_vel: 0.0126
 Mean episode rew_tracking_lin_vel: 1.0255
Mean episode rew_frame_tracking_lin_vel: 0.0242
Mean episode max_power_throughout_episode: 3419.1526
            Mean episode max_pos_x: 4.2250
            Mean episode min_pos_x: -4.5122
            Mean episode max_pos_y: 3.9826
            Mean episode min_pos_y: -3.5853
        Mean episode timeout_ratio: 0.5611
       Mean episode num_terminated: 9.4167
--------------------------------------------------------------------------------
                   Total timesteps: 4828032
                    Iteration time: 1.74s
                        Total time: 5646.27s
                               ETA: 3175.0s


------------------------------
Step: 77000 - Reward Breakdown:
  action_rate               | Scaled Avg:  -0.0164 | Raw Avg:   1.6375
  action_smoothness         | Scaled Avg:  -0.0005 | Raw Avg:   0.2562
  ang_vel_xy                | Scaled Avg:  -0.0026 | Raw Avg:   1.3187
  collision                 | Scaled Avg:  -0.0001 | Raw Avg:   0.0048
  dof_acc                   | Scaled Avg:  -0.0006 | Raw Avg: 124256.7109
  dof_error                 | Scaled Avg:  -0.0030 | Raw Avg:   0.2962
  dof_vel                   | Scaled Avg:  -0.0078 | Raw Avg:  78.2931
  feet_contact_forces       | Scaled Avg:  -0.0000 | Raw Avg:   8.0978
  foot_clearance            | Scaled Avg:  -0.0001 | Raw Avg:   0.0078
  foot_mirror               | Scaled Avg:  -0.0001 | Raw Avg:   0.0838
  foot_slide                | Scaled Avg:  -0.0017 | Raw Avg:   1.6826
  has_contact               | Scaled Avg:   0.0003 | Raw Avg:   0.0162
  hip_pos                   | Scaled Avg:  -0.0030 | Raw Avg:   0.0303
  lin_vel_z                 | Scaled Avg:  -0.0018 | Raw Avg:   0.0228
  orientation               | Scaled Avg:  -0.0000 | Raw Avg:   0.0104
  powers                    | Scaled Avg:  -0.0001 | Raw Avg: 138.6897
  stand_still               | Scaled Avg:  -0.0001 | Raw Avg:   0.0014
  torques                   | Scaled Avg:  -0.0002 | Raw Avg: 1083.2236
  tracking_ang_vel          | Scaled Avg:   0.0158 | Raw Avg:   0.7919
  tracking_lin_vel          | Scaled Avg:   0.0320 | Raw Avg:   0.8010
  TOTAL REWARD              | Scaled Avg:   0.0100
------------------------------

------------------------------
Step: 77500 - Reward Breakdown:
  action_rate               | Scaled Avg:  -0.0170 | Raw Avg:   1.7024
  action_smoothness         | Scaled Avg:  -0.0005 | Raw Avg:   0.2693
  ang_vel_xy                | Scaled Avg:  -0.0027 | Raw Avg:   1.3693
  collision                 | Scaled Avg:  -0.0001 | Raw Avg:   0.0052
  dof_acc                   | Scaled Avg:  -0.0007 | Raw Avg: 147534.3438
  dof_error                 | Scaled Avg:  -0.0032 | Raw Avg:   0.3151
  dof_vel                   | Scaled Avg:  -0.0082 | Raw Avg:  81.7176
  feet_contact_forces       | Scaled Avg:  -0.0000 | Raw Avg:   8.0451
  foot_clearance            | Scaled Avg:  -0.0001 | Raw Avg:   0.0084
  foot_mirror               | Scaled Avg:  -0.0001 | Raw Avg:   0.0941
  foot_slide                | Scaled Avg:  -0.0017 | Raw Avg:   1.7134
  has_contact               | Scaled Avg:   0.0004 | Raw Avg:   0.0193
  hip_pos                   | Scaled Avg:  -0.0031 | Raw Avg:   0.0313
  lin_vel_z                 | Scaled Avg:  -0.0026 | Raw Avg:   0.0327
  orientation               | Scaled Avg:  -0.0000 | Raw Avg:   0.0111
  powers                    | Scaled Avg:  -0.0001 | Raw Avg: 145.7037
  stand_still               | Scaled Avg:  -0.0003 | Raw Avg:   0.0033
  torques                   | Scaled Avg:  -0.0002 | Raw Avg: 1140.8269
  tracking_ang_vel          | Scaled Avg:   0.0155 | Raw Avg:   0.7743
  tracking_lin_vel          | Scaled Avg:   0.0321 | Raw Avg:   0.8019
  TOTAL REWARD              | Scaled Avg:   0.0072
------------------------------

------------------------------
Step: 78000 - Reward Breakdown:
  action_rate               | Scaled Avg:  -0.0166 | Raw Avg:   1.6634
  action_smoothness         | Scaled Avg:  -0.0005 | Raw Avg:   0.2621
  ang_vel_xy                | Scaled Avg:  -0.0027 | Raw Avg:   1.3551
  collision                 | Scaled Avg:  -0.0001 | Raw Avg:   0.0051
  dof_acc                   | Scaled Avg:  -0.0007 | Raw Avg: 149074.0156
  dof_error                 | Scaled Avg:  -0.0030 | Raw Avg:   0.2975
  dof_vel                   | Scaled Avg:  -0.0081 | Raw Avg:  80.6630
  feet_contact_forces       | Scaled Avg:  -0.0000 | Raw Avg:   8.1061
  foot_clearance            | Scaled Avg:  -0.0001 | Raw Avg:   0.0081
  foot_mirror               | Scaled Avg:  -0.0001 | Raw Avg:   0.0843
  foot_slide                | Scaled Avg:  -0.0017 | Raw Avg:   1.7270
  has_contact               | Scaled Avg:   0.0004 | Raw Avg:   0.0177
  hip_pos                   | Scaled Avg:  -0.0030 | Raw Avg:   0.0295
  lin_vel_z                 | Scaled Avg:  -0.0018 | Raw Avg:   0.0221
  orientation               | Scaled Avg:  -0.0000 | Raw Avg:   0.0096
  powers                    | Scaled Avg:  -0.0001 | Raw Avg: 141.4705
  stand_still               | Scaled Avg:  -0.0002 | Raw Avg:   0.0021
  torques                   | Scaled Avg:  -0.0002 | Raw Avg: 1104.0004
  tracking_ang_vel          | Scaled Avg:   0.0157 | Raw Avg:   0.7855
  tracking_lin_vel          | Scaled Avg:   0.0325 | Raw Avg:   0.8114
  TOTAL REWARD              | Scaled Avg:   0.0096
------------------------------

------------------------------
Step: 78500 - Reward Breakdown:
  action_rate               | Scaled Avg:  -0.0168 | Raw Avg:   1.6766
  action_smoothness         | Scaled Avg:  -0.0005 | Raw Avg:   0.2632
  ang_vel_xy                | Scaled Avg:  -0.0027 | Raw Avg:   1.3452
  collision                 | Scaled Avg:  -0.0001 | Raw Avg:   0.0048
  dof_acc                   | Scaled Avg:  -0.0007 | Raw Avg: 144419.3438
  dof_error                 | Scaled Avg:  -0.0030 | Raw Avg:   0.3002
  dof_vel                   | Scaled Avg:  -0.0081 | Raw Avg:  80.5858
  feet_contact_forces       | Scaled Avg:  -0.0000 | Raw Avg:   8.3786
  foot_clearance            | Scaled Avg:  -0.0001 | Raw Avg:   0.0086
  foot_mirror               | Scaled Avg:  -0.0001 | Raw Avg:   0.0857
  foot_slide                | Scaled Avg:  -0.0017 | Raw Avg:   1.7234
  has_contact               | Scaled Avg:   0.0004 | Raw Avg:   0.0196
  hip_pos                   | Scaled Avg:  -0.0031 | Raw Avg:   0.0311
  lin_vel_z                 | Scaled Avg:  -0.0017 | Raw Avg:   0.0218
  orientation               | Scaled Avg:  -0.0000 | Raw Avg:   0.0116
  powers                    | Scaled Avg:  -0.0001 | Raw Avg: 139.9948
  stand_still               | Scaled Avg:  -0.0003 | Raw Avg:   0.0030
  torques                   | Scaled Avg:  -0.0002 | Raw Avg: 1091.1127
  tracking_ang_vel          | Scaled Avg:   0.0156 | Raw Avg:   0.7777
  tracking_lin_vel          | Scaled Avg:   0.0325 | Raw Avg:   0.8124
  TOTAL REWARD              | Scaled Avg:   0.0092
------------------------------

------------------------------
Step: 79000 - Reward Breakdown:
  action_rate               | Scaled Avg:  -0.0165 | Raw Avg:   1.6462
  action_smoothness         | Scaled Avg:  -0.0005 | Raw Avg:   0.2593
  ang_vel_xy                | Scaled Avg:  -0.0027 | Raw Avg:   1.3446
  collision                 | Scaled Avg:  -0.0001 | Raw Avg:   0.0033
  dof_acc                   | Scaled Avg:  -0.0007 | Raw Avg: 140293.7969
  dof_error                 | Scaled Avg:  -0.0028 | Raw Avg:   0.2848
  dof_vel                   | Scaled Avg:  -0.0079 | Raw Avg:  79.4018
  feet_contact_forces       | Scaled Avg:  -0.0000 | Raw Avg:   7.1347
  foot_clearance            | Scaled Avg:  -0.0001 | Raw Avg:   0.0077
  foot_mirror               | Scaled Avg:  -0.0001 | Raw Avg:   0.0841
  foot_slide                | Scaled Avg:  -0.0018 | Raw Avg:   1.7542
  has_contact               | Scaled Avg:   0.0004 | Raw Avg:   0.0188
  hip_pos                   | Scaled Avg:  -0.0030 | Raw Avg:   0.0298
  lin_vel_z                 | Scaled Avg:  -0.0017 | Raw Avg:   0.0212
  orientation               | Scaled Avg:  -0.0000 | Raw Avg:   0.0111
  powers                    | Scaled Avg:  -0.0001 | Raw Avg: 140.6134
  stand_still               | Scaled Avg:  -0.0003 | Raw Avg:   0.0030
  torques                   | Scaled Avg:  -0.0002 | Raw Avg: 1099.1111
  tracking_ang_vel          | Scaled Avg:   0.0155 | Raw Avg:   0.7755
  tracking_lin_vel          | Scaled Avg:   0.0322 | Raw Avg:   0.8053
  TOTAL REWARD              | Scaled Avg:   0.0096
------------------------------
################################################################################
                    [1m Learning iteration 13300/15000 [0m                    

                       Computation: 82188 steps/s (collection: 1.308s, learning 0.472s)
                     surrogate_loss 0.0010
                         value_loss 0.2889
                            entropy 2.1224
                     estimator_loss 0.0000
                         total_loss 0.3111
             Mean action noise std: 0.20
                       Mean reward: 5.78
               Mean episode length: 616.88
      Mean episode rew_action_rate: -0.4839
Mean episode rew_frame_action_rate: -0.0198
Mean episode rew_action_smoothness: -0.0153
Mean episode rew_frame_action_smoothness: -0.0006
       Mean episode rew_ang_vel_xy: -0.0801
 Mean episode rew_frame_ang_vel_xy: -0.0074
      Mean episode rew_base_height: -0.0003
Mean episode rew_frame_base_height: -0.0001
        Mean episode rew_collision: -0.0032
  Mean episode rew_frame_collision: -0.0009
          Mean episode rew_dof_acc: -0.0216
    Mean episode rew_frame_dof_acc: -0.0015
        Mean episode rew_dof_error: -0.0881
  Mean episode rew_frame_dof_error: -0.0082
          Mean episode rew_dof_vel: -0.2373
    Mean episode rew_frame_dof_vel: -0.0126
    Mean episode rew_feet_air_time: 0.0002
Mean episode rew_frame_feet_air_time: 0.0000
Mean episode rew_feet_contact_forces: -0.0007
Mean episode rew_frame_feet_contact_forces: -0.0000
   Mean episode rew_foot_clearance: -0.0024
Mean episode rew_frame_foot_clearance: -0.0001
      Mean episode rew_foot_mirror: -0.0025
Mean episode rew_frame_foot_mirror: -0.0003
       Mean episode rew_foot_slide: -0.0508
 Mean episode rew_frame_foot_slide: -0.0017
      Mean episode rew_has_contact: 0.0092
Mean episode rew_frame_has_contact: 0.0003
          Mean episode rew_hip_pos: -0.0913
    Mean episode rew_frame_hip_pos: -0.0096
        Mean episode rew_lin_vel_z: -0.0819
  Mean episode rew_frame_lin_vel_z: -0.0120
      Mean episode rew_orientation: -0.0013
Mean episode rew_frame_orientation: -0.0003
           Mean episode rew_powers: -0.0017
     Mean episode rew_frame_powers: -0.0001
      Mean episode rew_stand_still: -0.0170
Mean episode rew_frame_stand_still: -0.0006
          Mean episode rew_stumble: -0.0000
    Mean episode rew_frame_stumble: -0.0000
          Mean episode rew_torques: -0.0064
    Mean episode rew_frame_torques: -0.0002
 Mean episode rew_tracking_ang_vel: 0.4531
Mean episode rew_frame_tracking_ang_vel: 0.0120
 Mean episode rew_tracking_lin_vel: 0.9425
Mean episode rew_frame_tracking_lin_vel: 0.0232
Mean episode max_power_throughout_episode: 3428.8210
            Mean episode max_pos_x: 4.3809
            Mean episode min_pos_x: -3.3596
            Mean episode max_pos_y: 3.1473
            Mean episode min_pos_y: -4.5115
        Mean episode timeout_ratio: 0.5046
       Mean episode num_terminated: 9.6250
--------------------------------------------------------------------------------
                   Total timesteps: 4974336
                    Iteration time: 1.78s
                        Total time: 5822.48s
                               ETA: 2998.5s


------------------------------
Step: 79500 - Reward Breakdown:
  action_rate               | Scaled Avg:  -0.0167 | Raw Avg:   1.6742
  action_smoothness         | Scaled Avg:  -0.0005 | Raw Avg:   0.2572
  ang_vel_xy                | Scaled Avg:  -0.0027 | Raw Avg:   1.3455
  collision                 | Scaled Avg:  -0.0001 | Raw Avg:   0.0057
  dof_acc                   | Scaled Avg:  -0.0008 | Raw Avg: 160259.8906
  dof_error                 | Scaled Avg:  -0.0030 | Raw Avg:   0.2967
  dof_vel                   | Scaled Avg:  -0.0083 | Raw Avg:  82.9877
  feet_contact_forces       | Scaled Avg:  -0.0000 | Raw Avg:   7.9738
  foot_clearance            | Scaled Avg:  -0.0001 | Raw Avg:   0.0080
  foot_mirror               | Scaled Avg:  -0.0001 | Raw Avg:   0.0843
  foot_slide                | Scaled Avg:  -0.0018 | Raw Avg:   1.7636
  has_contact               | Scaled Avg:   0.0004 | Raw Avg:   0.0182
  hip_pos                   | Scaled Avg:  -0.0032 | Raw Avg:   0.0317
  lin_vel_z                 | Scaled Avg:  -0.0025 | Raw Avg:   0.0311
  orientation               | Scaled Avg:  -0.0000 | Raw Avg:   0.0112
  powers                    | Scaled Avg:  -0.0001 | Raw Avg: 146.9921
  stand_still               | Scaled Avg:  -0.0001 | Raw Avg:   0.0014
  torques                   | Scaled Avg:  -0.0002 | Raw Avg: 1136.9353
  tracking_ang_vel          | Scaled Avg:   0.0155 | Raw Avg:   0.7757
  tracking_lin_vel          | Scaled Avg:   0.0326 | Raw Avg:   0.8143
  TOTAL REWARD              | Scaled Avg:   0.0082
------------------------------

------------------------------
Step: 80000 - Reward Breakdown:
  action_rate               | Scaled Avg:  -0.0166 | Raw Avg:   1.6591
  action_smoothness         | Scaled Avg:  -0.0005 | Raw Avg:   0.2619
  ang_vel_xy                | Scaled Avg:  -0.0028 | Raw Avg:   1.3976
  base_height               | Scaled Avg:  -0.0000 | Raw Avg:   0.0005
  collision                 | Scaled Avg:  -0.0001 | Raw Avg:   0.0057
  dof_acc                   | Scaled Avg:  -0.0007 | Raw Avg: 143049.3906
  dof_error                 | Scaled Avg:  -0.0030 | Raw Avg:   0.2951
  dof_vel                   | Scaled Avg:  -0.0083 | Raw Avg:  82.7580
  feet_contact_forces       | Scaled Avg:  -0.0000 | Raw Avg:   7.5920
  foot_clearance            | Scaled Avg:  -0.0001 | Raw Avg:   0.0074
  foot_mirror               | Scaled Avg:  -0.0001 | Raw Avg:   0.0847
  foot_slide                | Scaled Avg:  -0.0018 | Raw Avg:   1.7581
  has_contact               | Scaled Avg:   0.0004 | Raw Avg:   0.0193
  hip_pos                   | Scaled Avg:  -0.0031 | Raw Avg:   0.0309
  lin_vel_z                 | Scaled Avg:  -0.0019 | Raw Avg:   0.0234
  orientation               | Scaled Avg:  -0.0000 | Raw Avg:   0.0113
  powers                    | Scaled Avg:  -0.0001 | Raw Avg: 145.5244
  stand_still               | Scaled Avg:  -0.0001 | Raw Avg:   0.0011
  torques                   | Scaled Avg:  -0.0002 | Raw Avg: 1138.9763
  tracking_ang_vel          | Scaled Avg:   0.0154 | Raw Avg:   0.7711
  tracking_lin_vel          | Scaled Avg:   0.0321 | Raw Avg:   0.8027
  TOTAL REWARD              | Scaled Avg:   0.0086
------------------------------

------------------------------
Step: 80500 - Reward Breakdown:
  action_rate               | Scaled Avg:  -0.0172 | Raw Avg:   1.7195
  action_smoothness         | Scaled Avg:  -0.0005 | Raw Avg:   0.2719
  ang_vel_xy                | Scaled Avg:  -0.0027 | Raw Avg:   1.3540
  collision                 | Scaled Avg:  -0.0001 | Raw Avg:   0.0064
  dof_acc                   | Scaled Avg:  -0.0008 | Raw Avg: 155673.2031
  dof_error                 | Scaled Avg:  -0.0030 | Raw Avg:   0.3050
  dof_vel                   | Scaled Avg:  -0.0084 | Raw Avg:  83.7066
  feet_contact_forces       | Scaled Avg:  -0.0000 | Raw Avg:   8.2087
  foot_clearance            | Scaled Avg:  -0.0001 | Raw Avg:   0.0080
  foot_mirror               | Scaled Avg:  -0.0001 | Raw Avg:   0.0873
  foot_slide                | Scaled Avg:  -0.0018 | Raw Avg:   1.7583
  has_contact               | Scaled Avg:   0.0004 | Raw Avg:   0.0176
  hip_pos                   | Scaled Avg:  -0.0031 | Raw Avg:   0.0310
  lin_vel_z                 | Scaled Avg:  -0.0018 | Raw Avg:   0.0222
  orientation               | Scaled Avg:  -0.0000 | Raw Avg:   0.0115
  powers                    | Scaled Avg:  -0.0001 | Raw Avg: 142.7750
  stand_still               | Scaled Avg:  -0.0002 | Raw Avg:   0.0023
  torques                   | Scaled Avg:  -0.0002 | Raw Avg: 1090.2129
  tracking_ang_vel          | Scaled Avg:   0.0154 | Raw Avg:   0.7698
  tracking_lin_vel          | Scaled Avg:   0.0322 | Raw Avg:   0.8050
  TOTAL REWARD              | Scaled Avg:   0.0078
------------------------------

------------------------------
Step: 81000 - Reward Breakdown:
  action_rate               | Scaled Avg:  -0.0167 | Raw Avg:   1.6681
  action_smoothness         | Scaled Avg:  -0.0005 | Raw Avg:   0.2631
  ang_vel_xy                | Scaled Avg:  -0.0026 | Raw Avg:   1.3069
  collision                 | Scaled Avg:  -0.0001 | Raw Avg:   0.0052
  dof_acc                   | Scaled Avg:  -0.0006 | Raw Avg: 128705.8125
  dof_error                 | Scaled Avg:  -0.0029 | Raw Avg:   0.2885
  dof_vel                   | Scaled Avg:  -0.0081 | Raw Avg:  80.8271
  feet_air_time             | Scaled Avg:   0.0000 | Raw Avg:   0.0003
  feet_contact_forces       | Scaled Avg:  -0.0000 | Raw Avg:   7.6164
  foot_clearance            | Scaled Avg:  -0.0001 | Raw Avg:   0.0074
  foot_mirror               | Scaled Avg:  -0.0001 | Raw Avg:   0.0847
  foot_slide                | Scaled Avg:  -0.0017 | Raw Avg:   1.7259
  has_contact               | Scaled Avg:   0.0004 | Raw Avg:   0.0219
  hip_pos                   | Scaled Avg:  -0.0030 | Raw Avg:   0.0303
  lin_vel_z                 | Scaled Avg:  -0.0027 | Raw Avg:   0.0334
  orientation               | Scaled Avg:  -0.0000 | Raw Avg:   0.0111
  powers                    | Scaled Avg:  -0.0001 | Raw Avg: 140.9425
  stand_still               | Scaled Avg:  -0.0003 | Raw Avg:   0.0028
  torques                   | Scaled Avg:  -0.0002 | Raw Avg: 1102.0367
  tracking_ang_vel          | Scaled Avg:   0.0155 | Raw Avg:   0.7730
  tracking_lin_vel          | Scaled Avg:   0.0325 | Raw Avg:   0.8123
  TOTAL REWARD              | Scaled Avg:   0.0089
------------------------------

------------------------------
Step: 81500 - Reward Breakdown:
  action_rate               | Scaled Avg:  -0.0162 | Raw Avg:   1.6180
  action_smoothness         | Scaled Avg:  -0.0005 | Raw Avg:   0.2597
  ang_vel_xy                | Scaled Avg:  -0.0027 | Raw Avg:   1.3263
  base_height               | Scaled Avg:  -0.0007 | Raw Avg:   0.0360
  collision                 | Scaled Avg:  -0.0001 | Raw Avg:   0.0056
  dof_acc                   | Scaled Avg:  -0.0007 | Raw Avg: 131919.8906
  dof_error                 | Scaled Avg:  -0.0029 | Raw Avg:   0.2898
  dof_vel                   | Scaled Avg:  -0.0080 | Raw Avg:  80.0723
  feet_contact_forces       | Scaled Avg:  -0.0000 | Raw Avg:   7.7489
  foot_clearance            | Scaled Avg:  -0.0001 | Raw Avg:   0.0077
  foot_mirror               | Scaled Avg:  -0.0001 | Raw Avg:   0.0831
  foot_slide                | Scaled Avg:  -0.0017 | Raw Avg:   1.7345
  has_contact               | Scaled Avg:   0.0004 | Raw Avg:   0.0207
  hip_pos                   | Scaled Avg:  -0.0031 | Raw Avg:   0.0306
  lin_vel_z                 | Scaled Avg:  -0.0022 | Raw Avg:   0.0274
  orientation               | Scaled Avg:  -0.0000 | Raw Avg:   0.0105
  powers                    | Scaled Avg:  -0.0001 | Raw Avg: 140.7782
  stand_still               | Scaled Avg:  -0.0002 | Raw Avg:   0.0023
  torques                   | Scaled Avg:  -0.0002 | Raw Avg: 1082.3898
  tracking_ang_vel          | Scaled Avg:   0.0156 | Raw Avg:   0.7798
  tracking_lin_vel          | Scaled Avg:   0.0324 | Raw Avg:   0.8096
  TOTAL REWARD              | Scaled Avg:   0.0089
------------------------------
################################################################################
                    [1m Learning iteration 13400/15000 [0m                    

                       Computation: 83768 steps/s (collection: 1.272s, learning 0.474s)
                     surrogate_loss -0.0004
                         value_loss 0.8732
                            entropy 1.4310
                     estimator_loss 0.0000
                         total_loss 0.8871
             Mean action noise std: 0.22
                       Mean reward: 5.80
               Mean episode length: 649.27
      Mean episode rew_action_rate: -0.5255
Mean episode rew_frame_action_rate: -0.0198
Mean episode rew_action_smoothness: -0.0167
Mean episode rew_frame_action_smoothness: -0.0006
       Mean episode rew_ang_vel_xy: -0.0849
 Mean episode rew_frame_ang_vel_xy: -0.0066
      Mean episode rew_base_height: -0.0004
Mean episode rew_frame_base_height: -0.0001
        Mean episode rew_collision: -0.0116
  Mean episode rew_frame_collision: -0.0009
          Mean episode rew_dof_acc: -0.0213
    Mean episode rew_frame_dof_acc: -0.0014
        Mean episode rew_dof_error: -0.0978
  Mean episode rew_frame_dof_error: -0.0069
          Mean episode rew_dof_vel: -0.2586
    Mean episode rew_frame_dof_vel: -0.0119
    Mean episode rew_feet_air_time: 0.0003
Mean episode rew_frame_feet_air_time: 0.0000
Mean episode rew_feet_contact_forces: -0.0008
Mean episode rew_frame_feet_contact_forces: -0.0000
   Mean episode rew_foot_clearance: -0.0024
Mean episode rew_frame_foot_clearance: -0.0001
      Mean episode rew_foot_mirror: -0.0029
Mean episode rew_frame_foot_mirror: -0.0002
       Mean episode rew_foot_slide: -0.0547
 Mean episode rew_frame_foot_slide: -0.0017
      Mean episode rew_has_contact: 0.0160
Mean episode rew_frame_has_contact: 0.0004
          Mean episode rew_hip_pos: -0.1109
    Mean episode rew_frame_hip_pos: -0.0093
        Mean episode rew_lin_vel_z: -0.0565
  Mean episode rew_frame_lin_vel_z: -0.0092
      Mean episode rew_orientation: -0.0015
Mean episode rew_frame_orientation: -0.0003
           Mean episode rew_powers: -0.0018
     Mean episode rew_frame_powers: -0.0001
      Mean episode rew_stand_still: -0.0097
Mean episode rew_frame_stand_still: -0.0003
          Mean episode rew_stumble: -0.0000
    Mean episode rew_frame_stumble: -0.0000
          Mean episode rew_torques: -0.0068
    Mean episode rew_frame_torques: -0.0002
 Mean episode rew_tracking_ang_vel: 0.4854
Mean episode rew_frame_tracking_ang_vel: 0.0125
 Mean episode rew_tracking_lin_vel: 1.0132
Mean episode rew_frame_tracking_lin_vel: 0.0240
Mean episode max_power_throughout_episode: 3637.4915
            Mean episode max_pos_x: 4.7264
            Mean episode min_pos_x: -4.3068
            Mean episode max_pos_y: 3.8929
            Mean episode min_pos_y: -4.3335
        Mean episode timeout_ratio: 0.5723
       Mean episode num_terminated: 10.0417
--------------------------------------------------------------------------------
                   Total timesteps: 5120640
                    Iteration time: 1.75s
                        Total time: 5998.96s
                               ETA: 2822.2s


------------------------------
Step: 82000 - Reward Breakdown:
  action_rate               | Scaled Avg:  -0.0201 | Raw Avg:   2.0106
  action_smoothness         | Scaled Avg:  -0.0006 | Raw Avg:   0.3247
  ang_vel_xy                | Scaled Avg:  -0.0032 | Raw Avg:   1.5927
  collision                 | Scaled Avg:  -0.0001 | Raw Avg:   0.0048
  dof_acc                   | Scaled Avg:  -0.0008 | Raw Avg: 156708.5000
  dof_error                 | Scaled Avg:  -0.0032 | Raw Avg:   0.3210
  dof_vel                   | Scaled Avg:  -0.0091 | Raw Avg:  90.7770
  feet_air_time             | Scaled Avg:   0.0000 | Raw Avg:   0.0004
  feet_contact_forces       | Scaled Avg:  -0.0000 | Raw Avg:   9.3359
  foot_clearance            | Scaled Avg:  -0.0001 | Raw Avg:   0.0082
  foot_mirror               | Scaled Avg:  -0.0001 | Raw Avg:   0.0976
  foot_slide                | Scaled Avg:  -0.0018 | Raw Avg:   1.7671
  has_contact               | Scaled Avg:   0.0004 | Raw Avg:   0.0205
  hip_pos                   | Scaled Avg:  -0.0032 | Raw Avg:   0.0322
  lin_vel_z                 | Scaled Avg:  -0.0022 | Raw Avg:   0.0279
  orientation               | Scaled Avg:  -0.0000 | Raw Avg:   0.0124
  powers                    | Scaled Avg:  -0.0001 | Raw Avg: 147.7341
  stand_still               | Scaled Avg:  -0.0004 | Raw Avg:   0.0038
  torques                   | Scaled Avg:  -0.0002 | Raw Avg: 1105.9727
  tracking_ang_vel          | Scaled Avg:   0.0148 | Raw Avg:   0.7383
  tracking_lin_vel          | Scaled Avg:   0.0311 | Raw Avg:   0.7782
  TOTAL REWARD              | Scaled Avg:   0.0011
------------------------------

------------------------------
Step: 82500 - Reward Breakdown:
  action_rate               | Scaled Avg:  -0.0174 | Raw Avg:   1.7370
  action_smoothness         | Scaled Avg:  -0.0006 | Raw Avg:   0.2774
  ang_vel_xy                | Scaled Avg:  -0.0028 | Raw Avg:   1.3899
  base_height               | Scaled Avg:  -0.0000 | Raw Avg:   0.0005
  collision                 | Scaled Avg:  -0.0001 | Raw Avg:   0.0041
  dof_acc                   | Scaled Avg:  -0.0007 | Raw Avg: 143276.3594
  dof_error                 | Scaled Avg:  -0.0031 | Raw Avg:   0.3131
  dof_vel                   | Scaled Avg:  -0.0084 | Raw Avg:  84.1670
  feet_contact_forces       | Scaled Avg:  -0.0000 | Raw Avg:   8.3429
  foot_clearance            | Scaled Avg:  -0.0001 | Raw Avg:   0.0077
  foot_mirror               | Scaled Avg:  -0.0001 | Raw Avg:   0.0926
  foot_slide                | Scaled Avg:  -0.0017 | Raw Avg:   1.7452
  has_contact               | Scaled Avg:   0.0004 | Raw Avg:   0.0203
  hip_pos                   | Scaled Avg:  -0.0031 | Raw Avg:   0.0308
  lin_vel_z                 | Scaled Avg:  -0.0018 | Raw Avg:   0.0227
  orientation               | Scaled Avg:  -0.0000 | Raw Avg:   0.0114
  powers                    | Scaled Avg:  -0.0001 | Raw Avg: 141.7505
  stand_still               | Scaled Avg:  -0.0003 | Raw Avg:   0.0033
  torques                   | Scaled Avg:  -0.0002 | Raw Avg: 1093.5577
  tracking_ang_vel          | Scaled Avg:   0.0153 | Raw Avg:   0.7637
  tracking_lin_vel          | Scaled Avg:   0.0320 | Raw Avg:   0.7994
  TOTAL REWARD              | Scaled Avg:   0.0071
------------------------------

------------------------------
Step: 83000 - Reward Breakdown:
  action_rate               | Scaled Avg:  -0.0170 | Raw Avg:   1.6972
  action_smoothness         | Scaled Avg:  -0.0005 | Raw Avg:   0.2638
  ang_vel_xy                | Scaled Avg:  -0.0028 | Raw Avg:   1.3780
  collision                 | Scaled Avg:  -0.0001 | Raw Avg:   0.0052
  dof_acc                   | Scaled Avg:  -0.0007 | Raw Avg: 149072.6875
  dof_error                 | Scaled Avg:  -0.0030 | Raw Avg:   0.2962
  dof_vel                   | Scaled Avg:  -0.0084 | Raw Avg:  83.6981
  feet_contact_forces       | Scaled Avg:  -0.0000 | Raw Avg:   7.9404
  foot_clearance            | Scaled Avg:  -0.0001 | Raw Avg:   0.0079
  foot_mirror               | Scaled Avg:  -0.0001 | Raw Avg:   0.0853
  foot_slide                | Scaled Avg:  -0.0017 | Raw Avg:   1.7079
  has_contact               | Scaled Avg:   0.0004 | Raw Avg:   0.0184
  hip_pos                   | Scaled Avg:  -0.0030 | Raw Avg:   0.0296
  lin_vel_z                 | Scaled Avg:  -0.0021 | Raw Avg:   0.0259
  orientation               | Scaled Avg:  -0.0000 | Raw Avg:   0.0109
  powers                    | Scaled Avg:  -0.0001 | Raw Avg: 147.0867
  stand_still               | Scaled Avg:  -0.0003 | Raw Avg:   0.0026
  torques                   | Scaled Avg:  -0.0002 | Raw Avg: 1158.2725
  tracking_ang_vel          | Scaled Avg:   0.0156 | Raw Avg:   0.7776
  tracking_lin_vel          | Scaled Avg:   0.0321 | Raw Avg:   0.8026
  TOTAL REWARD              | Scaled Avg:   0.0081
------------------------------

------------------------------
Step: 83500 - Reward Breakdown:
  action_rate               | Scaled Avg:  -0.0165 | Raw Avg:   1.6465
  action_smoothness         | Scaled Avg:  -0.0005 | Raw Avg:   0.2584
  ang_vel_xy                | Scaled Avg:  -0.0028 | Raw Avg:   1.3810
  collision                 | Scaled Avg:  -0.0001 | Raw Avg:   0.0048
  dof_acc                   | Scaled Avg:  -0.0007 | Raw Avg: 140158.9844
  dof_error                 | Scaled Avg:  -0.0029 | Raw Avg:   0.2915
  dof_vel                   | Scaled Avg:  -0.0082 | Raw Avg:  81.6862
  feet_contact_forces       | Scaled Avg:  -0.0000 | Raw Avg:   7.2678
  foot_clearance            | Scaled Avg:  -0.0001 | Raw Avg:   0.0082
  foot_mirror               | Scaled Avg:  -0.0001 | Raw Avg:   0.0798
  foot_slide                | Scaled Avg:  -0.0017 | Raw Avg:   1.7145
  has_contact               | Scaled Avg:   0.0004 | Raw Avg:   0.0185
  hip_pos                   | Scaled Avg:  -0.0030 | Raw Avg:   0.0296
  lin_vel_z                 | Scaled Avg:  -0.0016 | Raw Avg:   0.0203
  orientation               | Scaled Avg:  -0.0000 | Raw Avg:   0.0105
  powers                    | Scaled Avg:  -0.0001 | Raw Avg: 149.5553
  stand_still               | Scaled Avg:  -0.0004 | Raw Avg:   0.0041
  torques                   | Scaled Avg:  -0.0002 | Raw Avg: 1188.4133
  tracking_ang_vel          | Scaled Avg:   0.0155 | Raw Avg:   0.7754
  tracking_lin_vel          | Scaled Avg:   0.0321 | Raw Avg:   0.8029
  TOTAL REWARD              | Scaled Avg:   0.0091
------------------------------

------------------------------
Step: 84000 - Reward Breakdown:
  action_rate               | Scaled Avg:  -0.0160 | Raw Avg:   1.6027
  action_smoothness         | Scaled Avg:  -0.0005 | Raw Avg:   0.2565
  ang_vel_xy                | Scaled Avg:  -0.0027 | Raw Avg:   1.3584
  collision                 | Scaled Avg:  -0.0001 | Raw Avg:   0.0044
  dof_acc                   | Scaled Avg:  -0.0007 | Raw Avg: 147101.0000
  dof_error                 | Scaled Avg:  -0.0029 | Raw Avg:   0.2916
  dof_vel                   | Scaled Avg:  -0.0080 | Raw Avg:  79.6907
  feet_contact_forces       | Scaled Avg:  -0.0000 | Raw Avg:   8.2748
  foot_clearance            | Scaled Avg:  -0.0001 | Raw Avg:   0.0085
  foot_mirror               | Scaled Avg:  -0.0001 | Raw Avg:   0.0824
  foot_slide                | Scaled Avg:  -0.0017 | Raw Avg:   1.7149
  has_contact               | Scaled Avg:   0.0003 | Raw Avg:   0.0168
  hip_pos                   | Scaled Avg:  -0.0028 | Raw Avg:   0.0284
  lin_vel_z                 | Scaled Avg:  -0.0017 | Raw Avg:   0.0212
  orientation               | Scaled Avg:  -0.0000 | Raw Avg:   0.0111
  powers                    | Scaled Avg:  -0.0001 | Raw Avg: 145.0237
  stand_still               | Scaled Avg:  -0.0002 | Raw Avg:   0.0022
  torques                   | Scaled Avg:  -0.0002 | Raw Avg: 1157.2897
  tracking_ang_vel          | Scaled Avg:   0.0157 | Raw Avg:   0.7839
  tracking_lin_vel          | Scaled Avg:   0.0318 | Raw Avg:   0.7953
  TOTAL REWARD              | Scaled Avg:   0.0099
------------------------------
################################################################################
                    [1m Learning iteration 13500/15000 [0m                    

                       Computation: 84560 steps/s (collection: 1.260s, learning 0.470s)
                     surrogate_loss -0.0042
                         value_loss 0.0403
                            entropy 2.2910
                     estimator_loss 0.0000
                         total_loss 0.0590
             Mean action noise std: 0.20
                       Mean reward: 5.37
               Mean episode length: 559.48
      Mean episode rew_action_rate: -0.4832
Mean episode rew_frame_action_rate: -0.0201
Mean episode rew_action_smoothness: -0.0153
Mean episode rew_frame_action_smoothness: -0.0006
       Mean episode rew_ang_vel_xy: -0.0817
 Mean episode rew_frame_ang_vel_xy: -0.0075
      Mean episode rew_base_height: -0.0002
Mean episode rew_frame_base_height: -0.0001
        Mean episode rew_collision: -0.0028
  Mean episode rew_frame_collision: -0.0012
          Mean episode rew_dof_acc: -0.0224
    Mean episode rew_frame_dof_acc: -0.0015
        Mean episode rew_dof_error: -0.0858
  Mean episode rew_frame_dof_error: -0.0078
          Mean episode rew_dof_vel: -0.2389
    Mean episode rew_frame_dof_vel: -0.0133
    Mean episode rew_feet_air_time: 0.0001
Mean episode rew_frame_feet_air_time: 0.0000
Mean episode rew_feet_contact_forces: -0.0007
Mean episode rew_frame_feet_contact_forces: -0.0000
   Mean episode rew_foot_clearance: -0.0024
Mean episode rew_frame_foot_clearance: -0.0001
      Mean episode rew_foot_mirror: -0.0024
Mean episode rew_frame_foot_mirror: -0.0003
       Mean episode rew_foot_slide: -0.0503
 Mean episode rew_frame_foot_slide: -0.0017
      Mean episode rew_has_contact: 0.0118
Mean episode rew_frame_has_contact: 0.0003
          Mean episode rew_hip_pos: -0.0861
    Mean episode rew_frame_hip_pos: -0.0095
        Mean episode rew_lin_vel_z: -0.0540
  Mean episode rew_frame_lin_vel_z: -0.0102
      Mean episode rew_orientation: -0.0013
Mean episode rew_frame_orientation: -0.0003
           Mean episode rew_powers: -0.0017
     Mean episode rew_frame_powers: -0.0001
      Mean episode rew_stand_still: -0.0056
Mean episode rew_frame_stand_still: -0.0014
          Mean episode rew_stumble: -0.0000
    Mean episode rew_frame_stumble: -0.0000
          Mean episode rew_torques: -0.0070
    Mean episode rew_frame_torques: -0.0003
 Mean episode rew_tracking_ang_vel: 0.4647
Mean episode rew_frame_tracking_ang_vel: 0.0121
 Mean episode rew_tracking_lin_vel: 0.9523
Mean episode rew_frame_tracking_lin_vel: 0.0229
Mean episode max_power_throughout_episode: 3531.6140
            Mean episode max_pos_x: 3.9350
            Mean episode min_pos_x: -3.1569
            Mean episode max_pos_y: 3.2077
            Mean episode min_pos_y: -4.3378
        Mean episode timeout_ratio: 0.5207
       Mean episode num_terminated: 9.3750
--------------------------------------------------------------------------------
                   Total timesteps: 5266944
                    Iteration time: 1.73s
                        Total time: 6174.74s
                               ETA: 2645.6s


------------------------------
Step: 84500 - Reward Breakdown:
  action_rate               | Scaled Avg:  -0.0165 | Raw Avg:   1.6456
  action_smoothness         | Scaled Avg:  -0.0005 | Raw Avg:   0.2574
  ang_vel_xy                | Scaled Avg:  -0.0026 | Raw Avg:   1.2909
  collision                 | Scaled Avg:  -0.0001 | Raw Avg:   0.0049
  dof_acc                   | Scaled Avg:  -0.0008 | Raw Avg: 160240.6875
  dof_error                 | Scaled Avg:  -0.0030 | Raw Avg:   0.3040
  dof_vel                   | Scaled Avg:  -0.0079 | Raw Avg:  79.3154
  feet_contact_forces       | Scaled Avg:  -0.0000 | Raw Avg:   7.6868
  foot_clearance            | Scaled Avg:  -0.0001 | Raw Avg:   0.0087
  foot_mirror               | Scaled Avg:  -0.0001 | Raw Avg:   0.0826
  foot_slide                | Scaled Avg:  -0.0017 | Raw Avg:   1.7427
  has_contact               | Scaled Avg:   0.0003 | Raw Avg:   0.0145
  hip_pos                   | Scaled Avg:  -0.0030 | Raw Avg:   0.0299
  lin_vel_z                 | Scaled Avg:  -0.0016 | Raw Avg:   0.0202
  orientation               | Scaled Avg:  -0.0000 | Raw Avg:   0.0108
  powers                    | Scaled Avg:  -0.0001 | Raw Avg: 141.3429
  stand_still               | Scaled Avg:  -0.0002 | Raw Avg:   0.0019
  torques                   | Scaled Avg:  -0.0002 | Raw Avg: 1087.6956
  tracking_ang_vel          | Scaled Avg:   0.0157 | Raw Avg:   0.7872
  tracking_lin_vel          | Scaled Avg:   0.0324 | Raw Avg:   0.8099
  TOTAL REWARD              | Scaled Avg:   0.0100
------------------------------

------------------------------
Step: 85000 - Reward Breakdown:
  action_rate               | Scaled Avg:  -0.0162 | Raw Avg:   1.6187
  action_smoothness         | Scaled Avg:  -0.0005 | Raw Avg:   0.2560
  ang_vel_xy                | Scaled Avg:  -0.0027 | Raw Avg:   1.3294
  collision                 | Scaled Avg:  -0.0002 | Raw Avg:   0.0077
  dof_acc                   | Scaled Avg:  -0.0008 | Raw Avg: 160732.2031
  dof_error                 | Scaled Avg:  -0.0030 | Raw Avg:   0.3022
  dof_vel                   | Scaled Avg:  -0.0080 | Raw Avg:  80.2002
  feet_contact_forces       | Scaled Avg:  -0.0000 | Raw Avg:   7.7863
  foot_clearance            | Scaled Avg:  -0.0001 | Raw Avg:   0.0090
  foot_mirror               | Scaled Avg:  -0.0001 | Raw Avg:   0.0824
  foot_slide                | Scaled Avg:  -0.0017 | Raw Avg:   1.7070
  has_contact               | Scaled Avg:   0.0003 | Raw Avg:   0.0171
  hip_pos                   | Scaled Avg:  -0.0029 | Raw Avg:   0.0292
  lin_vel_z                 | Scaled Avg:  -0.0018 | Raw Avg:   0.0227
  orientation               | Scaled Avg:  -0.0000 | Raw Avg:   0.0113
  powers                    | Scaled Avg:  -0.0001 | Raw Avg: 141.5652
  stand_still               | Scaled Avg:  -0.0003 | Raw Avg:   0.0032
  torques                   | Scaled Avg:  -0.0002 | Raw Avg: 1103.7789
  tracking_ang_vel          | Scaled Avg:   0.0158 | Raw Avg:   0.7901
  tracking_lin_vel          | Scaled Avg:   0.0323 | Raw Avg:   0.8077
  TOTAL REWARD              | Scaled Avg:   0.0098
------------------------------

------------------------------
Step: 85500 - Reward Breakdown:
  action_rate               | Scaled Avg:  -0.0162 | Raw Avg:   1.6249
  action_smoothness         | Scaled Avg:  -0.0005 | Raw Avg:   0.2564
  ang_vel_xy                | Scaled Avg:  -0.0027 | Raw Avg:   1.3268
  collision                 | Scaled Avg:  -0.0001 | Raw Avg:   0.0046
  dof_acc                   | Scaled Avg:  -0.0007 | Raw Avg: 149278.4688
  dof_error                 | Scaled Avg:  -0.0030 | Raw Avg:   0.2989
  dof_vel                   | Scaled Avg:  -0.0081 | Raw Avg:  81.2242
  feet_contact_forces       | Scaled Avg:  -0.0000 | Raw Avg:   7.9475
  foot_clearance            | Scaled Avg:  -0.0001 | Raw Avg:   0.0084
  foot_mirror               | Scaled Avg:  -0.0001 | Raw Avg:   0.0822
  foot_slide                | Scaled Avg:  -0.0017 | Raw Avg:   1.7034
  has_contact               | Scaled Avg:   0.0003 | Raw Avg:   0.0169
  hip_pos                   | Scaled Avg:  -0.0030 | Raw Avg:   0.0298
  lin_vel_z                 | Scaled Avg:  -0.0017 | Raw Avg:   0.0218
  orientation               | Scaled Avg:  -0.0000 | Raw Avg:   0.0101
  powers                    | Scaled Avg:  -0.0001 | Raw Avg: 143.3905
  stand_still               | Scaled Avg:  -0.0002 | Raw Avg:   0.0017
  torques                   | Scaled Avg:  -0.0002 | Raw Avg: 1127.9744
  tracking_ang_vel          | Scaled Avg:   0.0157 | Raw Avg:   0.7831
  tracking_lin_vel          | Scaled Avg:   0.0323 | Raw Avg:   0.8065
  TOTAL REWARD              | Scaled Avg:   0.0098
------------------------------

------------------------------
Step: 86000 - Reward Breakdown:
  action_rate               | Scaled Avg:  -0.0160 | Raw Avg:   1.6041
  action_smoothness         | Scaled Avg:  -0.0005 | Raw Avg:   0.2537
  ang_vel_xy                | Scaled Avg:  -0.0027 | Raw Avg:   1.3265
  collision                 | Scaled Avg:  -0.0001 | Raw Avg:   0.0056
  dof_acc                   | Scaled Avg:  -0.0007 | Raw Avg: 139093.1094
  dof_error                 | Scaled Avg:  -0.0030 | Raw Avg:   0.3003
  dof_vel                   | Scaled Avg:  -0.0080 | Raw Avg:  80.2432
  feet_contact_forces       | Scaled Avg:  -0.0000 | Raw Avg:   8.0017
  foot_clearance            | Scaled Avg:  -0.0001 | Raw Avg:   0.0080
  foot_mirror               | Scaled Avg:  -0.0001 | Raw Avg:   0.0838
  foot_slide                | Scaled Avg:  -0.0017 | Raw Avg:   1.7432
  has_contact               | Scaled Avg:   0.0004 | Raw Avg:   0.0178
  hip_pos                   | Scaled Avg:  -0.0031 | Raw Avg:   0.0308
  lin_vel_z                 | Scaled Avg:  -0.0017 | Raw Avg:   0.0213
  orientation               | Scaled Avg:  -0.0000 | Raw Avg:   0.0117
  powers                    | Scaled Avg:  -0.0001 | Raw Avg: 144.3743
  stand_still               | Scaled Avg:  -0.0002 | Raw Avg:   0.0017
  torques                   | Scaled Avg:  -0.0002 | Raw Avg: 1127.4562
  tracking_ang_vel          | Scaled Avg:   0.0155 | Raw Avg:   0.7737
  tracking_lin_vel          | Scaled Avg:   0.0323 | Raw Avg:   0.8086
  TOTAL REWARD              | Scaled Avg:   0.0099
------------------------------
################################################################################
                    [1m Learning iteration 13600/15000 [0m                    

                       Computation: 82607 steps/s (collection: 1.296s, learning 0.475s)
                     surrogate_loss -0.0050
                         value_loss 0.0524
                            entropy 2.2970
                     estimator_loss 0.0000
                         total_loss 0.0704
             Mean action noise std: 0.20
                       Mean reward: 4.96
               Mean episode length: 594.76
      Mean episode rew_action_rate: -0.5136
Mean episode rew_frame_action_rate: -0.0191
Mean episode rew_action_smoothness: -0.0162
Mean episode rew_frame_action_smoothness: -0.0006
       Mean episode rew_ang_vel_xy: -0.0827
 Mean episode rew_frame_ang_vel_xy: -0.0063
      Mean episode rew_base_height: -0.0002
Mean episode rew_frame_base_height: -0.0001
        Mean episode rew_collision: -0.0036
  Mean episode rew_frame_collision: -0.0008
          Mean episode rew_dof_acc: -0.0229
    Mean episode rew_frame_dof_acc: -0.0013
        Mean episode rew_dof_error: -0.0941
  Mean episode rew_frame_dof_error: -0.0073
          Mean episode rew_dof_vel: -0.2533
    Mean episode rew_frame_dof_vel: -0.0121
    Mean episode rew_feet_air_time: 0.0002
Mean episode rew_frame_feet_air_time: 0.0000
Mean episode rew_feet_contact_forces: -0.0008
Mean episode rew_frame_feet_contact_forces: -0.0000
   Mean episode rew_foot_clearance: -0.0027
Mean episode rew_frame_foot_clearance: -0.0001
      Mean episode rew_foot_mirror: -0.0025
Mean episode rew_frame_foot_mirror: -0.0002
       Mean episode rew_foot_slide: -0.0547
 Mean episode rew_frame_foot_slide: -0.0017
      Mean episode rew_has_contact: 0.0131
Mean episode rew_frame_has_contact: 0.0004
          Mean episode rew_hip_pos: -0.0948
    Mean episode rew_frame_hip_pos: -0.0091
        Mean episode rew_lin_vel_z: -0.0543
  Mean episode rew_frame_lin_vel_z: -0.0081
      Mean episode rew_orientation: -0.0013
Mean episode rew_frame_orientation: -0.0003
           Mean episode rew_powers: -0.0018
     Mean episode rew_frame_powers: -0.0001
      Mean episode rew_stand_still: -0.0218
Mean episode rew_frame_stand_still: -0.0022
          Mean episode rew_stumble: -0.0000
    Mean episode rew_frame_stumble: -0.0000
          Mean episode rew_torques: -0.0070
    Mean episode rew_frame_torques: -0.0003
 Mean episode rew_tracking_ang_vel: 0.4975
Mean episode rew_frame_tracking_ang_vel: 0.0124
 Mean episode rew_tracking_lin_vel: 1.0371
Mean episode rew_frame_tracking_lin_vel: 0.0245
Mean episode max_power_throughout_episode: 3648.7529
            Mean episode max_pos_x: 4.0155
            Mean episode min_pos_x: -3.3636
            Mean episode max_pos_y: 4.4637
            Mean episode min_pos_y: -3.8822
        Mean episode timeout_ratio: 0.5743
       Mean episode num_terminated: 10.5833
--------------------------------------------------------------------------------
                   Total timesteps: 5413248
                    Iteration time: 1.77s
                        Total time: 6349.68s
                               ETA: 2468.6s


------------------------------
Step: 86500 - Reward Breakdown:
  action_rate               | Scaled Avg:  -0.0163 | Raw Avg:   1.6289
  action_smoothness         | Scaled Avg:  -0.0005 | Raw Avg:   0.2530
  ang_vel_xy                | Scaled Avg:  -0.0026 | Raw Avg:   1.3139
  collision                 | Scaled Avg:  -0.0001 | Raw Avg:   0.0043
  dof_acc                   | Scaled Avg:  -0.0007 | Raw Avg: 140269.7812
  dof_error                 | Scaled Avg:  -0.0029 | Raw Avg:   0.2853
  dof_vel                   | Scaled Avg:  -0.0080 | Raw Avg:  79.8702
  feet_air_time             | Scaled Avg:   0.0000 | Raw Avg:   0.0008
  feet_contact_forces       | Scaled Avg:  -0.0000 | Raw Avg:   8.5197
  foot_clearance            | Scaled Avg:  -0.0001 | Raw Avg:   0.0085
  foot_mirror               | Scaled Avg:  -0.0001 | Raw Avg:   0.0767
  foot_slide                | Scaled Avg:  -0.0017 | Raw Avg:   1.7385
  has_contact               | Scaled Avg:   0.0003 | Raw Avg:   0.0175
  hip_pos                   | Scaled Avg:  -0.0028 | Raw Avg:   0.0284
  lin_vel_z                 | Scaled Avg:  -0.0017 | Raw Avg:   0.0218
  orientation               | Scaled Avg:  -0.0000 | Raw Avg:   0.0100
  powers                    | Scaled Avg:  -0.0001 | Raw Avg: 140.9158
  stand_still               | Scaled Avg:  -0.0002 | Raw Avg:   0.0023
  torques                   | Scaled Avg:  -0.0002 | Raw Avg: 1097.6992
  tracking_ang_vel          | Scaled Avg:   0.0156 | Raw Avg:   0.7778
  tracking_lin_vel          | Scaled Avg:   0.0327 | Raw Avg:   0.8163
  TOTAL REWARD              | Scaled Avg:   0.0105
------------------------------

------------------------------
Step: 87000 - Reward Breakdown:
  action_rate               | Scaled Avg:  -0.0162 | Raw Avg:   1.6164
  action_smoothness         | Scaled Avg:  -0.0005 | Raw Avg:   0.2519
  ang_vel_xy                | Scaled Avg:  -0.0026 | Raw Avg:   1.2944
  collision                 | Scaled Avg:  -0.0001 | Raw Avg:   0.0046
  dof_acc                   | Scaled Avg:  -0.0007 | Raw Avg: 143926.3750
  dof_error                 | Scaled Avg:  -0.0029 | Raw Avg:   0.2935
  dof_vel                   | Scaled Avg:  -0.0080 | Raw Avg:  80.2732
  feet_contact_forces       | Scaled Avg:  -0.0000 | Raw Avg:   7.8438
  foot_clearance            | Scaled Avg:  -0.0001 | Raw Avg:   0.0081
  foot_mirror               | Scaled Avg:  -0.0001 | Raw Avg:   0.0837
  foot_slide                | Scaled Avg:  -0.0017 | Raw Avg:   1.7351
  has_contact               | Scaled Avg:   0.0004 | Raw Avg:   0.0207
  hip_pos                   | Scaled Avg:  -0.0029 | Raw Avg:   0.0294
  lin_vel_z                 | Scaled Avg:  -0.0018 | Raw Avg:   0.0227
  orientation               | Scaled Avg:  -0.0000 | Raw Avg:   0.0104
  powers                    | Scaled Avg:  -0.0001 | Raw Avg: 142.5361
  stand_still               | Scaled Avg:  -0.0003 | Raw Avg:   0.0034
  torques                   | Scaled Avg:  -0.0002 | Raw Avg: 1113.4257
  tracking_ang_vel          | Scaled Avg:   0.0156 | Raw Avg:   0.7821
  tracking_lin_vel          | Scaled Avg:   0.0326 | Raw Avg:   0.8151
  TOTAL REWARD              | Scaled Avg:   0.0103
------------------------------

------------------------------
Step: 87500 - Reward Breakdown:
  action_rate               | Scaled Avg:  -0.0161 | Raw Avg:   1.6123
  action_smoothness         | Scaled Avg:  -0.0005 | Raw Avg:   0.2549
  ang_vel_xy                | Scaled Avg:  -0.0026 | Raw Avg:   1.2993
  collision                 | Scaled Avg:  -0.0001 | Raw Avg:   0.0043
  dof_acc                   | Scaled Avg:  -0.0007 | Raw Avg: 142265.5469
  dof_error                 | Scaled Avg:  -0.0030 | Raw Avg:   0.3039
  dof_vel                   | Scaled Avg:  -0.0080 | Raw Avg:  79.8378
  feet_contact_forces       | Scaled Avg:  -0.0000 | Raw Avg:   7.8292
  foot_clearance            | Scaled Avg:  -0.0001 | Raw Avg:   0.0084
  foot_mirror               | Scaled Avg:  -0.0001 | Raw Avg:   0.0856
  foot_slide                | Scaled Avg:  -0.0017 | Raw Avg:   1.7207
  has_contact               | Scaled Avg:   0.0003 | Raw Avg:   0.0157
  hip_pos                   | Scaled Avg:  -0.0030 | Raw Avg:   0.0303
  lin_vel_z                 | Scaled Avg:  -0.0026 | Raw Avg:   0.0326
  orientation               | Scaled Avg:  -0.0000 | Raw Avg:   0.0109
  powers                    | Scaled Avg:  -0.0001 | Raw Avg: 138.9473
  stand_still               | Scaled Avg:  -0.0002 | Raw Avg:   0.0025
  torques                   | Scaled Avg:  -0.0002 | Raw Avg: 1069.3234
  tracking_ang_vel          | Scaled Avg:   0.0157 | Raw Avg:   0.7842
  tracking_lin_vel          | Scaled Avg:   0.0325 | Raw Avg:   0.8129
  TOTAL REWARD              | Scaled Avg:   0.0093
------------------------------

------------------------------
Step: 88000 - Reward Breakdown:
  action_rate               | Scaled Avg:  -0.0173 | Raw Avg:   1.7304
  action_smoothness         | Scaled Avg:  -0.0005 | Raw Avg:   0.2725
  ang_vel_xy                | Scaled Avg:  -0.0028 | Raw Avg:   1.4170
  collision                 | Scaled Avg:  -0.0001 | Raw Avg:   0.0036
  dof_acc                   | Scaled Avg:  -0.0008 | Raw Avg: 165399.7656
  dof_error                 | Scaled Avg:  -0.0030 | Raw Avg:   0.3035
  dof_vel                   | Scaled Avg:  -0.0084 | Raw Avg:  83.8323
  feet_contact_forces       | Scaled Avg:  -0.0000 | Raw Avg:   8.2247
  foot_clearance            | Scaled Avg:  -0.0001 | Raw Avg:   0.0092
  foot_mirror               | Scaled Avg:  -0.0001 | Raw Avg:   0.0835
  foot_slide                | Scaled Avg:  -0.0018 | Raw Avg:   1.7508
  has_contact               | Scaled Avg:   0.0004 | Raw Avg:   0.0201
  hip_pos                   | Scaled Avg:  -0.0030 | Raw Avg:   0.0296
  lin_vel_z                 | Scaled Avg:  -0.0018 | Raw Avg:   0.0230
  orientation               | Scaled Avg:  -0.0000 | Raw Avg:   0.0116
  powers                    | Scaled Avg:  -0.0001 | Raw Avg: 139.8586
  stand_still               | Scaled Avg:  -0.0003 | Raw Avg:   0.0032
  torques                   | Scaled Avg:  -0.0002 | Raw Avg: 1035.5730
  tracking_ang_vel          | Scaled Avg:   0.0156 | Raw Avg:   0.7785
  tracking_lin_vel          | Scaled Avg:   0.0326 | Raw Avg:   0.8148
  TOTAL REWARD              | Scaled Avg:   0.0082
------------------------------

------------------------------
Step: 88500 - Reward Breakdown:
  action_rate               | Scaled Avg:  -0.0176 | Raw Avg:   1.7586
  action_smoothness         | Scaled Avg:  -0.0006 | Raw Avg:   0.2836
  ang_vel_xy                | Scaled Avg:  -0.0028 | Raw Avg:   1.3794
  collision                 | Scaled Avg:  -0.0001 | Raw Avg:   0.0059
  dof_acc                   | Scaled Avg:  -0.0009 | Raw Avg: 171883.6562
  dof_error                 | Scaled Avg:  -0.0032 | Raw Avg:   0.3178
  dof_vel                   | Scaled Avg:  -0.0084 | Raw Avg:  83.5235
  feet_contact_forces       | Scaled Avg:  -0.0000 | Raw Avg:   8.5636
  foot_clearance            | Scaled Avg:  -0.0001 | Raw Avg:   0.0089
  foot_mirror               | Scaled Avg:  -0.0001 | Raw Avg:   0.0889
  foot_slide                | Scaled Avg:  -0.0017 | Raw Avg:   1.7412
  has_contact               | Scaled Avg:   0.0003 | Raw Avg:   0.0160
  hip_pos                   | Scaled Avg:  -0.0031 | Raw Avg:   0.0308
  lin_vel_z                 | Scaled Avg:  -0.0157 | Raw Avg:   0.1959
  orientation               | Scaled Avg:  -0.0000 | Raw Avg:   0.0119
  powers                    | Scaled Avg:  -0.0001 | Raw Avg: 141.7900
  stand_still               | Scaled Avg:  -0.0003 | Raw Avg:   0.0030
  torques                   | Scaled Avg:  -0.0002 | Raw Avg: 1075.8407
  tracking_ang_vel          | Scaled Avg:   0.0152 | Raw Avg:   0.7600
  tracking_lin_vel          | Scaled Avg:   0.0319 | Raw Avg:   0.7963
  TOTAL REWARD              | Scaled Avg:   0.0056
------------------------------
################################################################################
                    [1m Learning iteration 13700/15000 [0m                    

                       Computation: 84782 steps/s (collection: 1.257s, learning 0.469s)
                     surrogate_loss -0.0005
                         value_loss 0.0622
                            entropy 0.9024
                     estimator_loss 0.0000
                         total_loss 0.0708
             Mean action noise std: 0.22
                       Mean reward: 3.53
               Mean episode length: 574.79
      Mean episode rew_action_rate: -0.4983
Mean episode rew_frame_action_rate: -0.0219
Mean episode rew_action_smoothness: -0.0158
Mean episode rew_frame_action_smoothness: -0.0007
       Mean episode rew_ang_vel_xy: -0.0805
 Mean episode rew_frame_ang_vel_xy: -0.0079
      Mean episode rew_base_height: -0.0002
Mean episode rew_frame_base_height: -0.0001
        Mean episode rew_collision: -0.0028
  Mean episode rew_frame_collision: -0.0012
          Mean episode rew_dof_acc: -0.0237
    Mean episode rew_frame_dof_acc: -0.0019
        Mean episode rew_dof_error: -0.0898
  Mean episode rew_frame_dof_error: -0.0094
          Mean episode rew_dof_vel: -0.2393
    Mean episode rew_frame_dof_vel: -0.0146
    Mean episode rew_feet_air_time: 0.0002
Mean episode rew_frame_feet_air_time: 0.0000
Mean episode rew_feet_contact_forces: -0.0007
Mean episode rew_frame_feet_contact_forces: -0.0000
   Mean episode rew_foot_clearance: -0.0026
Mean episode rew_frame_foot_clearance: -0.0001
      Mean episode rew_foot_mirror: -0.0025
Mean episode rew_frame_foot_mirror: -0.0003
       Mean episode rew_foot_slide: -0.0496
 Mean episode rew_frame_foot_slide: -0.0017
      Mean episode rew_has_contact: 0.0106
Mean episode rew_frame_has_contact: 0.0002
          Mean episode rew_hip_pos: -0.0892
    Mean episode rew_frame_hip_pos: -0.0121
        Mean episode rew_lin_vel_z: -0.0548
  Mean episode rew_frame_lin_vel_z: -0.0114
      Mean episode rew_orientation: -0.0015
Mean episode rew_frame_orientation: -0.0004
           Mean episode rew_powers: -0.0016
     Mean episode rew_frame_powers: -0.0001
      Mean episode rew_stand_still: -0.0048
Mean episode rew_frame_stand_still: -0.0001
          Mean episode rew_stumble: -0.0000
    Mean episode rew_frame_stumble: -0.0000
          Mean episode rew_torques: -0.0060
    Mean episode rew_frame_torques: -0.0003
 Mean episode rew_tracking_ang_vel: 0.4340
Mean episode rew_frame_tracking_ang_vel: 0.0115
 Mean episode rew_tracking_lin_vel: 0.9037
Mean episode rew_frame_tracking_lin_vel: 0.0222
Mean episode max_power_throughout_episode: 3475.4441
            Mean episode max_pos_x: 3.9441
            Mean episode min_pos_x: -3.4559
            Mean episode max_pos_y: 3.6289
            Mean episode min_pos_y: -3.6434
        Mean episode timeout_ratio: 0.5146
       Mean episode num_terminated: 9.7917
--------------------------------------------------------------------------------
                   Total timesteps: 5559552
                    Iteration time: 1.73s
                        Total time: 6525.99s
                               ETA: 2292.3s


------------------------------
Step: 89000 - Reward Breakdown:
  action_rate               | Scaled Avg:  -0.0178 | Raw Avg:   1.7805
  action_smoothness         | Scaled Avg:  -0.0006 | Raw Avg:   0.2868
  ang_vel_xy                | Scaled Avg:  -0.0029 | Raw Avg:   1.4346
  collision                 | Scaled Avg:  -0.0001 | Raw Avg:   0.0041
  dof_acc                   | Scaled Avg:  -0.0008 | Raw Avg: 157962.6562
  dof_error                 | Scaled Avg:  -0.0031 | Raw Avg:   0.3074
  dof_vel                   | Scaled Avg:  -0.0083 | Raw Avg:  83.4363
  feet_contact_forces       | Scaled Avg:  -0.0000 | Raw Avg:   8.7726
  foot_clearance            | Scaled Avg:  -0.0001 | Raw Avg:   0.0092
  foot_mirror               | Scaled Avg:  -0.0001 | Raw Avg:   0.0845
  foot_slide                | Scaled Avg:  -0.0018 | Raw Avg:   1.7566
  has_contact               | Scaled Avg:   0.0004 | Raw Avg:   0.0176
  hip_pos                   | Scaled Avg:  -0.0028 | Raw Avg:   0.0284
  lin_vel_z                 | Scaled Avg:  -0.0024 | Raw Avg:   0.0301
  orientation               | Scaled Avg:  -0.0000 | Raw Avg:   0.0114
  powers                    | Scaled Avg:  -0.0001 | Raw Avg: 141.0134
  stand_still               | Scaled Avg:  -0.0001 | Raw Avg:   0.0012
  torques                   | Scaled Avg:  -0.0002 | Raw Avg: 1065.7924
  tracking_ang_vel          | Scaled Avg:   0.0153 | Raw Avg:   0.7645
  tracking_lin_vel          | Scaled Avg:   0.0319 | Raw Avg:   0.7972
  TOTAL REWARD              | Scaled Avg:   0.0063
------------------------------

------------------------------
Step: 89500 - Reward Breakdown:
  action_rate               | Scaled Avg:  -0.0200 | Raw Avg:   1.9996
  action_smoothness         | Scaled Avg:  -0.0006 | Raw Avg:   0.3203
  ang_vel_xy                | Scaled Avg:  -0.0032 | Raw Avg:   1.6175
  base_height               | Scaled Avg:  -0.0001 | Raw Avg:   0.0035
  collision                 | Scaled Avg:  -0.0001 | Raw Avg:   0.0069
  dof_acc                   | Scaled Avg:  -0.0008 | Raw Avg: 163830.7188
  dof_error                 | Scaled Avg:  -0.0034 | Raw Avg:   0.3416
  dof_vel                   | Scaled Avg:  -0.0090 | Raw Avg:  89.8491
  feet_air_time             | Scaled Avg:   0.0000 | Raw Avg:   0.0004
  feet_contact_forces       | Scaled Avg:  -0.0000 | Raw Avg:   9.1980
  foot_clearance            | Scaled Avg:  -0.0001 | Raw Avg:   0.0086
  foot_mirror               | Scaled Avg:  -0.0001 | Raw Avg:   0.1025
  foot_slide                | Scaled Avg:  -0.0018 | Raw Avg:   1.8053
  has_contact               | Scaled Avg:   0.0004 | Raw Avg:   0.0193
  hip_pos                   | Scaled Avg:  -0.0032 | Raw Avg:   0.0319
  lin_vel_z                 | Scaled Avg:  -0.0259 | Raw Avg:   0.3242
  orientation               | Scaled Avg:  -0.0001 | Raw Avg:   0.0138
  powers                    | Scaled Avg:  -0.0001 | Raw Avg: 144.4432
  stand_still               | Scaled Avg:  -0.0003 | Raw Avg:   0.0027
  torques                   | Scaled Avg:  -0.0002 | Raw Avg: 1066.6959
  tracking_ang_vel          | Scaled Avg:   0.0149 | Raw Avg:   0.7442
  tracking_lin_vel          | Scaled Avg:   0.0316 | Raw Avg:   0.7903
  TOTAL REWARD              | Scaled Avg:  -0.0007
------------------------------

------------------------------
Step: 90000 - Reward Breakdown:
  action_rate               | Scaled Avg:  -0.0209 | Raw Avg:   2.0897
  action_smoothness         | Scaled Avg:  -0.0007 | Raw Avg:   0.3367
  ang_vel_xy                | Scaled Avg:  -0.0034 | Raw Avg:   1.6788
  base_height               | Scaled Avg:  -0.0000 | Raw Avg:   0.0005
  collision                 | Scaled Avg:  -0.0001 | Raw Avg:   0.0071
  dof_acc                   | Scaled Avg:  -0.0008 | Raw Avg: 168565.0781
  dof_error                 | Scaled Avg:  -0.0033 | Raw Avg:   0.3262
  dof_vel                   | Scaled Avg:  -0.0095 | Raw Avg:  95.1612
  feet_contact_forces       | Scaled Avg:  -0.0000 | Raw Avg:   9.3869
  foot_clearance            | Scaled Avg:  -0.0001 | Raw Avg:   0.0079
  foot_mirror               | Scaled Avg:  -0.0001 | Raw Avg:   0.0997
  foot_slide                | Scaled Avg:  -0.0018 | Raw Avg:   1.7933
  has_contact               | Scaled Avg:   0.0004 | Raw Avg:   0.0208
  hip_pos                   | Scaled Avg:  -0.0032 | Raw Avg:   0.0315
  lin_vel_z                 | Scaled Avg:  -0.0149 | Raw Avg:   0.1857
  orientation               | Scaled Avg:  -0.0001 | Raw Avg:   0.0146
  powers                    | Scaled Avg:  -0.0001 | Raw Avg: 156.6778
  stand_still               | Scaled Avg:  -0.0004 | Raw Avg:   0.0039
  torques                   | Scaled Avg:  -0.0002 | Raw Avg: 1182.9601
  tracking_ang_vel          | Scaled Avg:   0.0145 | Raw Avg:   0.7256
  tracking_lin_vel          | Scaled Avg:   0.0312 | Raw Avg:   0.7804
  TOTAL REWARD              | Scaled Avg:  -0.0016
------------------------------

------------------------------
Step: 90500 - Reward Breakdown:
  action_rate               | Scaled Avg:  -0.0193 | Raw Avg:   1.9332
  action_smoothness         | Scaled Avg:  -0.0006 | Raw Avg:   0.3096
  ang_vel_xy                | Scaled Avg:  -0.0030 | Raw Avg:   1.4880
  base_height               | Scaled Avg:  -0.0000 | Raw Avg:   0.0005
  collision                 | Scaled Avg:  -0.0001 | Raw Avg:   0.0056
  dof_acc                   | Scaled Avg:  -0.0008 | Raw Avg: 158969.0938
  dof_error                 | Scaled Avg:  -0.0032 | Raw Avg:   0.3177
  dof_vel                   | Scaled Avg:  -0.0090 | Raw Avg:  89.9944
  feet_contact_forces       | Scaled Avg:  -0.0000 | Raw Avg:   9.3329
  foot_clearance            | Scaled Avg:  -0.0001 | Raw Avg:   0.0081
  foot_mirror               | Scaled Avg:  -0.0001 | Raw Avg:   0.0911
  foot_slide                | Scaled Avg:  -0.0018 | Raw Avg:   1.7655
  has_contact               | Scaled Avg:   0.0004 | Raw Avg:   0.0223
  hip_pos                   | Scaled Avg:  -0.0030 | Raw Avg:   0.0301
  lin_vel_z                 | Scaled Avg:  -0.0174 | Raw Avg:   0.2178
  orientation               | Scaled Avg:  -0.0000 | Raw Avg:   0.0116
  powers                    | Scaled Avg:  -0.0001 | Raw Avg: 152.2801
  stand_still               | Scaled Avg:  -0.0003 | Raw Avg:   0.0027
  torques                   | Scaled Avg:  -0.0002 | Raw Avg: 1195.3999
  tracking_ang_vel          | Scaled Avg:   0.0150 | Raw Avg:   0.7520
  tracking_lin_vel          | Scaled Avg:   0.0316 | Raw Avg:   0.7897
  TOTAL REWARD              | Scaled Avg:   0.0027
------------------------------

------------------------------
Step: 91000 - Reward Breakdown:
  action_rate               | Scaled Avg:  -0.0197 | Raw Avg:   1.9692
  action_smoothness         | Scaled Avg:  -0.0006 | Raw Avg:   0.3113
  ang_vel_xy                | Scaled Avg:  -0.0030 | Raw Avg:   1.4951
  collision                 | Scaled Avg:  -0.0001 | Raw Avg:   0.0072
  dof_acc                   | Scaled Avg:  -0.0009 | Raw Avg: 172690.7656
  dof_error                 | Scaled Avg:  -0.0032 | Raw Avg:   0.3232
  dof_vel                   | Scaled Avg:  -0.0091 | Raw Avg:  91.0421
  feet_air_time             | Scaled Avg:   0.0000 | Raw Avg:   0.0003
  feet_contact_forces       | Scaled Avg:  -0.0000 | Raw Avg:   9.6222
  foot_clearance            | Scaled Avg:  -0.0001 | Raw Avg:   0.0088
  foot_mirror               | Scaled Avg:  -0.0001 | Raw Avg:   0.0919
  foot_slide                | Scaled Avg:  -0.0018 | Raw Avg:   1.7952
  has_contact               | Scaled Avg:   0.0003 | Raw Avg:   0.0167
  hip_pos                   | Scaled Avg:  -0.0031 | Raw Avg:   0.0314
  lin_vel_z                 | Scaled Avg:  -0.0034 | Raw Avg:   0.0420
  orientation               | Scaled Avg:  -0.0000 | Raw Avg:   0.0118
  powers                    | Scaled Avg:  -0.0001 | Raw Avg: 151.2017
  stand_still               | Scaled Avg:  -0.0004 | Raw Avg:   0.0037
  torques                   | Scaled Avg:  -0.0002 | Raw Avg: 1136.5588
  tracking_ang_vel          | Scaled Avg:   0.0150 | Raw Avg:   0.7484
  tracking_lin_vel          | Scaled Avg:   0.0317 | Raw Avg:   0.7933
  TOTAL REWARD              | Scaled Avg:   0.0018
------------------------------
################################################################################
                    [1m Learning iteration 13800/15000 [0m                    

                       Computation: 83237 steps/s (collection: 1.285s, learning 0.472s)
                     surrogate_loss -0.0026
                         value_loss 0.2363
                            entropy 0.3520
                     estimator_loss 0.0000
                         total_loss 0.2372
             Mean action noise std: 0.24
                       Mean reward: 1.49
               Mean episode length: 556.19
      Mean episode rew_action_rate: -0.5128
Mean episode rew_frame_action_rate: -0.0230
Mean episode rew_action_smoothness: -0.0164
Mean episode rew_frame_action_smoothness: -0.0007
       Mean episode rew_ang_vel_xy: -0.0806
 Mean episode rew_frame_ang_vel_xy: -0.0088
      Mean episode rew_base_height: -0.0003
Mean episode rew_frame_base_height: -0.0001
        Mean episode rew_collision: -0.0039
  Mean episode rew_frame_collision: -0.0013
          Mean episode rew_dof_acc: -0.0212
    Mean episode rew_frame_dof_acc: -0.0016
        Mean episode rew_dof_error: -0.0846
  Mean episode rew_frame_dof_error: -0.0094
          Mean episode rew_dof_vel: -0.2375
    Mean episode rew_frame_dof_vel: -0.0154
    Mean episode rew_feet_air_time: 0.0002
Mean episode rew_frame_feet_air_time: 0.0000
Mean episode rew_feet_contact_forces: -0.0007
Mean episode rew_frame_feet_contact_forces: -0.0000
   Mean episode rew_foot_clearance: -0.0021
Mean episode rew_frame_foot_clearance: -0.0001
      Mean episode rew_foot_mirror: -0.0025
Mean episode rew_frame_foot_mirror: -0.0003
       Mean episode rew_foot_slide: -0.0460
 Mean episode rew_frame_foot_slide: -0.0017
      Mean episode rew_has_contact: 0.0115
Mean episode rew_frame_has_contact: 0.0003
          Mean episode rew_hip_pos: -0.0830
    Mean episode rew_frame_hip_pos: -0.0118
        Mean episode rew_lin_vel_z: -0.0549
  Mean episode rew_frame_lin_vel_z: -0.0137
      Mean episode rew_orientation: -0.0014
Mean episode rew_frame_orientation: -0.0004
           Mean episode rew_powers: -0.0016
     Mean episode rew_frame_powers: -0.0001
      Mean episode rew_stand_still: -0.0068
Mean episode rew_frame_stand_still: -0.0002
          Mean episode rew_stumble: -0.0000
    Mean episode rew_frame_stumble: -0.0000
          Mean episode rew_torques: -0.0062
    Mean episode rew_frame_torques: -0.0003
 Mean episode rew_tracking_ang_vel: 0.3916
Mean episode rew_frame_tracking_ang_vel: 0.0110
 Mean episode rew_tracking_lin_vel: 0.8343
Mean episode rew_frame_tracking_lin_vel: 0.0211
Mean episode max_power_throughout_episode: 3756.6443
            Mean episode max_pos_x: 4.9169
            Mean episode min_pos_x: -3.3245
            Mean episode max_pos_y: 3.8999
            Mean episode min_pos_y: -4.0780
        Mean episode timeout_ratio: 0.4600
       Mean episode num_terminated: 11.6250
--------------------------------------------------------------------------------
                   Total timesteps: 5705856
                    Iteration time: 1.76s
                        Total time: 6703.96s
                               ETA: 2116.5s


------------------------------
Step: 91500 - Reward Breakdown:
  action_rate               | Scaled Avg:  -0.0188 | Raw Avg:   1.8811
  action_smoothness         | Scaled Avg:  -0.0006 | Raw Avg:   0.3021
  ang_vel_xy                | Scaled Avg:  -0.0029 | Raw Avg:   1.4453
  collision                 | Scaled Avg:  -0.0001 | Raw Avg:   0.0056
  dof_acc                   | Scaled Avg:  -0.0008 | Raw Avg: 158210.9688
  dof_error                 | Scaled Avg:  -0.0031 | Raw Avg:   0.3129
  dof_vel                   | Scaled Avg:  -0.0088 | Raw Avg:  88.2181
  feet_contact_forces       | Scaled Avg:  -0.0000 | Raw Avg:   8.7084
  foot_clearance            | Scaled Avg:  -0.0001 | Raw Avg:   0.0082
  foot_mirror               | Scaled Avg:  -0.0001 | Raw Avg:   0.0921
  foot_slide                | Scaled Avg:  -0.0018 | Raw Avg:   1.7828
  has_contact               | Scaled Avg:   0.0004 | Raw Avg:   0.0194
  hip_pos                   | Scaled Avg:  -0.0029 | Raw Avg:   0.0290
  lin_vel_z                 | Scaled Avg:  -0.0019 | Raw Avg:   0.0231
  orientation               | Scaled Avg:  -0.0000 | Raw Avg:   0.0125
  powers                    | Scaled Avg:  -0.0001 | Raw Avg: 142.8968
  stand_still               | Scaled Avg:  -0.0003 | Raw Avg:   0.0028
  torques                   | Scaled Avg:  -0.0002 | Raw Avg: 1077.0200
  tracking_ang_vel          | Scaled Avg:   0.0151 | Raw Avg:   0.7525
  tracking_lin_vel          | Scaled Avg:   0.0315 | Raw Avg:   0.7874
  TOTAL REWARD              | Scaled Avg:   0.0044
------------------------------

------------------------------
Step: 92000 - Reward Breakdown:
  action_rate               | Scaled Avg:  -0.0174 | Raw Avg:   1.7411
  action_smoothness         | Scaled Avg:  -0.0006 | Raw Avg:   0.2763
  ang_vel_xy                | Scaled Avg:  -0.0028 | Raw Avg:   1.4041
  collision                 | Scaled Avg:  -0.0001 | Raw Avg:   0.0064
  dof_acc                   | Scaled Avg:  -0.0008 | Raw Avg: 152877.4531
  dof_error                 | Scaled Avg:  -0.0031 | Raw Avg:   0.3054
  dof_vel                   | Scaled Avg:  -0.0084 | Raw Avg:  84.4249
  feet_air_time             | Scaled Avg:   0.0000 | Raw Avg:   0.0003
  feet_contact_forces       | Scaled Avg:  -0.0000 | Raw Avg:   9.3521
  foot_clearance            | Scaled Avg:  -0.0001 | Raw Avg:   0.0083
  foot_mirror               | Scaled Avg:  -0.0001 | Raw Avg:   0.0848
  foot_slide                | Scaled Avg:  -0.0017 | Raw Avg:   1.7106
  has_contact               | Scaled Avg:   0.0003 | Raw Avg:   0.0160
  hip_pos                   | Scaled Avg:  -0.0029 | Raw Avg:   0.0292
  lin_vel_z                 | Scaled Avg:  -0.0018 | Raw Avg:   0.0228
  orientation               | Scaled Avg:  -0.0000 | Raw Avg:   0.0115
  powers                    | Scaled Avg:  -0.0001 | Raw Avg: 140.9093
  stand_still               | Scaled Avg:  -0.0003 | Raw Avg:   0.0027
  torques                   | Scaled Avg:  -0.0002 | Raw Avg: 1058.0549
  tracking_ang_vel          | Scaled Avg:   0.0155 | Raw Avg:   0.7773
  tracking_lin_vel          | Scaled Avg:   0.0324 | Raw Avg:   0.8111
  TOTAL REWARD              | Scaled Avg:   0.0079
------------------------------

------------------------------
Step: 92500 - Reward Breakdown:
  action_rate               | Scaled Avg:  -0.0169 | Raw Avg:   1.6871
  action_smoothness         | Scaled Avg:  -0.0005 | Raw Avg:   0.2662
  ang_vel_xy                | Scaled Avg:  -0.0030 | Raw Avg:   1.4822
  base_height               | Scaled Avg:  -0.0000 | Raw Avg:   0.0005
  collision                 | Scaled Avg:  -0.0002 | Raw Avg:   0.0090
  dof_acc                   | Scaled Avg:  -0.0007 | Raw Avg: 135913.6719
  dof_error                 | Scaled Avg:  -0.0031 | Raw Avg:   0.3118
  dof_vel                   | Scaled Avg:  -0.0083 | Raw Avg:  83.2513
  feet_air_time             | Scaled Avg:   0.0000 | Raw Avg:   0.0003
  feet_contact_forces       | Scaled Avg:  -0.0000 | Raw Avg:   8.0021
  foot_clearance            | Scaled Avg:  -0.0001 | Raw Avg:   0.0076
  foot_mirror               | Scaled Avg:  -0.0001 | Raw Avg:   0.0920
  foot_slide                | Scaled Avg:  -0.0017 | Raw Avg:   1.7269
  has_contact               | Scaled Avg:   0.0004 | Raw Avg:   0.0204
  hip_pos                   | Scaled Avg:  -0.0032 | Raw Avg:   0.0316
  lin_vel_z                 | Scaled Avg:  -0.0020 | Raw Avg:   0.0254
  orientation               | Scaled Avg:  -0.0001 | Raw Avg:   0.0136
  powers                    | Scaled Avg:  -0.0001 | Raw Avg: 154.7818
  stand_still               | Scaled Avg:  -0.0003 | Raw Avg:   0.0026
  torques                   | Scaled Avg:  -0.0003 | Raw Avg: 1258.0814
  tracking_ang_vel          | Scaled Avg:   0.0153 | Raw Avg:   0.7629
  tracking_lin_vel          | Scaled Avg:   0.0318 | Raw Avg:   0.7948
  TOTAL REWARD              | Scaled Avg:   0.0070
------------------------------

------------------------------
Step: 93000 - Reward Breakdown:
  action_rate               | Scaled Avg:  -0.0171 | Raw Avg:   1.7057
  action_smoothness         | Scaled Avg:  -0.0005 | Raw Avg:   0.2690
  ang_vel_xy                | Scaled Avg:  -0.0031 | Raw Avg:   1.5600
  base_height               | Scaled Avg:  -0.0000 | Raw Avg:   0.0005
  collision                 | Scaled Avg:  -0.0002 | Raw Avg:   0.0089
  dof_acc                   | Scaled Avg:  -0.0006 | Raw Avg: 128934.9922
  dof_error                 | Scaled Avg:  -0.0031 | Raw Avg:   0.3069
  dof_vel                   | Scaled Avg:  -0.0083 | Raw Avg:  83.4442
  feet_contact_forces       | Scaled Avg:  -0.0000 | Raw Avg:   7.9710
  foot_clearance            | Scaled Avg:  -0.0001 | Raw Avg:   0.0077
  foot_mirror               | Scaled Avg:  -0.0001 | Raw Avg:   0.0886
  foot_slide                | Scaled Avg:  -0.0017 | Raw Avg:   1.7344
  has_contact               | Scaled Avg:   0.0003 | Raw Avg:   0.0173
  hip_pos                   | Scaled Avg:  -0.0032 | Raw Avg:   0.0320
  lin_vel_z                 | Scaled Avg:  -0.0019 | Raw Avg:   0.0241
  orientation               | Scaled Avg:  -0.0001 | Raw Avg:   0.0131
  powers                    | Scaled Avg:  -0.0001 | Raw Avg: 169.4859
  stand_still               | Scaled Avg:  -0.0003 | Raw Avg:   0.0027
  torques                   | Scaled Avg:  -0.0003 | Raw Avg: 1446.9866
  tracking_ang_vel          | Scaled Avg:   0.0153 | Raw Avg:   0.7654
  tracking_lin_vel          | Scaled Avg:   0.0315 | Raw Avg:   0.7887
  TOTAL REWARD              | Scaled Avg:   0.0065
------------------------------

------------------------------
Step: 93500 - Reward Breakdown:
  action_rate               | Scaled Avg:  -0.0173 | Raw Avg:   1.7312
  action_smoothness         | Scaled Avg:  -0.0005 | Raw Avg:   0.2705
  ang_vel_xy                | Scaled Avg:  -0.0030 | Raw Avg:   1.4845
  collision                 | Scaled Avg:  -0.0002 | Raw Avg:   0.0080
  dof_acc                   | Scaled Avg:  -0.0008 | Raw Avg: 151572.0156
  dof_error                 | Scaled Avg:  -0.0030 | Raw Avg:   0.3042
  dof_vel                   | Scaled Avg:  -0.0084 | Raw Avg:  83.6439
  feet_contact_forces       | Scaled Avg:  -0.0000 | Raw Avg:   8.3874
  foot_clearance            | Scaled Avg:  -0.0001 | Raw Avg:   0.0084
  foot_mirror               | Scaled Avg:  -0.0001 | Raw Avg:   0.0857
  foot_slide                | Scaled Avg:  -0.0017 | Raw Avg:   1.7232
  has_contact               | Scaled Avg:   0.0004 | Raw Avg:   0.0178
  hip_pos                   | Scaled Avg:  -0.0029 | Raw Avg:   0.0295
  lin_vel_z                 | Scaled Avg:  -0.0044 | Raw Avg:   0.0545
  orientation               | Scaled Avg:  -0.0000 | Raw Avg:   0.0122
  powers                    | Scaled Avg:  -0.0001 | Raw Avg: 163.4582
  stand_still               | Scaled Avg:  -0.0002 | Raw Avg:   0.0025
  torques                   | Scaled Avg:  -0.0003 | Raw Avg: 1391.5867
  tracking_ang_vel          | Scaled Avg:   0.0155 | Raw Avg:   0.7742
  tracking_lin_vel          | Scaled Avg:   0.0320 | Raw Avg:   0.8010
  TOTAL REWARD              | Scaled Avg:   0.0067
------------------------------
################################################################################
                    [1m Learning iteration 13900/15000 [0m                    

                       Computation: 84233 steps/s (collection: 1.265s, learning 0.472s)
                     surrogate_loss -0.0056
                         value_loss 0.0544
                            entropy 1.8947
                     estimator_loss 0.0000
                         total_loss 0.0678
             Mean action noise std: 0.21
                       Mean reward: 5.74
               Mean episode length: 642.20
      Mean episode rew_action_rate: -0.5513
Mean episode rew_frame_action_rate: -0.0196
Mean episode rew_action_smoothness: -0.0173
Mean episode rew_frame_action_smoothness: -0.0006
       Mean episode rew_ang_vel_xy: -0.0946
 Mean episode rew_frame_ang_vel_xy: -0.0063
      Mean episode rew_base_height: -0.0003
Mean episode rew_frame_base_height: -0.0001
        Mean episode rew_collision: -0.0023
  Mean episode rew_frame_collision: -0.0007
          Mean episode rew_dof_acc: -0.0230
    Mean episode rew_frame_dof_acc: -0.0012
        Mean episode rew_dof_error: -0.0922
  Mean episode rew_frame_dof_error: -0.0065
          Mean episode rew_dof_vel: -0.2708
    Mean episode rew_frame_dof_vel: -0.0118
    Mean episode rew_feet_air_time: 0.0002
Mean episode rew_frame_feet_air_time: 0.0000
Mean episode rew_feet_contact_forces: -0.0008
Mean episode rew_frame_feet_contact_forces: -0.0000
   Mean episode rew_foot_clearance: -0.0026
Mean episode rew_frame_foot_clearance: -0.0001
      Mean episode rew_foot_mirror: -0.0026
Mean episode rew_frame_foot_mirror: -0.0002
       Mean episode rew_foot_slide: -0.0561
 Mean episode rew_frame_foot_slide: -0.0017
      Mean episode rew_has_contact: 0.0138
Mean episode rew_frame_has_contact: 0.0004
          Mean episode rew_hip_pos: -0.0887
    Mean episode rew_frame_hip_pos: -0.0074
        Mean episode rew_lin_vel_z: -0.0559
  Mean episode rew_frame_lin_vel_z: -0.0074
      Mean episode rew_orientation: -0.0014
Mean episode rew_frame_orientation: -0.0003
           Mean episode rew_powers: -0.0021
     Mean episode rew_frame_powers: -0.0001
      Mean episode rew_stand_still: -0.0216
Mean episode rew_frame_stand_still: -0.0007
          Mean episode rew_stumble: -0.0000
    Mean episode rew_frame_stumble: -0.0000
          Mean episode rew_torques: -0.0090
    Mean episode rew_frame_torques: -0.0003
 Mean episode rew_tracking_ang_vel: 0.5066
Mean episode rew_frame_tracking_ang_vel: 0.0126
 Mean episode rew_tracking_lin_vel: 1.0546
Mean episode rew_frame_tracking_lin_vel: 0.0250
Mean episode max_power_throughout_episode: 3499.4182
            Mean episode max_pos_x: 3.6782
            Mean episode min_pos_x: -3.9080
            Mean episode max_pos_y: 3.6552
            Mean episode min_pos_y: -4.5944
        Mean episode timeout_ratio: 0.5953
       Mean episode num_terminated: 9.8333
--------------------------------------------------------------------------------
                   Total timesteps: 5852160
                    Iteration time: 1.74s
                        Total time: 6880.55s
                               ETA: 1940.2s


------------------------------
Step: 94000 - Reward Breakdown:
  action_rate               | Scaled Avg:  -0.0169 | Raw Avg:   1.6908
  action_smoothness         | Scaled Avg:  -0.0005 | Raw Avg:   0.2615
  ang_vel_xy                | Scaled Avg:  -0.0030 | Raw Avg:   1.4954
  collision                 | Scaled Avg:  -0.0002 | Raw Avg:   0.0077
  dof_acc                   | Scaled Avg:  -0.0007 | Raw Avg: 146904.6250
  dof_error                 | Scaled Avg:  -0.0030 | Raw Avg:   0.2977
  dof_vel                   | Scaled Avg:  -0.0082 | Raw Avg:  82.2786
  feet_contact_forces       | Scaled Avg:  -0.0000 | Raw Avg:   8.2365
  foot_clearance            | Scaled Avg:  -0.0001 | Raw Avg:   0.0084
  foot_mirror               | Scaled Avg:  -0.0001 | Raw Avg:   0.0862
  foot_slide                | Scaled Avg:  -0.0017 | Raw Avg:   1.7411
  has_contact               | Scaled Avg:   0.0004 | Raw Avg:   0.0175
  hip_pos                   | Scaled Avg:  -0.0030 | Raw Avg:   0.0298
  lin_vel_z                 | Scaled Avg:  -0.0019 | Raw Avg:   0.0232
  orientation               | Scaled Avg:  -0.0000 | Raw Avg:   0.0122
  powers                    | Scaled Avg:  -0.0001 | Raw Avg: 158.9433
  stand_still               | Scaled Avg:  -0.0003 | Raw Avg:   0.0028
  torques                   | Scaled Avg:  -0.0003 | Raw Avg: 1337.4613
  tracking_ang_vel          | Scaled Avg:   0.0155 | Raw Avg:   0.7761
  tracking_lin_vel          | Scaled Avg:   0.0325 | Raw Avg:   0.8124
  TOTAL REWARD              | Scaled Avg:   0.0084
------------------------------

------------------------------
Step: 94500 - Reward Breakdown:
  action_rate               | Scaled Avg:  -0.0166 | Raw Avg:   1.6552
  action_smoothness         | Scaled Avg:  -0.0005 | Raw Avg:   0.2578
  ang_vel_xy                | Scaled Avg:  -0.0029 | Raw Avg:   1.4653
  collision                 | Scaled Avg:  -0.0001 | Raw Avg:   0.0043
  dof_acc                   | Scaled Avg:  -0.0006 | Raw Avg: 127064.4609
  dof_error                 | Scaled Avg:  -0.0029 | Raw Avg:   0.2938
  dof_vel                   | Scaled Avg:  -0.0079 | Raw Avg:  79.0081
  feet_contact_forces       | Scaled Avg:  -0.0000 | Raw Avg:   7.4938
  foot_clearance            | Scaled Avg:  -0.0001 | Raw Avg:   0.0081
  foot_mirror               | Scaled Avg:  -0.0001 | Raw Avg:   0.0855
  foot_slide                | Scaled Avg:  -0.0018 | Raw Avg:   1.7637
  has_contact               | Scaled Avg:   0.0004 | Raw Avg:   0.0192
  hip_pos                   | Scaled Avg:  -0.0029 | Raw Avg:   0.0292
  lin_vel_z                 | Scaled Avg:  -0.0018 | Raw Avg:   0.0224
  orientation               | Scaled Avg:  -0.0000 | Raw Avg:   0.0115
  powers                    | Scaled Avg:  -0.0001 | Raw Avg: 151.0168
  stand_still               | Scaled Avg:  -0.0001 | Raw Avg:   0.0013
  torques                   | Scaled Avg:  -0.0003 | Raw Avg: 1268.0898
  tracking_ang_vel          | Scaled Avg:   0.0155 | Raw Avg:   0.7745
  tracking_lin_vel          | Scaled Avg:   0.0320 | Raw Avg:   0.7998
  TOTAL REWARD              | Scaled Avg:   0.0091
------------------------------

------------------------------
Step: 95000 - Reward Breakdown:
  action_rate               | Scaled Avg:  -0.0166 | Raw Avg:   1.6598
  action_smoothness         | Scaled Avg:  -0.0005 | Raw Avg:   0.2575
  ang_vel_xy                | Scaled Avg:  -0.0027 | Raw Avg:   1.3523
  collision                 | Scaled Avg:  -0.0001 | Raw Avg:   0.0052
  dof_acc                   | Scaled Avg:  -0.0007 | Raw Avg: 139291.8125
  dof_error                 | Scaled Avg:  -0.0029 | Raw Avg:   0.2880
  dof_vel                   | Scaled Avg:  -0.0080 | Raw Avg:  79.9390
  feet_contact_forces       | Scaled Avg:  -0.0000 | Raw Avg:   7.5065
  foot_clearance            | Scaled Avg:  -0.0001 | Raw Avg:   0.0084
  foot_mirror               | Scaled Avg:  -0.0001 | Raw Avg:   0.0820
  foot_slide                | Scaled Avg:  -0.0018 | Raw Avg:   1.7599
  has_contact               | Scaled Avg:   0.0004 | Raw Avg:   0.0219
  hip_pos                   | Scaled Avg:  -0.0028 | Raw Avg:   0.0276
  lin_vel_z                 | Scaled Avg:  -0.0016 | Raw Avg:   0.0204
  orientation               | Scaled Avg:  -0.0000 | Raw Avg:   0.0114
  powers                    | Scaled Avg:  -0.0001 | Raw Avg: 146.0468
  stand_still               | Scaled Avg:  -0.0004 | Raw Avg:   0.0042
  torques                   | Scaled Avg:  -0.0002 | Raw Avg: 1196.9146
  tracking_ang_vel          | Scaled Avg:   0.0156 | Raw Avg:   0.7815
  tracking_lin_vel          | Scaled Avg:   0.0323 | Raw Avg:   0.8067
  TOTAL REWARD              | Scaled Avg:   0.0097
------------------------------

------------------------------
Step: 95500 - Reward Breakdown:
  action_rate               | Scaled Avg:  -0.0161 | Raw Avg:   1.6084
  action_smoothness         | Scaled Avg:  -0.0005 | Raw Avg:   0.2537
  ang_vel_xy                | Scaled Avg:  -0.0028 | Raw Avg:   1.4155
  collision                 | Scaled Avg:  -0.0001 | Raw Avg:   0.0054
  dof_acc                   | Scaled Avg:  -0.0007 | Raw Avg: 135402.0469
  dof_error                 | Scaled Avg:  -0.0029 | Raw Avg:   0.2938
  dof_vel                   | Scaled Avg:  -0.0077 | Raw Avg:  76.8854
  feet_contact_forces       | Scaled Avg:  -0.0000 | Raw Avg:   7.2737
  foot_clearance            | Scaled Avg:  -0.0001 | Raw Avg:   0.0082
  foot_mirror               | Scaled Avg:  -0.0001 | Raw Avg:   0.0848
  foot_slide                | Scaled Avg:  -0.0017 | Raw Avg:   1.7228
  has_contact               | Scaled Avg:   0.0004 | Raw Avg:   0.0193
  hip_pos                   | Scaled Avg:  -0.0029 | Raw Avg:   0.0286
  lin_vel_z                 | Scaled Avg:  -0.0017 | Raw Avg:   0.0216
  orientation               | Scaled Avg:  -0.0000 | Raw Avg:   0.0105
  powers                    | Scaled Avg:  -0.0001 | Raw Avg: 144.9082
  stand_still               | Scaled Avg:  -0.0002 | Raw Avg:   0.0020
  torques                   | Scaled Avg:  -0.0002 | Raw Avg: 1188.9174
  tracking_ang_vel          | Scaled Avg:   0.0156 | Raw Avg:   0.7779
  tracking_lin_vel          | Scaled Avg:   0.0322 | Raw Avg:   0.8038
  TOTAL REWARD              | Scaled Avg:   0.0102
------------------------------

------------------------------
Step: 96000 - Reward Breakdown:
  action_rate               | Scaled Avg:  -0.0166 | Raw Avg:   1.6630
  action_smoothness         | Scaled Avg:  -0.0005 | Raw Avg:   0.2561
  ang_vel_xy                | Scaled Avg:  -0.0027 | Raw Avg:   1.3527
  collision                 | Scaled Avg:  -0.0001 | Raw Avg:   0.0071
  dof_acc                   | Scaled Avg:  -0.0007 | Raw Avg: 137486.2188
  dof_error                 | Scaled Avg:  -0.0030 | Raw Avg:   0.2986
  dof_vel                   | Scaled Avg:  -0.0082 | Raw Avg:  81.7157
  feet_contact_forces       | Scaled Avg:  -0.0000 | Raw Avg:   8.0752
  foot_clearance            | Scaled Avg:  -0.0001 | Raw Avg:   0.0081
  foot_mirror               | Scaled Avg:  -0.0001 | Raw Avg:   0.0887
  foot_slide                | Scaled Avg:  -0.0017 | Raw Avg:   1.7334
  has_contact               | Scaled Avg:   0.0004 | Raw Avg:   0.0179
  hip_pos                   | Scaled Avg:  -0.0029 | Raw Avg:   0.0293
  lin_vel_z                 | Scaled Avg:  -0.0018 | Raw Avg:   0.0222
  orientation               | Scaled Avg:  -0.0000 | Raw Avg:   0.0121
  powers                    | Scaled Avg:  -0.0001 | Raw Avg: 149.1510
  stand_still               | Scaled Avg:  -0.0002 | Raw Avg:   0.0018
  torques                   | Scaled Avg:  -0.0002 | Raw Avg: 1200.2135
  tracking_ang_vel          | Scaled Avg:   0.0157 | Raw Avg:   0.7835
  tracking_lin_vel          | Scaled Avg:   0.0324 | Raw Avg:   0.8105
  TOTAL REWARD              | Scaled Avg:   0.0094
------------------------------
################################################################################
                    [1m Learning iteration 14000/15000 [0m                    

                       Computation: 82518 steps/s (collection: 1.303s, learning 0.470s)
                     surrogate_loss -0.0012
                         value_loss 0.0665
                            entropy 2.2855
                     estimator_loss 0.0000
                         total_loss 0.0881
             Mean action noise std: 0.20
                       Mean reward: 7.57
               Mean episode length: 701.36
      Mean episode rew_action_rate: -0.5254
Mean episode rew_frame_action_rate: -0.0189
Mean episode rew_action_smoothness: -0.0166
Mean episode rew_frame_action_smoothness: -0.0006
       Mean episode rew_ang_vel_xy: -0.0872
 Mean episode rew_frame_ang_vel_xy: -0.0067
      Mean episode rew_base_height: -0.0003
Mean episode rew_frame_base_height: -0.0001
        Mean episode rew_collision: -0.0025
  Mean episode rew_frame_collision: -0.0008
          Mean episode rew_dof_acc: -0.0212
    Mean episode rew_frame_dof_acc: -0.0013
        Mean episode rew_dof_error: -0.0944
  Mean episode rew_frame_dof_error: -0.0075
          Mean episode rew_dof_vel: -0.2512
    Mean episode rew_frame_dof_vel: -0.0120
    Mean episode rew_feet_air_time: 0.0002
Mean episode rew_frame_feet_air_time: 0.0000
Mean episode rew_feet_contact_forces: -0.0007
Mean episode rew_frame_feet_contact_forces: -0.0000
   Mean episode rew_foot_clearance: -0.0027
Mean episode rew_frame_foot_clearance: -0.0001
      Mean episode rew_foot_mirror: -0.0027
Mean episode rew_frame_foot_mirror: -0.0002
       Mean episode rew_foot_slide: -0.0559
 Mean episode rew_frame_foot_slide: -0.0017
      Mean episode rew_has_contact: 0.0141
Mean episode rew_frame_has_contact: 0.0004
          Mean episode rew_hip_pos: -0.0910
    Mean episode rew_frame_hip_pos: -0.0089
        Mean episode rew_lin_vel_z: -0.0533
  Mean episode rew_frame_lin_vel_z: -0.0079
      Mean episode rew_orientation: -0.0014
Mean episode rew_frame_orientation: -0.0003
           Mean episode rew_powers: -0.0019
     Mean episode rew_frame_powers: -0.0001
      Mean episode rew_stand_still: -0.0154
Mean episode rew_frame_stand_still: -0.0003
          Mean episode rew_stumble: -0.0000
    Mean episode rew_frame_stumble: -0.0000
          Mean episode rew_torques: -0.0075
    Mean episode rew_frame_torques: -0.0003
 Mean episode rew_tracking_ang_vel: 0.5081
Mean episode rew_frame_tracking_ang_vel: 0.0123
 Mean episode rew_tracking_lin_vel: 1.0514
Mean episode rew_frame_tracking_lin_vel: 0.0241
Mean episode max_power_throughout_episode: 3280.0789
            Mean episode max_pos_x: 3.9999
            Mean episode min_pos_x: -3.3392
            Mean episode max_pos_y: 3.4706
            Mean episode min_pos_y: -3.4375
        Mean episode timeout_ratio: 0.6134
       Mean episode num_terminated: 9.0417
--------------------------------------------------------------------------------
                   Total timesteps: 5998464
                    Iteration time: 1.77s
                        Total time: 7056.06s
                               ETA: 1763.6s


------------------------------
Step: 96500 - Reward Breakdown:
  action_rate               | Scaled Avg:  -0.0163 | Raw Avg:   1.6349
  action_smoothness         | Scaled Avg:  -0.0005 | Raw Avg:   0.2576
  ang_vel_xy                | Scaled Avg:  -0.0027 | Raw Avg:   1.3503
  collision                 | Scaled Avg:  -0.0001 | Raw Avg:   0.0046
  dof_acc                   | Scaled Avg:  -0.0007 | Raw Avg: 139895.7656
  dof_error                 | Scaled Avg:  -0.0030 | Raw Avg:   0.2969
  dof_vel                   | Scaled Avg:  -0.0080 | Raw Avg:  80.1386
  feet_contact_forces       | Scaled Avg:  -0.0000 | Raw Avg:   7.8987
  foot_clearance            | Scaled Avg:  -0.0001 | Raw Avg:   0.0087
  foot_mirror               | Scaled Avg:  -0.0001 | Raw Avg:   0.0850
  foot_slide                | Scaled Avg:  -0.0017 | Raw Avg:   1.7423
  has_contact               | Scaled Avg:   0.0004 | Raw Avg:   0.0176
  hip_pos                   | Scaled Avg:  -0.0029 | Raw Avg:   0.0290
  lin_vel_z                 | Scaled Avg:  -0.0017 | Raw Avg:   0.0218
  orientation               | Scaled Avg:  -0.0000 | Raw Avg:   0.0107
  powers                    | Scaled Avg:  -0.0001 | Raw Avg: 145.4295
  stand_still               | Scaled Avg:  -0.0003 | Raw Avg:   0.0029
  torques                   | Scaled Avg:  -0.0002 | Raw Avg: 1149.0022
  tracking_ang_vel          | Scaled Avg:   0.0157 | Raw Avg:   0.7872
  tracking_lin_vel          | Scaled Avg:   0.0325 | Raw Avg:   0.8127
  TOTAL REWARD              | Scaled Avg:   0.0101
------------------------------

------------------------------
Step: 97000 - Reward Breakdown:
  action_rate               | Scaled Avg:  -0.0172 | Raw Avg:   1.7170
  action_smoothness         | Scaled Avg:  -0.0005 | Raw Avg:   0.2734
  ang_vel_xy                | Scaled Avg:  -0.0028 | Raw Avg:   1.3752
  collision                 | Scaled Avg:  -0.0001 | Raw Avg:   0.0069
  dof_acc                   | Scaled Avg:  -0.0007 | Raw Avg: 145643.8906
  dof_error                 | Scaled Avg:  -0.0031 | Raw Avg:   0.3064
  dof_vel                   | Scaled Avg:  -0.0082 | Raw Avg:  82.3399
  feet_contact_forces       | Scaled Avg:  -0.0000 | Raw Avg:   8.4600
  foot_clearance            | Scaled Avg:  -0.0001 | Raw Avg:   0.0088
  foot_mirror               | Scaled Avg:  -0.0001 | Raw Avg:   0.0877
  foot_slide                | Scaled Avg:  -0.0018 | Raw Avg:   1.7520
  has_contact               | Scaled Avg:   0.0003 | Raw Avg:   0.0168
  hip_pos                   | Scaled Avg:  -0.0030 | Raw Avg:   0.0302
  lin_vel_z                 | Scaled Avg:  -0.0038 | Raw Avg:   0.0472
  orientation               | Scaled Avg:  -0.0000 | Raw Avg:   0.0114
  powers                    | Scaled Avg:  -0.0001 | Raw Avg: 147.2521
  stand_still               | Scaled Avg:  -0.0002 | Raw Avg:   0.0020
  torques                   | Scaled Avg:  -0.0002 | Raw Avg: 1162.6040
  tracking_ang_vel          | Scaled Avg:   0.0155 | Raw Avg:   0.7749
  tracking_lin_vel          | Scaled Avg:   0.0324 | Raw Avg:   0.8104
  TOTAL REWARD              | Scaled Avg:   0.0072
------------------------------

------------------------------
Step: 97500 - Reward Breakdown:
  action_rate               | Scaled Avg:  -0.0185 | Raw Avg:   1.8530
  action_smoothness         | Scaled Avg:  -0.0006 | Raw Avg:   0.2967
  ang_vel_xy                | Scaled Avg:  -0.0029 | Raw Avg:   1.4570
  collision                 | Scaled Avg:  -0.0001 | Raw Avg:   0.0066
  dof_acc                   | Scaled Avg:  -0.0008 | Raw Avg: 156470.9688
  dof_error                 | Scaled Avg:  -0.0031 | Raw Avg:   0.3117
  dof_vel                   | Scaled Avg:  -0.0086 | Raw Avg:  85.9779
  feet_contact_forces       | Scaled Avg:  -0.0000 | Raw Avg:   9.3998
  foot_clearance            | Scaled Avg:  -0.0001 | Raw Avg:   0.0085
  foot_mirror               | Scaled Avg:  -0.0001 | Raw Avg:   0.0878
  foot_slide                | Scaled Avg:  -0.0017 | Raw Avg:   1.7487
  has_contact               | Scaled Avg:   0.0004 | Raw Avg:   0.0180
  hip_pos                   | Scaled Avg:  -0.0031 | Raw Avg:   0.0307
  lin_vel_z                 | Scaled Avg:  -0.0019 | Raw Avg:   0.0236
  orientation               | Scaled Avg:  -0.0000 | Raw Avg:   0.0114
  powers                    | Scaled Avg:  -0.0001 | Raw Avg: 151.0372
  stand_still               | Scaled Avg:  -0.0003 | Raw Avg:   0.0035
  torques                   | Scaled Avg:  -0.0002 | Raw Avg: 1180.1112
  tracking_ang_vel          | Scaled Avg:   0.0154 | Raw Avg:   0.7682
  tracking_lin_vel          | Scaled Avg:   0.0320 | Raw Avg:   0.8005
  TOTAL REWARD              | Scaled Avg:   0.0055
------------------------------

------------------------------
Step: 98000 - Reward Breakdown:
  action_rate               | Scaled Avg:  -0.0174 | Raw Avg:   1.7405
  action_smoothness         | Scaled Avg:  -0.0006 | Raw Avg:   0.2773
  ang_vel_xy                | Scaled Avg:  -0.0028 | Raw Avg:   1.4216
  collision                 | Scaled Avg:  -0.0001 | Raw Avg:   0.0071
  dof_acc                   | Scaled Avg:  -0.0007 | Raw Avg: 143093.7500
  dof_error                 | Scaled Avg:  -0.0031 | Raw Avg:   0.3058
  dof_vel                   | Scaled Avg:  -0.0083 | Raw Avg:  83.1819
  feet_contact_forces       | Scaled Avg:  -0.0000 | Raw Avg:   8.0672
  foot_clearance            | Scaled Avg:  -0.0001 | Raw Avg:   0.0080
  foot_mirror               | Scaled Avg:  -0.0001 | Raw Avg:   0.0865
  foot_slide                | Scaled Avg:  -0.0018 | Raw Avg:   1.7658
  has_contact               | Scaled Avg:   0.0004 | Raw Avg:   0.0200
  hip_pos                   | Scaled Avg:  -0.0031 | Raw Avg:   0.0315
  lin_vel_z                 | Scaled Avg:  -0.0019 | Raw Avg:   0.0236
  orientation               | Scaled Avg:  -0.0000 | Raw Avg:   0.0108
  powers                    | Scaled Avg:  -0.0001 | Raw Avg: 146.7087
  stand_still               | Scaled Avg:  -0.0002 | Raw Avg:   0.0021
  torques                   | Scaled Avg:  -0.0002 | Raw Avg: 1166.5215
  tracking_ang_vel          | Scaled Avg:   0.0154 | Raw Avg:   0.7707
  tracking_lin_vel          | Scaled Avg:   0.0322 | Raw Avg:   0.8059
  TOTAL REWARD              | Scaled Avg:   0.0075
------------------------------
################################################################################
                    [1m Learning iteration 14100/15000 [0m                    

                       Computation: 82513 steps/s (collection: 1.303s, learning 0.471s)
                     surrogate_loss -0.0046
                         value_loss 0.0565
                            entropy 1.7955
                     estimator_loss 0.0000
                         total_loss 0.0699
             Mean action noise std: 0.21
                       Mean reward: 5.02
               Mean episode length: 610.33
      Mean episode rew_action_rate: -0.5373
Mean episode rew_frame_action_rate: -0.0205
Mean episode rew_action_smoothness: -0.0171
Mean episode rew_frame_action_smoothness: -0.0006
       Mean episode rew_ang_vel_xy: -0.0877
 Mean episode rew_frame_ang_vel_xy: -0.0076
      Mean episode rew_base_height: -0.0003
Mean episode rew_frame_base_height: -0.0001
        Mean episode rew_collision: -0.0038
  Mean episode rew_frame_collision: -0.0012
          Mean episode rew_dof_acc: -0.0212
    Mean episode rew_frame_dof_acc: -0.0014
        Mean episode rew_dof_error: -0.0920
  Mean episode rew_frame_dof_error: -0.0080
          Mean episode rew_dof_vel: -0.2519
    Mean episode rew_frame_dof_vel: -0.0131
    Mean episode rew_feet_air_time: 0.0002
Mean episode rew_frame_feet_air_time: 0.0000
Mean episode rew_feet_contact_forces: -0.0008
Mean episode rew_frame_feet_contact_forces: -0.0000
   Mean episode rew_foot_clearance: -0.0025
Mean episode rew_frame_foot_clearance: -0.0001
      Mean episode rew_foot_mirror: -0.0026
Mean episode rew_frame_foot_mirror: -0.0003
       Mean episode rew_foot_slide: -0.0531
 Mean episode rew_frame_foot_slide: -0.0017
      Mean episode rew_has_contact: 0.0148
Mean episode rew_frame_has_contact: 0.0004
          Mean episode rew_hip_pos: -0.0967
    Mean episode rew_frame_hip_pos: -0.0105
        Mean episode rew_lin_vel_z: -0.0564
  Mean episode rew_frame_lin_vel_z: -0.0109
      Mean episode rew_orientation: -0.0015
Mean episode rew_frame_orientation: -0.0004
           Mean episode rew_powers: -0.0018
     Mean episode rew_frame_powers: -0.0001
      Mean episode rew_stand_still: -0.0098
Mean episode rew_frame_stand_still: -0.0020
          Mean episode rew_stumble: -0.0000
    Mean episode rew_frame_stumble: -0.0000
          Mean episode rew_torques: -0.0072
    Mean episode rew_frame_torques: -0.0003
 Mean episode rew_tracking_ang_vel: 0.4722
Mean episode rew_frame_tracking_ang_vel: 0.0118
 Mean episode rew_tracking_lin_vel: 0.9882
Mean episode rew_frame_tracking_lin_vel: 0.0231
Mean episode max_power_throughout_episode: 3183.9980
            Mean episode max_pos_x: 4.7313
            Mean episode min_pos_x: -3.5385
            Mean episode max_pos_y: 3.6688
            Mean episode min_pos_y: -3.7324
        Mean episode timeout_ratio: 0.5472
       Mean episode num_terminated: 11.0833
--------------------------------------------------------------------------------
                   Total timesteps: 6144768
                    Iteration time: 1.77s
                        Total time: 7232.61s
                               ETA: 1587.3s


------------------------------
Step: 98500 - Reward Breakdown:
  action_rate               | Scaled Avg:  -0.0170 | Raw Avg:   1.7013
  action_smoothness         | Scaled Avg:  -0.0005 | Raw Avg:   0.2681
  ang_vel_xy                | Scaled Avg:  -0.0028 | Raw Avg:   1.3823
  collision                 | Scaled Avg:  -0.0001 | Raw Avg:   0.0072
  dof_acc                   | Scaled Avg:  -0.0007 | Raw Avg: 138502.7656
  dof_error                 | Scaled Avg:  -0.0030 | Raw Avg:   0.3027
  dof_vel                   | Scaled Avg:  -0.0083 | Raw Avg:  82.5912
  feet_contact_forces       | Scaled Avg:  -0.0000 | Raw Avg:   8.3074
  foot_clearance            | Scaled Avg:  -0.0001 | Raw Avg:   0.0083
  foot_mirror               | Scaled Avg:  -0.0001 | Raw Avg:   0.0885
  foot_slide                | Scaled Avg:  -0.0017 | Raw Avg:   1.7461
  has_contact               | Scaled Avg:   0.0003 | Raw Avg:   0.0171
  hip_pos                   | Scaled Avg:  -0.0032 | Raw Avg:   0.0318
  lin_vel_z                 | Scaled Avg:  -0.0019 | Raw Avg:   0.0241
  orientation               | Scaled Avg:  -0.0000 | Raw Avg:   0.0120
  powers                    | Scaled Avg:  -0.0001 | Raw Avg: 147.3724
  stand_still               | Scaled Avg:  -0.0002 | Raw Avg:   0.0025
  torques                   | Scaled Avg:  -0.0002 | Raw Avg: 1156.9312
  tracking_ang_vel          | Scaled Avg:   0.0157 | Raw Avg:   0.7829
  tracking_lin_vel          | Scaled Avg:   0.0324 | Raw Avg:   0.8099
  TOTAL REWARD              | Scaled Avg:   0.0083
------------------------------

------------------------------
Step: 99000 - Reward Breakdown:
  action_rate               | Scaled Avg:  -0.0164 | Raw Avg:   1.6420
  action_smoothness         | Scaled Avg:  -0.0005 | Raw Avg:   0.2587
  ang_vel_xy                | Scaled Avg:  -0.0027 | Raw Avg:   1.3324
  collision                 | Scaled Avg:  -0.0001 | Raw Avg:   0.0067
  dof_acc                   | Scaled Avg:  -0.0006 | Raw Avg: 126763.1875
  dof_error                 | Scaled Avg:  -0.0030 | Raw Avg:   0.2958
  dof_vel                   | Scaled Avg:  -0.0079 | Raw Avg:  79.3689
  feet_contact_forces       | Scaled Avg:  -0.0000 | Raw Avg:   7.2472
  foot_clearance            | Scaled Avg:  -0.0001 | Raw Avg:   0.0080
  foot_mirror               | Scaled Avg:  -0.0001 | Raw Avg:   0.0862
  foot_slide                | Scaled Avg:  -0.0017 | Raw Avg:   1.7429
  has_contact               | Scaled Avg:   0.0004 | Raw Avg:   0.0176
  hip_pos                   | Scaled Avg:  -0.0030 | Raw Avg:   0.0304
  lin_vel_z                 | Scaled Avg:  -0.0017 | Raw Avg:   0.0208
  orientation               | Scaled Avg:  -0.0000 | Raw Avg:   0.0117
  powers                    | Scaled Avg:  -0.0001 | Raw Avg: 142.3391
  stand_still               | Scaled Avg:  -0.0002 | Raw Avg:   0.0020
  torques                   | Scaled Avg:  -0.0002 | Raw Avg: 1126.6134
  tracking_ang_vel          | Scaled Avg:   0.0157 | Raw Avg:   0.7833
  tracking_lin_vel          | Scaled Avg:   0.0324 | Raw Avg:   0.8105
  TOTAL REWARD              | Scaled Avg:   0.0100
------------------------------

------------------------------
Step: 99500 - Reward Breakdown:
  action_rate               | Scaled Avg:  -0.0161 | Raw Avg:   1.6135
  action_smoothness         | Scaled Avg:  -0.0005 | Raw Avg:   0.2546
  ang_vel_xy                | Scaled Avg:  -0.0026 | Raw Avg:   1.3244
  collision                 | Scaled Avg:  -0.0001 | Raw Avg:   0.0067
  dof_acc                   | Scaled Avg:  -0.0006 | Raw Avg: 125796.8906
  dof_error                 | Scaled Avg:  -0.0030 | Raw Avg:   0.3008
  dof_vel                   | Scaled Avg:  -0.0078 | Raw Avg:  77.7376
  feet_contact_forces       | Scaled Avg:  -0.0000 | Raw Avg:   7.6398
  foot_clearance            | Scaled Avg:  -0.0001 | Raw Avg:   0.0081
  foot_mirror               | Scaled Avg:  -0.0001 | Raw Avg:   0.0848
  foot_slide                | Scaled Avg:  -0.0017 | Raw Avg:   1.7388
  has_contact               | Scaled Avg:   0.0004 | Raw Avg:   0.0190
  hip_pos                   | Scaled Avg:  -0.0031 | Raw Avg:   0.0305
  lin_vel_z                 | Scaled Avg:  -0.0016 | Raw Avg:   0.0205
  orientation               | Scaled Avg:  -0.0000 | Raw Avg:   0.0116
  powers                    | Scaled Avg:  -0.0001 | Raw Avg: 141.4214
  stand_still               | Scaled Avg:  -0.0003 | Raw Avg:   0.0030
  torques                   | Scaled Avg:  -0.0002 | Raw Avg: 1115.8413
  tracking_ang_vel          | Scaled Avg:   0.0156 | Raw Avg:   0.7792
  tracking_lin_vel          | Scaled Avg:   0.0323 | Raw Avg:   0.8064
  TOTAL REWARD              | Scaled Avg:   0.0101
------------------------------

------------------------------
Step: 100000 - Reward Breakdown:
  action_rate               | Scaled Avg:  -0.0166 | Raw Avg:   1.6592
  action_smoothness         | Scaled Avg:  -0.0005 | Raw Avg:   0.2602
  ang_vel_xy                | Scaled Avg:  -0.0027 | Raw Avg:   1.3258
  collision                 | Scaled Avg:  -0.0001 | Raw Avg:   0.0048
  dof_acc                   | Scaled Avg:  -0.0007 | Raw Avg: 141272.9844
  dof_error                 | Scaled Avg:  -0.0030 | Raw Avg:   0.3017
  dof_vel                   | Scaled Avg:  -0.0080 | Raw Avg:  80.2910
  feet_contact_forces       | Scaled Avg:  -0.0000 | Raw Avg:   8.2182
  foot_clearance            | Scaled Avg:  -0.0001 | Raw Avg:   0.0088
  foot_mirror               | Scaled Avg:  -0.0001 | Raw Avg:   0.0822
  foot_slide                | Scaled Avg:  -0.0017 | Raw Avg:   1.7408
  has_contact               | Scaled Avg:   0.0003 | Raw Avg:   0.0174
  hip_pos                   | Scaled Avg:  -0.0031 | Raw Avg:   0.0313
  lin_vel_z                 | Scaled Avg:  -0.0018 | Raw Avg:   0.0230
  orientation               | Scaled Avg:  -0.0000 | Raw Avg:   0.0111
  powers                    | Scaled Avg:  -0.0001 | Raw Avg: 143.0039
  stand_still               | Scaled Avg:  -0.0002 | Raw Avg:   0.0022
  torques                   | Scaled Avg:  -0.0002 | Raw Avg: 1123.6533
  tracking_ang_vel          | Scaled Avg:   0.0155 | Raw Avg:   0.7732
  tracking_lin_vel          | Scaled Avg:   0.0324 | Raw Avg:   0.8111
  TOTAL REWARD              | Scaled Avg:   0.0092
------------------------------

------------------------------
Step: 100500 - Reward Breakdown:
  action_rate               | Scaled Avg:  -0.0164 | Raw Avg:   1.6405
  action_smoothness         | Scaled Avg:  -0.0005 | Raw Avg:   0.2601
  ang_vel_xy                | Scaled Avg:  -0.0027 | Raw Avg:   1.3314
  collision                 | Scaled Avg:  -0.0001 | Raw Avg:   0.0049
  dof_acc                   | Scaled Avg:  -0.0008 | Raw Avg: 151394.3906
  dof_error                 | Scaled Avg:  -0.0031 | Raw Avg:   0.3078
  dof_vel                   | Scaled Avg:  -0.0078 | Raw Avg:  77.9682
  feet_contact_forces       | Scaled Avg:  -0.0000 | Raw Avg:   8.2479
  foot_clearance            | Scaled Avg:  -0.0001 | Raw Avg:   0.0091
  foot_mirror               | Scaled Avg:  -0.0001 | Raw Avg:   0.0850
  foot_slide                | Scaled Avg:  -0.0017 | Raw Avg:   1.7343
  has_contact               | Scaled Avg:   0.0004 | Raw Avg:   0.0192
  hip_pos                   | Scaled Avg:  -0.0031 | Raw Avg:   0.0312
  lin_vel_z                 | Scaled Avg:  -0.0019 | Raw Avg:   0.0232
  orientation               | Scaled Avg:  -0.0000 | Raw Avg:   0.0122
  powers                    | Scaled Avg:  -0.0001 | Raw Avg: 140.0110
  stand_still               | Scaled Avg:  -0.0002 | Raw Avg:   0.0022
  torques                   | Scaled Avg:  -0.0002 | Raw Avg: 1090.6260
  tracking_ang_vel          | Scaled Avg:   0.0156 | Raw Avg:   0.7811
  tracking_lin_vel          | Scaled Avg:   0.0324 | Raw Avg:   0.8105
  TOTAL REWARD              | Scaled Avg:   0.0097
------------------------------
################################################################################
                    [1m Learning iteration 14200/15000 [0m                    

                       Computation: 84384 steps/s (collection: 1.264s, learning 0.470s)
                     surrogate_loss -0.0026
                         value_loss 0.0748
                            entropy 2.1966
                     estimator_loss 0.0000
                         total_loss 0.0941
             Mean action noise std: 0.20
                       Mean reward: 7.02
               Mean episode length: 685.88
      Mean episode rew_action_rate: -0.5379
Mean episode rew_frame_action_rate: -0.0190
Mean episode rew_action_smoothness: -0.0170
Mean episode rew_frame_action_smoothness: -0.0006
       Mean episode rew_ang_vel_xy: -0.0857
 Mean episode rew_frame_ang_vel_xy: -0.0060
      Mean episode rew_base_height: -0.0002
Mean episode rew_frame_base_height: -0.0001
        Mean episode rew_collision: -0.0034
  Mean episode rew_frame_collision: -0.0010
          Mean episode rew_dof_acc: -0.0244
    Mean episode rew_frame_dof_acc: -0.0012
        Mean episode rew_dof_error: -0.0980
  Mean episode rew_frame_dof_error: -0.0065
          Mean episode rew_dof_vel: -0.2618
    Mean episode rew_frame_dof_vel: -0.0114
    Mean episode rew_feet_air_time: 0.0002
Mean episode rew_frame_feet_air_time: 0.0000
Mean episode rew_feet_contact_forces: -0.0008
Mean episode rew_frame_feet_contact_forces: -0.0000
   Mean episode rew_foot_clearance: -0.0029
Mean episode rew_frame_foot_clearance: -0.0001
      Mean episode rew_foot_mirror: -0.0027
Mean episode rew_frame_foot_mirror: -0.0002
       Mean episode rew_foot_slide: -0.0571
 Mean episode rew_frame_foot_slide: -0.0017
      Mean episode rew_has_contact: 0.0066
Mean episode rew_frame_has_contact: 0.0002
          Mean episode rew_hip_pos: -0.0951
    Mean episode rew_frame_hip_pos: -0.0086
        Mean episode rew_lin_vel_z: -0.0577
  Mean episode rew_frame_lin_vel_z: -0.0086
      Mean episode rew_orientation: -0.0014
Mean episode rew_frame_orientation: -0.0003
           Mean episode rew_powers: -0.0018
     Mean episode rew_frame_powers: -0.0001
      Mean episode rew_stand_still: -0.0084
Mean episode rew_frame_stand_still: -0.0002
          Mean episode rew_stumble: -0.0000
    Mean episode rew_frame_stumble: -0.0000
          Mean episode rew_torques: -0.0072
    Mean episode rew_frame_torques: -0.0002
 Mean episode rew_tracking_ang_vel: 0.5143
Mean episode rew_frame_tracking_ang_vel: 0.0126
 Mean episode rew_tracking_lin_vel: 1.0637
Mean episode rew_frame_tracking_lin_vel: 0.0248
Mean episode max_power_throughout_episode: 3246.4421
            Mean episode max_pos_x: 3.7557
            Mean episode min_pos_x: -3.5920
            Mean episode max_pos_y: 3.7904
            Mean episode min_pos_y: -3.4153
        Mean episode timeout_ratio: 0.5875
       Mean episode num_terminated: 8.3333
--------------------------------------------------------------------------------
                   Total timesteps: 6291072
                    Iteration time: 1.73s
                        Total time: 7408.59s
                               ETA: 1410.8s


------------------------------
Step: 101000 - Reward Breakdown:
  action_rate               | Scaled Avg:  -0.0162 | Raw Avg:   1.6241
  action_smoothness         | Scaled Avg:  -0.0005 | Raw Avg:   0.2585
  ang_vel_xy                | Scaled Avg:  -0.0025 | Raw Avg:   1.2344
  collision                 | Scaled Avg:  -0.0001 | Raw Avg:   0.0044
  dof_acc                   | Scaled Avg:  -0.0007 | Raw Avg: 143142.8906
  dof_error                 | Scaled Avg:  -0.0030 | Raw Avg:   0.3007
  dof_vel                   | Scaled Avg:  -0.0078 | Raw Avg:  78.2468
  feet_air_time             | Scaled Avg:   0.0000 | Raw Avg:   0.0003
  feet_contact_forces       | Scaled Avg:  -0.0000 | Raw Avg:   7.9612
  foot_clearance            | Scaled Avg:  -0.0001 | Raw Avg:   0.0086
  foot_mirror               | Scaled Avg:  -0.0001 | Raw Avg:   0.0815
  foot_slide                | Scaled Avg:  -0.0014 | Raw Avg:   1.3521
  has_contact               | Scaled Avg:   0.0004 | Raw Avg:   0.0182
  hip_pos                   | Scaled Avg:  -0.0028 | Raw Avg:   0.0284
  lin_vel_z                 | Scaled Avg:  -0.0026 | Raw Avg:   0.0325
  orientation               | Scaled Avg:  -0.0000 | Raw Avg:   0.0102
  powers                    | Scaled Avg:  -0.0001 | Raw Avg: 135.7761
  stand_still               | Scaled Avg:  -0.0003 | Raw Avg:   0.0026
  torques                   | Scaled Avg:  -0.0002 | Raw Avg: 1064.2046
  tracking_ang_vel          | Scaled Avg:   0.0159 | Raw Avg:   0.7964
  tracking_lin_vel          | Scaled Avg:   0.0325 | Raw Avg:   0.8128
  TOTAL REWARD              | Scaled Avg:   0.0104
------------------------------

------------------------------
Step: 101500 - Reward Breakdown:
  action_rate               | Scaled Avg:  -0.0161 | Raw Avg:   1.6123
  action_smoothness         | Scaled Avg:  -0.0005 | Raw Avg:   0.2574
  ang_vel_xy                | Scaled Avg:  -0.0025 | Raw Avg:   1.2711
  collision                 | Scaled Avg:  -0.0001 | Raw Avg:   0.0057
  dof_acc                   | Scaled Avg:  -0.0008 | Raw Avg: 167545.2344
  dof_error                 | Scaled Avg:  -0.0029 | Raw Avg:   0.2946
  dof_vel                   | Scaled Avg:  -0.0079 | Raw Avg:  79.3967
  feet_contact_forces       | Scaled Avg:  -0.0000 | Raw Avg:   8.0787
  foot_clearance            | Scaled Avg:  -0.0001 | Raw Avg:   0.0092
  foot_mirror               | Scaled Avg:  -0.0001 | Raw Avg:   0.0804
  foot_slide                | Scaled Avg:  -0.0017 | Raw Avg:   1.7407
  has_contact               | Scaled Avg:   0.0004 | Raw Avg:   0.0193
  hip_pos                   | Scaled Avg:  -0.0029 | Raw Avg:   0.0289
  lin_vel_z                 | Scaled Avg:  -0.0018 | Raw Avg:   0.0229
  orientation               | Scaled Avg:  -0.0000 | Raw Avg:   0.0106
  powers                    | Scaled Avg:  -0.0001 | Raw Avg: 135.2061
  stand_still               | Scaled Avg:  -0.0003 | Raw Avg:   0.0029
  torques                   | Scaled Avg:  -0.0002 | Raw Avg: 1020.7635
  tracking_ang_vel          | Scaled Avg:   0.0157 | Raw Avg:   0.7875
  tracking_lin_vel          | Scaled Avg:   0.0325 | Raw Avg:   0.8131
  TOTAL REWARD              | Scaled Avg:   0.0104
------------------------------

------------------------------
Step: 102000 - Reward Breakdown:
  action_rate               | Scaled Avg:  -0.0161 | Raw Avg:   1.6133
  action_smoothness         | Scaled Avg:  -0.0005 | Raw Avg:   0.2588
  ang_vel_xy                | Scaled Avg:  -0.0025 | Raw Avg:   1.2390
  collision                 | Scaled Avg:  -0.0001 | Raw Avg:   0.0044
  dof_acc                   | Scaled Avg:  -0.0007 | Raw Avg: 143363.0938
  dof_error                 | Scaled Avg:  -0.0028 | Raw Avg:   0.2846
  dof_vel                   | Scaled Avg:  -0.0079 | Raw Avg:  78.9873
  feet_contact_forces       | Scaled Avg:  -0.0000 | Raw Avg:   8.0893
  foot_clearance            | Scaled Avg:  -0.0001 | Raw Avg:   0.0084
  foot_mirror               | Scaled Avg:  -0.0001 | Raw Avg:   0.0775
  foot_slide                | Scaled Avg:  -0.0018 | Raw Avg:   1.7557
  has_contact               | Scaled Avg:   0.0004 | Raw Avg:   0.0176
  hip_pos                   | Scaled Avg:  -0.0028 | Raw Avg:   0.0281
  lin_vel_z                 | Scaled Avg:  -0.0016 | Raw Avg:   0.0203
  orientation               | Scaled Avg:  -0.0000 | Raw Avg:   0.0099
  powers                    | Scaled Avg:  -0.0001 | Raw Avg: 136.8082
  stand_still               | Scaled Avg:  -0.0002 | Raw Avg:   0.0021
  torques                   | Scaled Avg:  -0.0002 | Raw Avg: 1031.4021
  tracking_ang_vel          | Scaled Avg:   0.0156 | Raw Avg:   0.7819
  tracking_lin_vel          | Scaled Avg:   0.0326 | Raw Avg:   0.8157
  TOTAL REWARD              | Scaled Avg:   0.0110
------------------------------

------------------------------
Step: 102500 - Reward Breakdown:
  action_rate               | Scaled Avg:  -0.0160 | Raw Avg:   1.6045
  action_smoothness         | Scaled Avg:  -0.0005 | Raw Avg:   0.2566
  ang_vel_xy                | Scaled Avg:  -0.0026 | Raw Avg:   1.3203
  collision                 | Scaled Avg:  -0.0001 | Raw Avg:   0.0064
  dof_acc                   | Scaled Avg:  -0.0007 | Raw Avg: 135495.7656
  dof_error                 | Scaled Avg:  -0.0030 | Raw Avg:   0.2976
  dof_vel                   | Scaled Avg:  -0.0080 | Raw Avg:  79.5240
  feet_contact_forces       | Scaled Avg:  -0.0000 | Raw Avg:   7.8589
  foot_clearance            | Scaled Avg:  -0.0001 | Raw Avg:   0.0080
  foot_mirror               | Scaled Avg:  -0.0001 | Raw Avg:   0.0841
  foot_slide                | Scaled Avg:  -0.0017 | Raw Avg:   1.7414
  has_contact               | Scaled Avg:   0.0004 | Raw Avg:   0.0206
  hip_pos                   | Scaled Avg:  -0.0031 | Raw Avg:   0.0308
  lin_vel_z                 | Scaled Avg:  -0.0018 | Raw Avg:   0.0229
  orientation               | Scaled Avg:  -0.0000 | Raw Avg:   0.0109
  powers                    | Scaled Avg:  -0.0001 | Raw Avg: 136.3139
  stand_still               | Scaled Avg:  -0.0002 | Raw Avg:   0.0017
  torques                   | Scaled Avg:  -0.0002 | Raw Avg: 1018.8295
  tracking_ang_vel          | Scaled Avg:   0.0156 | Raw Avg:   0.7793
  tracking_lin_vel          | Scaled Avg:   0.0324 | Raw Avg:   0.8099
  TOTAL REWARD              | Scaled Avg:   0.0101
------------------------------

------------------------------
Step: 103000 - Reward Breakdown:
  action_rate               | Scaled Avg:  -0.0167 | Raw Avg:   1.6697
  action_smoothness         | Scaled Avg:  -0.0005 | Raw Avg:   0.2645
  ang_vel_xy                | Scaled Avg:  -0.0025 | Raw Avg:   1.2743
  collision                 | Scaled Avg:  -0.0001 | Raw Avg:   0.0052
  dof_acc                   | Scaled Avg:  -0.0007 | Raw Avg: 131818.5156
  dof_error                 | Scaled Avg:  -0.0029 | Raw Avg:   0.2937
  dof_vel                   | Scaled Avg:  -0.0080 | Raw Avg:  79.7584
  feet_contact_forces       | Scaled Avg:  -0.0000 | Raw Avg:   7.9095
  foot_clearance            | Scaled Avg:  -0.0001 | Raw Avg:   0.0084
  foot_mirror               | Scaled Avg:  -0.0001 | Raw Avg:   0.0809
  foot_slide                | Scaled Avg:  -0.0017 | Raw Avg:   1.7461
  has_contact               | Scaled Avg:   0.0004 | Raw Avg:   0.0208
  hip_pos                   | Scaled Avg:  -0.0030 | Raw Avg:   0.0301
  lin_vel_z                 | Scaled Avg:  -0.0017 | Raw Avg:   0.0216
  orientation               | Scaled Avg:  -0.0000 | Raw Avg:   0.0106
  powers                    | Scaled Avg:  -0.0001 | Raw Avg: 135.1910
  stand_still               | Scaled Avg:  -0.0003 | Raw Avg:   0.0025
  torques                   | Scaled Avg:  -0.0002 | Raw Avg: 1011.8269
  tracking_ang_vel          | Scaled Avg:   0.0156 | Raw Avg:   0.7802
  tracking_lin_vel          | Scaled Avg:   0.0328 | Raw Avg:   0.8193
  TOTAL REWARD              | Scaled Avg:   0.0101
------------------------------
################################################################################
                    [1m Learning iteration 14300/15000 [0m                    

                       Computation: 83695 steps/s (collection: 1.277s, learning 0.471s)
                     surrogate_loss -0.0060
                         value_loss 0.0515
                            entropy 2.1500
                     estimator_loss 0.0000
                         total_loss 0.0670
             Mean action noise std: 0.20
                       Mean reward: 5.65
               Mean episode length: 662.61
      Mean episode rew_action_rate: -0.5305
Mean episode rew_frame_action_rate: -0.0195
Mean episode rew_action_smoothness: -0.0166
Mean episode rew_frame_action_smoothness: -0.0006
       Mean episode rew_ang_vel_xy: -0.0828
 Mean episode rew_frame_ang_vel_xy: -0.0070
      Mean episode rew_base_height: -0.0002
Mean episode rew_frame_base_height: -0.0001
        Mean episode rew_collision: -0.0024
  Mean episode rew_frame_collision: -0.0008
          Mean episode rew_dof_acc: -0.0233
    Mean episode rew_frame_dof_acc: -0.0014
        Mean episode rew_dof_error: -0.0954
  Mean episode rew_frame_dof_error: -0.0080
          Mean episode rew_dof_vel: -0.2660
    Mean episode rew_frame_dof_vel: -0.0128
    Mean episode rew_feet_air_time: 0.0002
Mean episode rew_frame_feet_air_time: 0.0000
Mean episode rew_feet_contact_forces: -0.0008
Mean episode rew_frame_feet_contact_forces: -0.0000
   Mean episode rew_foot_clearance: -0.0027
Mean episode rew_frame_foot_clearance: -0.0001
      Mean episode rew_foot_mirror: -0.0025
Mean episode rew_frame_foot_mirror: -0.0002
       Mean episode rew_foot_slide: -0.0577
 Mean episode rew_frame_foot_slide: -0.0018
      Mean episode rew_has_contact: 0.0067
Mean episode rew_frame_has_contact: 0.0002
          Mean episode rew_hip_pos: -0.0951
    Mean episode rew_frame_hip_pos: -0.0104
        Mean episode rew_lin_vel_z: -0.0570
  Mean episode rew_frame_lin_vel_z: -0.0088
      Mean episode rew_orientation: -0.0013
Mean episode rew_frame_orientation: -0.0003
           Mean episode rew_powers: -0.0018
     Mean episode rew_frame_powers: -0.0001
      Mean episode rew_stand_still: 0.0000
Mean episode rew_frame_stand_still: 0.0000
          Mean episode rew_stumble: -0.0000
    Mean episode rew_frame_stumble: -0.0000
          Mean episode rew_torques: -0.0065
    Mean episode rew_frame_torques: -0.0002
 Mean episode rew_tracking_ang_vel: 0.4993
Mean episode rew_frame_tracking_ang_vel: 0.0124
 Mean episode rew_tracking_lin_vel: 1.0301
Mean episode rew_frame_tracking_lin_vel: 0.0233
Mean episode max_power_throughout_episode: 3132.1169
            Mean episode max_pos_x: 4.4720
            Mean episode min_pos_x: -4.2313
            Mean episode max_pos_y: 3.5854
            Mean episode min_pos_y: -3.3617
        Mean episode timeout_ratio: 0.6021
       Mean episode num_terminated: 9.0833
--------------------------------------------------------------------------------
                   Total timesteps: 6437376
                    Iteration time: 1.75s
                        Total time: 7584.11s
                               ETA: 1234.3s


------------------------------
Step: 103500 - Reward Breakdown:
  action_rate               | Scaled Avg:  -0.0165 | Raw Avg:   1.6513
  action_smoothness         | Scaled Avg:  -0.0005 | Raw Avg:   0.2578
  ang_vel_xy                | Scaled Avg:  -0.0025 | Raw Avg:   1.2539
  collision                 | Scaled Avg:  -0.0001 | Raw Avg:   0.0038
  dof_acc                   | Scaled Avg:  -0.0007 | Raw Avg: 138419.2188
  dof_error                 | Scaled Avg:  -0.0029 | Raw Avg:   0.2932
  dof_vel                   | Scaled Avg:  -0.0080 | Raw Avg:  80.1389
  feet_contact_forces       | Scaled Avg:  -0.0000 | Raw Avg:   8.2369
  foot_clearance            | Scaled Avg:  -0.0001 | Raw Avg:   0.0085
  foot_mirror               | Scaled Avg:  -0.0001 | Raw Avg:   0.0774
  foot_slide                | Scaled Avg:  -0.0017 | Raw Avg:   1.7467
  has_contact               | Scaled Avg:   0.0003 | Raw Avg:   0.0168
  hip_pos                   | Scaled Avg:  -0.0030 | Raw Avg:   0.0298
  lin_vel_z                 | Scaled Avg:  -0.0017 | Raw Avg:   0.0218
  orientation               | Scaled Avg:  -0.0000 | Raw Avg:   0.0098
  powers                    | Scaled Avg:  -0.0001 | Raw Avg: 135.5280
  stand_still               | Scaled Avg:  -0.0002 | Raw Avg:   0.0022
  torques                   | Scaled Avg:  -0.0002 | Raw Avg: 1016.3655
  tracking_ang_vel          | Scaled Avg:   0.0157 | Raw Avg:   0.7850
  tracking_lin_vel          | Scaled Avg:   0.0327 | Raw Avg:   0.8183
  TOTAL REWARD              | Scaled Avg:   0.0103
------------------------------

------------------------------
Step: 104000 - Reward Breakdown:
  action_rate               | Scaled Avg:  -0.0166 | Raw Avg:   1.6552
  action_smoothness         | Scaled Avg:  -0.0005 | Raw Avg:   0.2569
  ang_vel_xy                | Scaled Avg:  -0.0025 | Raw Avg:   1.2369
  collision                 | Scaled Avg:  -0.0001 | Raw Avg:   0.0043
  dof_acc                   | Scaled Avg:  -0.0007 | Raw Avg: 140423.8281
  dof_error                 | Scaled Avg:  -0.0029 | Raw Avg:   0.2882
  dof_vel                   | Scaled Avg:  -0.0080 | Raw Avg:  79.6480
  feet_air_time             | Scaled Avg:   0.0000 | Raw Avg:   0.0004
  feet_contact_forces       | Scaled Avg:  -0.0000 | Raw Avg:   8.1804
  foot_clearance            | Scaled Avg:  -0.0001 | Raw Avg:   0.0082
  foot_mirror               | Scaled Avg:  -0.0001 | Raw Avg:   0.0786
  foot_slide                | Scaled Avg:  -0.0017 | Raw Avg:   1.7417
  has_contact               | Scaled Avg:   0.0003 | Raw Avg:   0.0164
  hip_pos                   | Scaled Avg:  -0.0029 | Raw Avg:   0.0288
  lin_vel_z                 | Scaled Avg:  -0.0017 | Raw Avg:   0.0217
  orientation               | Scaled Avg:  -0.0000 | Raw Avg:   0.0097
  powers                    | Scaled Avg:  -0.0001 | Raw Avg: 137.1135
  stand_still               | Scaled Avg:  -0.0003 | Raw Avg:   0.0027
  torques                   | Scaled Avg:  -0.0002 | Raw Avg: 1043.5397
  tracking_ang_vel          | Scaled Avg:   0.0158 | Raw Avg:   0.7875
  tracking_lin_vel          | Scaled Avg:   0.0330 | Raw Avg:   0.8239
  TOTAL REWARD              | Scaled Avg:   0.0108
------------------------------

------------------------------
Step: 104500 - Reward Breakdown:
  action_rate               | Scaled Avg:  -0.0161 | Raw Avg:   1.6104
  action_smoothness         | Scaled Avg:  -0.0005 | Raw Avg:   0.2539
  ang_vel_xy                | Scaled Avg:  -0.0024 | Raw Avg:   1.1995
  collision                 | Scaled Avg:  -0.0001 | Raw Avg:   0.0056
  dof_acc                   | Scaled Avg:  -0.0007 | Raw Avg: 139245.1250
  dof_error                 | Scaled Avg:  -0.0028 | Raw Avg:   0.2766
  dof_vel                   | Scaled Avg:  -0.0079 | Raw Avg:  78.7182
  feet_contact_forces       | Scaled Avg:  -0.0000 | Raw Avg:   8.4260
  foot_clearance            | Scaled Avg:  -0.0001 | Raw Avg:   0.0084
  foot_mirror               | Scaled Avg:  -0.0001 | Raw Avg:   0.0768
  foot_slide                | Scaled Avg:  -0.0018 | Raw Avg:   1.7728
  has_contact               | Scaled Avg:   0.0004 | Raw Avg:   0.0198
  hip_pos                   | Scaled Avg:  -0.0028 | Raw Avg:   0.0276
  lin_vel_z                 | Scaled Avg:  -0.0016 | Raw Avg:   0.0204
  orientation               | Scaled Avg:  -0.0000 | Raw Avg:   0.0093
  powers                    | Scaled Avg:  -0.0001 | Raw Avg: 133.5494
  stand_still               | Scaled Avg:  -0.0003 | Raw Avg:   0.0027
  torques                   | Scaled Avg:  -0.0002 | Raw Avg: 1007.2534
  tracking_ang_vel          | Scaled Avg:   0.0157 | Raw Avg:   0.7837
  tracking_lin_vel          | Scaled Avg:   0.0329 | Raw Avg:   0.8231
  TOTAL REWARD              | Scaled Avg:   0.0116
------------------------------

------------------------------
Step: 105000 - Reward Breakdown:
  action_rate               | Scaled Avg:  -0.0162 | Raw Avg:   1.6181
  action_smoothness         | Scaled Avg:  -0.0005 | Raw Avg:   0.2569
  ang_vel_xy                | Scaled Avg:  -0.0026 | Raw Avg:   1.2982
  collision                 | Scaled Avg:  -0.0000 | Raw Avg:   0.0025
  dof_acc                   | Scaled Avg:  -0.0007 | Raw Avg: 140286.3906
  dof_error                 | Scaled Avg:  -0.0028 | Raw Avg:   0.2830
  dof_vel                   | Scaled Avg:  -0.0078 | Raw Avg:  77.6937
  feet_contact_forces       | Scaled Avg:  -0.0000 | Raw Avg:   8.2311
  foot_clearance            | Scaled Avg:  -0.0001 | Raw Avg:   0.0082
  foot_mirror               | Scaled Avg:  -0.0001 | Raw Avg:   0.0773
  foot_slide                | Scaled Avg:  -0.0017 | Raw Avg:   1.7209
  has_contact               | Scaled Avg:   0.0004 | Raw Avg:   0.0184
  hip_pos                   | Scaled Avg:  -0.0028 | Raw Avg:   0.0280
  lin_vel_z                 | Scaled Avg:  -0.0016 | Raw Avg:   0.0199
  orientation               | Scaled Avg:  -0.0000 | Raw Avg:   0.0092
  powers                    | Scaled Avg:  -0.0001 | Raw Avg: 134.1512
  stand_still               | Scaled Avg:  -0.0003 | Raw Avg:   0.0027
  torques                   | Scaled Avg:  -0.0002 | Raw Avg: 1012.6392
  tracking_ang_vel          | Scaled Avg:   0.0157 | Raw Avg:   0.7865
  tracking_lin_vel          | Scaled Avg:   0.0326 | Raw Avg:   0.8148
  TOTAL REWARD              | Scaled Avg:   0.0112
------------------------------

------------------------------
Step: 105500 - Reward Breakdown:
  action_rate               | Scaled Avg:  -0.0164 | Raw Avg:   1.6387
  action_smoothness         | Scaled Avg:  -0.0005 | Raw Avg:   0.2566
  ang_vel_xy                | Scaled Avg:  -0.0027 | Raw Avg:   1.3573
  base_height               | Scaled Avg:  -0.0000 | Raw Avg:   0.0005
  collision                 | Scaled Avg:  -0.0001 | Raw Avg:   0.0038
  dof_acc                   | Scaled Avg:  -0.0006 | Raw Avg: 127503.0312
  dof_error                 | Scaled Avg:  -0.0030 | Raw Avg:   0.2955
  dof_vel                   | Scaled Avg:  -0.0080 | Raw Avg:  80.1098
  feet_contact_forces       | Scaled Avg:  -0.0000 | Raw Avg:   7.9267
  foot_clearance            | Scaled Avg:  -0.0001 | Raw Avg:   0.0076
  foot_mirror               | Scaled Avg:  -0.0001 | Raw Avg:   0.0823
  foot_slide                | Scaled Avg:  -0.0018 | Raw Avg:   1.7645
  has_contact               | Scaled Avg:   0.0004 | Raw Avg:   0.0185
  hip_pos                   | Scaled Avg:  -0.0030 | Raw Avg:   0.0299
  lin_vel_z                 | Scaled Avg:  -0.0017 | Raw Avg:   0.0212
  orientation               | Scaled Avg:  -0.0000 | Raw Avg:   0.0104
  powers                    | Scaled Avg:  -0.0001 | Raw Avg: 142.6461
  stand_still               | Scaled Avg:  -0.0003 | Raw Avg:   0.0033
  torques                   | Scaled Avg:  -0.0002 | Raw Avg: 1112.7328
  tracking_ang_vel          | Scaled Avg:   0.0158 | Raw Avg:   0.7889
  tracking_lin_vel          | Scaled Avg:   0.0326 | Raw Avg:   0.8146
  TOTAL REWARD              | Scaled Avg:   0.0102
------------------------------
################################################################################
                    [1m Learning iteration 14400/15000 [0m                    

                       Computation: 83314 steps/s (collection: 1.283s, learning 0.473s)
                     surrogate_loss -0.0036
                         value_loss 0.0561
                            entropy 2.2857
                     estimator_loss 0.0000
                         total_loss 0.0754
             Mean action noise std: 0.20
                       Mean reward: 8.31
               Mean episode length: 681.36
      Mean episode rew_action_rate: -0.5544
Mean episode rew_frame_action_rate: -0.0189
Mean episode rew_action_smoothness: -0.0173
Mean episode rew_frame_action_smoothness: -0.0006
       Mean episode rew_ang_vel_xy: -0.0877
 Mean episode rew_frame_ang_vel_xy: -0.0061
      Mean episode rew_base_height: -0.0002
Mean episode rew_frame_base_height: -0.0001
        Mean episode rew_collision: -0.0022
  Mean episode rew_frame_collision: -0.0007
          Mean episode rew_dof_acc: -0.0237
    Mean episode rew_frame_dof_acc: -0.0014
        Mean episode rew_dof_error: -0.0964
  Mean episode rew_frame_dof_error: -0.0062
          Mean episode rew_dof_vel: -0.2694
    Mean episode rew_frame_dof_vel: -0.0119
    Mean episode rew_feet_air_time: 0.0002
Mean episode rew_frame_feet_air_time: 0.0000
Mean episode rew_feet_contact_forces: -0.0008
Mean episode rew_frame_feet_contact_forces: -0.0000
   Mean episode rew_foot_clearance: -0.0028
Mean episode rew_frame_foot_clearance: -0.0001
      Mean episode rew_foot_mirror: -0.0026
Mean episode rew_frame_foot_mirror: -0.0002
       Mean episode rew_foot_slide: -0.0588
 Mean episode rew_frame_foot_slide: -0.0017
      Mean episode rew_has_contact: 0.0134
Mean episode rew_frame_has_contact: 0.0003
          Mean episode rew_hip_pos: -0.0952
    Mean episode rew_frame_hip_pos: -0.0078
        Mean episode rew_lin_vel_z: -0.0573
  Mean episode rew_frame_lin_vel_z: -0.0087
      Mean episode rew_orientation: -0.0013
Mean episode rew_frame_orientation: -0.0003
           Mean episode rew_powers: -0.0019
     Mean episode rew_frame_powers: -0.0001
      Mean episode rew_stand_still: -0.0031
Mean episode rew_frame_stand_still: -0.0001
          Mean episode rew_stumble: -0.0000
    Mean episode rew_frame_stumble: -0.0000
          Mean episode rew_torques: -0.0071
    Mean episode rew_frame_torques: -0.0002
 Mean episode rew_tracking_ang_vel: 0.5343
Mean episode rew_frame_tracking_ang_vel: 0.0129
 Mean episode rew_tracking_lin_vel: 1.1112
Mean episode rew_frame_tracking_lin_vel: 0.0254
Mean episode max_power_throughout_episode: 3181.3845
            Mean episode max_pos_x: 3.6665
            Mean episode min_pos_x: -2.1369
            Mean episode max_pos_y: 3.3650
            Mean episode min_pos_y: -4.3762
        Mean episode timeout_ratio: 0.6253
       Mean episode num_terminated: 9.5000
--------------------------------------------------------------------------------
                   Total timesteps: 6583680
                    Iteration time: 1.76s
                        Total time: 7759.12s
                               ETA: 1057.8s


------------------------------
Step: 106000 - Reward Breakdown:
  action_rate               | Scaled Avg:  -0.0162 | Raw Avg:   1.6237
  action_smoothness         | Scaled Avg:  -0.0005 | Raw Avg:   0.2531
  ang_vel_xy                | Scaled Avg:  -0.0026 | Raw Avg:   1.3155
  collision                 | Scaled Avg:  -0.0001 | Raw Avg:   0.0031
  dof_acc                   | Scaled Avg:  -0.0007 | Raw Avg: 131629.4531
  dof_error                 | Scaled Avg:  -0.0029 | Raw Avg:   0.2899
  dof_vel                   | Scaled Avg:  -0.0079 | Raw Avg:  78.6327
  feet_contact_forces       | Scaled Avg:  -0.0000 | Raw Avg:   8.3782
  foot_clearance            | Scaled Avg:  -0.0001 | Raw Avg:   0.0085
  foot_mirror               | Scaled Avg:  -0.0001 | Raw Avg:   0.0770
  foot_slide                | Scaled Avg:  -0.0017 | Raw Avg:   1.7265
  has_contact               | Scaled Avg:   0.0004 | Raw Avg:   0.0182
  hip_pos                   | Scaled Avg:  -0.0029 | Raw Avg:   0.0294
  lin_vel_z                 | Scaled Avg:  -0.0017 | Raw Avg:   0.0211
  orientation               | Scaled Avg:  -0.0000 | Raw Avg:   0.0096
  powers                    | Scaled Avg:  -0.0001 | Raw Avg: 142.3040
  stand_still               | Scaled Avg:  -0.0004 | Raw Avg:   0.0037
  torques                   | Scaled Avg:  -0.0002 | Raw Avg: 1105.9882
  tracking_ang_vel          | Scaled Avg:   0.0158 | Raw Avg:   0.7900
  tracking_lin_vel          | Scaled Avg:   0.0322 | Raw Avg:   0.8048
  TOTAL REWARD              | Scaled Avg:   0.0103
------------------------------

------------------------------
Step: 106500 - Reward Breakdown:
  action_rate               | Scaled Avg:  -0.0162 | Raw Avg:   1.6165
  action_smoothness         | Scaled Avg:  -0.0005 | Raw Avg:   0.2534
  ang_vel_xy                | Scaled Avg:  -0.0025 | Raw Avg:   1.2626
  collision                 | Scaled Avg:  -0.0001 | Raw Avg:   0.0039
  dof_acc                   | Scaled Avg:  -0.0007 | Raw Avg: 142402.7031
  dof_error                 | Scaled Avg:  -0.0029 | Raw Avg:   0.2867
  dof_vel                   | Scaled Avg:  -0.0079 | Raw Avg:  79.1779
  feet_contact_forces       | Scaled Avg:  -0.0000 | Raw Avg:   7.5847
  foot_clearance            | Scaled Avg:  -0.0001 | Raw Avg:   0.0083
  foot_mirror               | Scaled Avg:  -0.0001 | Raw Avg:   0.0775
  foot_slide                | Scaled Avg:  -0.0017 | Raw Avg:   1.7259
  has_contact               | Scaled Avg:   0.0003 | Raw Avg:   0.0170
  hip_pos                   | Scaled Avg:  -0.0028 | Raw Avg:   0.0281
  lin_vel_z                 | Scaled Avg:  -0.0017 | Raw Avg:   0.0212
  orientation               | Scaled Avg:  -0.0000 | Raw Avg:   0.0106
  powers                    | Scaled Avg:  -0.0001 | Raw Avg: 138.6636
  stand_still               | Scaled Avg:  -0.0002 | Raw Avg:   0.0020
  torques                   | Scaled Avg:  -0.0002 | Raw Avg: 1045.0117
  tracking_ang_vel          | Scaled Avg:   0.0157 | Raw Avg:   0.7859
  tracking_lin_vel          | Scaled Avg:   0.0328 | Raw Avg:   0.8192
  TOTAL REWARD              | Scaled Avg:   0.0111
------------------------------

------------------------------
Step: 107000 - Reward Breakdown:
  action_rate               | Scaled Avg:  -0.0160 | Raw Avg:   1.5954
  action_smoothness         | Scaled Avg:  -0.0005 | Raw Avg:   0.2549
  ang_vel_xy                | Scaled Avg:  -0.0025 | Raw Avg:   1.2401
  collision                 | Scaled Avg:  -0.0001 | Raw Avg:   0.0052
  dof_acc                   | Scaled Avg:  -0.0006 | Raw Avg: 125184.9531
  dof_error                 | Scaled Avg:  -0.0028 | Raw Avg:   0.2775
  dof_vel                   | Scaled Avg:  -0.0076 | Raw Avg:  76.0827
  feet_contact_forces       | Scaled Avg:  -0.0000 | Raw Avg:   7.5155
  foot_clearance            | Scaled Avg:  -0.0001 | Raw Avg:   0.0078
  foot_mirror               | Scaled Avg:  -0.0001 | Raw Avg:   0.0765
  foot_slide                | Scaled Avg:  -0.0017 | Raw Avg:   1.7400
  has_contact               | Scaled Avg:   0.0003 | Raw Avg:   0.0171
  hip_pos                   | Scaled Avg:  -0.0028 | Raw Avg:   0.0280
  lin_vel_z                 | Scaled Avg:  -0.0017 | Raw Avg:   0.0206
  orientation               | Scaled Avg:  -0.0000 | Raw Avg:   0.0097
  powers                    | Scaled Avg:  -0.0001 | Raw Avg: 134.0465
  stand_still               | Scaled Avg:  -0.0003 | Raw Avg:   0.0031
  torques                   | Scaled Avg:  -0.0002 | Raw Avg: 1040.7006
  tracking_ang_vel          | Scaled Avg:   0.0157 | Raw Avg:   0.7851
  tracking_lin_vel          | Scaled Avg:   0.0322 | Raw Avg:   0.8055
  TOTAL REWARD              | Scaled Avg:   0.0112
------------------------------

------------------------------
Step: 107500 - Reward Breakdown:
  action_rate               | Scaled Avg:  -0.0162 | Raw Avg:   1.6201
  action_smoothness         | Scaled Avg:  -0.0005 | Raw Avg:   0.2543
  ang_vel_xy                | Scaled Avg:  -0.0025 | Raw Avg:   1.2553
  collision                 | Scaled Avg:  -0.0001 | Raw Avg:   0.0064
  dof_acc                   | Scaled Avg:  -0.0007 | Raw Avg: 141849.5156
  dof_error                 | Scaled Avg:  -0.0028 | Raw Avg:   0.2813
  dof_vel                   | Scaled Avg:  -0.0079 | Raw Avg:  78.7797
  feet_contact_forces       | Scaled Avg:  -0.0000 | Raw Avg:   7.7469
  foot_clearance            | Scaled Avg:  -0.0001 | Raw Avg:   0.0081
  foot_mirror               | Scaled Avg:  -0.0001 | Raw Avg:   0.0765
  foot_slide                | Scaled Avg:  -0.0017 | Raw Avg:   1.7461
  has_contact               | Scaled Avg:   0.0004 | Raw Avg:   0.0187
  hip_pos                   | Scaled Avg:  -0.0028 | Raw Avg:   0.0281
  lin_vel_z                 | Scaled Avg:  -0.0017 | Raw Avg:   0.0209
  orientation               | Scaled Avg:  -0.0000 | Raw Avg:   0.0099
  powers                    | Scaled Avg:  -0.0001 | Raw Avg: 135.2598
  stand_still               | Scaled Avg:  -0.0002 | Raw Avg:   0.0023
  torques                   | Scaled Avg:  -0.0002 | Raw Avg: 1035.4827
  tracking_ang_vel          | Scaled Avg:   0.0156 | Raw Avg:   0.7813
  tracking_lin_vel          | Scaled Avg:   0.0323 | Raw Avg:   0.8065
  TOTAL REWARD              | Scaled Avg:   0.0106
------------------------------

------------------------------
Step: 108000 - Reward Breakdown:
  action_rate               | Scaled Avg:  -0.0162 | Raw Avg:   1.6151
  action_smoothness         | Scaled Avg:  -0.0005 | Raw Avg:   0.2540
  ang_vel_xy                | Scaled Avg:  -0.0025 | Raw Avg:   1.2393
  collision                 | Scaled Avg:  -0.0001 | Raw Avg:   0.0033
  dof_acc                   | Scaled Avg:  -0.0007 | Raw Avg: 137605.7500
  dof_error                 | Scaled Avg:  -0.0028 | Raw Avg:   0.2808
  dof_vel                   | Scaled Avg:  -0.0079 | Raw Avg:  78.6360
  feet_contact_forces       | Scaled Avg:  -0.0000 | Raw Avg:   7.7376
  foot_clearance            | Scaled Avg:  -0.0001 | Raw Avg:   0.0083
  foot_mirror               | Scaled Avg:  -0.0001 | Raw Avg:   0.0747
  foot_slide                | Scaled Avg:  -0.0017 | Raw Avg:   1.7200
  has_contact               | Scaled Avg:   0.0004 | Raw Avg:   0.0184
  hip_pos                   | Scaled Avg:  -0.0028 | Raw Avg:   0.0280
  lin_vel_z                 | Scaled Avg:  -0.0016 | Raw Avg:   0.0198
  orientation               | Scaled Avg:  -0.0000 | Raw Avg:   0.0097
  powers                    | Scaled Avg:  -0.0001 | Raw Avg: 137.9967
  stand_still               | Scaled Avg:  -0.0003 | Raw Avg:   0.0029
  torques                   | Scaled Avg:  -0.0002 | Raw Avg: 1065.7288
  tracking_ang_vel          | Scaled Avg:   0.0158 | Raw Avg:   0.7878
  tracking_lin_vel          | Scaled Avg:   0.0326 | Raw Avg:   0.8150
  TOTAL REWARD              | Scaled Avg:   0.0113
------------------------------
################################################################################
                    [1m Learning iteration 14500/15000 [0m                    

                       Computation: 84968 steps/s (collection: 1.251s, learning 0.471s)
                     surrogate_loss -0.0046
                         value_loss 0.0538
                            entropy 2.2907
                     estimator_loss 0.0000
                         total_loss 0.0721
             Mean action noise std: 0.20
                       Mean reward: 7.28
               Mean episode length: 669.52
      Mean episode rew_action_rate: -0.5628
Mean episode rew_frame_action_rate: -0.0183
Mean episode rew_action_smoothness: -0.0179
Mean episode rew_frame_action_smoothness: -0.0006
       Mean episode rew_ang_vel_xy: -0.0902
 Mean episode rew_frame_ang_vel_xy: -0.0055
      Mean episode rew_base_height: -0.0003
Mean episode rew_frame_base_height: -0.0001
        Mean episode rew_collision: -0.0053
  Mean episode rew_frame_collision: -0.0009
          Mean episode rew_dof_acc: -0.0236
    Mean episode rew_frame_dof_acc: -0.0013
        Mean episode rew_dof_error: -0.1065
  Mean episode rew_frame_dof_error: -0.0065
          Mean episode rew_dof_vel: -0.2733
    Mean episode rew_frame_dof_vel: -0.0110
    Mean episode rew_feet_air_time: 0.0004
Mean episode rew_frame_feet_air_time: 0.0000
Mean episode rew_feet_contact_forces: -0.0009
Mean episode rew_frame_feet_contact_forces: -0.0000
   Mean episode rew_foot_clearance: -0.0029
Mean episode rew_frame_foot_clearance: -0.0001
      Mean episode rew_foot_mirror: -0.0030
Mean episode rew_frame_foot_mirror: -0.0002
       Mean episode rew_foot_slide: -0.0609
 Mean episode rew_frame_foot_slide: -0.0017
      Mean episode rew_has_contact: 0.0127
Mean episode rew_frame_has_contact: 0.0004
          Mean episode rew_hip_pos: -0.1179
    Mean episode rew_frame_hip_pos: -0.0087
        Mean episode rew_lin_vel_z: -0.0576
  Mean episode rew_frame_lin_vel_z: -0.0071
      Mean episode rew_orientation: -0.0017
Mean episode rew_frame_orientation: -0.0003
           Mean episode rew_powers: -0.0019
     Mean episode rew_frame_powers: -0.0001
      Mean episode rew_stand_still: 0.0000
Mean episode rew_frame_stand_still: 0.0000
          Mean episode rew_stumble: -0.0000
    Mean episode rew_frame_stumble: -0.0000
          Mean episode rew_torques: -0.0074
    Mean episode rew_frame_torques: -0.0002
 Mean episode rew_tracking_ang_vel: 0.5465
Mean episode rew_frame_tracking_ang_vel: 0.0129
 Mean episode rew_tracking_lin_vel: 1.1175
Mean episode rew_frame_tracking_lin_vel: 0.0253
Mean episode max_power_throughout_episode: 2970.3115
            Mean episode max_pos_x: 3.7944
            Mean episode min_pos_x: -2.4182
            Mean episode max_pos_y: 3.8223
            Mean episode min_pos_y: -3.4150
        Mean episode timeout_ratio: 0.6479
       Mean episode num_terminated: 9.6250
--------------------------------------------------------------------------------
                   Total timesteps: 6729984
                    Iteration time: 1.72s
                        Total time: 7934.92s
                               ETA: 881.5s


------------------------------
Step: 108500 - Reward Breakdown:
  action_rate               | Scaled Avg:  -0.0161 | Raw Avg:   1.6077
  action_smoothness         | Scaled Avg:  -0.0005 | Raw Avg:   0.2546
  ang_vel_xy                | Scaled Avg:  -0.0026 | Raw Avg:   1.2916
  collision                 | Scaled Avg:  -0.0001 | Raw Avg:   0.0039
  dof_acc                   | Scaled Avg:  -0.0007 | Raw Avg: 142043.9844
  dof_error                 | Scaled Avg:  -0.0028 | Raw Avg:   0.2782
  dof_vel                   | Scaled Avg:  -0.0079 | Raw Avg:  79.4684
  feet_contact_forces       | Scaled Avg:  -0.0000 | Raw Avg:   7.8753
  foot_clearance            | Scaled Avg:  -0.0001 | Raw Avg:   0.0083
  foot_mirror               | Scaled Avg:  -0.0001 | Raw Avg:   0.0742
  foot_slide                | Scaled Avg:  -0.0018 | Raw Avg:   1.7589
  has_contact               | Scaled Avg:   0.0004 | Raw Avg:   0.0180
  hip_pos                   | Scaled Avg:  -0.0029 | Raw Avg:   0.0287
  lin_vel_z                 | Scaled Avg:  -0.0016 | Raw Avg:   0.0196
  orientation               | Scaled Avg:  -0.0000 | Raw Avg:   0.0091
  powers                    | Scaled Avg:  -0.0001 | Raw Avg: 139.8889
  stand_still               | Scaled Avg:  -0.0002 | Raw Avg:   0.0024
  torques                   | Scaled Avg:  -0.0002 | Raw Avg: 1084.6464
  tracking_ang_vel          | Scaled Avg:   0.0156 | Raw Avg:   0.7798
  tracking_lin_vel          | Scaled Avg:   0.0328 | Raw Avg:   0.8201
  TOTAL REWARD              | Scaled Avg:   0.0111
------------------------------

------------------------------
Step: 109000 - Reward Breakdown:
  action_rate               | Scaled Avg:  -0.0177 | Raw Avg:   1.7661
  action_smoothness         | Scaled Avg:  -0.0006 | Raw Avg:   0.2803
  ang_vel_xy                | Scaled Avg:  -0.0027 | Raw Avg:   1.3558
  collision                 | Scaled Avg:  -0.0001 | Raw Avg:   0.0049
  dof_acc                   | Scaled Avg:  -0.0008 | Raw Avg: 157285.4062
  dof_error                 | Scaled Avg:  -0.0029 | Raw Avg:   0.2887
  dof_vel                   | Scaled Avg:  -0.0083 | Raw Avg:  83.3613
  feet_air_time             | Scaled Avg:   0.0000 | Raw Avg:   0.0004
  feet_contact_forces       | Scaled Avg:  -0.0000 | Raw Avg:   8.4308
  foot_clearance            | Scaled Avg:  -0.0001 | Raw Avg:   0.0085
  foot_mirror               | Scaled Avg:  -0.0001 | Raw Avg:   0.0809
  foot_slide                | Scaled Avg:  -0.0018 | Raw Avg:   1.7534
  has_contact               | Scaled Avg:   0.0004 | Raw Avg:   0.0195
  hip_pos                   | Scaled Avg:  -0.0028 | Raw Avg:   0.0281
  lin_vel_z                 | Scaled Avg:  -0.0364 | Raw Avg:   0.4554
  orientation               | Scaled Avg:  -0.0000 | Raw Avg:   0.0109
  powers                    | Scaled Avg:  -0.0001 | Raw Avg: 141.0315
  stand_still               | Scaled Avg:  -0.0002 | Raw Avg:   0.0025
  torques                   | Scaled Avg:  -0.0002 | Raw Avg: 1070.0367
  tracking_ang_vel          | Scaled Avg:   0.0154 | Raw Avg:   0.7720
  tracking_lin_vel          | Scaled Avg:   0.0324 | Raw Avg:   0.8097
  TOTAL REWARD              | Scaled Avg:   0.0075
------------------------------

------------------------------
Step: 109500 - Reward Breakdown:
  action_rate               | Scaled Avg:  -0.0174 | Raw Avg:   1.7429
  action_smoothness         | Scaled Avg:  -0.0006 | Raw Avg:   0.2798
  ang_vel_xy                | Scaled Avg:  -0.0026 | Raw Avg:   1.3065
  collision                 | Scaled Avg:  -0.0001 | Raw Avg:   0.0057
  dof_acc                   | Scaled Avg:  -0.0007 | Raw Avg: 144331.9062
  dof_error                 | Scaled Avg:  -0.0029 | Raw Avg:   0.2875
  dof_vel                   | Scaled Avg:  -0.0083 | Raw Avg:  82.7098
  feet_contact_forces       | Scaled Avg:  -0.0000 | Raw Avg:   7.6689
  foot_clearance            | Scaled Avg:  -0.0001 | Raw Avg:   0.0081
  foot_mirror               | Scaled Avg:  -0.0001 | Raw Avg:   0.0828
  foot_slide                | Scaled Avg:  -0.0018 | Raw Avg:   1.8144
  has_contact               | Scaled Avg:   0.0004 | Raw Avg:   0.0202
  hip_pos                   | Scaled Avg:  -0.0029 | Raw Avg:   0.0289
  lin_vel_z                 | Scaled Avg:  -0.0017 | Raw Avg:   0.0210
  orientation               | Scaled Avg:  -0.0000 | Raw Avg:   0.0100
  powers                    | Scaled Avg:  -0.0001 | Raw Avg: 136.6284
  stand_still               | Scaled Avg:  -0.0003 | Raw Avg:   0.0030
  torques                   | Scaled Avg:  -0.0002 | Raw Avg: 1006.0979
  tracking_ang_vel          | Scaled Avg:   0.0154 | Raw Avg:   0.7694
  tracking_lin_vel          | Scaled Avg:   0.0324 | Raw Avg:   0.8088
  TOTAL REWARD              | Scaled Avg:   0.0084
------------------------------

------------------------------
Step: 110000 - Reward Breakdown:
  action_rate               | Scaled Avg:  -0.0173 | Raw Avg:   1.7297
  action_smoothness         | Scaled Avg:  -0.0005 | Raw Avg:   0.2749
  ang_vel_xy                | Scaled Avg:  -0.0028 | Raw Avg:   1.4034
  collision                 | Scaled Avg:  -0.0002 | Raw Avg:   0.0079
  dof_acc                   | Scaled Avg:  -0.0008 | Raw Avg: 154843.6719
  dof_error                 | Scaled Avg:  -0.0031 | Raw Avg:   0.3121
  dof_vel                   | Scaled Avg:  -0.0083 | Raw Avg:  82.6484
  feet_air_time             | Scaled Avg:   0.0000 | Raw Avg:   0.0004
  feet_contact_forces       | Scaled Avg:  -0.0000 | Raw Avg:   8.1074
  foot_clearance            | Scaled Avg:  -0.0001 | Raw Avg:   0.0087
  foot_mirror               | Scaled Avg:  -0.0001 | Raw Avg:   0.0873
  foot_slide                | Scaled Avg:  -0.0018 | Raw Avg:   1.7778
  has_contact               | Scaled Avg:   0.0003 | Raw Avg:   0.0172
  hip_pos                   | Scaled Avg:  -0.0031 | Raw Avg:   0.0309
  lin_vel_z                 | Scaled Avg:  -0.0022 | Raw Avg:   0.0271
  orientation               | Scaled Avg:  -0.0000 | Raw Avg:   0.0123
  powers                    | Scaled Avg:  -0.0001 | Raw Avg: 140.6197
  stand_still               | Scaled Avg:  -0.0002 | Raw Avg:   0.0024
  torques                   | Scaled Avg:  -0.0002 | Raw Avg: 1059.5850
  tracking_ang_vel          | Scaled Avg:   0.0153 | Raw Avg:   0.7637
  tracking_lin_vel          | Scaled Avg:   0.0323 | Raw Avg:   0.8076
  TOTAL REWARD              | Scaled Avg:   0.0072
------------------------------
################################################################################
                    [1m Learning iteration 14600/15000 [0m                    

                       Computation: 83363 steps/s (collection: 1.287s, learning 0.468s)
                     surrogate_loss -0.0025
                         value_loss 0.1059
                            entropy 1.8741
                     estimator_loss 0.0000
                         total_loss 0.1221
             Mean action noise std: 0.21
                       Mean reward: 4.84
               Mean episode length: 605.62
      Mean episode rew_action_rate: -0.5220
Mean episode rew_frame_action_rate: -0.0198
Mean episode rew_action_smoothness: -0.0167
Mean episode rew_frame_action_smoothness: -0.0006
       Mean episode rew_ang_vel_xy: -0.0835
 Mean episode rew_frame_ang_vel_xy: -0.0068
      Mean episode rew_base_height: -0.0002
Mean episode rew_frame_base_height: -0.0001
        Mean episode rew_collision: -0.0034
  Mean episode rew_frame_collision: -0.0011
          Mean episode rew_dof_acc: -0.0239
    Mean episode rew_frame_dof_acc: -0.0016
        Mean episode rew_dof_error: -0.0946
  Mean episode rew_frame_dof_error: -0.0076
          Mean episode rew_dof_vel: -0.2525
    Mean episode rew_frame_dof_vel: -0.0121
    Mean episode rew_feet_air_time: 0.0002
Mean episode rew_frame_feet_air_time: 0.0000
Mean episode rew_feet_contact_forces: -0.0008
Mean episode rew_frame_feet_contact_forces: -0.0000
   Mean episode rew_foot_clearance: -0.0026
Mean episode rew_frame_foot_clearance: -0.0001
      Mean episode rew_foot_mirror: -0.0027
Mean episode rew_frame_foot_mirror: -0.0003
       Mean episode rew_foot_slide: -0.0539
 Mean episode rew_frame_foot_slide: -0.0017
      Mean episode rew_has_contact: 0.0142
Mean episode rew_frame_has_contact: 0.0003
          Mean episode rew_hip_pos: -0.0909
    Mean episode rew_frame_hip_pos: -0.0089
        Mean episode rew_lin_vel_z: -0.0587
  Mean episode rew_frame_lin_vel_z: -0.0092
      Mean episode rew_orientation: -0.0015
Mean episode rew_frame_orientation: -0.0003
           Mean episode rew_powers: -0.0017
     Mean episode rew_frame_powers: -0.0001
      Mean episode rew_stand_still: -0.0107
Mean episode rew_frame_stand_still: -0.0002
          Mean episode rew_stumble: -0.0000
    Mean episode rew_frame_stumble: -0.0000
          Mean episode rew_torques: -0.0063
    Mean episode rew_frame_torques: -0.0002
 Mean episode rew_tracking_ang_vel: 0.4641
Mean episode rew_frame_tracking_ang_vel: 0.0118
 Mean episode rew_tracking_lin_vel: 0.9704
Mean episode rew_frame_tracking_lin_vel: 0.0229
Mean episode max_power_throughout_episode: 3123.0371
            Mean episode max_pos_x: 3.8102
            Mean episode min_pos_x: -3.5813
            Mean episode max_pos_y: 3.2773
            Mean episode min_pos_y: -4.5964
        Mean episode timeout_ratio: 0.5340
       Mean episode num_terminated: 9.2917
--------------------------------------------------------------------------------
                   Total timesteps: 6876288
                    Iteration time: 1.76s
                        Total time: 8111.19s
                               ETA: 705.2s


------------------------------
Step: 110500 - Reward Breakdown:
  action_rate               | Scaled Avg:  -0.0171 | Raw Avg:   1.7067
  action_smoothness         | Scaled Avg:  -0.0005 | Raw Avg:   0.2673
  ang_vel_xy                | Scaled Avg:  -0.0025 | Raw Avg:   1.2550
  collision                 | Scaled Avg:  -0.0001 | Raw Avg:   0.0054
  dof_acc                   | Scaled Avg:  -0.0008 | Raw Avg: 151028.2344
  dof_error                 | Scaled Avg:  -0.0030 | Raw Avg:   0.2955
  dof_vel                   | Scaled Avg:  -0.0082 | Raw Avg:  82.4216
  feet_contact_forces       | Scaled Avg:  -0.0000 | Raw Avg:   8.5509
  foot_clearance            | Scaled Avg:  -0.0001 | Raw Avg:   0.0088
  foot_mirror               | Scaled Avg:  -0.0001 | Raw Avg:   0.0801
  foot_slide                | Scaled Avg:  -0.0018 | Raw Avg:   1.7538
  has_contact               | Scaled Avg:   0.0004 | Raw Avg:   0.0180
  hip_pos                   | Scaled Avg:  -0.0028 | Raw Avg:   0.0281
  lin_vel_z                 | Scaled Avg:  -0.0016 | Raw Avg:   0.0201
  orientation               | Scaled Avg:  -0.0000 | Raw Avg:   0.0105
  powers                    | Scaled Avg:  -0.0001 | Raw Avg: 137.8460
  stand_still               | Scaled Avg:  -0.0002 | Raw Avg:   0.0020
  torques                   | Scaled Avg:  -0.0002 | Raw Avg: 1043.4883
  tracking_ang_vel          | Scaled Avg:   0.0158 | Raw Avg:   0.7910
  tracking_lin_vel          | Scaled Avg:   0.0330 | Raw Avg:   0.8238
  TOTAL REWARD              | Scaled Avg:   0.0101
------------------------------

------------------------------
Step: 111000 - Reward Breakdown:
  action_rate               | Scaled Avg:  -0.0170 | Raw Avg:   1.6968
  action_smoothness         | Scaled Avg:  -0.0005 | Raw Avg:   0.2648
  ang_vel_xy                | Scaled Avg:  -0.0026 | Raw Avg:   1.2982
  collision                 | Scaled Avg:  -0.0001 | Raw Avg:   0.0064
  dof_acc                   | Scaled Avg:  -0.0008 | Raw Avg: 151848.3750
  dof_error                 | Scaled Avg:  -0.0031 | Raw Avg:   0.3060
  dof_vel                   | Scaled Avg:  -0.0083 | Raw Avg:  82.5419
  feet_contact_forces       | Scaled Avg:  -0.0000 | Raw Avg:   8.1658
  foot_clearance            | Scaled Avg:  -0.0001 | Raw Avg:   0.0084
  foot_mirror               | Scaled Avg:  -0.0001 | Raw Avg:   0.0893
  foot_slide                | Scaled Avg:  -0.0018 | Raw Avg:   1.7804
  has_contact               | Scaled Avg:   0.0003 | Raw Avg:   0.0173
  hip_pos                   | Scaled Avg:  -0.0030 | Raw Avg:   0.0300
  lin_vel_z                 | Scaled Avg:  -0.0018 | Raw Avg:   0.0224
  orientation               | Scaled Avg:  -0.0000 | Raw Avg:   0.0106
  powers                    | Scaled Avg:  -0.0001 | Raw Avg: 141.7859
  stand_still               | Scaled Avg:  -0.0003 | Raw Avg:   0.0034
  torques                   | Scaled Avg:  -0.0002 | Raw Avg: 1084.1716
  tracking_ang_vel          | Scaled Avg:   0.0156 | Raw Avg:   0.7785
  tracking_lin_vel          | Scaled Avg:   0.0328 | Raw Avg:   0.8191
  TOTAL REWARD              | Scaled Avg:   0.0090
------------------------------

------------------------------
Step: 111500 - Reward Breakdown:
  action_rate               | Scaled Avg:  -0.0164 | Raw Avg:   1.6444
  action_smoothness         | Scaled Avg:  -0.0005 | Raw Avg:   0.2621
  ang_vel_xy                | Scaled Avg:  -0.0025 | Raw Avg:   1.2627
  collision                 | Scaled Avg:  -0.0001 | Raw Avg:   0.0059
  dof_acc                   | Scaled Avg:  -0.0007 | Raw Avg: 133599.6094
  dof_error                 | Scaled Avg:  -0.0029 | Raw Avg:   0.2897
  dof_vel                   | Scaled Avg:  -0.0079 | Raw Avg:  79.1535
  feet_contact_forces       | Scaled Avg:  -0.0000 | Raw Avg:   8.1576
  foot_clearance            | Scaled Avg:  -0.0001 | Raw Avg:   0.0081
  foot_mirror               | Scaled Avg:  -0.0001 | Raw Avg:   0.0815
  foot_slide                | Scaled Avg:  -0.0017 | Raw Avg:   1.7190
  has_contact               | Scaled Avg:   0.0004 | Raw Avg:   0.0198
  hip_pos                   | Scaled Avg:  -0.0029 | Raw Avg:   0.0288
  lin_vel_z                 | Scaled Avg:  -0.0017 | Raw Avg:   0.0209
  orientation               | Scaled Avg:  -0.0000 | Raw Avg:   0.0101
  powers                    | Scaled Avg:  -0.0001 | Raw Avg: 138.0649
  stand_still               | Scaled Avg:  -0.0002 | Raw Avg:   0.0019
  torques                   | Scaled Avg:  -0.0002 | Raw Avg: 1069.3744
  tracking_ang_vel          | Scaled Avg:   0.0155 | Raw Avg:   0.7767
  tracking_lin_vel          | Scaled Avg:   0.0325 | Raw Avg:   0.8137
  TOTAL REWARD              | Scaled Avg:   0.0104
------------------------------

------------------------------
Step: 112000 - Reward Breakdown:
  action_rate               | Scaled Avg:  -0.0164 | Raw Avg:   1.6424
  action_smoothness         | Scaled Avg:  -0.0005 | Raw Avg:   0.2576
  ang_vel_xy                | Scaled Avg:  -0.0026 | Raw Avg:   1.3139
  collision                 | Scaled Avg:  -0.0001 | Raw Avg:   0.0048
  dof_acc                   | Scaled Avg:  -0.0006 | Raw Avg: 125883.4922
  dof_error                 | Scaled Avg:  -0.0029 | Raw Avg:   0.2925
  dof_vel                   | Scaled Avg:  -0.0080 | Raw Avg:  80.4084
  feet_contact_forces       | Scaled Avg:  -0.0000 | Raw Avg:   8.1279
  foot_clearance            | Scaled Avg:  -0.0001 | Raw Avg:   0.0079
  foot_mirror               | Scaled Avg:  -0.0001 | Raw Avg:   0.0802
  foot_slide                | Scaled Avg:  -0.0017 | Raw Avg:   1.7490
  has_contact               | Scaled Avg:   0.0003 | Raw Avg:   0.0162
  hip_pos                   | Scaled Avg:  -0.0030 | Raw Avg:   0.0298
  lin_vel_z                 | Scaled Avg:  -0.0018 | Raw Avg:   0.0224
  orientation               | Scaled Avg:  -0.0000 | Raw Avg:   0.0098
  powers                    | Scaled Avg:  -0.0001 | Raw Avg: 141.0015
  stand_still               | Scaled Avg:  -0.0002 | Raw Avg:   0.0024
  torques                   | Scaled Avg:  -0.0002 | Raw Avg: 1080.6962
  tracking_ang_vel          | Scaled Avg:   0.0157 | Raw Avg:   0.7871
  tracking_lin_vel          | Scaled Avg:   0.0329 | Raw Avg:   0.8215
  TOTAL REWARD              | Scaled Avg:   0.0104
------------------------------

------------------------------
Step: 112500 - Reward Breakdown:
  action_rate               | Scaled Avg:  -0.0163 | Raw Avg:   1.6274
  action_smoothness         | Scaled Avg:  -0.0005 | Raw Avg:   0.2548
  ang_vel_xy                | Scaled Avg:  -0.0025 | Raw Avg:   1.2720
  collision                 | Scaled Avg:  -0.0002 | Raw Avg:   0.0082
  dof_acc                   | Scaled Avg:  -0.0006 | Raw Avg: 122337.5938
  dof_error                 | Scaled Avg:  -0.0030 | Raw Avg:   0.3004
  dof_vel                   | Scaled Avg:  -0.0080 | Raw Avg:  79.8947
  feet_contact_forces       | Scaled Avg:  -0.0000 | Raw Avg:   7.4520
  foot_clearance            | Scaled Avg:  -0.0001 | Raw Avg:   0.0080
  foot_mirror               | Scaled Avg:  -0.0001 | Raw Avg:   0.0808
  foot_slide                | Scaled Avg:  -0.0018 | Raw Avg:   1.7722
  has_contact               | Scaled Avg:   0.0004 | Raw Avg:   0.0190
  hip_pos                   | Scaled Avg:  -0.0030 | Raw Avg:   0.0299
  lin_vel_z                 | Scaled Avg:  -0.0016 | Raw Avg:   0.0198
  orientation               | Scaled Avg:  -0.0000 | Raw Avg:   0.0106
  powers                    | Scaled Avg:  -0.0001 | Raw Avg: 141.9861
  stand_still               | Scaled Avg:  -0.0004 | Raw Avg:   0.0036
  torques                   | Scaled Avg:  -0.0002 | Raw Avg: 1106.0405
  tracking_ang_vel          | Scaled Avg:   0.0157 | Raw Avg:   0.7860
  tracking_lin_vel          | Scaled Avg:   0.0325 | Raw Avg:   0.8130
  TOTAL REWARD              | Scaled Avg:   0.0103
------------------------------
################################################################################
                    [1m Learning iteration 14700/15000 [0m                    

                       Computation: 84753 steps/s (collection: 1.251s, learning 0.475s)
                     surrogate_loss -0.0044
                         value_loss 0.0479
                            entropy 2.3130
                     estimator_loss 0.0000
                         total_loss 0.0666
             Mean action noise std: 0.20
                       Mean reward: 6.13
               Mean episode length: 591.43
      Mean episode rew_action_rate: -0.5224
Mean episode rew_frame_action_rate: -0.0190
Mean episode rew_action_smoothness: -0.0163
Mean episode rew_frame_action_smoothness: -0.0006
       Mean episode rew_ang_vel_xy: -0.0834
 Mean episode rew_frame_ang_vel_xy: -0.0060
      Mean episode rew_base_height: -0.0002
Mean episode rew_frame_base_height: -0.0001
        Mean episode rew_collision: -0.0024
  Mean episode rew_frame_collision: -0.0007
          Mean episode rew_dof_acc: -0.0219
    Mean episode rew_frame_dof_acc: -0.0013
        Mean episode rew_dof_error: -0.0924
  Mean episode rew_frame_dof_error: -0.0062
          Mean episode rew_dof_vel: -0.2567
    Mean episode rew_frame_dof_vel: -0.0115
    Mean episode rew_feet_air_time: 0.0002
Mean episode rew_frame_feet_air_time: 0.0000
Mean episode rew_feet_contact_forces: -0.0007
Mean episode rew_frame_feet_contact_forces: -0.0000
   Mean episode rew_foot_clearance: -0.0026
Mean episode rew_frame_foot_clearance: -0.0001
      Mean episode rew_foot_mirror: -0.0025
Mean episode rew_frame_foot_mirror: -0.0002
       Mean episode rew_foot_slide: -0.0552
 Mean episode rew_frame_foot_slide: -0.0017
      Mean episode rew_has_contact: 0.0091
Mean episode rew_frame_has_contact: 0.0004
          Mean episode rew_hip_pos: -0.0907
    Mean episode rew_frame_hip_pos: -0.0076
        Mean episode rew_lin_vel_z: -0.0559
  Mean episode rew_frame_lin_vel_z: -0.0087
      Mean episode rew_orientation: -0.0013
Mean episode rew_frame_orientation: -0.0002
           Mean episode rew_powers: -0.0018
     Mean episode rew_frame_powers: -0.0001
      Mean episode rew_stand_still: -0.0142
Mean episode rew_frame_stand_still: -0.0014
          Mean episode rew_stumble: -0.0000
    Mean episode rew_frame_stumble: -0.0000
          Mean episode rew_torques: -0.0069
    Mean episode rew_frame_torques: -0.0002
 Mean episode rew_tracking_ang_vel: 0.5014
Mean episode rew_frame_tracking_ang_vel: 0.0129
 Mean episode rew_tracking_lin_vel: 1.0503
Mean episode rew_frame_tracking_lin_vel: 0.0252
Mean episode max_power_throughout_episode: 3053.7625
            Mean episode max_pos_x: 5.0826
            Mean episode min_pos_x: -2.8024
            Mean episode max_pos_y: 4.3870
            Mean episode min_pos_y: -4.0053
        Mean episode timeout_ratio: 0.5852
       Mean episode num_terminated: 9.4583
--------------------------------------------------------------------------------
                   Total timesteps: 7022592
                    Iteration time: 1.73s
                        Total time: 8286.98s
                               ETA: 528.8s


------------------------------
Step: 113000 - Reward Breakdown:
  action_rate               | Scaled Avg:  -0.0162 | Raw Avg:   1.6238
  action_smoothness         | Scaled Avg:  -0.0005 | Raw Avg:   0.2553
  ang_vel_xy                | Scaled Avg:  -0.0026 | Raw Avg:   1.2996
  collision                 | Scaled Avg:  -0.0001 | Raw Avg:   0.0056
  dof_acc                   | Scaled Avg:  -0.0008 | Raw Avg: 151656.9531
  dof_error                 | Scaled Avg:  -0.0030 | Raw Avg:   0.2989
  dof_vel                   | Scaled Avg:  -0.0080 | Raw Avg:  80.0354
  feet_contact_forces       | Scaled Avg:  -0.0000 | Raw Avg:   8.2866
  foot_clearance            | Scaled Avg:  -0.0001 | Raw Avg:   0.0089
  foot_mirror               | Scaled Avg:  -0.0001 | Raw Avg:   0.0790
  foot_slide                | Scaled Avg:  -0.0017 | Raw Avg:   1.7153
  has_contact               | Scaled Avg:   0.0003 | Raw Avg:   0.0168
  hip_pos                   | Scaled Avg:  -0.0030 | Raw Avg:   0.0299
  lin_vel_z                 | Scaled Avg:  -0.0017 | Raw Avg:   0.0212
  orientation               | Scaled Avg:  -0.0000 | Raw Avg:   0.0109
  powers                    | Scaled Avg:  -0.0001 | Raw Avg: 140.4715
  stand_still               | Scaled Avg:  -0.0003 | Raw Avg:   0.0026
  torques                   | Scaled Avg:  -0.0002 | Raw Avg: 1072.5229
  tracking_ang_vel          | Scaled Avg:   0.0157 | Raw Avg:   0.7864
  tracking_lin_vel          | Scaled Avg:   0.0325 | Raw Avg:   0.8135
  TOTAL REWARD              | Scaled Avg:   0.0102
------------------------------

------------------------------
Step: 113500 - Reward Breakdown:
  action_rate               | Scaled Avg:  -0.0165 | Raw Avg:   1.6507
  action_smoothness         | Scaled Avg:  -0.0005 | Raw Avg:   0.2566
  ang_vel_xy                | Scaled Avg:  -0.0026 | Raw Avg:   1.3194
  collision                 | Scaled Avg:  -0.0001 | Raw Avg:   0.0064
  dof_acc                   | Scaled Avg:  -0.0007 | Raw Avg: 141726.7031
  dof_error                 | Scaled Avg:  -0.0029 | Raw Avg:   0.2946
  dof_vel                   | Scaled Avg:  -0.0080 | Raw Avg:  79.7779
  feet_contact_forces       | Scaled Avg:  -0.0000 | Raw Avg:   7.8718
  foot_clearance            | Scaled Avg:  -0.0001 | Raw Avg:   0.0082
  foot_mirror               | Scaled Avg:  -0.0001 | Raw Avg:   0.0799
  foot_slide                | Scaled Avg:  -0.0018 | Raw Avg:   1.7588
  has_contact               | Scaled Avg:   0.0004 | Raw Avg:   0.0212
  hip_pos                   | Scaled Avg:  -0.0030 | Raw Avg:   0.0304
  lin_vel_z                 | Scaled Avg:  -0.0017 | Raw Avg:   0.0215
  orientation               | Scaled Avg:  -0.0000 | Raw Avg:   0.0107
  powers                    | Scaled Avg:  -0.0001 | Raw Avg: 139.1802
  stand_still               | Scaled Avg:  -0.0002 | Raw Avg:   0.0022
  torques                   | Scaled Avg:  -0.0002 | Raw Avg: 1063.6986
  tracking_ang_vel          | Scaled Avg:   0.0155 | Raw Avg:   0.7764
  tracking_lin_vel          | Scaled Avg:   0.0327 | Raw Avg:   0.8168
  TOTAL REWARD              | Scaled Avg:   0.0100
------------------------------

------------------------------
Step: 114000 - Reward Breakdown:
  action_rate               | Scaled Avg:  -0.0163 | Raw Avg:   1.6299
  action_smoothness         | Scaled Avg:  -0.0005 | Raw Avg:   0.2566
  ang_vel_xy                | Scaled Avg:  -0.0026 | Raw Avg:   1.2976
  collision                 | Scaled Avg:  -0.0001 | Raw Avg:   0.0041
  dof_acc                   | Scaled Avg:  -0.0007 | Raw Avg: 146338.3750
  dof_error                 | Scaled Avg:  -0.0029 | Raw Avg:   0.2913
  dof_vel                   | Scaled Avg:  -0.0080 | Raw Avg:  80.0648
  feet_contact_forces       | Scaled Avg:  -0.0000 | Raw Avg:   7.8764
  foot_clearance            | Scaled Avg:  -0.0001 | Raw Avg:   0.0083
  foot_mirror               | Scaled Avg:  -0.0001 | Raw Avg:   0.0783
  foot_slide                | Scaled Avg:  -0.0018 | Raw Avg:   1.7532
  has_contact               | Scaled Avg:   0.0003 | Raw Avg:   0.0170
  hip_pos                   | Scaled Avg:  -0.0029 | Raw Avg:   0.0294
  lin_vel_z                 | Scaled Avg:  -0.0017 | Raw Avg:   0.0216
  orientation               | Scaled Avg:  -0.0000 | Raw Avg:   0.0101
  powers                    | Scaled Avg:  -0.0001 | Raw Avg: 135.7480
  stand_still               | Scaled Avg:  -0.0002 | Raw Avg:   0.0022
  torques                   | Scaled Avg:  -0.0002 | Raw Avg: 1020.8898
  tracking_ang_vel          | Scaled Avg:   0.0156 | Raw Avg:   0.7809
  tracking_lin_vel          | Scaled Avg:   0.0328 | Raw Avg:   0.8204
  TOTAL REWARD              | Scaled Avg:   0.0105
------------------------------

------------------------------
Step: 114500 - Reward Breakdown:
  action_rate               | Scaled Avg:  -0.0163 | Raw Avg:   1.6336
  action_smoothness         | Scaled Avg:  -0.0005 | Raw Avg:   0.2546
  ang_vel_xy                | Scaled Avg:  -0.0026 | Raw Avg:   1.2786
  collision                 | Scaled Avg:  -0.0001 | Raw Avg:   0.0059
  dof_acc                   | Scaled Avg:  -0.0007 | Raw Avg: 146688.1094
  dof_error                 | Scaled Avg:  -0.0030 | Raw Avg:   0.2964
  dof_vel                   | Scaled Avg:  -0.0081 | Raw Avg:  81.1240
  feet_contact_forces       | Scaled Avg:  -0.0000 | Raw Avg:   8.2020
  foot_clearance            | Scaled Avg:  -0.0001 | Raw Avg:   0.0089
  foot_mirror               | Scaled Avg:  -0.0001 | Raw Avg:   0.0767
  foot_slide                | Scaled Avg:  -0.0017 | Raw Avg:   1.7260
  has_contact               | Scaled Avg:   0.0003 | Raw Avg:   0.0169
  hip_pos                   | Scaled Avg:  -0.0030 | Raw Avg:   0.0298
  lin_vel_z                 | Scaled Avg:  -0.0017 | Raw Avg:   0.0217
  orientation               | Scaled Avg:  -0.0000 | Raw Avg:   0.0110
  powers                    | Scaled Avg:  -0.0001 | Raw Avg: 137.0128
  stand_still               | Scaled Avg:  -0.0003 | Raw Avg:   0.0028
  torques                   | Scaled Avg:  -0.0002 | Raw Avg: 1012.5562
  tracking_ang_vel          | Scaled Avg:   0.0158 | Raw Avg:   0.7917
  tracking_lin_vel          | Scaled Avg:   0.0329 | Raw Avg:   0.8216
  TOTAL REWARD              | Scaled Avg:   0.0105
------------------------------

------------------------------
Step: 115000 - Reward Breakdown:
  action_rate               | Scaled Avg:  -0.0163 | Raw Avg:   1.6325
  action_smoothness         | Scaled Avg:  -0.0005 | Raw Avg:   0.2565
  ang_vel_xy                | Scaled Avg:  -0.0026 | Raw Avg:   1.2874
  collision                 | Scaled Avg:  -0.0001 | Raw Avg:   0.0046
  dof_acc                   | Scaled Avg:  -0.0007 | Raw Avg: 132887.3438
  dof_error                 | Scaled Avg:  -0.0028 | Raw Avg:   0.2834
  dof_vel                   | Scaled Avg:  -0.0081 | Raw Avg:  80.6312
  feet_contact_forces       | Scaled Avg:  -0.0000 | Raw Avg:   7.6456
  foot_clearance            | Scaled Avg:  -0.0001 | Raw Avg:   0.0084
  foot_mirror               | Scaled Avg:  -0.0001 | Raw Avg:   0.0793
  foot_slide                | Scaled Avg:  -0.0017 | Raw Avg:   1.7363
  has_contact               | Scaled Avg:   0.0004 | Raw Avg:   0.0187
  hip_pos                   | Scaled Avg:  -0.0028 | Raw Avg:   0.0279
  lin_vel_z                 | Scaled Avg:  -0.0017 | Raw Avg:   0.0207
  orientation               | Scaled Avg:  -0.0000 | Raw Avg:   0.0100
  powers                    | Scaled Avg:  -0.0001 | Raw Avg: 134.8879
  stand_still               | Scaled Avg:  -0.0004 | Raw Avg:   0.0037
  torques                   | Scaled Avg:  -0.0002 | Raw Avg: 1005.1481
  tracking_ang_vel          | Scaled Avg:   0.0157 | Raw Avg:   0.7857
  tracking_lin_vel          | Scaled Avg:   0.0328 | Raw Avg:   0.8201
  TOTAL REWARD              | Scaled Avg:   0.0108
------------------------------
################################################################################
                    [1m Learning iteration 14800/15000 [0m                    

                       Computation: 82144 steps/s (collection: 1.312s, learning 0.469s)
                     surrogate_loss -0.0018
                         value_loss 0.1816
                            entropy 1.9406
                     estimator_loss 0.0000
                         total_loss 0.1992
             Mean action noise std: 0.21
                       Mean reward: 7.02
               Mean episode length: 700.25
      Mean episode rew_action_rate: -0.5775
Mean episode rew_frame_action_rate: -0.0184
Mean episode rew_action_smoothness: -0.0181
Mean episode rew_frame_action_smoothness: -0.0006
       Mean episode rew_ang_vel_xy: -0.0894
 Mean episode rew_frame_ang_vel_xy: -0.0055
      Mean episode rew_base_height: -0.0002
Mean episode rew_frame_base_height: -0.0000
        Mean episode rew_collision: -0.0041
  Mean episode rew_frame_collision: -0.0007
          Mean episode rew_dof_acc: -0.0238
    Mean episode rew_frame_dof_acc: -0.0012
        Mean episode rew_dof_error: -0.1023
  Mean episode rew_frame_dof_error: -0.0061
          Mean episode rew_dof_vel: -0.2818
    Mean episode rew_frame_dof_vel: -0.0108
    Mean episode rew_feet_air_time: 0.0002
Mean episode rew_frame_feet_air_time: 0.0000
Mean episode rew_feet_contact_forces: -0.0009
Mean episode rew_frame_feet_contact_forces: -0.0000
   Mean episode rew_foot_clearance: -0.0029
Mean episode rew_frame_foot_clearance: -0.0001
      Mean episode rew_foot_mirror: -0.0028
Mean episode rew_frame_foot_mirror: -0.0002
       Mean episode rew_foot_slide: -0.0608
 Mean episode rew_frame_foot_slide: -0.0017
      Mean episode rew_has_contact: 0.0143
Mean episode rew_frame_has_contact: 0.0005
          Mean episode rew_hip_pos: -0.1042
    Mean episode rew_frame_hip_pos: -0.0079
        Mean episode rew_lin_vel_z: -0.0594
  Mean episode rew_frame_lin_vel_z: -0.0066
      Mean episode rew_orientation: -0.0016
Mean episode rew_frame_orientation: -0.0003
           Mean episode rew_powers: -0.0019
     Mean episode rew_frame_powers: -0.0001
      Mean episode rew_stand_still: -0.0129
Mean episode rew_frame_stand_still: -0.0024
          Mean episode rew_stumble: -0.0000
    Mean episode rew_frame_stumble: -0.0000
          Mean episode rew_torques: -0.0071
    Mean episode rew_frame_torques: -0.0002
 Mean episode rew_tracking_ang_vel: 0.5571
Mean episode rew_frame_tracking_ang_vel: 0.0132
 Mean episode rew_tracking_lin_vel: 1.1605
Mean episode rew_frame_tracking_lin_vel: 0.0268
Mean episode max_power_throughout_episode: 3207.8440
            Mean episode max_pos_x: 5.0078
            Mean episode min_pos_x: -3.6536
            Mean episode max_pos_y: 4.0170
            Mean episode min_pos_y: -3.3424
        Mean episode timeout_ratio: 0.6404
       Mean episode num_terminated: 8.7917
--------------------------------------------------------------------------------
                   Total timesteps: 7168896
                    Iteration time: 1.78s
                        Total time: 8462.47s
                               ETA: 352.5s


------------------------------
Step: 115500 - Reward Breakdown:
  action_rate               | Scaled Avg:  -0.0171 | Raw Avg:   1.7118
  action_smoothness         | Scaled Avg:  -0.0005 | Raw Avg:   0.2739
  ang_vel_xy                | Scaled Avg:  -0.0027 | Raw Avg:   1.3586
  collision                 | Scaled Avg:  -0.0001 | Raw Avg:   0.0041
  dof_acc                   | Scaled Avg:  -0.0007 | Raw Avg: 137064.3750
  dof_error                 | Scaled Avg:  -0.0029 | Raw Avg:   0.2928
  dof_vel                   | Scaled Avg:  -0.0080 | Raw Avg:  80.3528
  feet_contact_forces       | Scaled Avg:  -0.0000 | Raw Avg:   8.1745
  foot_clearance            | Scaled Avg:  -0.0001 | Raw Avg:   0.0085
  foot_mirror               | Scaled Avg:  -0.0001 | Raw Avg:   0.0823
  foot_slide                | Scaled Avg:  -0.0017 | Raw Avg:   1.7169
  has_contact               | Scaled Avg:   0.0004 | Raw Avg:   0.0186
  hip_pos                   | Scaled Avg:  -0.0030 | Raw Avg:   0.0296
  lin_vel_z                 | Scaled Avg:  -0.0020 | Raw Avg:   0.0247
  orientation               | Scaled Avg:  -0.0000 | Raw Avg:   0.0113
  powers                    | Scaled Avg:  -0.0001 | Raw Avg: 134.1127
  stand_still               | Scaled Avg:  -0.0003 | Raw Avg:   0.0032
  torques                   | Scaled Avg:  -0.0002 | Raw Avg: 1000.0806
  tracking_ang_vel          | Scaled Avg:   0.0157 | Raw Avg:   0.7836
  tracking_lin_vel          | Scaled Avg:   0.0323 | Raw Avg:   0.8068
  TOTAL REWARD              | Scaled Avg:   0.0087
------------------------------

------------------------------
Step: 116000 - Reward Breakdown:
  action_rate               | Scaled Avg:  -0.0172 | Raw Avg:   1.7212
  action_smoothness         | Scaled Avg:  -0.0005 | Raw Avg:   0.2745
  ang_vel_xy                | Scaled Avg:  -0.0027 | Raw Avg:   1.3650
  collision                 | Scaled Avg:  -0.0001 | Raw Avg:   0.0049
  dof_acc                   | Scaled Avg:  -0.0007 | Raw Avg: 130140.0703
  dof_error                 | Scaled Avg:  -0.0029 | Raw Avg:   0.2916
  dof_vel                   | Scaled Avg:  -0.0082 | Raw Avg:  82.1594
  feet_contact_forces       | Scaled Avg:  -0.0000 | Raw Avg:   7.8520
  foot_clearance            | Scaled Avg:  -0.0001 | Raw Avg:   0.0080
  foot_mirror               | Scaled Avg:  -0.0001 | Raw Avg:   0.0850
  foot_slide                | Scaled Avg:  -0.0018 | Raw Avg:   1.7532
  has_contact               | Scaled Avg:   0.0004 | Raw Avg:   0.0177
  hip_pos                   | Scaled Avg:  -0.0029 | Raw Avg:   0.0293
  lin_vel_z                 | Scaled Avg:  -0.0017 | Raw Avg:   0.0210
  orientation               | Scaled Avg:  -0.0000 | Raw Avg:   0.0118
  powers                    | Scaled Avg:  -0.0001 | Raw Avg: 138.2355
  stand_still               | Scaled Avg:  -0.0003 | Raw Avg:   0.0026
  torques                   | Scaled Avg:  -0.0002 | Raw Avg: 1025.0377
  tracking_ang_vel          | Scaled Avg:   0.0155 | Raw Avg:   0.7740
  tracking_lin_vel          | Scaled Avg:   0.0325 | Raw Avg:   0.8116
  TOTAL REWARD              | Scaled Avg:   0.0088
------------------------------

------------------------------
Step: 116500 - Reward Breakdown:
  action_rate               | Scaled Avg:  -0.0185 | Raw Avg:   1.8456
  action_smoothness         | Scaled Avg:  -0.0006 | Raw Avg:   0.2903
  ang_vel_xy                | Scaled Avg:  -0.0029 | Raw Avg:   1.4506
  collision                 | Scaled Avg:  -0.0001 | Raw Avg:   0.0039
  dof_acc                   | Scaled Avg:  -0.0008 | Raw Avg: 154440.5312
  dof_error                 | Scaled Avg:  -0.0030 | Raw Avg:   0.2990
  dof_vel                   | Scaled Avg:  -0.0087 | Raw Avg:  87.1847
  feet_air_time             | Scaled Avg:   0.0000 | Raw Avg:   0.0003
  feet_contact_forces       | Scaled Avg:  -0.0000 | Raw Avg:   8.5243
  foot_clearance            | Scaled Avg:  -0.0001 | Raw Avg:   0.0079
  foot_mirror               | Scaled Avg:  -0.0001 | Raw Avg:   0.0888
  foot_slide                | Scaled Avg:  -0.0018 | Raw Avg:   1.7856
  has_contact               | Scaled Avg:   0.0004 | Raw Avg:   0.0219
  hip_pos                   | Scaled Avg:  -0.0029 | Raw Avg:   0.0290
  lin_vel_z                 | Scaled Avg:  -0.0296 | Raw Avg:   0.3694
  orientation               | Scaled Avg:  -0.0000 | Raw Avg:   0.0112
  powers                    | Scaled Avg:  -0.0001 | Raw Avg: 146.5708
  stand_still               | Scaled Avg:  -0.0003 | Raw Avg:   0.0026
  torques                   | Scaled Avg:  -0.0002 | Raw Avg: 1088.9078
  tracking_ang_vel          | Scaled Avg:   0.0153 | Raw Avg:   0.7653
  tracking_lin_vel          | Scaled Avg:   0.0323 | Raw Avg:   0.8065
  TOTAL REWARD              | Scaled Avg:   0.0053
------------------------------

------------------------------
Step: 117000 - Reward Breakdown:
  action_rate               | Scaled Avg:  -0.0175 | Raw Avg:   1.7484
  action_smoothness         | Scaled Avg:  -0.0006 | Raw Avg:   0.2820
  ang_vel_xy                | Scaled Avg:  -0.0029 | Raw Avg:   1.4677
  collision                 | Scaled Avg:  -0.0001 | Raw Avg:   0.0057
  dof_acc                   | Scaled Avg:  -0.0008 | Raw Avg: 153122.2188
  dof_error                 | Scaled Avg:  -0.0030 | Raw Avg:   0.2970
  dof_vel                   | Scaled Avg:  -0.0085 | Raw Avg:  84.5084
  feet_contact_forces       | Scaled Avg:  -0.0000 | Raw Avg:   8.4982
  foot_clearance            | Scaled Avg:  -0.0001 | Raw Avg:   0.0081
  foot_mirror               | Scaled Avg:  -0.0001 | Raw Avg:   0.0865
  foot_slide                | Scaled Avg:  -0.0018 | Raw Avg:   1.7657
  has_contact               | Scaled Avg:   0.0004 | Raw Avg:   0.0186
  hip_pos                   | Scaled Avg:  -0.0029 | Raw Avg:   0.0292
  lin_vel_z                 | Scaled Avg:  -0.0018 | Raw Avg:   0.0220
  orientation               | Scaled Avg:  -0.0000 | Raw Avg:   0.0114
  powers                    | Scaled Avg:  -0.0001 | Raw Avg: 141.9848
  stand_still               | Scaled Avg:  -0.0003 | Raw Avg:   0.0026
  torques                   | Scaled Avg:  -0.0002 | Raw Avg: 1059.7537
  tracking_ang_vel          | Scaled Avg:   0.0154 | Raw Avg:   0.7697
  tracking_lin_vel          | Scaled Avg:   0.0323 | Raw Avg:   0.8079
  TOTAL REWARD              | Scaled Avg:   0.0076
------------------------------

------------------------------
Step: 117500 - Reward Breakdown:
  action_rate               | Scaled Avg:  -0.0188 | Raw Avg:   1.8824
  action_smoothness         | Scaled Avg:  -0.0006 | Raw Avg:   0.3048
  ang_vel_xy                | Scaled Avg:  -0.0032 | Raw Avg:   1.5818
  collision                 | Scaled Avg:  -0.0000 | Raw Avg:   0.0025
  dof_acc                   | Scaled Avg:  -0.0008 | Raw Avg: 169126.9531
  dof_error                 | Scaled Avg:  -0.0031 | Raw Avg:   0.3072
  dof_vel                   | Scaled Avg:  -0.0086 | Raw Avg:  86.2900
  feet_air_time             | Scaled Avg:   0.0000 | Raw Avg:   0.0005
  feet_contact_forces       | Scaled Avg:  -0.0000 | Raw Avg:   8.7757
  foot_clearance            | Scaled Avg:  -0.0001 | Raw Avg:   0.0086
  foot_mirror               | Scaled Avg:  -0.0001 | Raw Avg:   0.0924
  foot_slide                | Scaled Avg:  -0.0018 | Raw Avg:   1.7712
  has_contact               | Scaled Avg:   0.0004 | Raw Avg:   0.0178
  hip_pos                   | Scaled Avg:  -0.0030 | Raw Avg:   0.0300
  lin_vel_z                 | Scaled Avg:  -0.0070 | Raw Avg:   0.0880
  orientation               | Scaled Avg:  -0.0000 | Raw Avg:   0.0118
  powers                    | Scaled Avg:  -0.0001 | Raw Avg: 146.2827
  stand_still               | Scaled Avg:  -0.0003 | Raw Avg:   0.0029
  torques                   | Scaled Avg:  -0.0002 | Raw Avg: 1108.1865
  tracking_ang_vel          | Scaled Avg:   0.0152 | Raw Avg:   0.7618
  tracking_lin_vel          | Scaled Avg:   0.0317 | Raw Avg:   0.7918
  TOTAL REWARD              | Scaled Avg:   0.0019
------------------------------
################################################################################
                    [1m Learning iteration 14900/15000 [0m                    

                       Computation: 81636 steps/s (collection: 1.320s, learning 0.472s)
                     surrogate_loss -0.0020
                         value_loss 0.2892
                            entropy 0.4759
                     estimator_loss 0.0000
                         total_loss 0.2920
             Mean action noise std: 0.23
                       Mean reward: 3.98
               Mean episode length: 660.26
      Mean episode rew_action_rate: -0.5850
Mean episode rew_frame_action_rate: -0.0213
Mean episode rew_action_smoothness: -0.0188
Mean episode rew_frame_action_smoothness: -0.0007
       Mean episode rew_ang_vel_xy: -0.0914
 Mean episode rew_frame_ang_vel_xy: -0.0068
      Mean episode rew_base_height: -0.0003
Mean episode rew_frame_base_height: -0.0001
        Mean episode rew_collision: -0.0033
  Mean episode rew_frame_collision: -0.0009
          Mean episode rew_dof_acc: -0.0262
    Mean episode rew_frame_dof_acc: -0.0015
        Mean episode rew_dof_error: -0.0971
  Mean episode rew_frame_dof_error: -0.0067
          Mean episode rew_dof_vel: -0.2795
    Mean episode rew_frame_dof_vel: -0.0126
    Mean episode rew_feet_air_time: 0.0002
Mean episode rew_frame_feet_air_time: 0.0000
Mean episode rew_feet_contact_forces: -0.0009
Mean episode rew_frame_feet_contact_forces: -0.0000
   Mean episode rew_foot_clearance: -0.0027
Mean episode rew_frame_foot_clearance: -0.0001
      Mean episode rew_foot_mirror: -0.0028
Mean episode rew_frame_foot_mirror: -0.0002
       Mean episode rew_foot_slide: -0.0578
 Mean episode rew_frame_foot_slide: -0.0018
      Mean episode rew_has_contact: 0.0136
Mean episode rew_frame_has_contact: 0.0004
          Mean episode rew_hip_pos: -0.0950
    Mean episode rew_frame_hip_pos: -0.0092
        Mean episode rew_lin_vel_z: -0.0569
  Mean episode rew_frame_lin_vel_z: -0.0080
      Mean episode rew_orientation: -0.0015
Mean episode rew_frame_orientation: -0.0003
           Mean episode rew_powers: -0.0019
     Mean episode rew_frame_powers: -0.0001
      Mean episode rew_stand_still: -0.0151
Mean episode rew_frame_stand_still: -0.0009
          Mean episode rew_stumble: -0.0000
    Mean episode rew_frame_stumble: -0.0000
          Mean episode rew_torques: -0.0070
    Mean episode rew_frame_torques: -0.0002
 Mean episode rew_tracking_ang_vel: 0.4962
Mean episode rew_frame_tracking_ang_vel: 0.0122
 Mean episode rew_tracking_lin_vel: 1.0455
Mean episode rew_frame_tracking_lin_vel: 0.0246
Mean episode max_power_throughout_episode: 3304.5461
            Mean episode max_pos_x: 4.8583
            Mean episode min_pos_x: -3.3927
            Mean episode max_pos_y: 4.0000
            Mean episode min_pos_y: -4.9000
        Mean episode timeout_ratio: 0.6018
       Mean episode num_terminated: 10.4583
--------------------------------------------------------------------------------
                   Total timesteps: 7315200
                    Iteration time: 1.79s
                        Total time: 8639.30s
                               ETA: 176.3s


------------------------------
Step: 118000 - Reward Breakdown:
  action_rate               | Scaled Avg:  -0.0211 | Raw Avg:   2.1121
  action_smoothness         | Scaled Avg:  -0.0007 | Raw Avg:   0.3427
  ang_vel_xy                | Scaled Avg:  -0.0032 | Raw Avg:   1.5805
  collision                 | Scaled Avg:  -0.0001 | Raw Avg:   0.0041
  dof_acc                   | Scaled Avg:  -0.0009 | Raw Avg: 186866.4531
  dof_error                 | Scaled Avg:  -0.0032 | Raw Avg:   0.3249
  dof_vel                   | Scaled Avg:  -0.0093 | Raw Avg:  93.4435
  feet_air_time             | Scaled Avg:   0.0000 | Raw Avg:   0.0003
  feet_contact_forces       | Scaled Avg:  -0.0000 | Raw Avg:   9.5842
  foot_clearance            | Scaled Avg:  -0.0001 | Raw Avg:   0.0087
  foot_mirror               | Scaled Avg:  -0.0001 | Raw Avg:   0.1001
  foot_slide                | Scaled Avg:  -0.0018 | Raw Avg:   1.8111
  has_contact               | Scaled Avg:   0.0004 | Raw Avg:   0.0196
  hip_pos                   | Scaled Avg:  -0.0032 | Raw Avg:   0.0323
  lin_vel_z                 | Scaled Avg:  -0.0035 | Raw Avg:   0.0443
  orientation               | Scaled Avg:  -0.0001 | Raw Avg:   0.0139
  powers                    | Scaled Avg:  -0.0001 | Raw Avg: 148.8435
  stand_still               | Scaled Avg:  -0.0004 | Raw Avg:   0.0040
  torques                   | Scaled Avg:  -0.0002 | Raw Avg: 1083.2900
  tracking_ang_vel          | Scaled Avg:   0.0147 | Raw Avg:   0.7347
  tracking_lin_vel          | Scaled Avg:   0.0310 | Raw Avg:   0.7747
  TOTAL REWARD              | Scaled Avg:  -0.0013
------------------------------

------------------------------
Step: 118500 - Reward Breakdown:
  action_rate               | Scaled Avg:  -0.0206 | Raw Avg:   2.0619
  action_smoothness         | Scaled Avg:  -0.0007 | Raw Avg:   0.3322
  ang_vel_xy                | Scaled Avg:  -0.0032 | Raw Avg:   1.6173
  base_height               | Scaled Avg:  -0.0000 | Raw Avg:   0.0006
  collision                 | Scaled Avg:  -0.0001 | Raw Avg:   0.0071
  dof_acc                   | Scaled Avg:  -0.0008 | Raw Avg: 169646.3906
  dof_error                 | Scaled Avg:  -0.0033 | Raw Avg:   0.3293
  dof_vel                   | Scaled Avg:  -0.0095 | Raw Avg:  94.8463
  feet_contact_forces       | Scaled Avg:  -0.0000 | Raw Avg:   9.4080
  foot_clearance            | Scaled Avg:  -0.0001 | Raw Avg:   0.0080
  foot_mirror               | Scaled Avg:  -0.0001 | Raw Avg:   0.1013
  foot_slide                | Scaled Avg:  -0.0018 | Raw Avg:   1.8270
  has_contact               | Scaled Avg:   0.0004 | Raw Avg:   0.0210
  hip_pos                   | Scaled Avg:  -0.0033 | Raw Avg:   0.0334
  lin_vel_z                 | Scaled Avg:  -0.0195 | Raw Avg:   0.2441
  orientation               | Scaled Avg:  -0.0001 | Raw Avg:   0.0134
  powers                    | Scaled Avg:  -0.0001 | Raw Avg: 156.1710
  stand_still               | Scaled Avg:  -0.0003 | Raw Avg:   0.0032
  torques                   | Scaled Avg:  -0.0002 | Raw Avg: 1157.9006
  tracking_ang_vel          | Scaled Avg:   0.0145 | Raw Avg:   0.7270
  tracking_lin_vel          | Scaled Avg:   0.0311 | Raw Avg:   0.7776
  TOTAL REWARD              | Scaled Avg:  -0.0013
------------------------------

------------------------------
Step: 119000 - Reward Breakdown:
  action_rate               | Scaled Avg:  -0.0182 | Raw Avg:   1.8158
  action_smoothness         | Scaled Avg:  -0.0006 | Raw Avg:   0.2910
  ang_vel_xy                | Scaled Avg:  -0.0029 | Raw Avg:   1.4329
  collision                 | Scaled Avg:  -0.0001 | Raw Avg:   0.0061
  dof_acc                   | Scaled Avg:  -0.0007 | Raw Avg: 140805.3125
  dof_error                 | Scaled Avg:  -0.0030 | Raw Avg:   0.3041
  dof_vel                   | Scaled Avg:  -0.0086 | Raw Avg:  85.7565
  feet_contact_forces       | Scaled Avg:  -0.0000 | Raw Avg:   8.6468
  foot_clearance            | Scaled Avg:  -0.0001 | Raw Avg:   0.0079
  foot_mirror               | Scaled Avg:  -0.0001 | Raw Avg:   0.0896
  foot_slide                | Scaled Avg:  -0.0017 | Raw Avg:   1.7454
  has_contact               | Scaled Avg:   0.0004 | Raw Avg:   0.0188
  hip_pos                   | Scaled Avg:  -0.0030 | Raw Avg:   0.0299
  lin_vel_z                 | Scaled Avg:  -0.0020 | Raw Avg:   0.0252
  orientation               | Scaled Avg:  -0.0001 | Raw Avg:   0.0125
  powers                    | Scaled Avg:  -0.0001 | Raw Avg: 145.9243
  stand_still               | Scaled Avg:  -0.0002 | Raw Avg:   0.0020
  torques                   | Scaled Avg:  -0.0002 | Raw Avg: 1116.1956
  tracking_ang_vel          | Scaled Avg:   0.0153 | Raw Avg:   0.7655
  tracking_lin_vel          | Scaled Avg:   0.0320 | Raw Avg:   0.8010
  TOTAL REWARD              | Scaled Avg:   0.0062
------------------------------

------------------------------
Step: 119500 - Reward Breakdown:
  action_rate               | Scaled Avg:  -0.0171 | Raw Avg:   1.7118
  action_smoothness         | Scaled Avg:  -0.0005 | Raw Avg:   0.2673
  ang_vel_xy                | Scaled Avg:  -0.0029 | Raw Avg:   1.4708
  collision                 | Scaled Avg:  -0.0001 | Raw Avg:   0.0049
  dof_acc                   | Scaled Avg:  -0.0007 | Raw Avg: 138297.6094
  dof_error                 | Scaled Avg:  -0.0030 | Raw Avg:   0.2966
  dof_vel                   | Scaled Avg:  -0.0083 | Raw Avg:  83.2914
  feet_air_time             | Scaled Avg:   0.0000 | Raw Avg:   0.0003
  feet_contact_forces       | Scaled Avg:  -0.0000 | Raw Avg:   8.2574
  foot_clearance            | Scaled Avg:  -0.0001 | Raw Avg:   0.0078
  foot_mirror               | Scaled Avg:  -0.0001 | Raw Avg:   0.0882
  foot_slide                | Scaled Avg:  -0.0017 | Raw Avg:   1.7370
  has_contact               | Scaled Avg:   0.0004 | Raw Avg:   0.0187
  hip_pos                   | Scaled Avg:  -0.0030 | Raw Avg:   0.0297
  lin_vel_z                 | Scaled Avg:  -0.0018 | Raw Avg:   0.0225
  orientation               | Scaled Avg:  -0.0000 | Raw Avg:   0.0123
  powers                    | Scaled Avg:  -0.0001 | Raw Avg: 155.5358
  stand_still               | Scaled Avg:  -0.0004 | Raw Avg:   0.0035
  torques                   | Scaled Avg:  -0.0003 | Raw Avg: 1264.0760
  tracking_ang_vel          | Scaled Avg:   0.0155 | Raw Avg:   0.7765
  tracking_lin_vel          | Scaled Avg:   0.0323 | Raw Avg:   0.8079
  TOTAL REWARD              | Scaled Avg:   0.0081
------------------------------

------------------------------
Step: 120000 - Reward Breakdown:
  action_rate               | Scaled Avg:  -0.0168 | Raw Avg:   1.6834
  action_smoothness         | Scaled Avg:  -0.0005 | Raw Avg:   0.2630
  ang_vel_xy                | Scaled Avg:  -0.0029 | Raw Avg:   1.4368
  collision                 | Scaled Avg:  -0.0001 | Raw Avg:   0.0033
  dof_acc                   | Scaled Avg:  -0.0007 | Raw Avg: 133292.7656
  dof_error                 | Scaled Avg:  -0.0028 | Raw Avg:   0.2809
  dof_vel                   | Scaled Avg:  -0.0082 | Raw Avg:  81.9816
  feet_contact_forces       | Scaled Avg:  -0.0000 | Raw Avg:   8.6431
  foot_clearance            | Scaled Avg:  -0.0001 | Raw Avg:   0.0076
  foot_mirror               | Scaled Avg:  -0.0001 | Raw Avg:   0.0791
  foot_slide                | Scaled Avg:  -0.0017 | Raw Avg:   1.7221
  has_contact               | Scaled Avg:   0.0003 | Raw Avg:   0.0145
  hip_pos                   | Scaled Avg:  -0.0028 | Raw Avg:   0.0285
  lin_vel_z                 | Scaled Avg:  -0.0019 | Raw Avg:   0.0233
  orientation               | Scaled Avg:  -0.0000 | Raw Avg:   0.0102
  powers                    | Scaled Avg:  -0.0001 | Raw Avg: 153.5847
  stand_still               | Scaled Avg:  -0.0001 | Raw Avg:   0.0015
  torques                   | Scaled Avg:  -0.0002 | Raw Avg: 1239.4132
  tracking_ang_vel          | Scaled Avg:   0.0156 | Raw Avg:   0.7812
  tracking_lin_vel          | Scaled Avg:   0.0323 | Raw Avg:   0.8082
  TOTAL REWARD              | Scaled Avg:   0.0092
------------------------------
