Importing module 'gym_38' (/data/run01/scxi678/Workspace/isaacgym/python/isaacgym/_bindings/linux-x86_64/gym_38.so)
Setting GYM_USD_PLUG_INFO_PATH to /data/run01/scxi678/Workspace/isaacgym/python/isaacgym/_bindings/linux-x86_64/usd/plugInfo.json
PyTorch version 2.4.1+cu121
Device count 1
/data/run01/scxi678/Workspace/isaacgym/python/isaacgym/_bindings/src/gymtorch
Using /data/run01/scxi678/.cache/torch_extensions/py38_cu121 as PyTorch extensions root...
Emitting ninja build file /data/run01/scxi678/.cache/torch_extensions/py38_cu121/gymtorch/build.ninja...
Building extension module gymtorch...
Allowing ninja to set a default number of workers... (overridable by setting the environment variable MAX_JOBS=N)
ninja: no work to do.
Loading extension module gymtorch...
Setting seed: 1
Not connected to PVD
+++ Using GPU PhysX
Physics Engine: PhysX
Physics Device: cuda:0
GPU Pipeline: enabled
Terrain heightsamples shape:  (2560, 2560)
Terrain heightsamples stat:  0.005 0.075 0.04117176818847656 0.011099462386507998 0.04
/data/home/scxi678/run/parkour_env/lib/python3.8/site-packages/torch/functional.py:513: UserWarning: torch.meshgrid: in an upcoming release, it will be required to pass the indexing argument. (Triggered internally at ../aten/src/ATen/native/TensorShape.cpp:3609.)
  return _VF.meshgrid(tensors, **kwargs)  # type: ignore[attr-defined]
Total number of volume estimation points for each robot is: 1028
Actor MLP: Sequential(
  (0): Linear(in_features=256, out_features=512, bias=True)
  (1): ELU(alpha=1.0)
  (2): Linear(in_features=512, out_features=256, bias=True)
  (3): ELU(alpha=1.0)
  (4): Linear(in_features=256, out_features=128, bias=True)
  (5): ELU(alpha=1.0)
  (6): Linear(in_features=128, out_features=12, bias=True)
)
Critic MLP: Sequential(
  (0): Linear(in_features=256, out_features=512, bias=True)
  (1): ELU(alpha=1.0)
  (2): Linear(in_features=512, out_features=256, bias=True)
  (3): ELU(alpha=1.0)
  (4): Linear(in_features=256, out_features=128, bias=True)
  (5): ELU(alpha=1.0)
  (6): Linear(in_features=128, out_features=1, bias=True)
)
Actor RNN: Memory(
  (rnn): GRU(80, 256)
)
Critic RNN: Memory(
  (rnn): GRU(80, 256)
)
Loading load_run as absolute path: /data/home/scxi678/run/Workspace/parkour_sfy-0313master/parkour_sfy-0313master/legged_gym/logs/rough_ddog/Mar19_09-28-20_DdogRough
Loading model from: /data/home/scxi678/run/Workspace/parkour_sfy-0313master/parkour_sfy-0313master/legged_gym/logs/rough_ddog/Mar19_09-28-20_DdogRough/model_15000.pt
/data/run01/scxi678/Workspace/parkour_sfy-0313master/parkour_sfy-0313master/rsl_rl/rsl_rl/runners/on_policy_runner.py:259: FutureWarning: You are using `torch.load` with `weights_only=False` (the current default value), which uses the default pickle module implicitly. It is possible to construct malicious pickle data which will execute arbitrary code during unpickling (See https://github.com/pytorch/pytorch/blob/main/SECURITY.md#untrusted-models for more details). In a future release, the default value for `weights_only` will be flipped to `True`. This limits the functions that could be executed during unpickling. Arbitrary objects will no longer be allowed to be loaded via this mode unless they are explicitly allowlisted by the user via `torch.serialization.add_safe_globals`. We recommend you start setting `weights_only=True` for any use case where you don't have full control of the loaded file. Please open an issue on GitHub for any issues related to this experimental feature.
  loaded_dict = torch.load(path)
Initialization done, start learning.
NOTE: you may see a bunch of `NaN or Inf found in input tensor` once and appears in the log. Just ignore it if it does not affect the performance.
################################################################################
                    [1m Learning iteration 15000/20000 [0m                    

                       Computation: 37404 steps/s (collection: 2.465s, learning 1.447s)
                     surrogate_loss -0.0048
                         value_loss 0.3774
                            entropy 2.0038
                     estimator_loss 0.0000
                         total_loss 0.3926
             Mean action noise std: 0.20
                       Mean reward: -3.44
               Mean episode length: 23.87
      Mean episode rew_action_rate: -0.0144
Mean episode rew_frame_action_rate: -0.0010
Mean episode rew_action_smoothness: -0.0004
Mean episode rew_frame_action_smoothness: -0.0000
       Mean episode rew_ang_vel_xy: -0.0103
 Mean episode rew_frame_ang_vel_xy: -0.0008
      Mean episode rew_base_height: -0.0001
Mean episode rew_frame_base_height: -0.0000
        Mean episode rew_collision: -0.0013
  Mean episode rew_frame_collision: -0.0001
          Mean episode rew_dof_acc: -0.0030
    Mean episode rew_frame_dof_acc: -0.0002
        Mean episode rew_dof_error: -0.0096
  Mean episode rew_frame_dof_error: -0.0008
          Mean episode rew_dof_vel: -0.0170
    Mean episode rew_frame_dof_vel: -0.0012
    Mean episode rew_feet_air_time: 0.0000
Mean episode rew_frame_feet_air_time: 0.0000
Mean episode rew_feet_contact_forces: -0.0000
Mean episode rew_frame_feet_contact_forces: -0.0000
   Mean episode rew_foot_clearance: -0.0002
Mean episode rew_frame_foot_clearance: -0.0000
      Mean episode rew_foot_mirror: -0.0005
Mean episode rew_frame_foot_mirror: -0.0000
       Mean episode rew_foot_slide: -0.0008
 Mean episode rew_frame_foot_slide: -0.0001
      Mean episode rew_has_contact: 0.0001
Mean episode rew_frame_has_contact: 0.0000
          Mean episode rew_hip_pos: -0.0280
    Mean episode rew_frame_hip_pos: -0.0023
        Mean episode rew_lin_vel_z: -0.0304
  Mean episode rew_frame_lin_vel_z: -0.0025
      Mean episode rew_orientation: -0.0005
Mean episode rew_frame_orientation: -0.0000
           Mean episode rew_powers: -0.0001
     Mean episode rew_frame_powers: -0.0000
      Mean episode rew_stand_still: -0.0012
Mean episode rew_frame_stand_still: -0.0001
          Mean episode rew_stumble: -0.0000
    Mean episode rew_frame_stumble: -0.0000
      Mean episode rew_termination: -0.0016
Mean episode rew_frame_termination: -0.0001
          Mean episode rew_torques: -0.0003
    Mean episode rew_frame_torques: -0.0000
 Mean episode rew_tracking_ang_vel: 0.0030
Mean episode rew_frame_tracking_ang_vel: 0.0002
 Mean episode rew_tracking_lin_vel: 0.0037
Mean episode rew_frame_tracking_lin_vel: 0.0003
Mean episode max_power_throughout_episode: 3238.8215
            Mean episode max_pos_x: 0.8201
            Mean episode min_pos_x: 0.0323
            Mean episode max_pos_y: 0.3178
            Mean episode min_pos_y: -0.2911
        Mean episode timeout_ratio: 0.4321
       Mean episode num_terminated: 312.3750
--------------------------------------------------------------------------------
                   Total timesteps: 146304
                    Iteration time: 3.91s
                        Total time: 3.91s
                               ETA: 19557.4s


------------------------------
Step: 500 - Reward Breakdown:
  action_rate               | Scaled Avg:  -0.0164 | Raw Avg:   1.6430
  action_smoothness         | Scaled Avg:  -0.0005 | Raw Avg:   0.2610
  ang_vel_xy                | Scaled Avg:  -0.0026 | Raw Avg:   1.3231
  collision                 | Scaled Avg:  -0.0001 | Raw Avg:   0.0052
  dof_acc                   | Scaled Avg:  -0.0006 | Raw Avg: 129826.6641
  dof_error                 | Scaled Avg:  -0.0029 | Raw Avg:   0.2868
  dof_vel                   | Scaled Avg:  -0.0081 | Raw Avg:  81.0271
  feet_air_time             | Scaled Avg:   0.0000 | Raw Avg:   0.0003
  feet_contact_forces       | Scaled Avg:  -0.0000 | Raw Avg:   7.5640
  foot_clearance            | Scaled Avg:  -0.0001 | Raw Avg:   0.0080
  foot_mirror               | Scaled Avg:  -0.0001 | Raw Avg:   0.0800
  foot_slide                | Scaled Avg:  -0.0017 | Raw Avg:   1.7374
  has_contact               | Scaled Avg:   0.0004 | Raw Avg:   0.0205
  hip_pos                   | Scaled Avg:  -0.0029 | Raw Avg:   0.0293
  lin_vel_z                 | Scaled Avg:  -0.0017 | Raw Avg:   0.0209
  orientation               | Scaled Avg:  -0.0000 | Raw Avg:   0.0101
  powers                    | Scaled Avg:  -0.0001 | Raw Avg: 147.3960
  stand_still               | Scaled Avg:  -0.0004 | Raw Avg:   0.0035
  torques                   | Scaled Avg:  -0.0002 | Raw Avg: 1183.8961
  tracking_ang_vel          | Scaled Avg:   0.0157 | Raw Avg:   0.7867
  tracking_lin_vel          | Scaled Avg:   0.0334 | Raw Avg:   0.8339
  termination               | Scaled Avg:  -0.0000
  TOTAL REWARD              | Scaled Avg:   0.0109
------------------------------

------------------------------
Step: 1000 - Reward Breakdown:
  action_rate               | Scaled Avg:  -0.0203 | Raw Avg:   2.0298
  action_smoothness         | Scaled Avg:  -0.0006 | Raw Avg:   0.3241
  ang_vel_xy                | Scaled Avg:  -0.0032 | Raw Avg:   1.5854
  base_height               | Scaled Avg:  -1.0026 | Raw Avg:  50.1285
  collision                 | Scaled Avg:  -0.0001 | Raw Avg:   0.0041
  dof_acc                   | Scaled Avg:  -0.0007 | Raw Avg: 149967.9844
  dof_error                 | Scaled Avg:  -0.0032 | Raw Avg:   0.3171
  dof_vel                   | Scaled Avg:  -0.0091 | Raw Avg:  91.1896
  feet_contact_forces       | Scaled Avg:  -0.0000 | Raw Avg:   8.4609
  foot_clearance            | Scaled Avg:  -0.0001 | Raw Avg:   0.0080
  foot_mirror               | Scaled Avg:  -0.0001 | Raw Avg:   0.0938
  foot_slide                | Scaled Avg:  -0.0018 | Raw Avg:   1.7945
  has_contact               | Scaled Avg:   0.0004 | Raw Avg:   0.0178
  hip_pos                   | Scaled Avg:  -0.0033 | Raw Avg:   0.0332
  lin_vel_z                 | Scaled Avg:  -0.0357 | Raw Avg:   0.4456
  orientation               | Scaled Avg:  -0.0000 | Raw Avg:   0.0120
  powers                    | Scaled Avg:  -0.0001 | Raw Avg: 157.8329
  stand_still               | Scaled Avg:  -0.0003 | Raw Avg:   0.0032
  torques                   | Scaled Avg:  -0.0002 | Raw Avg: 1241.3688
  tracking_ang_vel          | Scaled Avg:   0.0149 | Raw Avg:   0.7458
  tracking_lin_vel          | Scaled Avg:   0.0321 | Raw Avg:   0.8034
  termination               | Scaled Avg:  -0.0001
  TOTAL REWARD              | Scaled Avg:   0.0006
------------------------------

------------------------------
Step: 1500 - Reward Breakdown:
  action_rate               | Scaled Avg:  -0.0210 | Raw Avg:   2.0972
  action_smoothness         | Scaled Avg:  -0.0007 | Raw Avg:   0.3355
  ang_vel_xy                | Scaled Avg:  -0.0032 | Raw Avg:   1.6119
  base_height               | Scaled Avg:  -0.0000 | Raw Avg:   0.0005
  collision                 | Scaled Avg:  -0.0001 | Raw Avg:   0.0057
  dof_acc                   | Scaled Avg:  -0.0009 | Raw Avg: 170626.7812
  dof_error                 | Scaled Avg:  -0.0033 | Raw Avg:   0.3289
  dof_vel                   | Scaled Avg:  -0.0092 | Raw Avg:  91.7800
  feet_contact_forces       | Scaled Avg:  -0.0000 | Raw Avg:   9.0933
  foot_clearance            | Scaled Avg:  -0.0001 | Raw Avg:   0.0086
  foot_mirror               | Scaled Avg:  -0.0001 | Raw Avg:   0.1011
  foot_slide                | Scaled Avg:  -0.0018 | Raw Avg:   1.7930
  has_contact               | Scaled Avg:   0.0004 | Raw Avg:   0.0199
  hip_pos                   | Scaled Avg:  -0.0034 | Raw Avg:   0.0337
  lin_vel_z                 | Scaled Avg:  -0.0019 | Raw Avg:   0.0242
  orientation               | Scaled Avg:  -0.0000 | Raw Avg:   0.0124
  powers                    | Scaled Avg:  -0.0001 | Raw Avg: 153.3272
  stand_still               | Scaled Avg:  -0.0002 | Raw Avg:   0.0024
  torques                   | Scaled Avg:  -0.0002 | Raw Avg: 1166.5909
  tracking_ang_vel          | Scaled Avg:   0.0149 | Raw Avg:   0.7431
  tracking_lin_vel          | Scaled Avg:   0.0320 | Raw Avg:   0.7996
  termination               | Scaled Avg:  -0.0000
  TOTAL REWARD              | Scaled Avg:   0.0010
------------------------------

------------------------------
Step: 2000 - Reward Breakdown:
  action_rate               | Scaled Avg:  -0.0179 | Raw Avg:   1.7942
  action_smoothness         | Scaled Avg:  -0.0006 | Raw Avg:   0.2789
  ang_vel_xy                | Scaled Avg:  -0.0027 | Raw Avg:   1.3661
  collision                 | Scaled Avg:  -0.0001 | Raw Avg:   0.0039
  dof_acc                   | Scaled Avg:  -0.0008 | Raw Avg: 161425.7656
  dof_error                 | Scaled Avg:  -0.0030 | Raw Avg:   0.2971
  dof_vel                   | Scaled Avg:  -0.0088 | Raw Avg:  87.8270
  feet_contact_forces       | Scaled Avg:  -0.0000 | Raw Avg:   9.1518
  foot_clearance            | Scaled Avg:  -0.0001 | Raw Avg:   0.0086
  foot_mirror               | Scaled Avg:  -0.0001 | Raw Avg:   0.0832
  foot_slide                | Scaled Avg:  -0.0018 | Raw Avg:   1.7642
  has_contact               | Scaled Avg:   0.0004 | Raw Avg:   0.0188
  hip_pos                   | Scaled Avg:  -0.0029 | Raw Avg:   0.0287
  lin_vel_z                 | Scaled Avg:  -0.0018 | Raw Avg:   0.0230
  orientation               | Scaled Avg:  -0.0000 | Raw Avg:   0.0104
  powers                    | Scaled Avg:  -0.0001 | Raw Avg: 155.1229
  stand_still               | Scaled Avg:  -0.0004 | Raw Avg:   0.0038
  torques                   | Scaled Avg:  -0.0003 | Raw Avg: 1250.3300
  tracking_ang_vel          | Scaled Avg:   0.0156 | Raw Avg:   0.7807
  tracking_lin_vel          | Scaled Avg:   0.0330 | Raw Avg:   0.8240
  termination               | Scaled Avg:  -0.0000
  TOTAL REWARD              | Scaled Avg:   0.0076
------------------------------
################################################################################
                    [1m Learning iteration 15100/20000 [0m                    

                       Computation: 83031 steps/s (collection: 1.294s, learning 0.468s)
                     surrogate_loss -0.0049
                         value_loss 0.0389
                            entropy 2.0674
                     estimator_loss 0.0000
                         total_loss 0.0547
             Mean action noise std: 0.20
                       Mean reward: 3.87
               Mean episode length: 557.52
      Mean episode rew_action_rate: -0.4520
Mean episode rew_frame_action_rate: -0.0216
Mean episode rew_action_smoothness: -0.0142
Mean episode rew_frame_action_smoothness: -0.0007
       Mean episode rew_ang_vel_xy: -0.0750
 Mean episode rew_frame_ang_vel_xy: -0.0086
      Mean episode rew_base_height: -0.0002
Mean episode rew_frame_base_height: -0.0001
        Mean episode rew_collision: -0.0030
  Mean episode rew_frame_collision: -0.0013
          Mean episode rew_dof_acc: -0.0186
    Mean episode rew_frame_dof_acc: -0.0015
        Mean episode rew_dof_error: -0.0763
  Mean episode rew_frame_dof_error: -0.0087
          Mean episode rew_dof_vel: -0.2129
    Mean episode rew_frame_dof_vel: -0.0140
    Mean episode rew_feet_air_time: 0.0002
Mean episode rew_frame_feet_air_time: 0.0000
Mean episode rew_feet_contact_forces: -0.0007
Mean episode rew_frame_feet_contact_forces: -0.0000
   Mean episode rew_foot_clearance: -0.0020
Mean episode rew_frame_foot_clearance: -0.0001
      Mean episode rew_foot_mirror: -0.0022
Mean episode rew_frame_foot_mirror: -0.0003
       Mean episode rew_foot_slide: -0.0424
 Mean episode rew_frame_foot_slide: -0.0017
      Mean episode rew_has_contact: 0.0071
Mean episode rew_frame_has_contact: 0.0002
          Mean episode rew_hip_pos: -0.0744
    Mean episode rew_frame_hip_pos: -0.0104
        Mean episode rew_lin_vel_z: -0.0509
  Mean episode rew_frame_lin_vel_z: -0.0122
      Mean episode rew_orientation: -0.0013
Mean episode rew_frame_orientation: -0.0004
           Mean episode rew_powers: -0.0015
     Mean episode rew_frame_powers: -0.0001
      Mean episode rew_stand_still: -0.0059
Mean episode rew_frame_stand_still: -0.0001
          Mean episode rew_stumble: -0.0000
    Mean episode rew_frame_stumble: -0.0000
      Mean episode rew_termination: -0.0017
Mean episode rew_frame_termination: -0.0012
          Mean episode rew_torques: -0.0059
    Mean episode rew_frame_torques: -0.0003
 Mean episode rew_tracking_ang_vel: 0.3698
Mean episode rew_frame_tracking_ang_vel: 0.0108
 Mean episode rew_tracking_lin_vel: 0.7780
Mean episode rew_frame_tracking_lin_vel: 0.0202
Mean episode max_power_throughout_episode: 3576.2356
            Mean episode max_pos_x: 2.9315
            Mean episode min_pos_x: -2.6562
            Mean episode max_pos_y: 3.8560
            Mean episode min_pos_y: -3.5772
        Mean episode timeout_ratio: 0.4282
       Mean episode num_terminated: 8.5417
--------------------------------------------------------------------------------
                   Total timesteps: 292608
                    Iteration time: 1.76s
                        Total time: 182.80s
                               ETA: 8868.3s


------------------------------
Step: 2500 - Reward Breakdown:
  action_rate               | Scaled Avg:  -0.0170 | Raw Avg:   1.6987
  action_smoothness         | Scaled Avg:  -0.0005 | Raw Avg:   0.2600
  ang_vel_xy                | Scaled Avg:  -0.0029 | Raw Avg:   1.4480
  collision                 | Scaled Avg:  -0.0001 | Raw Avg:   0.0031
  dof_acc                   | Scaled Avg:  -0.0006 | Raw Avg: 118617.8672
  dof_error                 | Scaled Avg:  -0.0029 | Raw Avg:   0.2909
  dof_vel                   | Scaled Avg:  -0.0083 | Raw Avg:  82.9966
  feet_contact_forces       | Scaled Avg:  -0.0000 | Raw Avg:   7.8480
  foot_clearance            | Scaled Avg:  -0.0001 | Raw Avg:   0.0071
  foot_mirror               | Scaled Avg:  -0.0001 | Raw Avg:   0.0818
  foot_slide                | Scaled Avg:  -0.0017 | Raw Avg:   1.7392
  has_contact               | Scaled Avg:   0.0004 | Raw Avg:   0.0194
  hip_pos                   | Scaled Avg:  -0.0031 | Raw Avg:   0.0312
  lin_vel_z                 | Scaled Avg:  -0.0018 | Raw Avg:   0.0228
  orientation               | Scaled Avg:  -0.0000 | Raw Avg:   0.0104
  powers                    | Scaled Avg:  -0.0001 | Raw Avg: 159.2438
  stand_still               | Scaled Avg:  -0.0003 | Raw Avg:   0.0032
  torques                   | Scaled Avg:  -0.0003 | Raw Avg: 1326.8654
  tracking_ang_vel          | Scaled Avg:   0.0156 | Raw Avg:   0.7822
  tracking_lin_vel          | Scaled Avg:   0.0331 | Raw Avg:   0.8272
  termination               | Scaled Avg:   0.0000
  TOTAL REWARD              | Scaled Avg:   0.0093
------------------------------

------------------------------
Step: 3000 - Reward Breakdown:
  action_rate               | Scaled Avg:  -0.0171 | Raw Avg:   1.7077
  action_smoothness         | Scaled Avg:  -0.0005 | Raw Avg:   0.2580
  ang_vel_xy                | Scaled Avg:  -0.0029 | Raw Avg:   1.4497
  collision                 | Scaled Avg:  -0.0001 | Raw Avg:   0.0051
  dof_acc                   | Scaled Avg:  -0.0006 | Raw Avg: 117276.5547
  dof_error                 | Scaled Avg:  -0.0029 | Raw Avg:   0.2907
  dof_vel                   | Scaled Avg:  -0.0084 | Raw Avg:  83.8960
  feet_contact_forces       | Scaled Avg:  -0.0000 | Raw Avg:   8.1112
  foot_clearance            | Scaled Avg:  -0.0001 | Raw Avg:   0.0070
  foot_mirror               | Scaled Avg:  -0.0001 | Raw Avg:   0.0855
  foot_slide                | Scaled Avg:  -0.0017 | Raw Avg:   1.7281
  has_contact               | Scaled Avg:   0.0004 | Raw Avg:   0.0201
  hip_pos                   | Scaled Avg:  -0.0030 | Raw Avg:   0.0297
  lin_vel_z                 | Scaled Avg:  -0.0017 | Raw Avg:   0.0210
  orientation               | Scaled Avg:  -0.0000 | Raw Avg:   0.0108
  powers                    | Scaled Avg:  -0.0001 | Raw Avg: 169.7948
  stand_still               | Scaled Avg:  -0.0004 | Raw Avg:   0.0037
  torques                   | Scaled Avg:  -0.0003 | Raw Avg: 1495.5869
  tracking_ang_vel          | Scaled Avg:   0.0157 | Raw Avg:   0.7875
  tracking_lin_vel          | Scaled Avg:   0.0328 | Raw Avg:   0.8211
  termination               | Scaled Avg:  -0.0000
  TOTAL REWARD              | Scaled Avg:   0.0091
------------------------------

------------------------------
Step: 3500 - Reward Breakdown:
  action_rate               | Scaled Avg:  -0.0171 | Raw Avg:   1.7108
  action_smoothness         | Scaled Avg:  -0.0005 | Raw Avg:   0.2613
  ang_vel_xy                | Scaled Avg:  -0.0029 | Raw Avg:   1.4610
  collision                 | Scaled Avg:  -0.0001 | Raw Avg:   0.0026
  dof_acc                   | Scaled Avg:  -0.0006 | Raw Avg: 122759.8438
  dof_error                 | Scaled Avg:  -0.0028 | Raw Avg:   0.2793
  dof_vel                   | Scaled Avg:  -0.0084 | Raw Avg:  83.5930
  feet_contact_forces       | Scaled Avg:  -0.0000 | Raw Avg:   7.4839
  foot_clearance            | Scaled Avg:  -0.0001 | Raw Avg:   0.0067
  foot_mirror               | Scaled Avg:  -0.0001 | Raw Avg:   0.0830
  foot_slide                | Scaled Avg:  -0.0018 | Raw Avg:   1.7638
  has_contact               | Scaled Avg:   0.0003 | Raw Avg:   0.0158
  hip_pos                   | Scaled Avg:  -0.0029 | Raw Avg:   0.0285
  lin_vel_z                 | Scaled Avg:  -0.0019 | Raw Avg:   0.0233
  orientation               | Scaled Avg:  -0.0000 | Raw Avg:   0.0094
  powers                    | Scaled Avg:  -0.0001 | Raw Avg: 170.9075
  stand_still               | Scaled Avg:  -0.0002 | Raw Avg:   0.0022
  torques                   | Scaled Avg:  -0.0003 | Raw Avg: 1495.6704
  tracking_ang_vel          | Scaled Avg:   0.0158 | Raw Avg:   0.7923
  tracking_lin_vel          | Scaled Avg:   0.0327 | Raw Avg:   0.8187
  termination               | Scaled Avg:  -0.0000
  TOTAL REWARD              | Scaled Avg:   0.0092
------------------------------

------------------------------
Step: 4000 - Reward Breakdown:
  action_rate               | Scaled Avg:  -0.0173 | Raw Avg:   1.7250
  action_smoothness         | Scaled Avg:  -0.0005 | Raw Avg:   0.2644
  ang_vel_xy                | Scaled Avg:  -0.0029 | Raw Avg:   1.4353
  collision                 | Scaled Avg:  -0.0001 | Raw Avg:   0.0036
  dof_acc                   | Scaled Avg:  -0.0007 | Raw Avg: 130895.1406
  dof_error                 | Scaled Avg:  -0.0029 | Raw Avg:   0.2927
  dof_vel                   | Scaled Avg:  -0.0087 | Raw Avg:  87.2097
  feet_contact_forces       | Scaled Avg:  -0.0000 | Raw Avg:   7.8462
  foot_clearance            | Scaled Avg:  -0.0001 | Raw Avg:   0.0074
  foot_mirror               | Scaled Avg:  -0.0001 | Raw Avg:   0.0848
  foot_slide                | Scaled Avg:  -0.0018 | Raw Avg:   1.7778
  has_contact               | Scaled Avg:   0.0004 | Raw Avg:   0.0178
  hip_pos                   | Scaled Avg:  -0.0029 | Raw Avg:   0.0294
  lin_vel_z                 | Scaled Avg:  -0.0017 | Raw Avg:   0.0214
  orientation               | Scaled Avg:  -0.0000 | Raw Avg:   0.0102
  powers                    | Scaled Avg:  -0.0001 | Raw Avg: 168.9327
  stand_still               | Scaled Avg:  -0.0002 | Raw Avg:   0.0018
  torques                   | Scaled Avg:  -0.0003 | Raw Avg: 1455.9570
  tracking_ang_vel          | Scaled Avg:   0.0157 | Raw Avg:   0.7832
  tracking_lin_vel          | Scaled Avg:   0.0331 | Raw Avg:   0.8265
  termination               | Scaled Avg:  -0.0000
  TOTAL REWARD              | Scaled Avg:   0.0089
------------------------------

------------------------------
Step: 4500 - Reward Breakdown:
  action_rate               | Scaled Avg:  -0.0173 | Raw Avg:   1.7261
  action_smoothness         | Scaled Avg:  -0.0005 | Raw Avg:   0.2693
  ang_vel_xy                | Scaled Avg:  -0.0028 | Raw Avg:   1.3829
  collision                 | Scaled Avg:  -0.0001 | Raw Avg:   0.0043
  dof_acc                   | Scaled Avg:  -0.0007 | Raw Avg: 135820.4062
  dof_error                 | Scaled Avg:  -0.0029 | Raw Avg:   0.2890
  dof_vel                   | Scaled Avg:  -0.0084 | Raw Avg:  84.2547
  feet_contact_forces       | Scaled Avg:  -0.0000 | Raw Avg:   7.9986
  foot_clearance            | Scaled Avg:  -0.0001 | Raw Avg:   0.0080
  foot_mirror               | Scaled Avg:  -0.0001 | Raw Avg:   0.0832
  foot_slide                | Scaled Avg:  -0.0017 | Raw Avg:   1.7466
  has_contact               | Scaled Avg:   0.0004 | Raw Avg:   0.0194
  hip_pos                   | Scaled Avg:  -0.0028 | Raw Avg:   0.0282
  lin_vel_z                 | Scaled Avg:  -0.0016 | Raw Avg:   0.0203
  orientation               | Scaled Avg:  -0.0000 | Raw Avg:   0.0098
  powers                    | Scaled Avg:  -0.0001 | Raw Avg: 162.6455
  stand_still               | Scaled Avg:  -0.0002 | Raw Avg:   0.0021
  torques                   | Scaled Avg:  -0.0003 | Raw Avg: 1385.4102
  tracking_ang_vel          | Scaled Avg:   0.0157 | Raw Avg:   0.7872
  tracking_lin_vel          | Scaled Avg:   0.0330 | Raw Avg:   0.8258
  termination               | Scaled Avg:  -0.0000
  TOTAL REWARD              | Scaled Avg:   0.0095
------------------------------
################################################################################
                    [1m Learning iteration 15200/20000 [0m                    

                       Computation: 83346 steps/s (collection: 1.285s, learning 0.470s)
                     surrogate_loss -0.0044
                         value_loss 0.0467
                            entropy 2.1256
                     estimator_loss 0.0000
                         total_loss 0.0636
             Mean action noise std: 0.20
                       Mean reward: 4.29
               Mean episode length: 560.19
      Mean episode rew_action_rate: -0.4932
Mean episode rew_frame_action_rate: -0.0212
Mean episode rew_action_smoothness: -0.0154
Mean episode rew_frame_action_smoothness: -0.0006
       Mean episode rew_ang_vel_xy: -0.0842
 Mean episode rew_frame_ang_vel_xy: -0.0074
      Mean episode rew_base_height: -0.0003
Mean episode rew_frame_base_height: -0.0001
        Mean episode rew_collision: -0.0020
  Mean episode rew_frame_collision: -0.0007
          Mean episode rew_dof_acc: -0.0201
    Mean episode rew_frame_dof_acc: -0.0014
        Mean episode rew_dof_error: -0.0848
  Mean episode rew_frame_dof_error: -0.0077
          Mean episode rew_dof_vel: -0.2413
    Mean episode rew_frame_dof_vel: -0.0135
    Mean episode rew_feet_air_time: 0.0001
Mean episode rew_frame_feet_air_time: 0.0000
Mean episode rew_feet_contact_forces: -0.0007
Mean episode rew_frame_feet_contact_forces: -0.0000
   Mean episode rew_foot_clearance: -0.0022
Mean episode rew_frame_foot_clearance: -0.0001
      Mean episode rew_foot_mirror: -0.0025
Mean episode rew_frame_foot_mirror: -0.0003
       Mean episode rew_foot_slide: -0.0490
 Mean episode rew_frame_foot_slide: -0.0017
      Mean episode rew_has_contact: 0.0127
Mean episode rew_frame_has_contact: 0.0004
          Mean episode rew_hip_pos: -0.0827
    Mean episode rew_frame_hip_pos: -0.0095
        Mean episode rew_lin_vel_z: -0.0537
  Mean episode rew_frame_lin_vel_z: -0.0111
      Mean episode rew_orientation: -0.0013
Mean episode rew_frame_orientation: -0.0003
           Mean episode rew_powers: -0.0019
     Mean episode rew_frame_powers: -0.0001
      Mean episode rew_stand_still: -0.0183
Mean episode rew_frame_stand_still: -0.0004
          Mean episode rew_stumble: -0.0000
    Mean episode rew_frame_stumble: -0.0000
      Mean episode rew_termination: -0.0015
Mean episode rew_frame_termination: -0.0010
          Mean episode rew_torques: -0.0080
    Mean episode rew_frame_torques: -0.0003
 Mean episode rew_tracking_ang_vel: 0.4409
Mean episode rew_frame_tracking_ang_vel: 0.0121
 Mean episode rew_tracking_lin_vel: 0.9134
Mean episode rew_frame_tracking_lin_vel: 0.0227
Mean episode max_power_throughout_episode: 3212.7966
            Mean episode max_pos_x: 3.2582
            Mean episode min_pos_x: -2.2314
            Mean episode max_pos_y: 3.3589
            Mean episode min_pos_y: -3.0408
        Mean episode timeout_ratio: 0.4935
       Mean episode num_terminated: 7.2917
--------------------------------------------------------------------------------
                   Total timesteps: 438912
                    Iteration time: 1.76s
                        Total time: 360.31s
                               ETA: 8604.5s


------------------------------
Step: 5000 - Reward Breakdown:
  action_rate               | Scaled Avg:  -0.0164 | Raw Avg:   1.6399
  action_smoothness         | Scaled Avg:  -0.0005 | Raw Avg:   0.2583
  ang_vel_xy                | Scaled Avg:  -0.0026 | Raw Avg:   1.2775
  collision                 | Scaled Avg:  -0.0001 | Raw Avg:   0.0049
  dof_acc                   | Scaled Avg:  -0.0007 | Raw Avg: 146438.0938
  dof_error                 | Scaled Avg:  -0.0029 | Raw Avg:   0.2921
  dof_vel                   | Scaled Avg:  -0.0080 | Raw Avg:  80.3829
  feet_contact_forces       | Scaled Avg:  -0.0000 | Raw Avg:   8.0925
  foot_clearance            | Scaled Avg:  -0.0001 | Raw Avg:   0.0086
  foot_mirror               | Scaled Avg:  -0.0001 | Raw Avg:   0.0812
  foot_slide                | Scaled Avg:  -0.0017 | Raw Avg:   1.7450
  has_contact               | Scaled Avg:   0.0004 | Raw Avg:   0.0179
  hip_pos                   | Scaled Avg:  -0.0028 | Raw Avg:   0.0281
  lin_vel_z                 | Scaled Avg:  -0.0016 | Raw Avg:   0.0202
  orientation               | Scaled Avg:  -0.0000 | Raw Avg:   0.0093
  powers                    | Scaled Avg:  -0.0001 | Raw Avg: 153.5247
  stand_still               | Scaled Avg:  -0.0003 | Raw Avg:   0.0031
  torques                   | Scaled Avg:  -0.0003 | Raw Avg: 1291.8033
  tracking_ang_vel          | Scaled Avg:   0.0159 | Raw Avg:   0.7960
  tracking_lin_vel          | Scaled Avg:   0.0332 | Raw Avg:   0.8302
  termination               | Scaled Avg:  -0.0000
  TOTAL REWARD              | Scaled Avg:   0.0111
------------------------------

------------------------------
Step: 5500 - Reward Breakdown:
  action_rate               | Scaled Avg:  -0.0161 | Raw Avg:   1.6050
  action_smoothness         | Scaled Avg:  -0.0005 | Raw Avg:   0.2538
  ang_vel_xy                | Scaled Avg:  -0.0027 | Raw Avg:   1.3504
  collision                 | Scaled Avg:  -0.0001 | Raw Avg:   0.0030
  dof_acc                   | Scaled Avg:  -0.0007 | Raw Avg: 138835.1875
  dof_error                 | Scaled Avg:  -0.0029 | Raw Avg:   0.2874
  dof_vel                   | Scaled Avg:  -0.0078 | Raw Avg:  78.2542
  feet_contact_forces       | Scaled Avg:  -0.0000 | Raw Avg:   7.7122
  foot_clearance            | Scaled Avg:  -0.0001 | Raw Avg:   0.0082
  foot_mirror               | Scaled Avg:  -0.0001 | Raw Avg:   0.0790
  foot_slide                | Scaled Avg:  -0.0017 | Raw Avg:   1.7452
  has_contact               | Scaled Avg:   0.0004 | Raw Avg:   0.0179
  hip_pos                   | Scaled Avg:  -0.0027 | Raw Avg:   0.0275
  lin_vel_z                 | Scaled Avg:  -0.0016 | Raw Avg:   0.0199
  orientation               | Scaled Avg:  -0.0000 | Raw Avg:   0.0095
  powers                    | Scaled Avg:  -0.0001 | Raw Avg: 153.8265
  stand_still               | Scaled Avg:  -0.0003 | Raw Avg:   0.0033
  torques                   | Scaled Avg:  -0.0003 | Raw Avg: 1296.8278
  tracking_ang_vel          | Scaled Avg:   0.0157 | Raw Avg:   0.7871
  tracking_lin_vel          | Scaled Avg:   0.0329 | Raw Avg:   0.8234
  termination               | Scaled Avg:  -0.0000
  TOTAL REWARD              | Scaled Avg:   0.0113
------------------------------

------------------------------
Step: 6000 - Reward Breakdown:
  action_rate               | Scaled Avg:  -0.0165 | Raw Avg:   1.6528
  action_smoothness         | Scaled Avg:  -0.0005 | Raw Avg:   0.2589
  ang_vel_xy                | Scaled Avg:  -0.0027 | Raw Avg:   1.3660
  collision                 | Scaled Avg:  -0.0001 | Raw Avg:   0.0034
  dof_acc                   | Scaled Avg:  -0.0007 | Raw Avg: 131324.7500
  dof_error                 | Scaled Avg:  -0.0028 | Raw Avg:   0.2849
  dof_vel                   | Scaled Avg:  -0.0080 | Raw Avg:  79.6239
  feet_contact_forces       | Scaled Avg:  -0.0000 | Raw Avg:   7.6619
  foot_clearance            | Scaled Avg:  -0.0001 | Raw Avg:   0.0078
  foot_mirror               | Scaled Avg:  -0.0001 | Raw Avg:   0.0791
  foot_slide                | Scaled Avg:  -0.0017 | Raw Avg:   1.7254
  has_contact               | Scaled Avg:   0.0003 | Raw Avg:   0.0163
  hip_pos                   | Scaled Avg:  -0.0029 | Raw Avg:   0.0285
  lin_vel_z                 | Scaled Avg:  -0.0017 | Raw Avg:   0.0209
  orientation               | Scaled Avg:  -0.0000 | Raw Avg:   0.0098
  powers                    | Scaled Avg:  -0.0001 | Raw Avg: 156.2105
  stand_still               | Scaled Avg:  -0.0003 | Raw Avg:   0.0028
  torques                   | Scaled Avg:  -0.0003 | Raw Avg: 1322.8427
  tracking_ang_vel          | Scaled Avg:   0.0158 | Raw Avg:   0.7907
  tracking_lin_vel          | Scaled Avg:   0.0327 | Raw Avg:   0.8180
  termination               | Scaled Avg:  -0.0000
  TOTAL REWARD              | Scaled Avg:   0.0104
------------------------------

------------------------------
Step: 6500 - Reward Breakdown:
  action_rate               | Scaled Avg:  -0.0163 | Raw Avg:   1.6279
  action_smoothness         | Scaled Avg:  -0.0005 | Raw Avg:   0.2565
  ang_vel_xy                | Scaled Avg:  -0.0027 | Raw Avg:   1.3274
  collision                 | Scaled Avg:  -0.0001 | Raw Avg:   0.0038
  dof_acc                   | Scaled Avg:  -0.0006 | Raw Avg: 128529.7188
  dof_error                 | Scaled Avg:  -0.0029 | Raw Avg:   0.2946
  dof_vel                   | Scaled Avg:  -0.0079 | Raw Avg:  79.1249
  feet_contact_forces       | Scaled Avg:  -0.0000 | Raw Avg:   7.9323
  foot_clearance            | Scaled Avg:  -0.0001 | Raw Avg:   0.0078
  foot_mirror               | Scaled Avg:  -0.0001 | Raw Avg:   0.0812
  foot_slide                | Scaled Avg:  -0.0018 | Raw Avg:   1.7613
  has_contact               | Scaled Avg:   0.0003 | Raw Avg:   0.0169
  hip_pos                   | Scaled Avg:  -0.0030 | Raw Avg:   0.0295
  lin_vel_z                 | Scaled Avg:  -0.0017 | Raw Avg:   0.0215
  orientation               | Scaled Avg:  -0.0000 | Raw Avg:   0.0103
  powers                    | Scaled Avg:  -0.0001 | Raw Avg: 150.4791
  stand_still               | Scaled Avg:  -0.0003 | Raw Avg:   0.0030
  torques                   | Scaled Avg:  -0.0002 | Raw Avg: 1245.2585
  tracking_ang_vel          | Scaled Avg:   0.0156 | Raw Avg:   0.7806
  tracking_lin_vel          | Scaled Avg:   0.0328 | Raw Avg:   0.8210
  termination               | Scaled Avg:  -0.0001
  TOTAL REWARD              | Scaled Avg:   0.0104
------------------------------

------------------------------
Step: 7000 - Reward Breakdown:
  action_rate               | Scaled Avg:  -0.0162 | Raw Avg:   1.6156
  action_smoothness         | Scaled Avg:  -0.0005 | Raw Avg:   0.2535
  ang_vel_xy                | Scaled Avg:  -0.0026 | Raw Avg:   1.2779
  collision                 | Scaled Avg:  -0.0001 | Raw Avg:   0.0038
  dof_acc                   | Scaled Avg:  -0.0006 | Raw Avg: 124732.1172
  dof_error                 | Scaled Avg:  -0.0028 | Raw Avg:   0.2800
  dof_vel                   | Scaled Avg:  -0.0078 | Raw Avg:  78.1037
  feet_contact_forces       | Scaled Avg:  -0.0000 | Raw Avg:   7.5290
  foot_clearance            | Scaled Avg:  -0.0001 | Raw Avg:   0.0079
  foot_mirror               | Scaled Avg:  -0.0001 | Raw Avg:   0.0793
  foot_slide                | Scaled Avg:  -0.0018 | Raw Avg:   1.7516
  has_contact               | Scaled Avg:   0.0004 | Raw Avg:   0.0177
  hip_pos                   | Scaled Avg:  -0.0028 | Raw Avg:   0.0281
  lin_vel_z                 | Scaled Avg:  -0.0016 | Raw Avg:   0.0195
  orientation               | Scaled Avg:  -0.0000 | Raw Avg:   0.0086
  powers                    | Scaled Avg:  -0.0001 | Raw Avg: 143.0756
  stand_still               | Scaled Avg:  -0.0003 | Raw Avg:   0.0026
  torques                   | Scaled Avg:  -0.0002 | Raw Avg: 1144.4261
  tracking_ang_vel          | Scaled Avg:   0.0158 | Raw Avg:   0.7905
  tracking_lin_vel          | Scaled Avg:   0.0331 | Raw Avg:   0.8286
  termination               | Scaled Avg:  -0.0000
  TOTAL REWARD              | Scaled Avg:   0.0119
------------------------------
################################################################################
                    [1m Learning iteration 15300/20000 [0m                    

                       Computation: 83065 steps/s (collection: 1.294s, learning 0.467s)
                     surrogate_loss -0.0052
                         value_loss 0.0644
                            entropy 2.2736
                     estimator_loss 0.0000
                         total_loss 0.0820
             Mean action noise std: 0.20
                       Mean reward: 6.78
               Mean episode length: 626.97
      Mean episode rew_action_rate: -0.5208
Mean episode rew_frame_action_rate: -0.0195
Mean episode rew_action_smoothness: -0.0164
Mean episode rew_frame_action_smoothness: -0.0006
       Mean episode rew_ang_vel_xy: -0.0868
 Mean episode rew_frame_ang_vel_xy: -0.0072
      Mean episode rew_base_height: -0.0003
Mean episode rew_frame_base_height: -0.0001
        Mean episode rew_collision: -0.0021
  Mean episode rew_frame_collision: -0.0008
          Mean episode rew_dof_acc: -0.0212
    Mean episode rew_frame_dof_acc: -0.0014
        Mean episode rew_dof_error: -0.0942
  Mean episode rew_frame_dof_error: -0.0074
          Mean episode rew_dof_vel: -0.2543
    Mean episode rew_frame_dof_vel: -0.0124
    Mean episode rew_feet_air_time: 0.0002
Mean episode rew_frame_feet_air_time: 0.0000
Mean episode rew_feet_contact_forces: -0.0008
Mean episode rew_frame_feet_contact_forces: -0.0000
   Mean episode rew_foot_clearance: -0.0025
Mean episode rew_frame_foot_clearance: -0.0001
      Mean episode rew_foot_mirror: -0.0027
Mean episode rew_frame_foot_mirror: -0.0003
       Mean episode rew_foot_slide: -0.0557
 Mean episode rew_frame_foot_slide: -0.0017
      Mean episode rew_has_contact: 0.0146
Mean episode rew_frame_has_contact: 0.0004
          Mean episode rew_hip_pos: -0.0963
    Mean episode rew_frame_hip_pos: -0.0092
        Mean episode rew_lin_vel_z: -0.0559
  Mean episode rew_frame_lin_vel_z: -0.0087
      Mean episode rew_orientation: -0.0013
Mean episode rew_frame_orientation: -0.0003
           Mean episode rew_powers: -0.0019
     Mean episode rew_frame_powers: -0.0001
      Mean episode rew_stand_still: -0.0127
Mean episode rew_frame_stand_still: -0.0003
          Mean episode rew_stumble: -0.0000
    Mean episode rew_frame_stumble: -0.0000
      Mean episode rew_termination: -0.0013
Mean episode rew_frame_termination: -0.0008
          Mean episode rew_torques: -0.0076
    Mean episode rew_frame_torques: -0.0003
 Mean episode rew_tracking_ang_vel: 0.4991
Mean episode rew_frame_tracking_ang_vel: 0.0126
 Mean episode rew_tracking_lin_vel: 1.0344
Mean episode rew_frame_tracking_lin_vel: 0.0243
Mean episode max_power_throughout_episode: 3388.5547
            Mean episode max_pos_x: 4.0200
            Mean episode min_pos_x: -3.6936
            Mean episode max_pos_y: 3.8461
            Mean episode min_pos_y: -3.2933
        Mean episode timeout_ratio: 0.5675
       Mean episode num_terminated: 8.7500
--------------------------------------------------------------------------------
                   Total timesteps: 585216
                    Iteration time: 1.76s
                        Total time: 537.68s
                               ETA: 8395.7s


------------------------------
Step: 7500 - Reward Breakdown:
  action_rate               | Scaled Avg:  -0.0166 | Raw Avg:   1.6607
  action_smoothness         | Scaled Avg:  -0.0005 | Raw Avg:   0.2635
  ang_vel_xy                | Scaled Avg:  -0.0026 | Raw Avg:   1.3027
  base_height               | Scaled Avg:  -0.0039 | Raw Avg:   0.1938
  collision                 | Scaled Avg:  -0.0001 | Raw Avg:   0.0041
  dof_acc                   | Scaled Avg:  -0.0007 | Raw Avg: 137831.9531
  dof_error                 | Scaled Avg:  -0.0030 | Raw Avg:   0.3010
  dof_vel                   | Scaled Avg:  -0.0080 | Raw Avg:  80.3703
  feet_contact_forces       | Scaled Avg:  -0.0000 | Raw Avg:   7.9200
  foot_clearance            | Scaled Avg:  -0.0001 | Raw Avg:   0.0081
  foot_mirror               | Scaled Avg:  -0.0001 | Raw Avg:   0.0873
  foot_slide                | Scaled Avg:  -0.0017 | Raw Avg:   1.7458
  has_contact               | Scaled Avg:   0.0004 | Raw Avg:   0.0203
  hip_pos                   | Scaled Avg:  -0.0030 | Raw Avg:   0.0298
  lin_vel_z                 | Scaled Avg:  -0.0067 | Raw Avg:   0.0833
  orientation               | Scaled Avg:  -0.0000 | Raw Avg:   0.0114
  powers                    | Scaled Avg:  -0.0001 | Raw Avg: 145.8730
  stand_still               | Scaled Avg:  -0.0003 | Raw Avg:   0.0030
  torques                   | Scaled Avg:  -0.0002 | Raw Avg: 1153.2109
  tracking_ang_vel          | Scaled Avg:   0.0156 | Raw Avg:   0.7819
  tracking_lin_vel          | Scaled Avg:   0.0328 | Raw Avg:   0.8192
  termination               | Scaled Avg:  -0.0001
  TOTAL REWARD              | Scaled Avg:   0.0083
------------------------------

------------------------------
Step: 8000 - Reward Breakdown:
  action_rate               | Scaled Avg:  -0.0178 | Raw Avg:   1.7767
  action_smoothness         | Scaled Avg:  -0.0006 | Raw Avg:   0.2838
  ang_vel_xy                | Scaled Avg:  -0.0027 | Raw Avg:   1.3682
  collision                 | Scaled Avg:  -0.0001 | Raw Avg:   0.0048
  dof_acc                   | Scaled Avg:  -0.0008 | Raw Avg: 153527.9844
  dof_error                 | Scaled Avg:  -0.0030 | Raw Avg:   0.2964
  dof_vel                   | Scaled Avg:  -0.0084 | Raw Avg:  83.6678
  feet_contact_forces       | Scaled Avg:  -0.0000 | Raw Avg:   8.1613
  foot_clearance            | Scaled Avg:  -0.0001 | Raw Avg:   0.0084
  foot_mirror               | Scaled Avg:  -0.0001 | Raw Avg:   0.0864
  foot_slide                | Scaled Avg:  -0.0017 | Raw Avg:   1.7471
  has_contact               | Scaled Avg:   0.0004 | Raw Avg:   0.0194
  hip_pos                   | Scaled Avg:  -0.0030 | Raw Avg:   0.0302
  lin_vel_z                 | Scaled Avg:  -0.0018 | Raw Avg:   0.0224
  orientation               | Scaled Avg:  -0.0000 | Raw Avg:   0.0106
  powers                    | Scaled Avg:  -0.0001 | Raw Avg: 150.2393
  stand_still               | Scaled Avg:  -0.0002 | Raw Avg:   0.0023
  torques                   | Scaled Avg:  -0.0002 | Raw Avg: 1192.7095
  tracking_ang_vel          | Scaled Avg:   0.0155 | Raw Avg:   0.7755
  tracking_lin_vel          | Scaled Avg:   0.0324 | Raw Avg:   0.8104
  termination               | Scaled Avg:  -0.0000
  TOTAL REWARD              | Scaled Avg:   0.0077
------------------------------

------------------------------
Step: 8500 - Reward Breakdown:
  action_rate               | Scaled Avg:  -0.0202 | Raw Avg:   2.0235
  action_smoothness         | Scaled Avg:  -0.0006 | Raw Avg:   0.3239
  ang_vel_xy                | Scaled Avg:  -0.0032 | Raw Avg:   1.6027
  base_height               | Scaled Avg:  -0.2263 | Raw Avg:  11.3170
  collision                 | Scaled Avg:  -0.0001 | Raw Avg:   0.0041
  dof_acc                   | Scaled Avg:  -0.0008 | Raw Avg: 168270.0469
  dof_error                 | Scaled Avg:  -0.0032 | Raw Avg:   0.3155
  dof_vel                   | Scaled Avg:  -0.0092 | Raw Avg:  91.6055
  feet_contact_forces       | Scaled Avg:  -0.0000 | Raw Avg:   9.3174
  foot_clearance            | Scaled Avg:  -0.0001 | Raw Avg:   0.0085
  foot_mirror               | Scaled Avg:  -0.0001 | Raw Avg:   0.0947
  foot_slide                | Scaled Avg:  -0.0018 | Raw Avg:   1.7705
  has_contact               | Scaled Avg:   0.0004 | Raw Avg:   0.0191
  hip_pos                   | Scaled Avg:  -0.0032 | Raw Avg:   0.0317
  lin_vel_z                 | Scaled Avg:  -0.0308 | Raw Avg:   0.3855
  orientation               | Scaled Avg:  -0.0001 | Raw Avg:   0.0132
  powers                    | Scaled Avg:  -0.0001 | Raw Avg: 158.6559
  stand_still               | Scaled Avg:  -0.0003 | Raw Avg:   0.0029
  torques                   | Scaled Avg:  -0.0003 | Raw Avg: 1252.0648
  tracking_ang_vel          | Scaled Avg:   0.0151 | Raw Avg:   0.7527
  tracking_lin_vel          | Scaled Avg:   0.0316 | Raw Avg:   0.7894
  termination               | Scaled Avg:  -0.0001
  TOTAL REWARD              | Scaled Avg:  -0.0005
------------------------------

------------------------------
Step: 9000 - Reward Breakdown:
  action_rate               | Scaled Avg:  -0.0205 | Raw Avg:   2.0531
  action_smoothness         | Scaled Avg:  -0.0007 | Raw Avg:   0.3268
  ang_vel_xy                | Scaled Avg:  -0.0033 | Raw Avg:   1.6269
  base_height               | Scaled Avg:  -0.0000 | Raw Avg:   0.0005
  collision                 | Scaled Avg:  -0.0001 | Raw Avg:   0.0048
  dof_acc                   | Scaled Avg:  -0.0007 | Raw Avg: 145816.3750
  dof_error                 | Scaled Avg:  -0.0032 | Raw Avg:   0.3175
  dof_vel                   | Scaled Avg:  -0.0092 | Raw Avg:  91.8461
  feet_contact_forces       | Scaled Avg:  -0.0000 | Raw Avg:   8.6312
  foot_clearance            | Scaled Avg:  -0.0001 | Raw Avg:   0.0074
  foot_mirror               | Scaled Avg:  -0.0001 | Raw Avg:   0.0961
  foot_slide                | Scaled Avg:  -0.0018 | Raw Avg:   1.8031
  has_contact               | Scaled Avg:   0.0004 | Raw Avg:   0.0190
  hip_pos                   | Scaled Avg:  -0.0031 | Raw Avg:   0.0313
  lin_vel_z                 | Scaled Avg:  -0.0021 | Raw Avg:   0.0260
  orientation               | Scaled Avg:  -0.0001 | Raw Avg:   0.0125
  powers                    | Scaled Avg:  -0.0001 | Raw Avg: 160.6406
  stand_still               | Scaled Avg:  -0.0003 | Raw Avg:   0.0031
  torques                   | Scaled Avg:  -0.0003 | Raw Avg: 1278.1742
  tracking_ang_vel          | Scaled Avg:   0.0146 | Raw Avg:   0.7275
  tracking_lin_vel          | Scaled Avg:   0.0314 | Raw Avg:   0.7851
  termination               | Scaled Avg:  -0.0000
  TOTAL REWARD              | Scaled Avg:   0.0008
------------------------------

------------------------------
Step: 9500 - Reward Breakdown:
  action_rate               | Scaled Avg:  -0.0176 | Raw Avg:   1.7598
  action_smoothness         | Scaled Avg:  -0.0006 | Raw Avg:   0.2792
  ang_vel_xy                | Scaled Avg:  -0.0029 | Raw Avg:   1.4657
  collision                 | Scaled Avg:  -0.0001 | Raw Avg:   0.0071
  dof_acc                   | Scaled Avg:  -0.0007 | Raw Avg: 139002.2188
  dof_error                 | Scaled Avg:  -0.0030 | Raw Avg:   0.2966
  dof_vel                   | Scaled Avg:  -0.0084 | Raw Avg:  83.7685
  feet_air_time             | Scaled Avg:   0.0000 | Raw Avg:   0.0003
  feet_contact_forces       | Scaled Avg:  -0.0000 | Raw Avg:   8.2102
  foot_clearance            | Scaled Avg:  -0.0001 | Raw Avg:   0.0078
  foot_mirror               | Scaled Avg:  -0.0001 | Raw Avg:   0.0865
  foot_slide                | Scaled Avg:  -0.0018 | Raw Avg:   1.7671
  has_contact               | Scaled Avg:   0.0004 | Raw Avg:   0.0205
  hip_pos                   | Scaled Avg:  -0.0029 | Raw Avg:   0.0293
  lin_vel_z                 | Scaled Avg:  -0.0018 | Raw Avg:   0.0219
  orientation               | Scaled Avg:  -0.0000 | Raw Avg:   0.0116
  powers                    | Scaled Avg:  -0.0001 | Raw Avg: 153.4870
  stand_still               | Scaled Avg:  -0.0002 | Raw Avg:   0.0024
  torques                   | Scaled Avg:  -0.0003 | Raw Avg: 1287.0206
  tracking_ang_vel          | Scaled Avg:   0.0155 | Raw Avg:   0.7755
  tracking_lin_vel          | Scaled Avg:   0.0322 | Raw Avg:   0.8062
  termination               | Scaled Avg:  -0.0001
  TOTAL REWARD              | Scaled Avg:   0.0076
------------------------------
################################################################################
                    [1m Learning iteration 15400/20000 [0m                    

                       Computation: 82652 steps/s (collection: 1.300s, learning 0.470s)
                     surrogate_loss -0.0042
                         value_loss 0.0449
                            entropy 1.7255
                     estimator_loss 0.0000
                         total_loss 0.0580
             Mean action noise std: 0.21
                       Mean reward: 0.31
               Mean episode length: 548.89
      Mean episode rew_action_rate: -0.5827
Mean episode rew_frame_action_rate: -0.0219
Mean episode rew_action_smoothness: -0.0187
Mean episode rew_frame_action_smoothness: -0.0007
       Mean episode rew_ang_vel_xy: -0.0929
 Mean episode rew_frame_ang_vel_xy: -0.0072
      Mean episode rew_base_height: -0.0003
Mean episode rew_frame_base_height: -0.0001
        Mean episode rew_collision: -0.0061
  Mean episode rew_frame_collision: -0.0011
          Mean episode rew_dof_acc: -0.0229
    Mean episode rew_frame_dof_acc: -0.0014
        Mean episode rew_dof_error: -0.0958
  Mean episode rew_frame_dof_error: -0.0077
          Mean episode rew_dof_vel: -0.2710
    Mean episode rew_frame_dof_vel: -0.0134
    Mean episode rew_feet_air_time: 0.0002
Mean episode rew_frame_feet_air_time: 0.0000
Mean episode rew_feet_contact_forces: -0.0008
Mean episode rew_frame_feet_contact_forces: -0.0000
   Mean episode rew_foot_clearance: -0.0023
Mean episode rew_frame_foot_clearance: -0.0001
      Mean episode rew_foot_mirror: -0.0028
Mean episode rew_frame_foot_mirror: -0.0003
       Mean episode rew_foot_slide: -0.0535
 Mean episode rew_frame_foot_slide: -0.0018
      Mean episode rew_has_contact: 0.0083
Mean episode rew_frame_has_contact: 0.0002
          Mean episode rew_hip_pos: -0.0963
    Mean episode rew_frame_hip_pos: -0.0099
        Mean episode rew_lin_vel_z: -0.0562
  Mean episode rew_frame_lin_vel_z: -0.0091
      Mean episode rew_orientation: -0.0016
Mean episode rew_frame_orientation: -0.0004
           Mean episode rew_powers: -0.0019
     Mean episode rew_frame_powers: -0.0001
      Mean episode rew_stand_still: -0.0073
Mean episode rew_frame_stand_still: -0.0001
          Mean episode rew_stumble: -0.0000
    Mean episode rew_frame_stumble: -0.0000
      Mean episode rew_termination: -0.0014
Mean episode rew_frame_termination: -0.0009
          Mean episode rew_torques: -0.0078
    Mean episode rew_frame_torques: -0.0003
 Mean episode rew_tracking_ang_vel: 0.4493
Mean episode rew_frame_tracking_ang_vel: 0.0117
 Mean episode rew_tracking_lin_vel: 0.9394
Mean episode rew_frame_tracking_lin_vel: 0.0227
Mean episode max_power_throughout_episode: 3628.5417
            Mean episode max_pos_x: 4.3784
            Mean episode min_pos_x: -3.6359
            Mean episode max_pos_y: 3.9340
            Mean episode min_pos_y: -3.6006
        Mean episode timeout_ratio: 0.5423
       Mean episode num_terminated: 9.6250
--------------------------------------------------------------------------------
                   Total timesteps: 731520
                    Iteration time: 1.77s
                        Total time: 716.64s
                               ETA: 8220.8s


------------------------------
Step: 10000 - Reward Breakdown:
  action_rate               | Scaled Avg:  -0.0167 | Raw Avg:   1.6656
  action_smoothness         | Scaled Avg:  -0.0005 | Raw Avg:   0.2572
  ang_vel_xy                | Scaled Avg:  -0.0029 | Raw Avg:   1.4303
  collision                 | Scaled Avg:  -0.0001 | Raw Avg:   0.0034
  dof_acc                   | Scaled Avg:  -0.0006 | Raw Avg: 119809.5781
  dof_error                 | Scaled Avg:  -0.0028 | Raw Avg:   0.2837
  dof_vel                   | Scaled Avg:  -0.0081 | Raw Avg:  80.8353
  feet_contact_forces       | Scaled Avg:  -0.0000 | Raw Avg:   7.7908
  foot_clearance            | Scaled Avg:  -0.0001 | Raw Avg:   0.0073
  foot_mirror               | Scaled Avg:  -0.0001 | Raw Avg:   0.0833
  foot_slide                | Scaled Avg:  -0.0017 | Raw Avg:   1.7301
  has_contact               | Scaled Avg:   0.0003 | Raw Avg:   0.0170
  hip_pos                   | Scaled Avg:  -0.0030 | Raw Avg:   0.0298
  lin_vel_z                 | Scaled Avg:  -0.0018 | Raw Avg:   0.0222
  orientation               | Scaled Avg:  -0.0000 | Raw Avg:   0.0096
  powers                    | Scaled Avg:  -0.0001 | Raw Avg: 161.6950
  stand_still               | Scaled Avg:  -0.0002 | Raw Avg:   0.0025
  torques                   | Scaled Avg:  -0.0003 | Raw Avg: 1382.6594
  tracking_ang_vel          | Scaled Avg:   0.0157 | Raw Avg:   0.7833
  tracking_lin_vel          | Scaled Avg:   0.0324 | Raw Avg:   0.8104
  termination               | Scaled Avg:  -0.0001
  TOTAL REWARD              | Scaled Avg:   0.0094
------------------------------

------------------------------
Step: 10500 - Reward Breakdown:
  action_rate               | Scaled Avg:  -0.0164 | Raw Avg:   1.6406
  action_smoothness         | Scaled Avg:  -0.0005 | Raw Avg:   0.2554
  ang_vel_xy                | Scaled Avg:  -0.0028 | Raw Avg:   1.4163
  collision                 | Scaled Avg:  -0.0001 | Raw Avg:   0.0039
  dof_acc                   | Scaled Avg:  -0.0006 | Raw Avg: 117135.4141
  dof_error                 | Scaled Avg:  -0.0028 | Raw Avg:   0.2805
  dof_vel                   | Scaled Avg:  -0.0082 | Raw Avg:  82.1634
  feet_contact_forces       | Scaled Avg:  -0.0000 | Raw Avg:   7.9784
  foot_clearance            | Scaled Avg:  -0.0001 | Raw Avg:   0.0072
  foot_mirror               | Scaled Avg:  -0.0001 | Raw Avg:   0.0811
  foot_slide                | Scaled Avg:  -0.0017 | Raw Avg:   1.7312
  has_contact               | Scaled Avg:   0.0004 | Raw Avg:   0.0204
  hip_pos                   | Scaled Avg:  -0.0029 | Raw Avg:   0.0290
  lin_vel_z                 | Scaled Avg:  -0.0017 | Raw Avg:   0.0214
  orientation               | Scaled Avg:  -0.0000 | Raw Avg:   0.0097
  powers                    | Scaled Avg:  -0.0001 | Raw Avg: 164.8003
  stand_still               | Scaled Avg:  -0.0002 | Raw Avg:   0.0017
  torques                   | Scaled Avg:  -0.0003 | Raw Avg: 1434.3699
  tracking_ang_vel          | Scaled Avg:   0.0158 | Raw Avg:   0.7881
  tracking_lin_vel          | Scaled Avg:   0.0329 | Raw Avg:   0.8215
  termination               | Scaled Avg:  -0.0000
  TOTAL REWARD              | Scaled Avg:   0.0105
------------------------------

------------------------------
Step: 11000 - Reward Breakdown:
  action_rate               | Scaled Avg:  -0.0167 | Raw Avg:   1.6676
  action_smoothness         | Scaled Avg:  -0.0005 | Raw Avg:   0.2578
  ang_vel_xy                | Scaled Avg:  -0.0030 | Raw Avg:   1.4766
  base_height               | Scaled Avg:  -0.0000 | Raw Avg:   0.0005
  collision                 | Scaled Avg:  -0.0001 | Raw Avg:   0.0038
  dof_acc                   | Scaled Avg:  -0.0006 | Raw Avg: 127362.5312
  dof_error                 | Scaled Avg:  -0.0030 | Raw Avg:   0.2960
  dof_vel                   | Scaled Avg:  -0.0084 | Raw Avg:  84.1744
  feet_contact_forces       | Scaled Avg:  -0.0000 | Raw Avg:   8.3628
  foot_clearance            | Scaled Avg:  -0.0001 | Raw Avg:   0.0073
  foot_mirror               | Scaled Avg:  -0.0001 | Raw Avg:   0.0860
  foot_slide                | Scaled Avg:  -0.0017 | Raw Avg:   1.7302
  has_contact               | Scaled Avg:   0.0004 | Raw Avg:   0.0184
  hip_pos                   | Scaled Avg:  -0.0030 | Raw Avg:   0.0303
  lin_vel_z                 | Scaled Avg:  -0.0018 | Raw Avg:   0.0228
  orientation               | Scaled Avg:  -0.0000 | Raw Avg:   0.0110
  powers                    | Scaled Avg:  -0.0001 | Raw Avg: 165.8070
  stand_still               | Scaled Avg:  -0.0003 | Raw Avg:   0.0026
  torques                   | Scaled Avg:  -0.0003 | Raw Avg: 1430.1896
  tracking_ang_vel          | Scaled Avg:   0.0158 | Raw Avg:   0.7891
  tracking_lin_vel          | Scaled Avg:   0.0328 | Raw Avg:   0.8204
  termination               | Scaled Avg:  -0.0000
  TOTAL REWARD              | Scaled Avg:   0.0093
------------------------------

------------------------------
Step: 11500 - Reward Breakdown:
  action_rate               | Scaled Avg:  -0.0166 | Raw Avg:   1.6560
  action_smoothness         | Scaled Avg:  -0.0005 | Raw Avg:   0.2568
  ang_vel_xy                | Scaled Avg:  -0.0029 | Raw Avg:   1.4513
  collision                 | Scaled Avg:  -0.0001 | Raw Avg:   0.0041
  dof_acc                   | Scaled Avg:  -0.0007 | Raw Avg: 132869.1250
  dof_error                 | Scaled Avg:  -0.0029 | Raw Avg:   0.2925
  dof_vel                   | Scaled Avg:  -0.0082 | Raw Avg:  82.4740
  feet_contact_forces       | Scaled Avg:  -0.0000 | Raw Avg:   8.5688
  foot_clearance            | Scaled Avg:  -0.0001 | Raw Avg:   0.0083
  foot_mirror               | Scaled Avg:  -0.0001 | Raw Avg:   0.0777
  foot_slide                | Scaled Avg:  -0.0017 | Raw Avg:   1.7013
  has_contact               | Scaled Avg:   0.0004 | Raw Avg:   0.0189
  hip_pos                   | Scaled Avg:  -0.0030 | Raw Avg:   0.0301
  lin_vel_z                 | Scaled Avg:  -0.0017 | Raw Avg:   0.0212
  orientation               | Scaled Avg:  -0.0000 | Raw Avg:   0.0093
  powers                    | Scaled Avg:  -0.0001 | Raw Avg: 164.5444
  stand_still               | Scaled Avg:  -0.0003 | Raw Avg:   0.0026
  torques                   | Scaled Avg:  -0.0003 | Raw Avg: 1417.2758
  tracking_ang_vel          | Scaled Avg:   0.0159 | Raw Avg:   0.7950
  tracking_lin_vel          | Scaled Avg:   0.0332 | Raw Avg:   0.8292
  termination               | Scaled Avg:  -0.0000
  TOTAL REWARD              | Scaled Avg:   0.0103
------------------------------

------------------------------
Step: 12000 - Reward Breakdown:
  action_rate               | Scaled Avg:  -0.0165 | Raw Avg:   1.6510
  action_smoothness         | Scaled Avg:  -0.0005 | Raw Avg:   0.2556
  ang_vel_xy                | Scaled Avg:  -0.0028 | Raw Avg:   1.3992
  collision                 | Scaled Avg:  -0.0001 | Raw Avg:   0.0046
  dof_acc                   | Scaled Avg:  -0.0007 | Raw Avg: 144251.1250
  dof_error                 | Scaled Avg:  -0.0029 | Raw Avg:   0.2932
  dof_vel                   | Scaled Avg:  -0.0083 | Raw Avg:  82.8931
  feet_contact_forces       | Scaled Avg:  -0.0000 | Raw Avg:   7.9917
  foot_clearance            | Scaled Avg:  -0.0001 | Raw Avg:   0.0083
  foot_mirror               | Scaled Avg:  -0.0001 | Raw Avg:   0.0777
  foot_slide                | Scaled Avg:  -0.0018 | Raw Avg:   1.7507
  has_contact               | Scaled Avg:   0.0004 | Raw Avg:   0.0198
  hip_pos                   | Scaled Avg:  -0.0030 | Raw Avg:   0.0304
  lin_vel_z                 | Scaled Avg:  -0.0017 | Raw Avg:   0.0213
  orientation               | Scaled Avg:  -0.0000 | Raw Avg:   0.0095
  powers                    | Scaled Avg:  -0.0001 | Raw Avg: 162.3693
  stand_still               | Scaled Avg:  -0.0003 | Raw Avg:   0.0032
  torques                   | Scaled Avg:  -0.0003 | Raw Avg: 1372.1141
  tracking_ang_vel          | Scaled Avg:   0.0158 | Raw Avg:   0.7923
  tracking_lin_vel          | Scaled Avg:   0.0333 | Raw Avg:   0.8322
  termination               | Scaled Avg:  -0.0000
  TOTAL REWARD              | Scaled Avg:   0.0103
------------------------------
################################################################################
                    [1m Learning iteration 15500/20000 [0m                    

                       Computation: 83185 steps/s (collection: 1.291s, learning 0.468s)
                     surrogate_loss -0.0049
                         value_loss 0.0528
                            entropy 2.2624
                     estimator_loss 0.0000
                         total_loss 0.0705
             Mean action noise std: 0.20
                       Mean reward: 6.61
               Mean episode length: 687.56
      Mean episode rew_action_rate: -0.5381
Mean episode rew_frame_action_rate: -0.0198
Mean episode rew_action_smoothness: -0.0167
Mean episode rew_frame_action_smoothness: -0.0006
       Mean episode rew_ang_vel_xy: -0.0938
 Mean episode rew_frame_ang_vel_xy: -0.0065
      Mean episode rew_base_height: -0.0002
Mean episode rew_frame_base_height: -0.0001
        Mean episode rew_collision: -0.0026
  Mean episode rew_frame_collision: -0.0009
          Mean episode rew_dof_acc: -0.0220
    Mean episode rew_frame_dof_acc: -0.0013
        Mean episode rew_dof_error: -0.0944
  Mean episode rew_frame_dof_error: -0.0066
          Mean episode rew_dof_vel: -0.2709
    Mean episode rew_frame_dof_vel: -0.0126
    Mean episode rew_feet_air_time: 0.0002
Mean episode rew_frame_feet_air_time: 0.0000
Mean episode rew_feet_contact_forces: -0.0008
Mean episode rew_frame_feet_contact_forces: -0.0000
   Mean episode rew_foot_clearance: -0.0026
Mean episode rew_frame_foot_clearance: -0.0001
      Mean episode rew_foot_mirror: -0.0026
Mean episode rew_frame_foot_mirror: -0.0002
       Mean episode rew_foot_slide: -0.0558
 Mean episode rew_frame_foot_slide: -0.0017
      Mean episode rew_has_contact: 0.0143
Mean episode rew_frame_has_contact: 0.0003
          Mean episode rew_hip_pos: -0.0984
    Mean episode rew_frame_hip_pos: -0.0084
        Mean episode rew_lin_vel_z: -0.0580
  Mean episode rew_frame_lin_vel_z: -0.0084
      Mean episode rew_orientation: -0.0013
Mean episode rew_frame_orientation: -0.0003
           Mean episode rew_powers: -0.0021
     Mean episode rew_frame_powers: -0.0001
      Mean episode rew_stand_still: -0.0219
Mean episode rew_frame_stand_still: -0.0004
          Mean episode rew_stumble: -0.0000
    Mean episode rew_frame_stumble: -0.0000
      Mean episode rew_termination: -0.0013
Mean episode rew_frame_termination: -0.0008
          Mean episode rew_torques: -0.0090
    Mean episode rew_frame_torques: -0.0003
 Mean episode rew_tracking_ang_vel: 0.5090
Mean episode rew_frame_tracking_ang_vel: 0.0126
 Mean episode rew_tracking_lin_vel: 1.0502
Mean episode rew_frame_tracking_lin_vel: 0.0248
Mean episode max_power_throughout_episode: 3350.7471
            Mean episode max_pos_x: 4.7107
            Mean episode min_pos_x: -3.2327
            Mean episode max_pos_y: 3.3655
            Mean episode min_pos_y: -3.1721
        Mean episode timeout_ratio: 0.5648
       Mean episode num_terminated: 7.7083
--------------------------------------------------------------------------------
                   Total timesteps: 877824
                    Iteration time: 1.76s
                        Total time: 894.30s
                               ETA: 8032.7s


------------------------------
Step: 12500 - Reward Breakdown:
  action_rate               | Scaled Avg:  -0.0166 | Raw Avg:   1.6563
  action_smoothness         | Scaled Avg:  -0.0005 | Raw Avg:   0.2588
  ang_vel_xy                | Scaled Avg:  -0.0028 | Raw Avg:   1.3988
  collision                 | Scaled Avg:  -0.0001 | Raw Avg:   0.0043
  dof_acc                   | Scaled Avg:  -0.0007 | Raw Avg: 144681.1562
  dof_error                 | Scaled Avg:  -0.0029 | Raw Avg:   0.2915
  dof_vel                   | Scaled Avg:  -0.0081 | Raw Avg:  81.4315
  feet_contact_forces       | Scaled Avg:  -0.0000 | Raw Avg:   8.4037
  foot_clearance            | Scaled Avg:  -0.0001 | Raw Avg:   0.0091
  foot_mirror               | Scaled Avg:  -0.0001 | Raw Avg:   0.0737
  foot_slide                | Scaled Avg:  -0.0018 | Raw Avg:   1.7541
  has_contact               | Scaled Avg:   0.0003 | Raw Avg:   0.0170
  hip_pos                   | Scaled Avg:  -0.0029 | Raw Avg:   0.0291
  lin_vel_z                 | Scaled Avg:  -0.0017 | Raw Avg:   0.0212
  orientation               | Scaled Avg:  -0.0000 | Raw Avg:   0.0089
  powers                    | Scaled Avg:  -0.0001 | Raw Avg: 157.6980
  stand_still               | Scaled Avg:  -0.0003 | Raw Avg:   0.0031
  torques                   | Scaled Avg:  -0.0003 | Raw Avg: 1322.2323
  tracking_ang_vel          | Scaled Avg:   0.0157 | Raw Avg:   0.7863
  tracking_lin_vel          | Scaled Avg:   0.0329 | Raw Avg:   0.8230
  termination               | Scaled Avg:  -0.0000
  TOTAL REWARD              | Scaled Avg:   0.0100
------------------------------

------------------------------
Step: 13000 - Reward Breakdown:
  action_rate               | Scaled Avg:  -0.0163 | Raw Avg:   1.6344
  action_smoothness         | Scaled Avg:  -0.0005 | Raw Avg:   0.2579
  ang_vel_xy                | Scaled Avg:  -0.0027 | Raw Avg:   1.3578
  collision                 | Scaled Avg:  -0.0001 | Raw Avg:   0.0044
  dof_acc                   | Scaled Avg:  -0.0007 | Raw Avg: 140113.2812
  dof_error                 | Scaled Avg:  -0.0029 | Raw Avg:   0.2903
  dof_vel                   | Scaled Avg:  -0.0081 | Raw Avg:  80.6097
  feet_contact_forces       | Scaled Avg:  -0.0000 | Raw Avg:   7.8958
  foot_clearance            | Scaled Avg:  -0.0001 | Raw Avg:   0.0085
  foot_mirror               | Scaled Avg:  -0.0001 | Raw Avg:   0.0764
  foot_slide                | Scaled Avg:  -0.0018 | Raw Avg:   1.7527
  has_contact               | Scaled Avg:   0.0004 | Raw Avg:   0.0187
  hip_pos                   | Scaled Avg:  -0.0030 | Raw Avg:   0.0297
  lin_vel_z                 | Scaled Avg:  -0.0016 | Raw Avg:   0.0202
  orientation               | Scaled Avg:  -0.0000 | Raw Avg:   0.0093
  powers                    | Scaled Avg:  -0.0001 | Raw Avg: 149.6239
  stand_still               | Scaled Avg:  -0.0003 | Raw Avg:   0.0031
  torques                   | Scaled Avg:  -0.0002 | Raw Avg: 1210.2091
  tracking_ang_vel          | Scaled Avg:   0.0158 | Raw Avg:   0.7887
  tracking_lin_vel          | Scaled Avg:   0.0330 | Raw Avg:   0.8255
  termination               | Scaled Avg:  -0.0000
  TOTAL REWARD              | Scaled Avg:   0.0106
------------------------------

------------------------------
Step: 13500 - Reward Breakdown:
  action_rate               | Scaled Avg:  -0.0161 | Raw Avg:   1.6114
  action_smoothness         | Scaled Avg:  -0.0005 | Raw Avg:   0.2512
  ang_vel_xy                | Scaled Avg:  -0.0026 | Raw Avg:   1.3239
  collision                 | Scaled Avg:  -0.0001 | Raw Avg:   0.0039
  dof_acc                   | Scaled Avg:  -0.0006 | Raw Avg: 129849.1562
  dof_error                 | Scaled Avg:  -0.0028 | Raw Avg:   0.2846
  dof_vel                   | Scaled Avg:  -0.0079 | Raw Avg:  79.3062
  feet_contact_forces       | Scaled Avg:  -0.0000 | Raw Avg:   7.8536
  foot_clearance            | Scaled Avg:  -0.0001 | Raw Avg:   0.0080
  foot_mirror               | Scaled Avg:  -0.0001 | Raw Avg:   0.0749
  foot_slide                | Scaled Avg:  -0.0017 | Raw Avg:   1.7327
  has_contact               | Scaled Avg:   0.0004 | Raw Avg:   0.0210
  hip_pos                   | Scaled Avg:  -0.0029 | Raw Avg:   0.0287
  lin_vel_z                 | Scaled Avg:  -0.0017 | Raw Avg:   0.0211
  orientation               | Scaled Avg:  -0.0000 | Raw Avg:   0.0094
  powers                    | Scaled Avg:  -0.0001 | Raw Avg: 148.5807
  stand_still               | Scaled Avg:  -0.0004 | Raw Avg:   0.0037
  torques                   | Scaled Avg:  -0.0002 | Raw Avg: 1199.3340
  tracking_ang_vel          | Scaled Avg:   0.0158 | Raw Avg:   0.7919
  tracking_lin_vel          | Scaled Avg:   0.0332 | Raw Avg:   0.8298
  termination               | Scaled Avg:  -0.0000
  TOTAL REWARD              | Scaled Avg:   0.0115
------------------------------

------------------------------
Step: 14000 - Reward Breakdown:
  action_rate               | Scaled Avg:  -0.0162 | Raw Avg:   1.6154
  action_smoothness         | Scaled Avg:  -0.0005 | Raw Avg:   0.2538
  ang_vel_xy                | Scaled Avg:  -0.0028 | Raw Avg:   1.3787
  collision                 | Scaled Avg:  -0.0001 | Raw Avg:   0.0052
  dof_acc                   | Scaled Avg:  -0.0006 | Raw Avg: 122938.5000
  dof_error                 | Scaled Avg:  -0.0029 | Raw Avg:   0.2887
  dof_vel                   | Scaled Avg:  -0.0079 | Raw Avg:  78.9990
  feet_contact_forces       | Scaled Avg:  -0.0000 | Raw Avg:   7.7388
  foot_clearance            | Scaled Avg:  -0.0001 | Raw Avg:   0.0075
  foot_mirror               | Scaled Avg:  -0.0001 | Raw Avg:   0.0780
  foot_slide                | Scaled Avg:  -0.0017 | Raw Avg:   1.7282
  has_contact               | Scaled Avg:   0.0004 | Raw Avg:   0.0180
  hip_pos                   | Scaled Avg:  -0.0029 | Raw Avg:   0.0293
  lin_vel_z                 | Scaled Avg:  -0.0017 | Raw Avg:   0.0214
  orientation               | Scaled Avg:  -0.0000 | Raw Avg:   0.0099
  powers                    | Scaled Avg:  -0.0001 | Raw Avg: 148.7280
  stand_still               | Scaled Avg:  -0.0005 | Raw Avg:   0.0045
  torques                   | Scaled Avg:  -0.0002 | Raw Avg: 1205.6576
  tracking_ang_vel          | Scaled Avg:   0.0157 | Raw Avg:   0.7839
  tracking_lin_vel          | Scaled Avg:   0.0326 | Raw Avg:   0.8159
  termination               | Scaled Avg:  -0.0001
  TOTAL REWARD              | Scaled Avg:   0.0103
------------------------------
################################################################################
                    [1m Learning iteration 15600/20000 [0m                    

                       Computation: 83447 steps/s (collection: 1.284s, learning 0.470s)
                     surrogate_loss -0.0048
                         value_loss 0.0400
                            entropy 2.2910
                     estimator_loss 0.0000
                         total_loss 0.0581
             Mean action noise std: 0.20
                       Mean reward: 6.21
               Mean episode length: 634.11
      Mean episode rew_action_rate: -0.5157
Mean episode rew_frame_action_rate: -0.0202
Mean episode rew_action_smoothness: -0.0162
Mean episode rew_frame_action_smoothness: -0.0006
       Mean episode rew_ang_vel_xy: -0.0879
 Mean episode rew_frame_ang_vel_xy: -0.0066
      Mean episode rew_base_height: -0.0003
Mean episode rew_frame_base_height: -0.0001
        Mean episode rew_collision: -0.0026
  Mean episode rew_frame_collision: -0.0007
          Mean episode rew_dof_acc: -0.0202
    Mean episode rew_frame_dof_acc: -0.0012
        Mean episode rew_dof_error: -0.0921
  Mean episode rew_frame_dof_error: -0.0073
          Mean episode rew_dof_vel: -0.2521
    Mean episode rew_frame_dof_vel: -0.0122
    Mean episode rew_feet_air_time: 0.0002
Mean episode rew_frame_feet_air_time: 0.0000
Mean episode rew_feet_contact_forces: -0.0008
Mean episode rew_frame_feet_contact_forces: -0.0000
   Mean episode rew_foot_clearance: -0.0024
Mean episode rew_frame_foot_clearance: -0.0001
      Mean episode rew_foot_mirror: -0.0025
Mean episode rew_frame_foot_mirror: -0.0002
       Mean episode rew_foot_slide: -0.0543
 Mean episode rew_frame_foot_slide: -0.0017
      Mean episode rew_has_contact: 0.0097
Mean episode rew_frame_has_contact: 0.0002
          Mean episode rew_hip_pos: -0.0931
    Mean episode rew_frame_hip_pos: -0.0083
        Mean episode rew_lin_vel_z: -0.0582
  Mean episode rew_frame_lin_vel_z: -0.0101
      Mean episode rew_orientation: -0.0014
Mean episode rew_frame_orientation: -0.0003
           Mean episode rew_powers: -0.0019
     Mean episode rew_frame_powers: -0.0001
      Mean episode rew_stand_still: -0.0166
Mean episode rew_frame_stand_still: -0.0003
          Mean episode rew_stumble: -0.0000
    Mean episode rew_frame_stumble: -0.0000
      Mean episode rew_termination: -0.0013
Mean episode rew_frame_termination: -0.0008
          Mean episode rew_torques: -0.0075
    Mean episode rew_frame_torques: -0.0003
 Mean episode rew_tracking_ang_vel: 0.4950
Mean episode rew_frame_tracking_ang_vel: 0.0127
 Mean episode rew_tracking_lin_vel: 1.0266
Mean episode rew_frame_tracking_lin_vel: 0.0249
Mean episode max_power_throughout_episode: 3371.1770
            Mean episode max_pos_x: 3.7537
            Mean episode min_pos_x: -3.3499
            Mean episode max_pos_y: 3.1181
            Mean episode min_pos_y: -3.3794
        Mean episode timeout_ratio: 0.5621
       Mean episode num_terminated: 8.3333
--------------------------------------------------------------------------------
                   Total timesteps: 1024128
                    Iteration time: 1.75s
                        Total time: 1071.58s
                               ETA: 7845.2s


------------------------------
Step: 14500 - Reward Breakdown:
  action_rate               | Scaled Avg:  -0.0164 | Raw Avg:   1.6387
  action_smoothness         | Scaled Avg:  -0.0005 | Raw Avg:   0.2613
  ang_vel_xy                | Scaled Avg:  -0.0026 | Raw Avg:   1.3233
  collision                 | Scaled Avg:  -0.0001 | Raw Avg:   0.0046
  dof_acc                   | Scaled Avg:  -0.0006 | Raw Avg: 120734.1094
  dof_error                 | Scaled Avg:  -0.0029 | Raw Avg:   0.2865
  dof_vel                   | Scaled Avg:  -0.0081 | Raw Avg:  80.5130
  feet_contact_forces       | Scaled Avg:  -0.0000 | Raw Avg:   7.7947
  foot_clearance            | Scaled Avg:  -0.0001 | Raw Avg:   0.0072
  foot_mirror               | Scaled Avg:  -0.0001 | Raw Avg:   0.0776
  foot_slide                | Scaled Avg:  -0.0018 | Raw Avg:   1.7537
  has_contact               | Scaled Avg:   0.0003 | Raw Avg:   0.0173
  hip_pos                   | Scaled Avg:  -0.0029 | Raw Avg:   0.0288
  lin_vel_z                 | Scaled Avg:  -0.0017 | Raw Avg:   0.0208
  orientation               | Scaled Avg:  -0.0000 | Raw Avg:   0.0095
  powers                    | Scaled Avg:  -0.0001 | Raw Avg: 148.0963
  stand_still               | Scaled Avg:  -0.0001 | Raw Avg:   0.0012
  torques                   | Scaled Avg:  -0.0002 | Raw Avg: 1191.8531
  tracking_ang_vel          | Scaled Avg:   0.0157 | Raw Avg:   0.7826
  tracking_lin_vel          | Scaled Avg:   0.0330 | Raw Avg:   0.8262
  termination               | Scaled Avg:  -0.0000
  TOTAL REWARD              | Scaled Avg:   0.0109
------------------------------

------------------------------
Step: 15000 - Reward Breakdown:
  action_rate               | Scaled Avg:  -0.0187 | Raw Avg:   1.8732
  action_smoothness         | Scaled Avg:  -0.0006 | Raw Avg:   0.3038
  ang_vel_xy                | Scaled Avg:  -0.0030 | Raw Avg:   1.4931
  collision                 | Scaled Avg:  -0.0001 | Raw Avg:   0.0061
  dof_acc                   | Scaled Avg:  -0.0007 | Raw Avg: 148629.4844
  dof_error                 | Scaled Avg:  -0.0031 | Raw Avg:   0.3096
  dof_vel                   | Scaled Avg:  -0.0089 | Raw Avg:  88.6751
  feet_air_time             | Scaled Avg:   0.0000 | Raw Avg:   0.0003
  feet_contact_forces       | Scaled Avg:  -0.0000 | Raw Avg:   8.3498
  foot_clearance            | Scaled Avg:  -0.0001 | Raw Avg:   0.0076
  foot_mirror               | Scaled Avg:  -0.0001 | Raw Avg:   0.0886
  foot_slide                | Scaled Avg:  -0.0018 | Raw Avg:   1.7652
  has_contact               | Scaled Avg:   0.0004 | Raw Avg:   0.0221
  hip_pos                   | Scaled Avg:  -0.0032 | Raw Avg:   0.0320
  lin_vel_z                 | Scaled Avg:  -0.0018 | Raw Avg:   0.0225
  orientation               | Scaled Avg:  -0.0000 | Raw Avg:   0.0124
  powers                    | Scaled Avg:  -0.0001 | Raw Avg: 154.0489
  stand_still               | Scaled Avg:  -0.0004 | Raw Avg:   0.0036
  torques                   | Scaled Avg:  -0.0002 | Raw Avg: 1210.4393
  tracking_ang_vel          | Scaled Avg:   0.0152 | Raw Avg:   0.7602
  tracking_lin_vel          | Scaled Avg:   0.0322 | Raw Avg:   0.8043
  termination               | Scaled Avg:  -0.0000
  TOTAL REWARD              | Scaled Avg:   0.0050
------------------------------

------------------------------
Step: 15500 - Reward Breakdown:
  action_rate               | Scaled Avg:  -0.0179 | Raw Avg:   1.7948
  action_smoothness         | Scaled Avg:  -0.0006 | Raw Avg:   0.2888
  ang_vel_xy                | Scaled Avg:  -0.0029 | Raw Avg:   1.4282
  collision                 | Scaled Avg:  -0.0001 | Raw Avg:   0.0048
  dof_acc                   | Scaled Avg:  -0.0006 | Raw Avg: 128252.6953
  dof_error                 | Scaled Avg:  -0.0029 | Raw Avg:   0.2942
  dof_vel                   | Scaled Avg:  -0.0084 | Raw Avg:  84.4814
  feet_contact_forces       | Scaled Avg:  -0.0000 | Raw Avg:   8.1523
  foot_clearance            | Scaled Avg:  -0.0001 | Raw Avg:   0.0075
  foot_mirror               | Scaled Avg:  -0.0001 | Raw Avg:   0.0836
  foot_slide                | Scaled Avg:  -0.0017 | Raw Avg:   1.7478
  has_contact               | Scaled Avg:   0.0004 | Raw Avg:   0.0182
  hip_pos                   | Scaled Avg:  -0.0030 | Raw Avg:   0.0303
  lin_vel_z                 | Scaled Avg:  -0.0172 | Raw Avg:   0.2152
  orientation               | Scaled Avg:  -0.0000 | Raw Avg:   0.0108
  powers                    | Scaled Avg:  -0.0001 | Raw Avg: 151.3977
  stand_still               | Scaled Avg:  -0.0003 | Raw Avg:   0.0025
  torques                   | Scaled Avg:  -0.0002 | Raw Avg: 1197.0879
  tracking_ang_vel          | Scaled Avg:   0.0154 | Raw Avg:   0.7716
  tracking_lin_vel          | Scaled Avg:   0.0325 | Raw Avg:   0.8129
  termination               | Scaled Avg:  -0.0000
  TOTAL REWARD              | Scaled Avg:   0.0066
------------------------------

------------------------------
Step: 16000 - Reward Breakdown:
  action_rate               | Scaled Avg:  -0.0171 | Raw Avg:   1.7121
  action_smoothness         | Scaled Avg:  -0.0005 | Raw Avg:   0.2743
  ang_vel_xy                | Scaled Avg:  -0.0027 | Raw Avg:   1.3605
  collision                 | Scaled Avg:  -0.0001 | Raw Avg:   0.0041
  dof_acc                   | Scaled Avg:  -0.0006 | Raw Avg: 129348.2812
  dof_error                 | Scaled Avg:  -0.0029 | Raw Avg:   0.2852
  dof_vel                   | Scaled Avg:  -0.0082 | Raw Avg:  81.6133
  feet_air_time             | Scaled Avg:   0.0000 | Raw Avg:   0.0003
  feet_contact_forces       | Scaled Avg:  -0.0000 | Raw Avg:   7.8863
  foot_clearance            | Scaled Avg:  -0.0001 | Raw Avg:   0.0078
  foot_mirror               | Scaled Avg:  -0.0001 | Raw Avg:   0.0791
  foot_slide                | Scaled Avg:  -0.0017 | Raw Avg:   1.7344
  has_contact               | Scaled Avg:   0.0005 | Raw Avg:   0.0240
  hip_pos                   | Scaled Avg:  -0.0029 | Raw Avg:   0.0291
  lin_vel_z                 | Scaled Avg:  -0.0016 | Raw Avg:   0.0203
  orientation               | Scaled Avg:  -0.0000 | Raw Avg:   0.0105
  powers                    | Scaled Avg:  -0.0001 | Raw Avg: 147.5084
  stand_still               | Scaled Avg:  -0.0003 | Raw Avg:   0.0034
  torques                   | Scaled Avg:  -0.0002 | Raw Avg: 1184.6559
  tracking_ang_vel          | Scaled Avg:   0.0155 | Raw Avg:   0.7769
  tracking_lin_vel          | Scaled Avg:   0.0327 | Raw Avg:   0.8182
  termination               | Scaled Avg:  -0.0000
  TOTAL REWARD              | Scaled Avg:   0.0095
------------------------------

------------------------------
Step: 16500 - Reward Breakdown:
  action_rate               | Scaled Avg:  -0.0163 | Raw Avg:   1.6259
  action_smoothness         | Scaled Avg:  -0.0005 | Raw Avg:   0.2593
  ang_vel_xy                | Scaled Avg:  -0.0026 | Raw Avg:   1.3021
  collision                 | Scaled Avg:  -0.0001 | Raw Avg:   0.0034
  dof_acc                   | Scaled Avg:  -0.0006 | Raw Avg: 118884.8828
  dof_error                 | Scaled Avg:  -0.0028 | Raw Avg:   0.2779
  dof_vel                   | Scaled Avg:  -0.0078 | Raw Avg:  78.0129
  feet_contact_forces       | Scaled Avg:  -0.0000 | Raw Avg:   7.6288
  foot_clearance            | Scaled Avg:  -0.0001 | Raw Avg:   0.0074
  foot_mirror               | Scaled Avg:  -0.0001 | Raw Avg:   0.0770
  foot_slide                | Scaled Avg:  -0.0017 | Raw Avg:   1.7021
  has_contact               | Scaled Avg:   0.0003 | Raw Avg:   0.0170
  hip_pos                   | Scaled Avg:  -0.0028 | Raw Avg:   0.0275
  lin_vel_z                 | Scaled Avg:  -0.0017 | Raw Avg:   0.0213
  orientation               | Scaled Avg:  -0.0000 | Raw Avg:   0.0092
  powers                    | Scaled Avg:  -0.0001 | Raw Avg: 145.1905
  stand_still               | Scaled Avg:  -0.0002 | Raw Avg:   0.0021
  torques                   | Scaled Avg:  -0.0002 | Raw Avg: 1170.6232
  tracking_ang_vel          | Scaled Avg:   0.0157 | Raw Avg:   0.7868
  tracking_lin_vel          | Scaled Avg:   0.0323 | Raw Avg:   0.8076
  termination               | Scaled Avg:  -0.0001
  TOTAL REWARD              | Scaled Avg:   0.0108
------------------------------
################################################################################
                    [1m Learning iteration 15700/20000 [0m                    

                       Computation: 83026 steps/s (collection: 1.292s, learning 0.470s)
                     surrogate_loss -0.0046
                         value_loss 0.0590
                            entropy 2.2110
                     estimator_loss 0.0000
                         total_loss 0.0765
             Mean action noise std: 0.20
                       Mean reward: 5.91
               Mean episode length: 624.76
      Mean episode rew_action_rate: -0.5372
Mean episode rew_frame_action_rate: -0.0196
Mean episode rew_action_smoothness: -0.0171
Mean episode rew_frame_action_smoothness: -0.0006
       Mean episode rew_ang_vel_xy: -0.0877
 Mean episode rew_frame_ang_vel_xy: -0.0066
      Mean episode rew_base_height: -0.0003
Mean episode rew_frame_base_height: -0.0001
        Mean episode rew_collision: -0.0033
  Mean episode rew_frame_collision: -0.0011
          Mean episode rew_dof_acc: -0.0207
    Mean episode rew_frame_dof_acc: -0.0010
        Mean episode rew_dof_error: -0.0925
  Mean episode rew_frame_dof_error: -0.0072
          Mean episode rew_dof_vel: -0.2610
    Mean episode rew_frame_dof_vel: -0.0123
    Mean episode rew_feet_air_time: 0.0002
Mean episode rew_frame_feet_air_time: 0.0000
Mean episode rew_feet_contact_forces: -0.0008
Mean episode rew_frame_feet_contact_forces: -0.0000
   Mean episode rew_foot_clearance: -0.0024
Mean episode rew_frame_foot_clearance: -0.0001
      Mean episode rew_foot_mirror: -0.0026
Mean episode rew_frame_foot_mirror: -0.0002
       Mean episode rew_foot_slide: -0.0549
 Mean episode rew_frame_foot_slide: -0.0017
      Mean episode rew_has_contact: 0.0117
Mean episode rew_frame_has_contact: 0.0003
          Mean episode rew_hip_pos: -0.0897
    Mean episode rew_frame_hip_pos: -0.0082
        Mean episode rew_lin_vel_z: -0.0554
  Mean episode rew_frame_lin_vel_z: -0.0081
      Mean episode rew_orientation: -0.0014
Mean episode rew_frame_orientation: -0.0003
           Mean episode rew_powers: -0.0019
     Mean episode rew_frame_powers: -0.0001
      Mean episode rew_stand_still: -0.0074
Mean episode rew_frame_stand_still: -0.0018
          Mean episode rew_stumble: -0.0000
    Mean episode rew_frame_stumble: -0.0000
      Mean episode rew_termination: -0.0012
Mean episode rew_frame_termination: -0.0008
          Mean episode rew_torques: -0.0076
    Mean episode rew_frame_torques: -0.0003
 Mean episode rew_tracking_ang_vel: 0.4976
Mean episode rew_frame_tracking_ang_vel: 0.0126
 Mean episode rew_tracking_lin_vel: 1.0353
Mean episode rew_frame_tracking_lin_vel: 0.0238
Mean episode max_power_throughout_episode: 3320.1370
            Mean episode max_pos_x: 4.3130
            Mean episode min_pos_x: -3.4504
            Mean episode max_pos_y: 3.9518
            Mean episode min_pos_y: -3.3528
        Mean episode timeout_ratio: 0.5863
       Mean episode num_terminated: 8.7083
--------------------------------------------------------------------------------
                   Total timesteps: 1170432
                    Iteration time: 1.76s
                        Total time: 1249.50s
                               ETA: 7664.6s


------------------------------
Step: 17000 - Reward Breakdown:
  action_rate               | Scaled Avg:  -0.0163 | Raw Avg:   1.6319
  action_smoothness         | Scaled Avg:  -0.0005 | Raw Avg:   0.2593
  ang_vel_xy                | Scaled Avg:  -0.0028 | Raw Avg:   1.3913
  collision                 | Scaled Avg:  -0.0001 | Raw Avg:   0.0048
  dof_acc                   | Scaled Avg:  -0.0006 | Raw Avg: 118721.0391
  dof_error                 | Scaled Avg:  -0.0028 | Raw Avg:   0.2823
  dof_vel                   | Scaled Avg:  -0.0081 | Raw Avg:  80.8418
  feet_contact_forces       | Scaled Avg:  -0.0000 | Raw Avg:   8.4847
  foot_clearance            | Scaled Avg:  -0.0001 | Raw Avg:   0.0075
  foot_mirror               | Scaled Avg:  -0.0001 | Raw Avg:   0.0784
  foot_slide                | Scaled Avg:  -0.0017 | Raw Avg:   1.6867
  has_contact               | Scaled Avg:   0.0004 | Raw Avg:   0.0206
  hip_pos                   | Scaled Avg:  -0.0029 | Raw Avg:   0.0290
  lin_vel_z                 | Scaled Avg:  -0.0017 | Raw Avg:   0.0212
  orientation               | Scaled Avg:  -0.0000 | Raw Avg:   0.0096
  powers                    | Scaled Avg:  -0.0001 | Raw Avg: 153.4967
  stand_still               | Scaled Avg:  -0.0003 | Raw Avg:   0.0028
  torques                   | Scaled Avg:  -0.0003 | Raw Avg: 1261.4697
  tracking_ang_vel          | Scaled Avg:   0.0158 | Raw Avg:   0.7905
  tracking_lin_vel          | Scaled Avg:   0.0328 | Raw Avg:   0.8207
  termination               | Scaled Avg:  -0.0000
  TOTAL REWARD              | Scaled Avg:   0.0107
------------------------------

------------------------------
Step: 17500 - Reward Breakdown:
  action_rate               | Scaled Avg:  -0.0164 | Raw Avg:   1.6406
  action_smoothness         | Scaled Avg:  -0.0005 | Raw Avg:   0.2565
  ang_vel_xy                | Scaled Avg:  -0.0028 | Raw Avg:   1.3750
  collision                 | Scaled Avg:  -0.0001 | Raw Avg:   0.0031
  dof_acc                   | Scaled Avg:  -0.0007 | Raw Avg: 140412.2031
  dof_error                 | Scaled Avg:  -0.0029 | Raw Avg:   0.2851
  dof_vel                   | Scaled Avg:  -0.0081 | Raw Avg:  81.0717
  feet_contact_forces       | Scaled Avg:  -0.0000 | Raw Avg:   8.4411
  foot_clearance            | Scaled Avg:  -0.0001 | Raw Avg:   0.0080
  foot_mirror               | Scaled Avg:  -0.0001 | Raw Avg:   0.0789
  foot_slide                | Scaled Avg:  -0.0017 | Raw Avg:   1.7128
  has_contact               | Scaled Avg:   0.0004 | Raw Avg:   0.0175
  hip_pos                   | Scaled Avg:  -0.0029 | Raw Avg:   0.0286
  lin_vel_z                 | Scaled Avg:  -0.0017 | Raw Avg:   0.0212
  orientation               | Scaled Avg:  -0.0000 | Raw Avg:   0.0096
  powers                    | Scaled Avg:  -0.0001 | Raw Avg: 156.1008
  stand_still               | Scaled Avg:  -0.0002 | Raw Avg:   0.0024
  torques                   | Scaled Avg:  -0.0003 | Raw Avg: 1309.6217
  tracking_ang_vel          | Scaled Avg:   0.0160 | Raw Avg:   0.7988
  tracking_lin_vel          | Scaled Avg:   0.0327 | Raw Avg:   0.8163
  termination               | Scaled Avg:  -0.0000
  TOTAL REWARD              | Scaled Avg:   0.0105
------------------------------

------------------------------
Step: 18000 - Reward Breakdown:
  action_rate               | Scaled Avg:  -0.0170 | Raw Avg:   1.6962
  action_smoothness         | Scaled Avg:  -0.0005 | Raw Avg:   0.2687
  ang_vel_xy                | Scaled Avg:  -0.0027 | Raw Avg:   1.3690
  collision                 | Scaled Avg:  -0.0001 | Raw Avg:   0.0039
  dof_acc                   | Scaled Avg:  -0.0007 | Raw Avg: 140088.4219
  dof_error                 | Scaled Avg:  -0.0029 | Raw Avg:   0.2868
  dof_vel                   | Scaled Avg:  -0.0081 | Raw Avg:  80.8070
  feet_contact_forces       | Scaled Avg:  -0.0000 | Raw Avg:   8.9903
  foot_clearance            | Scaled Avg:  -0.0001 | Raw Avg:   0.0082
  foot_mirror               | Scaled Avg:  -0.0001 | Raw Avg:   0.0794
  foot_slide                | Scaled Avg:  -0.0017 | Raw Avg:   1.6729
  has_contact               | Scaled Avg:   0.0003 | Raw Avg:   0.0169
  hip_pos                   | Scaled Avg:  -0.0029 | Raw Avg:   0.0287
  lin_vel_z                 | Scaled Avg:  -0.0018 | Raw Avg:   0.0223
  orientation               | Scaled Avg:  -0.0000 | Raw Avg:   0.0102
  powers                    | Scaled Avg:  -0.0001 | Raw Avg: 155.4050
  stand_still               | Scaled Avg:  -0.0003 | Raw Avg:   0.0032
  torques                   | Scaled Avg:  -0.0003 | Raw Avg: 1290.3275
  tracking_ang_vel          | Scaled Avg:   0.0159 | Raw Avg:   0.7954
  tracking_lin_vel          | Scaled Avg:   0.0325 | Raw Avg:   0.8130
  termination               | Scaled Avg:  -0.0000
  TOTAL REWARD              | Scaled Avg:   0.0096
------------------------------

------------------------------
Step: 18500 - Reward Breakdown:
  action_rate               | Scaled Avg:  -0.0162 | Raw Avg:   1.6236
  action_smoothness         | Scaled Avg:  -0.0005 | Raw Avg:   0.2559
  ang_vel_xy                | Scaled Avg:  -0.0027 | Raw Avg:   1.3400
  collision                 | Scaled Avg:  -0.0000 | Raw Avg:   0.0025
  dof_acc                   | Scaled Avg:  -0.0007 | Raw Avg: 141809.4062
  dof_error                 | Scaled Avg:  -0.0029 | Raw Avg:   0.2871
  dof_vel                   | Scaled Avg:  -0.0079 | Raw Avg:  79.4244
  feet_contact_forces       | Scaled Avg:  -0.0000 | Raw Avg:   8.7185
  foot_clearance            | Scaled Avg:  -0.0001 | Raw Avg:   0.0084
  foot_mirror               | Scaled Avg:  -0.0001 | Raw Avg:   0.0779
  foot_slide                | Scaled Avg:  -0.0017 | Raw Avg:   1.6854
  has_contact               | Scaled Avg:   0.0004 | Raw Avg:   0.0190
  hip_pos                   | Scaled Avg:  -0.0028 | Raw Avg:   0.0281
  lin_vel_z                 | Scaled Avg:  -0.0018 | Raw Avg:   0.0226
  orientation               | Scaled Avg:  -0.0000 | Raw Avg:   0.0097
  powers                    | Scaled Avg:  -0.0001 | Raw Avg: 155.2325
  stand_still               | Scaled Avg:  -0.0003 | Raw Avg:   0.0030
  torques                   | Scaled Avg:  -0.0003 | Raw Avg: 1269.7870
  tracking_ang_vel          | Scaled Avg:   0.0160 | Raw Avg:   0.8020
  tracking_lin_vel          | Scaled Avg:   0.0328 | Raw Avg:   0.8191
  termination               | Scaled Avg:  -0.0000
  TOTAL REWARD              | Scaled Avg:   0.0110
------------------------------

------------------------------
Step: 19000 - Reward Breakdown:
  action_rate               | Scaled Avg:  -0.0162 | Raw Avg:   1.6233
  action_smoothness         | Scaled Avg:  -0.0005 | Raw Avg:   0.2558
  ang_vel_xy                | Scaled Avg:  -0.0028 | Raw Avg:   1.3787
  collision                 | Scaled Avg:  -0.0001 | Raw Avg:   0.0052
  dof_acc                   | Scaled Avg:  -0.0007 | Raw Avg: 144038.6875
  dof_error                 | Scaled Avg:  -0.0029 | Raw Avg:   0.2943
  dof_vel                   | Scaled Avg:  -0.0079 | Raw Avg:  79.3619
  feet_contact_forces       | Scaled Avg:  -0.0000 | Raw Avg:   8.4669
  foot_clearance            | Scaled Avg:  -0.0001 | Raw Avg:   0.0089
  foot_mirror               | Scaled Avg:  -0.0001 | Raw Avg:   0.0761
  foot_slide                | Scaled Avg:  -0.0017 | Raw Avg:   1.7097
  has_contact               | Scaled Avg:   0.0004 | Raw Avg:   0.0194
  hip_pos                   | Scaled Avg:  -0.0030 | Raw Avg:   0.0298
  lin_vel_z                 | Scaled Avg:  -0.0017 | Raw Avg:   0.0216
  orientation               | Scaled Avg:  -0.0000 | Raw Avg:   0.0106
  powers                    | Scaled Avg:  -0.0001 | Raw Avg: 155.0055
  stand_still               | Scaled Avg:  -0.0002 | Raw Avg:   0.0015
  torques                   | Scaled Avg:  -0.0003 | Raw Avg: 1277.6771
  tracking_ang_vel          | Scaled Avg:   0.0160 | Raw Avg:   0.7977
  tracking_lin_vel          | Scaled Avg:   0.0329 | Raw Avg:   0.8214
  termination               | Scaled Avg:  -0.0000
  TOTAL REWARD              | Scaled Avg:   0.0108
------------------------------
################################################################################
                    [1m Learning iteration 15800/20000 [0m                    

                       Computation: 81715 steps/s (collection: 1.322s, learning 0.468s)
                     surrogate_loss -0.0062
                         value_loss 0.0434
                            entropy 2.3170
                     estimator_loss 0.0000
                         total_loss 0.0603
             Mean action noise std: 0.20
                       Mean reward: 5.78
               Mean episode length: 639.69
      Mean episode rew_action_rate: -0.5082
Mean episode rew_frame_action_rate: -0.0199
Mean episode rew_action_smoothness: -0.0158
Mean episode rew_frame_action_smoothness: -0.0006
       Mean episode rew_ang_vel_xy: -0.0854
 Mean episode rew_frame_ang_vel_xy: -0.0071
      Mean episode rew_base_height: -0.0002
Mean episode rew_frame_base_height: -0.0001
        Mean episode rew_collision: -0.0028
  Mean episode rew_frame_collision: -0.0010
          Mean episode rew_dof_acc: -0.0224
    Mean episode rew_frame_dof_acc: -0.0013
        Mean episode rew_dof_error: -0.0917
  Mean episode rew_frame_dof_error: -0.0081
          Mean episode rew_dof_vel: -0.2499
    Mean episode rew_frame_dof_vel: -0.0127
    Mean episode rew_feet_air_time: 0.0002
Mean episode rew_frame_feet_air_time: 0.0000
Mean episode rew_feet_contact_forces: -0.0008
Mean episode rew_frame_feet_contact_forces: -0.0000
   Mean episode rew_foot_clearance: -0.0027
Mean episode rew_frame_foot_clearance: -0.0001
      Mean episode rew_foot_mirror: -0.0024
Mean episode rew_frame_foot_mirror: -0.0003
       Mean episode rew_foot_slide: -0.0527
 Mean episode rew_frame_foot_slide: -0.0017
      Mean episode rew_has_contact: 0.0078
Mean episode rew_frame_has_contact: 0.0002
          Mean episode rew_hip_pos: -0.0925
    Mean episode rew_frame_hip_pos: -0.0095
        Mean episode rew_lin_vel_z: -0.0568
  Mean episode rew_frame_lin_vel_z: -0.0092
      Mean episode rew_orientation: -0.0014
Mean episode rew_frame_orientation: -0.0003
           Mean episode rew_powers: -0.0019
     Mean episode rew_frame_powers: -0.0001
      Mean episode rew_stand_still: -0.0066
Mean episode rew_frame_stand_still: -0.0001
          Mean episode rew_stumble: -0.0000
    Mean episode rew_frame_stumble: -0.0000
      Mean episode rew_termination: -0.0013
Mean episode rew_frame_termination: -0.0009
          Mean episode rew_torques: -0.0078
    Mean episode rew_frame_torques: -0.0003
 Mean episode rew_tracking_ang_vel: 0.4863
Mean episode rew_frame_tracking_ang_vel: 0.0123
 Mean episode rew_tracking_lin_vel: 0.9877
Mean episode rew_frame_tracking_lin_vel: 0.0233
Mean episode max_power_throughout_episode: 3099.1699
            Mean episode max_pos_x: 4.1459
            Mean episode min_pos_x: -2.8677
            Mean episode max_pos_y: 4.0245
            Mean episode min_pos_y: -3.4670
        Mean episode timeout_ratio: 0.5763
       Mean episode num_terminated: 8.3750
--------------------------------------------------------------------------------
                   Total timesteps: 1316736
                    Iteration time: 1.79s
                        Total time: 1426.71s
                               ETA: 7480.9s


------------------------------
Step: 19500 - Reward Breakdown:
  action_rate               | Scaled Avg:  -0.0160 | Raw Avg:   1.5983
  action_smoothness         | Scaled Avg:  -0.0005 | Raw Avg:   0.2539
  ang_vel_xy                | Scaled Avg:  -0.0027 | Raw Avg:   1.3639
  collision                 | Scaled Avg:  -0.0001 | Raw Avg:   0.0028
  dof_acc                   | Scaled Avg:  -0.0008 | Raw Avg: 155570.0312
  dof_error                 | Scaled Avg:  -0.0029 | Raw Avg:   0.2854
  dof_vel                   | Scaled Avg:  -0.0081 | Raw Avg:  81.3007
  feet_contact_forces       | Scaled Avg:  -0.0000 | Raw Avg:   8.6589
  foot_clearance            | Scaled Avg:  -0.0001 | Raw Avg:   0.0091
  foot_mirror               | Scaled Avg:  -0.0001 | Raw Avg:   0.0734
  foot_slide                | Scaled Avg:  -0.0017 | Raw Avg:   1.7029
  has_contact               | Scaled Avg:   0.0004 | Raw Avg:   0.0189
  hip_pos                   | Scaled Avg:  -0.0028 | Raw Avg:   0.0279
  lin_vel_z                 | Scaled Avg:  -0.0018 | Raw Avg:   0.0220
  orientation               | Scaled Avg:  -0.0000 | Raw Avg:   0.0089
  powers                    | Scaled Avg:  -0.0001 | Raw Avg: 152.2053
  stand_still               | Scaled Avg:  -0.0002 | Raw Avg:   0.0024
  torques                   | Scaled Avg:  -0.0002 | Raw Avg: 1234.6646
  tracking_ang_vel          | Scaled Avg:   0.0160 | Raw Avg:   0.7981
  tracking_lin_vel          | Scaled Avg:   0.0329 | Raw Avg:   0.8234
  termination               | Scaled Avg:  -0.0000
  TOTAL REWARD              | Scaled Avg:   0.0112
------------------------------

------------------------------
Step: 20000 - Reward Breakdown:
  action_rate               | Scaled Avg:  -0.0172 | Raw Avg:   1.7241
  action_smoothness         | Scaled Avg:  -0.0005 | Raw Avg:   0.2718
  ang_vel_xy                | Scaled Avg:  -0.0027 | Raw Avg:   1.3686
  base_height               | Scaled Avg:  -0.2560 | Raw Avg:  12.8013
  collision                 | Scaled Avg:  -0.0001 | Raw Avg:   0.0039
  dof_acc                   | Scaled Avg:  -0.0008 | Raw Avg: 166482.5781
  dof_error                 | Scaled Avg:  -0.0029 | Raw Avg:   0.2946
  dof_vel                   | Scaled Avg:  -0.0082 | Raw Avg:  82.2131
  feet_contact_forces       | Scaled Avg:  -0.0000 | Raw Avg:   8.4848
  foot_clearance            | Scaled Avg:  -0.0001 | Raw Avg:   0.0093
  foot_mirror               | Scaled Avg:  -0.0001 | Raw Avg:   0.0786
  foot_slide                | Scaled Avg:  -0.0017 | Raw Avg:   1.7480
  has_contact               | Scaled Avg:   0.0003 | Raw Avg:   0.0173
  hip_pos                   | Scaled Avg:  -0.0029 | Raw Avg:   0.0288
  lin_vel_z                 | Scaled Avg:  -0.0349 | Raw Avg:   0.4366
  orientation               | Scaled Avg:  -0.0000 | Raw Avg:   0.0091
  powers                    | Scaled Avg:  -0.0001 | Raw Avg: 151.9831
  stand_still               | Scaled Avg:  -0.0003 | Raw Avg:   0.0028
  torques                   | Scaled Avg:  -0.0002 | Raw Avg: 1200.4757
  tracking_ang_vel          | Scaled Avg:   0.0156 | Raw Avg:   0.7793
  tracking_lin_vel          | Scaled Avg:   0.0327 | Raw Avg:   0.8172
  termination               | Scaled Avg:  -0.0000
  TOTAL REWARD              | Scaled Avg:   0.0072
------------------------------

------------------------------
Step: 20500 - Reward Breakdown:
  action_rate               | Scaled Avg:  -0.0198 | Raw Avg:   1.9770
  action_smoothness         | Scaled Avg:  -0.0006 | Raw Avg:   0.3196
  ang_vel_xy                | Scaled Avg:  -0.0031 | Raw Avg:   1.5658
  collision                 | Scaled Avg:  -0.0001 | Raw Avg:   0.0049
  dof_acc                   | Scaled Avg:  -0.0008 | Raw Avg: 160542.4219
  dof_error                 | Scaled Avg:  -0.0032 | Raw Avg:   0.3183
  dof_vel                   | Scaled Avg:  -0.0091 | Raw Avg:  90.5751
  feet_air_time             | Scaled Avg:   0.0000 | Raw Avg:   0.0003
  feet_contact_forces       | Scaled Avg:  -0.0000 | Raw Avg:   9.2929
  foot_clearance            | Scaled Avg:  -0.0001 | Raw Avg:   0.0085
  foot_mirror               | Scaled Avg:  -0.0001 | Raw Avg:   0.0885
  foot_slide                | Scaled Avg:  -0.0018 | Raw Avg:   1.7670
  has_contact               | Scaled Avg:   0.0004 | Raw Avg:   0.0192
  hip_pos                   | Scaled Avg:  -0.0031 | Raw Avg:   0.0312
  lin_vel_z                 | Scaled Avg:  -0.0025 | Raw Avg:   0.0318
  orientation               | Scaled Avg:  -0.0000 | Raw Avg:   0.0122
  powers                    | Scaled Avg:  -0.0001 | Raw Avg: 155.7672
  stand_still               | Scaled Avg:  -0.0003 | Raw Avg:   0.0034
  torques                   | Scaled Avg:  -0.0002 | Raw Avg: 1212.5525
  tracking_ang_vel          | Scaled Avg:   0.0148 | Raw Avg:   0.7415
  tracking_lin_vel          | Scaled Avg:   0.0317 | Raw Avg:   0.7917
  termination               | Scaled Avg:  -0.0001
  TOTAL REWARD              | Scaled Avg:   0.0018
------------------------------

------------------------------
Step: 21000 - Reward Breakdown:
  action_rate               | Scaled Avg:  -0.0203 | Raw Avg:   2.0277
  action_smoothness         | Scaled Avg:  -0.0007 | Raw Avg:   0.3309
  ang_vel_xy                | Scaled Avg:  -0.0033 | Raw Avg:   1.6268
  collision                 | Scaled Avg:  -0.0001 | Raw Avg:   0.0069
  dof_acc                   | Scaled Avg:  -0.0008 | Raw Avg: 169266.6406
  dof_error                 | Scaled Avg:  -0.0032 | Raw Avg:   0.3160
  dof_vel                   | Scaled Avg:  -0.0093 | Raw Avg:  93.4109
  feet_contact_forces       | Scaled Avg:  -0.0000 | Raw Avg:   9.3312
  foot_clearance            | Scaled Avg:  -0.0001 | Raw Avg:   0.0083
  foot_mirror               | Scaled Avg:  -0.0001 | Raw Avg:   0.0946
  foot_slide                | Scaled Avg:  -0.0018 | Raw Avg:   1.7908
  has_contact               | Scaled Avg:   0.0004 | Raw Avg:   0.0202
  hip_pos                   | Scaled Avg:  -0.0030 | Raw Avg:   0.0302
  lin_vel_z                 | Scaled Avg:  -0.0020 | Raw Avg:   0.0250
  orientation               | Scaled Avg:  -0.0001 | Raw Avg:   0.0131
  powers                    | Scaled Avg:  -0.0001 | Raw Avg: 157.7134
  stand_still               | Scaled Avg:  -0.0003 | Raw Avg:   0.0031
  torques                   | Scaled Avg:  -0.0002 | Raw Avg: 1235.2941
  tracking_ang_vel          | Scaled Avg:   0.0148 | Raw Avg:   0.7410
  tracking_lin_vel          | Scaled Avg:   0.0316 | Raw Avg:   0.7893
  termination               | Scaled Avg:  -0.0000
  TOTAL REWARD              | Scaled Avg:   0.0014
------------------------------

------------------------------
Step: 21500 - Reward Breakdown:
  action_rate               | Scaled Avg:  -0.0215 | Raw Avg:   2.1474
  action_smoothness         | Scaled Avg:  -0.0007 | Raw Avg:   0.3454
  ang_vel_xy                | Scaled Avg:  -0.0034 | Raw Avg:   1.7091
  base_height               | Scaled Avg:  -0.0000 | Raw Avg:   0.0005
  collision                 | Scaled Avg:  -0.0001 | Raw Avg:   0.0054
  dof_acc                   | Scaled Avg:  -0.0010 | Raw Avg: 195565.1094
  dof_error                 | Scaled Avg:  -0.0033 | Raw Avg:   0.3282
  dof_vel                   | Scaled Avg:  -0.0097 | Raw Avg:  97.2806
  feet_air_time             | Scaled Avg:   0.0000 | Raw Avg:   0.0003
  feet_contact_forces       | Scaled Avg:  -0.0000 | Raw Avg:   9.4444
  foot_clearance            | Scaled Avg:  -0.0001 | Raw Avg:   0.0084
  foot_mirror               | Scaled Avg:  -0.0001 | Raw Avg:   0.1020
  foot_slide                | Scaled Avg:  -0.0018 | Raw Avg:   1.8045
  has_contact               | Scaled Avg:   0.0004 | Raw Avg:   0.0182
  hip_pos                   | Scaled Avg:  -0.0032 | Raw Avg:   0.0322
  lin_vel_z                 | Scaled Avg:  -0.0021 | Raw Avg:   0.0264
  orientation               | Scaled Avg:  -0.0000 | Raw Avg:   0.0124
  powers                    | Scaled Avg:  -0.0001 | Raw Avg: 160.4577
  stand_still               | Scaled Avg:  -0.0004 | Raw Avg:   0.0043
  torques                   | Scaled Avg:  -0.0002 | Raw Avg: 1235.7134
  tracking_ang_vel          | Scaled Avg:   0.0148 | Raw Avg:   0.7384
  tracking_lin_vel          | Scaled Avg:   0.0309 | Raw Avg:   0.7720
  termination               | Scaled Avg:  -0.0000
  TOTAL REWARD              | Scaled Avg:  -0.0018
------------------------------
################################################################################
                    [1m Learning iteration 15900/20000 [0m                    

                       Computation: 81489 steps/s (collection: 1.320s, learning 0.475s)
                     surrogate_loss -0.0043
                         value_loss 0.1097
                            entropy 0.0649
                     estimator_loss 0.0000
                         total_loss 0.1061
             Mean action noise std: 0.24
                       Mean reward: 0.21
               Mean episode length: 544.17
      Mean episode rew_action_rate: -0.5711
Mean episode rew_frame_action_rate: -0.0245
Mean episode rew_action_smoothness: -0.0184
Mean episode rew_frame_action_smoothness: -0.0008
       Mean episode rew_ang_vel_xy: -0.0908
 Mean episode rew_frame_ang_vel_xy: -0.0088
      Mean episode rew_base_height: -0.0003
Mean episode rew_frame_base_height: -0.0001
        Mean episode rew_collision: -0.0028
  Mean episode rew_frame_collision: -0.0010
          Mean episode rew_dof_acc: -0.0242
    Mean episode rew_frame_dof_acc: -0.0022
        Mean episode rew_dof_error: -0.0890
  Mean episode rew_frame_dof_error: -0.0083
          Mean episode rew_dof_vel: -0.2558
    Mean episode rew_frame_dof_vel: -0.0156
    Mean episode rew_feet_air_time: 0.0002
Mean episode rew_frame_feet_air_time: 0.0000
Mean episode rew_feet_contact_forces: -0.0008
Mean episode rew_frame_feet_contact_forces: -0.0000
   Mean episode rew_foot_clearance: -0.0023
Mean episode rew_frame_foot_clearance: -0.0001
      Mean episode rew_foot_mirror: -0.0026
Mean episode rew_frame_foot_mirror: -0.0003
       Mean episode rew_foot_slide: -0.0485
 Mean episode rew_frame_foot_slide: -0.0018
      Mean episode rew_has_contact: 0.0103
Mean episode rew_frame_has_contact: 0.0003
          Mean episode rew_hip_pos: -0.0904
    Mean episode rew_frame_hip_pos: -0.0120
        Mean episode rew_lin_vel_z: -0.0575
  Mean episode rew_frame_lin_vel_z: -0.0125
      Mean episode rew_orientation: -0.0014
Mean episode rew_frame_orientation: -0.0004
           Mean episode rew_powers: -0.0017
     Mean episode rew_frame_powers: -0.0001
      Mean episode rew_stand_still: -0.0047
Mean episode rew_frame_stand_still: -0.0001
          Mean episode rew_stumble: -0.0000
    Mean episode rew_frame_stumble: -0.0000
      Mean episode rew_termination: -0.0016
Mean episode rew_frame_termination: -0.0011
          Mean episode rew_torques: -0.0067
    Mean episode rew_frame_torques: -0.0003
 Mean episode rew_tracking_ang_vel: 0.3938
Mean episode rew_frame_tracking_ang_vel: 0.0106
 Mean episode rew_tracking_lin_vel: 0.8382
Mean episode rew_frame_tracking_lin_vel: 0.0205
Mean episode max_power_throughout_episode: 3186.8340
            Mean episode max_pos_x: 4.1365
            Mean episode min_pos_x: -2.9387
            Mean episode max_pos_y: 3.5123
            Mean episode min_pos_y: -3.6577
        Mean episode timeout_ratio: 0.4787
       Mean episode num_terminated: 10.4583
--------------------------------------------------------------------------------
                   Total timesteps: 1463040
                    Iteration time: 1.80s
                        Total time: 1605.80s
                               ETA: 7307.2s


------------------------------
Step: 22000 - Reward Breakdown:
  action_rate               | Scaled Avg:  -0.0220 | Raw Avg:   2.2008
  action_smoothness         | Scaled Avg:  -0.0007 | Raw Avg:   0.3509
  ang_vel_xy                | Scaled Avg:  -0.0035 | Raw Avg:   1.7641
  base_height               | Scaled Avg:  -0.1314 | Raw Avg:   6.5696
  collision                 | Scaled Avg:  -0.0001 | Raw Avg:   0.0057
  dof_acc                   | Scaled Avg:  -0.0009 | Raw Avg: 176775.6406
  dof_error                 | Scaled Avg:  -0.0034 | Raw Avg:   0.3351
  dof_vel                   | Scaled Avg:  -0.0100 | Raw Avg:  99.5417
  feet_contact_forces       | Scaled Avg:  -0.0000 | Raw Avg:   9.3001
  foot_clearance            | Scaled Avg:  -0.0001 | Raw Avg:   0.0081
  foot_mirror               | Scaled Avg:  -0.0001 | Raw Avg:   0.1010
  foot_slide                | Scaled Avg:  -0.0018 | Raw Avg:   1.8423
  has_contact               | Scaled Avg:   0.0004 | Raw Avg:   0.0192
  hip_pos                   | Scaled Avg:  -0.0035 | Raw Avg:   0.0349
  lin_vel_z                 | Scaled Avg:  -0.0075 | Raw Avg:   0.0938
  orientation               | Scaled Avg:  -0.0001 | Raw Avg:   0.0146
  powers                    | Scaled Avg:  -0.0001 | Raw Avg: 164.5340
  stand_still               | Scaled Avg:  -0.0003 | Raw Avg:   0.0031
  torques                   | Scaled Avg:  -0.0003 | Raw Avg: 1267.8947
  tracking_ang_vel          | Scaled Avg:   0.0146 | Raw Avg:   0.7282
  tracking_lin_vel          | Scaled Avg:   0.0316 | Raw Avg:   0.7901
  termination               | Scaled Avg:  -0.0001
  TOTAL REWARD              | Scaled Avg:  -0.0041
------------------------------

------------------------------
Step: 22500 - Reward Breakdown:
  action_rate               | Scaled Avg:  -0.0207 | Raw Avg:   2.0651
  action_smoothness         | Scaled Avg:  -0.0007 | Raw Avg:   0.3309
  ang_vel_xy                | Scaled Avg:  -0.0033 | Raw Avg:   1.6331
  base_height               | Scaled Avg:  -0.0000 | Raw Avg:   0.0006
  collision                 | Scaled Avg:  -0.0002 | Raw Avg:   0.0085
  dof_acc                   | Scaled Avg:  -0.0008 | Raw Avg: 164510.7656
  dof_error                 | Scaled Avg:  -0.0033 | Raw Avg:   0.3340
  dof_vel                   | Scaled Avg:  -0.0095 | Raw Avg:  94.5331
  feet_contact_forces       | Scaled Avg:  -0.0000 | Raw Avg:   9.3262
  foot_clearance            | Scaled Avg:  -0.0001 | Raw Avg:   0.0083
  foot_mirror               | Scaled Avg:  -0.0001 | Raw Avg:   0.0978
  foot_slide                | Scaled Avg:  -0.0018 | Raw Avg:   1.7518
  has_contact               | Scaled Avg:   0.0004 | Raw Avg:   0.0211
  hip_pos                   | Scaled Avg:  -0.0034 | Raw Avg:   0.0339
  lin_vel_z                 | Scaled Avg:  -0.0022 | Raw Avg:   0.0279
  orientation               | Scaled Avg:  -0.0001 | Raw Avg:   0.0161
  powers                    | Scaled Avg:  -0.0001 | Raw Avg: 157.1890
  stand_still               | Scaled Avg:  -0.0005 | Raw Avg:   0.0054
  torques                   | Scaled Avg:  -0.0002 | Raw Avg: 1220.8671
  tracking_ang_vel          | Scaled Avg:   0.0147 | Raw Avg:   0.7366
  tracking_lin_vel          | Scaled Avg:   0.0317 | Raw Avg:   0.7920
  termination               | Scaled Avg:  -0.0001
  TOTAL REWARD              | Scaled Avg:  -0.0001
------------------------------

------------------------------
Step: 23000 - Reward Breakdown:
  action_rate               | Scaled Avg:  -0.0209 | Raw Avg:   2.0903
  action_smoothness         | Scaled Avg:  -0.0007 | Raw Avg:   0.3302
  ang_vel_xy                | Scaled Avg:  -0.0033 | Raw Avg:   1.6534
  base_height               | Scaled Avg:  -0.0000 | Raw Avg:   0.0006
  collision                 | Scaled Avg:  -0.0001 | Raw Avg:   0.0054
  dof_acc                   | Scaled Avg:  -0.0009 | Raw Avg: 173573.5938
  dof_error                 | Scaled Avg:  -0.0033 | Raw Avg:   0.3339
  dof_vel                   | Scaled Avg:  -0.0097 | Raw Avg:  96.8729
  feet_contact_forces       | Scaled Avg:  -0.0000 | Raw Avg:   9.7606
  foot_clearance            | Scaled Avg:  -0.0001 | Raw Avg:   0.0082
  foot_mirror               | Scaled Avg:  -0.0001 | Raw Avg:   0.0963
  foot_slide                | Scaled Avg:  -0.0018 | Raw Avg:   1.7593
  has_contact               | Scaled Avg:   0.0004 | Raw Avg:   0.0199
  hip_pos                   | Scaled Avg:  -0.0032 | Raw Avg:   0.0324
  lin_vel_z                 | Scaled Avg:  -0.0070 | Raw Avg:   0.0870
  orientation               | Scaled Avg:  -0.0001 | Raw Avg:   0.0138
  powers                    | Scaled Avg:  -0.0001 | Raw Avg: 163.3360
  stand_still               | Scaled Avg:  -0.0003 | Raw Avg:   0.0030
  torques                   | Scaled Avg:  -0.0003 | Raw Avg: 1285.6938
  tracking_ang_vel          | Scaled Avg:   0.0148 | Raw Avg:   0.7410
  tracking_lin_vel          | Scaled Avg:   0.0320 | Raw Avg:   0.8005
  termination               | Scaled Avg:  -0.0000
  TOTAL REWARD              | Scaled Avg:  -0.0012
------------------------------

------------------------------
Step: 23500 - Reward Breakdown:
  action_rate               | Scaled Avg:  -0.0184 | Raw Avg:   1.8376
  action_smoothness         | Scaled Avg:  -0.0006 | Raw Avg:   0.2868
  ang_vel_xy                | Scaled Avg:  -0.0030 | Raw Avg:   1.5237
  base_height               | Scaled Avg:  -0.0000 | Raw Avg:   0.0006
  collision                 | Scaled Avg:  -0.0001 | Raw Avg:   0.0046
  dof_acc                   | Scaled Avg:  -0.0006 | Raw Avg: 129346.1016
  dof_error                 | Scaled Avg:  -0.0031 | Raw Avg:   0.3085
  dof_vel                   | Scaled Avg:  -0.0086 | Raw Avg:  85.9076
  feet_contact_forces       | Scaled Avg:  -0.0000 | Raw Avg:   8.9398
  foot_clearance            | Scaled Avg:  -0.0001 | Raw Avg:   0.0076
  foot_mirror               | Scaled Avg:  -0.0001 | Raw Avg:   0.0901
  foot_slide                | Scaled Avg:  -0.0017 | Raw Avg:   1.7307
  has_contact               | Scaled Avg:   0.0004 | Raw Avg:   0.0195
  hip_pos                   | Scaled Avg:  -0.0030 | Raw Avg:   0.0301
  lin_vel_z                 | Scaled Avg:  -0.0020 | Raw Avg:   0.0255
  orientation               | Scaled Avg:  -0.0001 | Raw Avg:   0.0128
  powers                    | Scaled Avg:  -0.0001 | Raw Avg: 155.5302
  stand_still               | Scaled Avg:  -0.0002 | Raw Avg:   0.0022
  torques                   | Scaled Avg:  -0.0003 | Raw Avg: 1272.2570
  tracking_ang_vel          | Scaled Avg:   0.0154 | Raw Avg:   0.7699
  tracking_lin_vel          | Scaled Avg:   0.0324 | Raw Avg:   0.8094
  termination               | Scaled Avg:  -0.0001
  TOTAL REWARD              | Scaled Avg:   0.0061
------------------------------

------------------------------
Step: 24000 - Reward Breakdown:
  action_rate               | Scaled Avg:  -0.0170 | Raw Avg:   1.7015
  action_smoothness         | Scaled Avg:  -0.0005 | Raw Avg:   0.2646
  ang_vel_xy                | Scaled Avg:  -0.0029 | Raw Avg:   1.4746
  collision                 | Scaled Avg:  -0.0001 | Raw Avg:   0.0044
  dof_acc                   | Scaled Avg:  -0.0006 | Raw Avg: 123809.1328
  dof_error                 | Scaled Avg:  -0.0030 | Raw Avg:   0.3017
  dof_vel                   | Scaled Avg:  -0.0082 | Raw Avg:  81.8679
  feet_contact_forces       | Scaled Avg:  -0.0000 | Raw Avg:   8.7142
  foot_clearance            | Scaled Avg:  -0.0001 | Raw Avg:   0.0074
  foot_mirror               | Scaled Avg:  -0.0001 | Raw Avg:   0.0840
  foot_slide                | Scaled Avg:  -0.0017 | Raw Avg:   1.7145
  has_contact               | Scaled Avg:   0.0004 | Raw Avg:   0.0209
  hip_pos                   | Scaled Avg:  -0.0031 | Raw Avg:   0.0313
  lin_vel_z                 | Scaled Avg:  -0.0033 | Raw Avg:   0.0413
  orientation               | Scaled Avg:  -0.0000 | Raw Avg:   0.0123
  powers                    | Scaled Avg:  -0.0001 | Raw Avg: 156.1242
  stand_still               | Scaled Avg:  -0.0003 | Raw Avg:   0.0025
  torques                   | Scaled Avg:  -0.0003 | Raw Avg: 1311.6823
  tracking_ang_vel          | Scaled Avg:   0.0155 | Raw Avg:   0.7759
  tracking_lin_vel          | Scaled Avg:   0.0329 | Raw Avg:   0.8221
  termination               | Scaled Avg:  -0.0001
  TOTAL REWARD              | Scaled Avg:   0.0078
------------------------------
################################################################################
                    [1m Learning iteration 16000/20000 [0m                    

                       Computation: 82122 steps/s (collection: 1.312s, learning 0.470s)
                     surrogate_loss -0.0022
                         value_loss 0.0755
                            entropy 1.9953
                     estimator_loss 0.0000
                         total_loss 0.0933
             Mean action noise std: 0.20
                       Mean reward: 3.46
               Mean episode length: 597.06
      Mean episode rew_action_rate: -0.4999
Mean episode rew_frame_action_rate: -0.0207
Mean episode rew_action_smoothness: -0.0156
Mean episode rew_frame_action_smoothness: -0.0006
       Mean episode rew_ang_vel_xy: -0.0814
 Mean episode rew_frame_ang_vel_xy: -0.0074
      Mean episode rew_base_height: -0.0003
Mean episode rew_frame_base_height: -0.0001
        Mean episode rew_collision: -0.0019
  Mean episode rew_frame_collision: -0.0007
          Mean episode rew_dof_acc: -0.0193
    Mean episode rew_frame_dof_acc: -0.0016
        Mean episode rew_dof_error: -0.0827
  Mean episode rew_frame_dof_error: -0.0074
          Mean episode rew_dof_vel: -0.2380
    Mean episode rew_frame_dof_vel: -0.0131
    Mean episode rew_feet_air_time: 0.0001
Mean episode rew_frame_feet_air_time: 0.0000
Mean episode rew_feet_contact_forces: -0.0007
Mean episode rew_frame_feet_contact_forces: -0.0000
   Mean episode rew_foot_clearance: -0.0021
Mean episode rew_frame_foot_clearance: -0.0001
      Mean episode rew_foot_mirror: -0.0024
Mean episode rew_frame_foot_mirror: -0.0003
       Mean episode rew_foot_slide: -0.0473
 Mean episode rew_frame_foot_slide: -0.0017
      Mean episode rew_has_contact: 0.0112
Mean episode rew_frame_has_contact: 0.0004
          Mean episode rew_hip_pos: -0.0841
    Mean episode rew_frame_hip_pos: -0.0094
        Mean episode rew_lin_vel_z: -0.0720
  Mean episode rew_frame_lin_vel_z: -0.0105
      Mean episode rew_orientation: -0.0013
Mean episode rew_frame_orientation: -0.0003
           Mean episode rew_powers: -0.0017
     Mean episode rew_frame_powers: -0.0001
      Mean episode rew_stand_still: -0.0056
Mean episode rew_frame_stand_still: -0.0001
          Mean episode rew_stumble: -0.0000
    Mean episode rew_frame_stumble: -0.0000
      Mean episode rew_termination: -0.0016
Mean episode rew_frame_termination: -0.0009
          Mean episode rew_torques: -0.0068
    Mean episode rew_frame_torques: -0.0003
 Mean episode rew_tracking_ang_vel: 0.4142
Mean episode rew_frame_tracking_ang_vel: 0.0118
 Mean episode rew_tracking_lin_vel: 0.8703
Mean episode rew_frame_tracking_lin_vel: 0.0227
Mean episode max_power_throughout_episode: 3208.6892
            Mean episode max_pos_x: 3.9917
            Mean episode min_pos_x: -3.1032
            Mean episode max_pos_y: 3.9208
            Mean episode min_pos_y: -4.7026
        Mean episode timeout_ratio: 0.4622
       Mean episode num_terminated: 10.8333
--------------------------------------------------------------------------------
                   Total timesteps: 1609344
                    Iteration time: 1.78s
                        Total time: 1786.12s
                               ETA: 7137.3s


------------------------------
Step: 24500 - Reward Breakdown:
  action_rate               | Scaled Avg:  -0.0170 | Raw Avg:   1.6981
  action_smoothness         | Scaled Avg:  -0.0005 | Raw Avg:   0.2603
  ang_vel_xy                | Scaled Avg:  -0.0031 | Raw Avg:   1.5547
  collision                 | Scaled Avg:  -0.0001 | Raw Avg:   0.0039
  dof_acc                   | Scaled Avg:  -0.0006 | Raw Avg: 128289.3359
  dof_error                 | Scaled Avg:  -0.0028 | Raw Avg:   0.2826
  dof_vel                   | Scaled Avg:  -0.0085 | Raw Avg:  84.7355
  feet_air_time             | Scaled Avg:   0.0000 | Raw Avg:   0.0003
  feet_contact_forces       | Scaled Avg:  -0.0000 | Raw Avg:   8.5448
  foot_clearance            | Scaled Avg:  -0.0001 | Raw Avg:   0.0069
  foot_mirror               | Scaled Avg:  -0.0001 | Raw Avg:   0.0788
  foot_slide                | Scaled Avg:  -0.0017 | Raw Avg:   1.6786
  has_contact               | Scaled Avg:   0.0004 | Raw Avg:   0.0191
  hip_pos                   | Scaled Avg:  -0.0030 | Raw Avg:   0.0298
  lin_vel_z                 | Scaled Avg:  -0.0019 | Raw Avg:   0.0235
  orientation               | Scaled Avg:  -0.0000 | Raw Avg:   0.0117
  powers                    | Scaled Avg:  -0.0001 | Raw Avg: 172.6404
  stand_still               | Scaled Avg:  -0.0002 | Raw Avg:   0.0024
  torques                   | Scaled Avg:  -0.0003 | Raw Avg: 1500.7979
  tracking_ang_vel          | Scaled Avg:   0.0157 | Raw Avg:   0.7843
  tracking_lin_vel          | Scaled Avg:   0.0324 | Raw Avg:   0.8112
  termination               | Scaled Avg:  -0.0001
  TOTAL REWARD              | Scaled Avg:   0.0084
------------------------------

------------------------------
Step: 25000 - Reward Breakdown:
  action_rate               | Scaled Avg:  -0.0171 | Raw Avg:   1.7058
  action_smoothness         | Scaled Avg:  -0.0005 | Raw Avg:   0.2599
  ang_vel_xy                | Scaled Avg:  -0.0030 | Raw Avg:   1.5035
  collision                 | Scaled Avg:  -0.0001 | Raw Avg:   0.0046
  dof_acc                   | Scaled Avg:  -0.0006 | Raw Avg: 122495.8281
  dof_error                 | Scaled Avg:  -0.0029 | Raw Avg:   0.2896
  dof_vel                   | Scaled Avg:  -0.0083 | Raw Avg:  82.7868
  feet_contact_forces       | Scaled Avg:  -0.0000 | Raw Avg:   8.3232
  foot_clearance            | Scaled Avg:  -0.0001 | Raw Avg:   0.0076
  foot_mirror               | Scaled Avg:  -0.0001 | Raw Avg:   0.0798
  foot_slide                | Scaled Avg:  -0.0017 | Raw Avg:   1.7045
  has_contact               | Scaled Avg:   0.0003 | Raw Avg:   0.0149
  hip_pos                   | Scaled Avg:  -0.0030 | Raw Avg:   0.0299
  lin_vel_z                 | Scaled Avg:  -0.0017 | Raw Avg:   0.0215
  orientation               | Scaled Avg:  -0.0000 | Raw Avg:   0.0112
  powers                    | Scaled Avg:  -0.0001 | Raw Avg: 172.6523
  stand_still               | Scaled Avg:  -0.0003 | Raw Avg:   0.0032
  torques                   | Scaled Avg:  -0.0003 | Raw Avg: 1543.4352
  tracking_ang_vel          | Scaled Avg:   0.0157 | Raw Avg:   0.7841
  tracking_lin_vel          | Scaled Avg:   0.0322 | Raw Avg:   0.8046
  termination               | Scaled Avg:  -0.0000
  TOTAL REWARD              | Scaled Avg:   0.0084
------------------------------

------------------------------
Step: 25500 - Reward Breakdown:
  action_rate               | Scaled Avg:  -0.0181 | Raw Avg:   1.8072
  action_smoothness         | Scaled Avg:  -0.0006 | Raw Avg:   0.2791
  ang_vel_xy                | Scaled Avg:  -0.0032 | Raw Avg:   1.5898
  collision                 | Scaled Avg:  -0.0001 | Raw Avg:   0.0043
  dof_acc                   | Scaled Avg:  -0.0007 | Raw Avg: 149000.2812
  dof_error                 | Scaled Avg:  -0.0030 | Raw Avg:   0.2974
  dof_vel                   | Scaled Avg:  -0.0085 | Raw Avg:  85.4654
  feet_air_time             | Scaled Avg:   0.0000 | Raw Avg:   0.0003
  feet_contact_forces       | Scaled Avg:  -0.0000 | Raw Avg:   8.3968
  foot_clearance            | Scaled Avg:  -0.0001 | Raw Avg:   0.0081
  foot_mirror               | Scaled Avg:  -0.0001 | Raw Avg:   0.0842
  foot_slide                | Scaled Avg:  -0.0017 | Raw Avg:   1.7308
  has_contact               | Scaled Avg:   0.0004 | Raw Avg:   0.0202
  hip_pos                   | Scaled Avg:  -0.0028 | Raw Avg:   0.0278
  lin_vel_z                 | Scaled Avg:  -0.0443 | Raw Avg:   0.5542
  orientation               | Scaled Avg:  -0.0000 | Raw Avg:   0.0114
  powers                    | Scaled Avg:  -0.0001 | Raw Avg: 170.4733
  stand_still               | Scaled Avg:  -0.0003 | Raw Avg:   0.0031
  torques                   | Scaled Avg:  -0.0003 | Raw Avg: 1481.9506
  tracking_ang_vel          | Scaled Avg:   0.0155 | Raw Avg:   0.7761
  tracking_lin_vel          | Scaled Avg:   0.0320 | Raw Avg:   0.7990
  termination               | Scaled Avg:  -0.0001
  TOTAL REWARD              | Scaled Avg:   0.0048
------------------------------

------------------------------
Step: 26000 - Reward Breakdown:
  action_rate               | Scaled Avg:  -0.0172 | Raw Avg:   1.7163
  action_smoothness         | Scaled Avg:  -0.0005 | Raw Avg:   0.2653
  ang_vel_xy                | Scaled Avg:  -0.0028 | Raw Avg:   1.4111
  collision                 | Scaled Avg:  -0.0001 | Raw Avg:   0.0036
  dof_acc                   | Scaled Avg:  -0.0007 | Raw Avg: 145123.2656
  dof_error                 | Scaled Avg:  -0.0028 | Raw Avg:   0.2780
  dof_vel                   | Scaled Avg:  -0.0083 | Raw Avg:  82.9967
  feet_contact_forces       | Scaled Avg:  -0.0000 | Raw Avg:   8.8397
  foot_clearance            | Scaled Avg:  -0.0001 | Raw Avg:   0.0084
  foot_mirror               | Scaled Avg:  -0.0001 | Raw Avg:   0.0754
  foot_slide                | Scaled Avg:  -0.0017 | Raw Avg:   1.7381
  has_contact               | Scaled Avg:   0.0003 | Raw Avg:   0.0174
  hip_pos                   | Scaled Avg:  -0.0028 | Raw Avg:   0.0276
  lin_vel_z                 | Scaled Avg:  -0.0017 | Raw Avg:   0.0216
  orientation               | Scaled Avg:  -0.0000 | Raw Avg:   0.0096
  powers                    | Scaled Avg:  -0.0001 | Raw Avg: 159.5296
  stand_still               | Scaled Avg:  -0.0002 | Raw Avg:   0.0021
  torques                   | Scaled Avg:  -0.0003 | Raw Avg: 1333.9541
  tracking_ang_vel          | Scaled Avg:   0.0157 | Raw Avg:   0.7845
  tracking_lin_vel          | Scaled Avg:   0.0329 | Raw Avg:   0.8223
  termination               | Scaled Avg:  -0.0000
  TOTAL REWARD              | Scaled Avg:   0.0095
------------------------------
################################################################################
                    [1m Learning iteration 16100/20000 [0m                    

                       Computation: 83049 steps/s (collection: 1.292s, learning 0.470s)
                     surrogate_loss -0.0040
                         value_loss 0.0506
                            entropy 2.2139
                     estimator_loss 0.0000
                         total_loss 0.0688
             Mean action noise std: 0.20
                       Mean reward: 5.72
               Mean episode length: 634.77
      Mean episode rew_action_rate: -0.5344
Mean episode rew_frame_action_rate: -0.0203
Mean episode rew_action_smoothness: -0.0167
Mean episode rew_frame_action_smoothness: -0.0006
       Mean episode rew_ang_vel_xy: -0.0906
 Mean episode rew_frame_ang_vel_xy: -0.0071
      Mean episode rew_base_height: -0.0002
Mean episode rew_frame_base_height: -0.0001
        Mean episode rew_collision: -0.0023
  Mean episode rew_frame_collision: -0.0008
          Mean episode rew_dof_acc: -0.0222
    Mean episode rew_frame_dof_acc: -0.0013
        Mean episode rew_dof_error: -0.0900
  Mean episode rew_frame_dof_error: -0.0068
          Mean episode rew_dof_vel: -0.2556
    Mean episode rew_frame_dof_vel: -0.0124
    Mean episode rew_feet_air_time: 0.0002
Mean episode rew_frame_feet_air_time: 0.0000
Mean episode rew_feet_contact_forces: -0.0008
Mean episode rew_frame_feet_contact_forces: -0.0000
   Mean episode rew_foot_clearance: -0.0025
Mean episode rew_frame_foot_clearance: -0.0001
      Mean episode rew_foot_mirror: -0.0025
Mean episode rew_frame_foot_mirror: -0.0002
       Mean episode rew_foot_slide: -0.0535
 Mean episode rew_frame_foot_slide: -0.0017
      Mean episode rew_has_contact: 0.0124
Mean episode rew_frame_has_contact: 0.0003
          Mean episode rew_hip_pos: -0.0845
    Mean episode rew_frame_hip_pos: -0.0081
        Mean episode rew_lin_vel_z: -0.0558
  Mean episode rew_frame_lin_vel_z: -0.0090
      Mean episode rew_orientation: -0.0014
Mean episode rew_frame_orientation: -0.0003
           Mean episode rew_powers: -0.0020
     Mean episode rew_frame_powers: -0.0001
      Mean episode rew_stand_still: -0.0073
Mean episode rew_frame_stand_still: -0.0001
          Mean episode rew_stumble: -0.0000
    Mean episode rew_frame_stumble: -0.0000
      Mean episode rew_termination: -0.0014
Mean episode rew_frame_termination: -0.0008
          Mean episode rew_torques: -0.0083
    Mean episode rew_frame_torques: -0.0003
 Mean episode rew_tracking_ang_vel: 0.4800
Mean episode rew_frame_tracking_ang_vel: 0.0125
 Mean episode rew_tracking_lin_vel: 0.9993
Mean episode rew_frame_tracking_lin_vel: 0.0239
Mean episode max_power_throughout_episode: 3195.6375
            Mean episode max_pos_x: 4.2958
            Mean episode min_pos_x: -2.6262
            Mean episode max_pos_y: 3.4721
            Mean episode min_pos_y: -4.3251
        Mean episode timeout_ratio: 0.5461
       Mean episode num_terminated: 8.4167
--------------------------------------------------------------------------------
                   Total timesteps: 1755648
                    Iteration time: 1.76s
                        Total time: 1964.65s
                               ETA: 6959.3s


------------------------------
Step: 26500 - Reward Breakdown:
  action_rate               | Scaled Avg:  -0.0167 | Raw Avg:   1.6662
  action_smoothness         | Scaled Avg:  -0.0005 | Raw Avg:   0.2570
  ang_vel_xy                | Scaled Avg:  -0.0028 | Raw Avg:   1.3992
  collision                 | Scaled Avg:  -0.0001 | Raw Avg:   0.0033
  dof_acc                   | Scaled Avg:  -0.0006 | Raw Avg: 116701.7500
  dof_error                 | Scaled Avg:  -0.0027 | Raw Avg:   0.2705
  dof_vel                   | Scaled Avg:  -0.0078 | Raw Avg:  77.8236
  feet_contact_forces       | Scaled Avg:  -0.0000 | Raw Avg:   7.6294
  foot_clearance            | Scaled Avg:  -0.0001 | Raw Avg:   0.0073
  foot_mirror               | Scaled Avg:  -0.0001 | Raw Avg:   0.0756
  foot_slide                | Scaled Avg:  -0.0018 | Raw Avg:   1.7569
  has_contact               | Scaled Avg:   0.0004 | Raw Avg:   0.0213
  hip_pos                   | Scaled Avg:  -0.0027 | Raw Avg:   0.0270
  lin_vel_z                 | Scaled Avg:  -0.0025 | Raw Avg:   0.0315
  orientation               | Scaled Avg:  -0.0000 | Raw Avg:   0.0102
  powers                    | Scaled Avg:  -0.0001 | Raw Avg: 145.9959
  stand_still               | Scaled Avg:  -0.0003 | Raw Avg:   0.0034
  torques                   | Scaled Avg:  -0.0002 | Raw Avg: 1196.6375
  tracking_ang_vel          | Scaled Avg:   0.0155 | Raw Avg:   0.7773
  tracking_lin_vel          | Scaled Avg:   0.0324 | Raw Avg:   0.8094
  termination               | Scaled Avg:  -0.0000
  TOTAL REWARD              | Scaled Avg:   0.0094
------------------------------

------------------------------
Step: 27000 - Reward Breakdown:
  action_rate               | Scaled Avg:  -0.0164 | Raw Avg:   1.6397
  action_smoothness         | Scaled Avg:  -0.0005 | Raw Avg:   0.2594
  ang_vel_xy                | Scaled Avg:  -0.0026 | Raw Avg:   1.3022
  collision                 | Scaled Avg:  -0.0001 | Raw Avg:   0.0038
  dof_acc                   | Scaled Avg:  -0.0006 | Raw Avg: 125564.0547
  dof_error                 | Scaled Avg:  -0.0027 | Raw Avg:   0.2733
  dof_vel                   | Scaled Avg:  -0.0080 | Raw Avg:  79.9716
  feet_contact_forces       | Scaled Avg:  -0.0000 | Raw Avg:   7.9999
  foot_clearance            | Scaled Avg:  -0.0001 | Raw Avg:   0.0074
  foot_mirror               | Scaled Avg:  -0.0001 | Raw Avg:   0.0750
  foot_slide                | Scaled Avg:  -0.0018 | Raw Avg:   1.7546
  has_contact               | Scaled Avg:   0.0004 | Raw Avg:   0.0177
  hip_pos                   | Scaled Avg:  -0.0029 | Raw Avg:   0.0286
  lin_vel_z                 | Scaled Avg:  -0.0016 | Raw Avg:   0.0200
  orientation               | Scaled Avg:  -0.0000 | Raw Avg:   0.0097
  powers                    | Scaled Avg:  -0.0001 | Raw Avg: 152.5283
  stand_still               | Scaled Avg:  -0.0004 | Raw Avg:   0.0039
  torques                   | Scaled Avg:  -0.0002 | Raw Avg: 1241.5065
  tracking_ang_vel          | Scaled Avg:   0.0157 | Raw Avg:   0.7860
  tracking_lin_vel          | Scaled Avg:   0.0327 | Raw Avg:   0.8178
  termination               | Scaled Avg:  -0.0000
  TOTAL REWARD              | Scaled Avg:   0.0107
------------------------------

------------------------------
Step: 27500 - Reward Breakdown:
  action_rate               | Scaled Avg:  -0.0168 | Raw Avg:   1.6804
  action_smoothness         | Scaled Avg:  -0.0005 | Raw Avg:   0.2650
  ang_vel_xy                | Scaled Avg:  -0.0028 | Raw Avg:   1.3889
  base_height               | Scaled Avg:  -0.0000 | Raw Avg:   0.0005
  collision                 | Scaled Avg:  -0.0001 | Raw Avg:   0.0033
  dof_acc                   | Scaled Avg:  -0.0006 | Raw Avg: 128894.4219
  dof_error                 | Scaled Avg:  -0.0029 | Raw Avg:   0.2885
  dof_vel                   | Scaled Avg:  -0.0081 | Raw Avg:  81.2128
  feet_contact_forces       | Scaled Avg:  -0.0000 | Raw Avg:   8.1385
  foot_clearance            | Scaled Avg:  -0.0001 | Raw Avg:   0.0076
  foot_mirror               | Scaled Avg:  -0.0001 | Raw Avg:   0.0838
  foot_slide                | Scaled Avg:  -0.0018 | Raw Avg:   1.7755
  has_contact               | Scaled Avg:   0.0004 | Raw Avg:   0.0178
  hip_pos                   | Scaled Avg:  -0.0030 | Raw Avg:   0.0295
  lin_vel_z                 | Scaled Avg:  -0.0018 | Raw Avg:   0.0223
  orientation               | Scaled Avg:  -0.0000 | Raw Avg:   0.0103
  powers                    | Scaled Avg:  -0.0001 | Raw Avg: 145.4284
  stand_still               | Scaled Avg:  -0.0002 | Raw Avg:   0.0021
  torques                   | Scaled Avg:  -0.0002 | Raw Avg: 1141.7006
  tracking_ang_vel          | Scaled Avg:   0.0156 | Raw Avg:   0.7776
  tracking_lin_vel          | Scaled Avg:   0.0327 | Raw Avg:   0.8167
  termination               | Scaled Avg:  -0.0001
  TOTAL REWARD              | Scaled Avg:   0.0094
------------------------------

------------------------------
Step: 28000 - Reward Breakdown:
  action_rate               | Scaled Avg:  -0.0168 | Raw Avg:   1.6794
  action_smoothness         | Scaled Avg:  -0.0005 | Raw Avg:   0.2657
  ang_vel_xy                | Scaled Avg:  -0.0026 | Raw Avg:   1.3229
  collision                 | Scaled Avg:  -0.0001 | Raw Avg:   0.0033
  dof_acc                   | Scaled Avg:  -0.0007 | Raw Avg: 140306.3438
  dof_error                 | Scaled Avg:  -0.0028 | Raw Avg:   0.2791
  dof_vel                   | Scaled Avg:  -0.0081 | Raw Avg:  81.1454
  feet_contact_forces       | Scaled Avg:  -0.0000 | Raw Avg:   8.0202
  foot_clearance            | Scaled Avg:  -0.0001 | Raw Avg:   0.0076
  foot_mirror               | Scaled Avg:  -0.0001 | Raw Avg:   0.0772
  foot_slide                | Scaled Avg:  -0.0018 | Raw Avg:   1.7526
  has_contact               | Scaled Avg:   0.0004 | Raw Avg:   0.0189
  hip_pos                   | Scaled Avg:  -0.0029 | Raw Avg:   0.0294
  lin_vel_z                 | Scaled Avg:  -0.0019 | Raw Avg:   0.0233
  orientation               | Scaled Avg:  -0.0000 | Raw Avg:   0.0099
  powers                    | Scaled Avg:  -0.0001 | Raw Avg: 149.9482
  stand_still               | Scaled Avg:  -0.0005 | Raw Avg:   0.0053
  torques                   | Scaled Avg:  -0.0002 | Raw Avg: 1191.9735
  tracking_ang_vel          | Scaled Avg:   0.0155 | Raw Avg:   0.7767
  tracking_lin_vel          | Scaled Avg:   0.0328 | Raw Avg:   0.8202
  termination               | Scaled Avg:  -0.0001
  TOTAL REWARD              | Scaled Avg:   0.0094
------------------------------

------------------------------
Step: 28500 - Reward Breakdown:
  action_rate               | Scaled Avg:  -0.0168 | Raw Avg:   1.6821
  action_smoothness         | Scaled Avg:  -0.0005 | Raw Avg:   0.2614
  ang_vel_xy                | Scaled Avg:  -0.0026 | Raw Avg:   1.3149
  collision                 | Scaled Avg:  -0.0001 | Raw Avg:   0.0043
  dof_acc                   | Scaled Avg:  -0.0008 | Raw Avg: 159813.4844
  dof_error                 | Scaled Avg:  -0.0028 | Raw Avg:   0.2753
  dof_vel                   | Scaled Avg:  -0.0083 | Raw Avg:  83.1596
  feet_contact_forces       | Scaled Avg:  -0.0000 | Raw Avg:   8.6322
  foot_clearance            | Scaled Avg:  -0.0001 | Raw Avg:   0.0077
  foot_mirror               | Scaled Avg:  -0.0001 | Raw Avg:   0.0826
  foot_slide                | Scaled Avg:  -0.0018 | Raw Avg:   1.7562
  has_contact               | Scaled Avg:   0.0003 | Raw Avg:   0.0167
  hip_pos                   | Scaled Avg:  -0.0028 | Raw Avg:   0.0283
  lin_vel_z                 | Scaled Avg:  -0.0018 | Raw Avg:   0.0231
  orientation               | Scaled Avg:  -0.0000 | Raw Avg:   0.0100
  powers                    | Scaled Avg:  -0.0001 | Raw Avg: 146.8568
  stand_still               | Scaled Avg:  -0.0003 | Raw Avg:   0.0026
  torques                   | Scaled Avg:  -0.0002 | Raw Avg: 1138.8290
  tracking_ang_vel          | Scaled Avg:   0.0155 | Raw Avg:   0.7740
  tracking_lin_vel          | Scaled Avg:   0.0329 | Raw Avg:   0.8230
  termination               | Scaled Avg:  -0.0000
  TOTAL REWARD              | Scaled Avg:   0.0096
------------------------------
################################################################################
                    [1m Learning iteration 16200/20000 [0m                    

                       Computation: 82578 steps/s (collection: 1.304s, learning 0.468s)
                     surrogate_loss -0.0048
                         value_loss 0.0458
                            entropy 1.5846
                     estimator_loss 0.0000
                         total_loss 0.0569
             Mean action noise std: 0.21
                       Mean reward: 4.34
               Mean episode length: 540.19
      Mean episode rew_action_rate: -0.4996
Mean episode rew_frame_action_rate: -0.0205
Mean episode rew_action_smoothness: -0.0158
Mean episode rew_frame_action_smoothness: -0.0006
       Mean episode rew_ang_vel_xy: -0.0805
 Mean episode rew_frame_ang_vel_xy: -0.0069
      Mean episode rew_base_height: -0.0003
Mean episode rew_frame_base_height: -0.0001
        Mean episode rew_collision: -0.0027
  Mean episode rew_frame_collision: -0.0008
          Mean episode rew_dof_acc: -0.0222
    Mean episode rew_frame_dof_acc: -0.0016
        Mean episode rew_dof_error: -0.0849
  Mean episode rew_frame_dof_error: -0.0071
          Mean episode rew_dof_vel: -0.2454
    Mean episode rew_frame_dof_vel: -0.0129
    Mean episode rew_feet_air_time: 0.0002
Mean episode rew_frame_feet_air_time: 0.0000
Mean episode rew_feet_contact_forces: -0.0007
Mean episode rew_frame_feet_contact_forces: -0.0000
   Mean episode rew_foot_clearance: -0.0023
Mean episode rew_frame_foot_clearance: -0.0001
      Mean episode rew_foot_mirror: -0.0024
Mean episode rew_frame_foot_mirror: -0.0002
       Mean episode rew_foot_slide: -0.0519
 Mean episode rew_frame_foot_slide: -0.0017
      Mean episode rew_has_contact: 0.0089
Mean episode rew_frame_has_contact: 0.0002
          Mean episode rew_hip_pos: -0.0889
    Mean episode rew_frame_hip_pos: -0.0103
        Mean episode rew_lin_vel_z: -0.0534
  Mean episode rew_frame_lin_vel_z: -0.0104
      Mean episode rew_orientation: -0.0013
Mean episode rew_frame_orientation: -0.0004
           Mean episode rew_powers: -0.0018
     Mean episode rew_frame_powers: -0.0001
      Mean episode rew_stand_still: 0.0000
Mean episode rew_frame_stand_still: 0.0000
          Mean episode rew_stumble: -0.0000
    Mean episode rew_frame_stumble: -0.0000
      Mean episode rew_termination: -0.0015
Mean episode rew_frame_termination: -0.0010
          Mean episode rew_torques: -0.0068
    Mean episode rew_frame_torques: -0.0003
 Mean episode rew_tracking_ang_vel: 0.4521
Mean episode rew_frame_tracking_ang_vel: 0.0120
 Mean episode rew_tracking_lin_vel: 0.9413
Mean episode rew_frame_tracking_lin_vel: 0.0230
Mean episode max_power_throughout_episode: 3297.9590
            Mean episode max_pos_x: 3.9024
            Mean episode min_pos_x: -3.3030
            Mean episode max_pos_y: 4.6236
            Mean episode min_pos_y: -4.0280
        Mean episode timeout_ratio: 0.5039
       Mean episode num_terminated: 9.0833
--------------------------------------------------------------------------------
                   Total timesteps: 1901952
                    Iteration time: 1.77s
                        Total time: 2142.10s
                               ETA: 6777.7s


------------------------------
Step: 29000 - Reward Breakdown:
  action_rate               | Scaled Avg:  -0.0175 | Raw Avg:   1.7522
  action_smoothness         | Scaled Avg:  -0.0006 | Raw Avg:   0.2771
  ang_vel_xy                | Scaled Avg:  -0.0029 | Raw Avg:   1.4260
  collision                 | Scaled Avg:  -0.0001 | Raw Avg:   0.0043
  dof_acc                   | Scaled Avg:  -0.0008 | Raw Avg: 161319.1562
  dof_error                 | Scaled Avg:  -0.0029 | Raw Avg:   0.2882
  dof_vel                   | Scaled Avg:  -0.0086 | Raw Avg:  85.5612
  feet_contact_forces       | Scaled Avg:  -0.0000 | Raw Avg:   9.0546
  foot_clearance            | Scaled Avg:  -0.0001 | Raw Avg:   0.0080
  foot_mirror               | Scaled Avg:  -0.0001 | Raw Avg:   0.0834
  foot_slide                | Scaled Avg:  -0.0018 | Raw Avg:   1.7723
  has_contact               | Scaled Avg:   0.0004 | Raw Avg:   0.0198
  hip_pos                   | Scaled Avg:  -0.0030 | Raw Avg:   0.0298
  lin_vel_z                 | Scaled Avg:  -0.0027 | Raw Avg:   0.0332
  orientation               | Scaled Avg:  -0.0000 | Raw Avg:   0.0104
  powers                    | Scaled Avg:  -0.0001 | Raw Avg: 149.5444
  stand_still               | Scaled Avg:  -0.0002 | Raw Avg:   0.0023
  torques                   | Scaled Avg:  -0.0002 | Raw Avg: 1134.2487
  tracking_ang_vel          | Scaled Avg:   0.0155 | Raw Avg:   0.7760
  tracking_lin_vel          | Scaled Avg:   0.0329 | Raw Avg:   0.8224
  termination               | Scaled Avg:  -0.0000
  TOTAL REWARD              | Scaled Avg:   0.0073
------------------------------

------------------------------
Step: 29500 - Reward Breakdown:
  action_rate               | Scaled Avg:  -0.0188 | Raw Avg:   1.8830
  action_smoothness         | Scaled Avg:  -0.0006 | Raw Avg:   0.2982
  ang_vel_xy                | Scaled Avg:  -0.0029 | Raw Avg:   1.4750
  collision                 | Scaled Avg:  -0.0001 | Raw Avg:   0.0062
  dof_acc                   | Scaled Avg:  -0.0008 | Raw Avg: 168756.4688
  dof_error                 | Scaled Avg:  -0.0030 | Raw Avg:   0.2988
  dof_vel                   | Scaled Avg:  -0.0089 | Raw Avg:  88.5901
  feet_contact_forces       | Scaled Avg:  -0.0000 | Raw Avg:   9.0952
  foot_clearance            | Scaled Avg:  -0.0001 | Raw Avg:   0.0083
  foot_mirror               | Scaled Avg:  -0.0001 | Raw Avg:   0.0867
  foot_slide                | Scaled Avg:  -0.0018 | Raw Avg:   1.7865
  has_contact               | Scaled Avg:   0.0004 | Raw Avg:   0.0200
  hip_pos                   | Scaled Avg:  -0.0029 | Raw Avg:   0.0290
  lin_vel_z                 | Scaled Avg:  -0.0022 | Raw Avg:   0.0272
  orientation               | Scaled Avg:  -0.0000 | Raw Avg:   0.0108
  powers                    | Scaled Avg:  -0.0001 | Raw Avg: 146.2619
  stand_still               | Scaled Avg:  -0.0003 | Raw Avg:   0.0030
  torques                   | Scaled Avg:  -0.0002 | Raw Avg: 1097.2405
  tracking_ang_vel          | Scaled Avg:   0.0152 | Raw Avg:   0.7620
  tracking_lin_vel          | Scaled Avg:   0.0325 | Raw Avg:   0.8136
  termination               | Scaled Avg:  -0.0000
  TOTAL REWARD              | Scaled Avg:   0.0053
------------------------------

------------------------------
Step: 30000 - Reward Breakdown:
  action_rate               | Scaled Avg:  -0.0187 | Raw Avg:   1.8712
  action_smoothness         | Scaled Avg:  -0.0006 | Raw Avg:   0.2988
  ang_vel_xy                | Scaled Avg:  -0.0028 | Raw Avg:   1.4131
  collision                 | Scaled Avg:  -0.0001 | Raw Avg:   0.0054
  dof_acc                   | Scaled Avg:  -0.0008 | Raw Avg: 155379.5000
  dof_error                 | Scaled Avg:  -0.0030 | Raw Avg:   0.3022
  dof_vel                   | Scaled Avg:  -0.0087 | Raw Avg:  86.9628
  feet_air_time             | Scaled Avg:   0.0000 | Raw Avg:   0.0004
  feet_contact_forces       | Scaled Avg:  -0.0000 | Raw Avg:   9.2021
  foot_clearance            | Scaled Avg:  -0.0001 | Raw Avg:   0.0083
  foot_mirror               | Scaled Avg:  -0.0001 | Raw Avg:   0.0899
  foot_slide                | Scaled Avg:  -0.0018 | Raw Avg:   1.7733
  has_contact               | Scaled Avg:   0.0004 | Raw Avg:   0.0186
  hip_pos                   | Scaled Avg:  -0.0029 | Raw Avg:   0.0291
  lin_vel_z                 | Scaled Avg:  -0.0032 | Raw Avg:   0.0400
  orientation               | Scaled Avg:  -0.0000 | Raw Avg:   0.0110
  powers                    | Scaled Avg:  -0.0001 | Raw Avg: 143.7531
  stand_still               | Scaled Avg:  -0.0002 | Raw Avg:   0.0015
  torques                   | Scaled Avg:  -0.0002 | Raw Avg: 1077.4811
  tracking_ang_vel          | Scaled Avg:   0.0151 | Raw Avg:   0.7571
  tracking_lin_vel          | Scaled Avg:   0.0326 | Raw Avg:   0.8152
  termination               | Scaled Avg:  -0.0000
  TOTAL REWARD              | Scaled Avg:   0.0053
------------------------------

------------------------------
Step: 30500 - Reward Breakdown:
  action_rate               | Scaled Avg:  -0.0191 | Raw Avg:   1.9125
  action_smoothness         | Scaled Avg:  -0.0006 | Raw Avg:   0.3087
  ang_vel_xy                | Scaled Avg:  -0.0029 | Raw Avg:   1.4381
  collision                 | Scaled Avg:  -0.0001 | Raw Avg:   0.0056
  dof_acc                   | Scaled Avg:  -0.0007 | Raw Avg: 139032.3594
  dof_error                 | Scaled Avg:  -0.0030 | Raw Avg:   0.2972
  dof_vel                   | Scaled Avg:  -0.0088 | Raw Avg:  87.9993
  feet_contact_forces       | Scaled Avg:  -0.0000 | Raw Avg:   8.8587
  foot_clearance            | Scaled Avg:  -0.0001 | Raw Avg:   0.0077
  foot_mirror               | Scaled Avg:  -0.0001 | Raw Avg:   0.0902
  foot_slide                | Scaled Avg:  -0.0018 | Raw Avg:   1.7838
  has_contact               | Scaled Avg:   0.0004 | Raw Avg:   0.0191
  hip_pos                   | Scaled Avg:  -0.0030 | Raw Avg:   0.0297
  lin_vel_z                 | Scaled Avg:  -0.0018 | Raw Avg:   0.0229
  orientation               | Scaled Avg:  -0.0000 | Raw Avg:   0.0120
  powers                    | Scaled Avg:  -0.0001 | Raw Avg: 146.0343
  stand_still               | Scaled Avg:  -0.0003 | Raw Avg:   0.0026
  torques                   | Scaled Avg:  -0.0002 | Raw Avg: 1095.9536
  tracking_ang_vel          | Scaled Avg:   0.0151 | Raw Avg:   0.7536
  tracking_lin_vel          | Scaled Avg:   0.0318 | Raw Avg:   0.7940
  termination               | Scaled Avg:  -0.0001
  TOTAL REWARD              | Scaled Avg:   0.0046
------------------------------

------------------------------
Step: 31000 - Reward Breakdown:
  action_rate               | Scaled Avg:  -0.0177 | Raw Avg:   1.7652
  action_smoothness         | Scaled Avg:  -0.0006 | Raw Avg:   0.2796
  ang_vel_xy                | Scaled Avg:  -0.0026 | Raw Avg:   1.2969
  base_height               | Scaled Avg:  -0.0000 | Raw Avg:   0.0005
  collision                 | Scaled Avg:  -0.0001 | Raw Avg:   0.0034
  dof_acc                   | Scaled Avg:  -0.0007 | Raw Avg: 136753.4844
  dof_error                 | Scaled Avg:  -0.0028 | Raw Avg:   0.2826
  dof_vel                   | Scaled Avg:  -0.0084 | Raw Avg:  83.6713
  feet_contact_forces       | Scaled Avg:  -0.0000 | Raw Avg:   7.8803
  foot_clearance            | Scaled Avg:  -0.0001 | Raw Avg:   0.0073
  foot_mirror               | Scaled Avg:  -0.0001 | Raw Avg:   0.0829
  foot_slide                | Scaled Avg:  -0.0018 | Raw Avg:   1.7528
  has_contact               | Scaled Avg:   0.0004 | Raw Avg:   0.0198
  hip_pos                   | Scaled Avg:  -0.0028 | Raw Avg:   0.0282
  lin_vel_z                 | Scaled Avg:  -0.0018 | Raw Avg:   0.0222
  orientation               | Scaled Avg:  -0.0000 | Raw Avg:   0.0098
  powers                    | Scaled Avg:  -0.0001 | Raw Avg: 140.8586
  stand_still               | Scaled Avg:  -0.0003 | Raw Avg:   0.0033
  torques                   | Scaled Avg:  -0.0002 | Raw Avg: 1071.7131
  tracking_ang_vel          | Scaled Avg:   0.0154 | Raw Avg:   0.7701
  tracking_lin_vel          | Scaled Avg:   0.0325 | Raw Avg:   0.8126
  termination               | Scaled Avg:  -0.0000
  TOTAL REWARD              | Scaled Avg:   0.0083
------------------------------
################################################################################
                    [1m Learning iteration 16300/20000 [0m                    

                       Computation: 81245 steps/s (collection: 1.331s, learning 0.470s)
                     surrogate_loss -0.0027
                         value_loss 0.0538
                            entropy 1.7711
                     estimator_loss 0.0000
                         total_loss 0.0688
             Mean action noise std: 0.21
                       Mean reward: 3.81
               Mean episode length: 655.00
      Mean episode rew_action_rate: -0.6275
Mean episode rew_frame_action_rate: -0.0199
Mean episode rew_action_smoothness: -0.0198
Mean episode rew_frame_action_smoothness: -0.0006
       Mean episode rew_ang_vel_xy: -0.0944
 Mean episode rew_frame_ang_vel_xy: -0.0062
      Mean episode rew_base_height: -0.0003
Mean episode rew_frame_base_height: -0.0001
        Mean episode rew_collision: -0.0039
  Mean episode rew_frame_collision: -0.0010
          Mean episode rew_dof_acc: -0.0240
    Mean episode rew_frame_dof_acc: -0.0013
        Mean episode rew_dof_error: -0.0973
  Mean episode rew_frame_dof_error: -0.0067
          Mean episode rew_dof_vel: -0.2921
    Mean episode rew_frame_dof_vel: -0.0116
    Mean episode rew_feet_air_time: 0.0003
Mean episode rew_frame_feet_air_time: 0.0000
Mean episode rew_feet_contact_forces: -0.0009
Mean episode rew_frame_feet_contact_forces: -0.0000
   Mean episode rew_foot_clearance: -0.0026
Mean episode rew_frame_foot_clearance: -0.0001
      Mean episode rew_foot_mirror: -0.0028
Mean episode rew_frame_foot_mirror: -0.0002
       Mean episode rew_foot_slide: -0.0601
 Mean episode rew_frame_foot_slide: -0.0018
      Mean episode rew_has_contact: 0.0117
Mean episode rew_frame_has_contact: 0.0004
          Mean episode rew_hip_pos: -0.0969
    Mean episode rew_frame_hip_pos: -0.0075
        Mean episode rew_lin_vel_z: -0.0588
  Mean episode rew_frame_lin_vel_z: -0.0071
      Mean episode rew_orientation: -0.0014
Mean episode rew_frame_orientation: -0.0003
           Mean episode rew_powers: -0.0019
     Mean episode rew_frame_powers: -0.0001
      Mean episode rew_stand_still: -0.0052
Mean episode rew_frame_stand_still: -0.0016
          Mean episode rew_stumble: -0.0000
    Mean episode rew_frame_stumble: -0.0000
      Mean episode rew_termination: -0.0012
Mean episode rew_frame_termination: -0.0007
          Mean episode rew_torques: -0.0074
    Mean episode rew_frame_torques: -0.0002
 Mean episode rew_tracking_ang_vel: 0.5112
Mean episode rew_frame_tracking_ang_vel: 0.0125
 Mean episode rew_tracking_lin_vel: 1.0876
Mean episode rew_frame_tracking_lin_vel: 0.0253
Mean episode max_power_throughout_episode: 3360.5789
            Mean episode max_pos_x: 4.6451
            Mean episode min_pos_x: -4.1579
            Mean episode max_pos_y: 3.8970
            Mean episode min_pos_y: -4.5931
        Mean episode timeout_ratio: 0.6115
       Mean episode num_terminated: 12.4583
--------------------------------------------------------------------------------
                   Total timesteps: 2048256
                    Iteration time: 1.80s
                        Total time: 2321.18s
                               ETA: 6601.4s


------------------------------
Step: 31500 - Reward Breakdown:
  action_rate               | Scaled Avg:  -0.0173 | Raw Avg:   1.7275
  action_smoothness         | Scaled Avg:  -0.0005 | Raw Avg:   0.2676
  ang_vel_xy                | Scaled Avg:  -0.0029 | Raw Avg:   1.4662
  collision                 | Scaled Avg:  -0.0001 | Raw Avg:   0.0059
  dof_acc                   | Scaled Avg:  -0.0007 | Raw Avg: 149333.6875
  dof_error                 | Scaled Avg:  -0.0029 | Raw Avg:   0.2912
  dof_vel                   | Scaled Avg:  -0.0085 | Raw Avg:  85.4708
  feet_contact_forces       | Scaled Avg:  -0.0000 | Raw Avg:   8.4536
  foot_clearance            | Scaled Avg:  -0.0001 | Raw Avg:   0.0073
  foot_mirror               | Scaled Avg:  -0.0001 | Raw Avg:   0.0835
  foot_slide                | Scaled Avg:  -0.0017 | Raw Avg:   1.7310
  has_contact               | Scaled Avg:   0.0004 | Raw Avg:   0.0200
  hip_pos                   | Scaled Avg:  -0.0028 | Raw Avg:   0.0284
  lin_vel_z                 | Scaled Avg:  -0.0018 | Raw Avg:   0.0226
  orientation               | Scaled Avg:  -0.0000 | Raw Avg:   0.0113
  powers                    | Scaled Avg:  -0.0001 | Raw Avg: 158.4871
  stand_still               | Scaled Avg:  -0.0002 | Raw Avg:   0.0019
  torques                   | Scaled Avg:  -0.0003 | Raw Avg: 1300.1079
  tracking_ang_vel          | Scaled Avg:   0.0156 | Raw Avg:   0.7800
  tracking_lin_vel          | Scaled Avg:   0.0328 | Raw Avg:   0.8190
  termination               | Scaled Avg:  -0.0001
  TOTAL REWARD              | Scaled Avg:   0.0085
------------------------------

------------------------------
Step: 32000 - Reward Breakdown:
  action_rate               | Scaled Avg:  -0.0177 | Raw Avg:   1.7694
  action_smoothness         | Scaled Avg:  -0.0005 | Raw Avg:   0.2730
  ang_vel_xy                | Scaled Avg:  -0.0029 | Raw Avg:   1.4485
  collision                 | Scaled Avg:  -0.0000 | Raw Avg:   0.0020
  dof_acc                   | Scaled Avg:  -0.0007 | Raw Avg: 142233.1406
  dof_error                 | Scaled Avg:  -0.0028 | Raw Avg:   0.2769
  dof_vel                   | Scaled Avg:  -0.0085 | Raw Avg:  84.8865
  feet_contact_forces       | Scaled Avg:  -0.0000 | Raw Avg:   8.6795
  foot_clearance            | Scaled Avg:  -0.0001 | Raw Avg:   0.0074
  foot_mirror               | Scaled Avg:  -0.0001 | Raw Avg:   0.0757
  foot_slide                | Scaled Avg:  -0.0017 | Raw Avg:   1.7455
  has_contact               | Scaled Avg:   0.0003 | Raw Avg:   0.0171
  hip_pos                   | Scaled Avg:  -0.0028 | Raw Avg:   0.0282
  lin_vel_z                 | Scaled Avg:  -0.0017 | Raw Avg:   0.0214
  orientation               | Scaled Avg:  -0.0000 | Raw Avg:   0.0098
  powers                    | Scaled Avg:  -0.0001 | Raw Avg: 165.1078
  stand_still               | Scaled Avg:  -0.0003 | Raw Avg:   0.0027
  torques                   | Scaled Avg:  -0.0003 | Raw Avg: 1392.0568
  tracking_ang_vel          | Scaled Avg:   0.0156 | Raw Avg:   0.7802
  tracking_lin_vel          | Scaled Avg:   0.0327 | Raw Avg:   0.8170
  termination               | Scaled Avg:  -0.0000
  TOTAL REWARD              | Scaled Avg:   0.0083
------------------------------

------------------------------
Step: 32500 - Reward Breakdown:
  action_rate               | Scaled Avg:  -0.0180 | Raw Avg:   1.8009
  action_smoothness         | Scaled Avg:  -0.0006 | Raw Avg:   0.2790
  ang_vel_xy                | Scaled Avg:  -0.0030 | Raw Avg:   1.5222
  collision                 | Scaled Avg:  -0.0002 | Raw Avg:   0.0075
  dof_acc                   | Scaled Avg:  -0.0007 | Raw Avg: 134801.3281
  dof_error                 | Scaled Avg:  -0.0029 | Raw Avg:   0.2860
  dof_vel                   | Scaled Avg:  -0.0086 | Raw Avg:  85.9344
  feet_contact_forces       | Scaled Avg:  -0.0000 | Raw Avg:   9.4285
  foot_clearance            | Scaled Avg:  -0.0001 | Raw Avg:   0.0075
  foot_mirror               | Scaled Avg:  -0.0001 | Raw Avg:   0.0820
  foot_slide                | Scaled Avg:  -0.0018 | Raw Avg:   1.7681
  has_contact               | Scaled Avg:   0.0004 | Raw Avg:   0.0224
  hip_pos                   | Scaled Avg:  -0.0028 | Raw Avg:   0.0279
  lin_vel_z                 | Scaled Avg:  -0.0021 | Raw Avg:   0.0257
  orientation               | Scaled Avg:  -0.0000 | Raw Avg:   0.0116
  powers                    | Scaled Avg:  -0.0001 | Raw Avg: 158.7665
  stand_still               | Scaled Avg:  -0.0002 | Raw Avg:   0.0019
  torques                   | Scaled Avg:  -0.0003 | Raw Avg: 1293.2806
  tracking_ang_vel          | Scaled Avg:   0.0156 | Raw Avg:   0.7780
  tracking_lin_vel          | Scaled Avg:   0.0326 | Raw Avg:   0.8147
  termination               | Scaled Avg:  -0.0001
  TOTAL REWARD              | Scaled Avg:   0.0073
------------------------------

------------------------------
Step: 33000 - Reward Breakdown:
  action_rate               | Scaled Avg:  -0.0183 | Raw Avg:   1.8294
  action_smoothness         | Scaled Avg:  -0.0006 | Raw Avg:   0.2871
  ang_vel_xy                | Scaled Avg:  -0.0027 | Raw Avg:   1.3586
  collision                 | Scaled Avg:  -0.0001 | Raw Avg:   0.0044
  dof_acc                   | Scaled Avg:  -0.0008 | Raw Avg: 150156.8281
  dof_error                 | Scaled Avg:  -0.0029 | Raw Avg:   0.2900
  dof_vel                   | Scaled Avg:  -0.0087 | Raw Avg:  87.0309
  feet_contact_forces       | Scaled Avg:  -0.0000 | Raw Avg:   8.6712
  foot_clearance            | Scaled Avg:  -0.0001 | Raw Avg:   0.0081
  foot_mirror               | Scaled Avg:  -0.0001 | Raw Avg:   0.0856
  foot_slide                | Scaled Avg:  -0.0018 | Raw Avg:   1.7624
  has_contact               | Scaled Avg:   0.0004 | Raw Avg:   0.0195
  hip_pos                   | Scaled Avg:  -0.0028 | Raw Avg:   0.0283
  lin_vel_z                 | Scaled Avg:  -0.0091 | Raw Avg:   0.1141
  orientation               | Scaled Avg:  -0.0000 | Raw Avg:   0.0106
  powers                    | Scaled Avg:  -0.0001 | Raw Avg: 150.6718
  stand_still               | Scaled Avg:  -0.0003 | Raw Avg:   0.0031
  torques                   | Scaled Avg:  -0.0002 | Raw Avg: 1187.3744
  tracking_ang_vel          | Scaled Avg:   0.0154 | Raw Avg:   0.7724
  tracking_lin_vel          | Scaled Avg:   0.0328 | Raw Avg:   0.8208
  termination               | Scaled Avg:  -0.0000
  TOTAL REWARD              | Scaled Avg:   0.0066
------------------------------

------------------------------
Step: 33500 - Reward Breakdown:
  action_rate               | Scaled Avg:  -0.0213 | Raw Avg:   2.1254
  action_smoothness         | Scaled Avg:  -0.0007 | Raw Avg:   0.3363
  ang_vel_xy                | Scaled Avg:  -0.0033 | Raw Avg:   1.6294
  base_height               | Scaled Avg:  -0.0874 | Raw Avg:   4.3676
  collision                 | Scaled Avg:  -0.0001 | Raw Avg:   0.0062
  dof_acc                   | Scaled Avg:  -0.0007 | Raw Avg: 147042.1250
  dof_error                 | Scaled Avg:  -0.0032 | Raw Avg:   0.3210
  dof_vel                   | Scaled Avg:  -0.0094 | Raw Avg:  93.6554
  feet_contact_forces       | Scaled Avg:  -0.0000 | Raw Avg:   8.6150
  foot_clearance            | Scaled Avg:  -0.0001 | Raw Avg:   0.0075
  foot_mirror               | Scaled Avg:  -0.0001 | Raw Avg:   0.0993
  foot_slide                | Scaled Avg:  -0.0018 | Raw Avg:   1.7941
  has_contact               | Scaled Avg:   0.0004 | Raw Avg:   0.0198
  hip_pos                   | Scaled Avg:  -0.0032 | Raw Avg:   0.0317
  lin_vel_z                 | Scaled Avg:  -0.0175 | Raw Avg:   0.2184
  orientation               | Scaled Avg:  -0.0001 | Raw Avg:   0.0138
  powers                    | Scaled Avg:  -0.0001 | Raw Avg: 153.1413
  stand_still               | Scaled Avg:  -0.0002 | Raw Avg:   0.0017
  torques                   | Scaled Avg:  -0.0002 | Raw Avg: 1167.4257
  tracking_ang_vel          | Scaled Avg:   0.0147 | Raw Avg:   0.7345
  tracking_lin_vel          | Scaled Avg:   0.0316 | Raw Avg:   0.7909
  termination               | Scaled Avg:  -0.0000
  TOTAL REWARD              | Scaled Avg:  -0.0019
------------------------------
################################################################################
                    [1m Learning iteration 16400/20000 [0m                    

                       Computation: 81264 steps/s (collection: 1.329s, learning 0.471s)
                     surrogate_loss -0.0014
                         value_loss 0.8635
                            entropy -0.6116
                     estimator_loss 0.0000
                         total_loss 0.8560
             Mean action noise std: 0.26
                       Mean reward: 1.82
               Mean episode length: 507.43
      Mean episode rew_action_rate: -0.4897
Mean episode rew_frame_action_rate: -0.0263
Mean episode rew_action_smoothness: -0.0155
Mean episode rew_frame_action_smoothness: -0.0008
       Mean episode rew_ang_vel_xy: -0.0767
 Mean episode rew_frame_ang_vel_xy: -0.0101
      Mean episode rew_base_height: -0.0003
Mean episode rew_frame_base_height: -0.0001
        Mean episode rew_collision: -0.0028
  Mean episode rew_frame_collision: -0.0012
          Mean episode rew_dof_acc: -0.0186
    Mean episode rew_frame_dof_acc: -0.0021
        Mean episode rew_dof_error: -0.0786
  Mean episode rew_frame_dof_error: -0.0099
          Mean episode rew_dof_vel: -0.2270
    Mean episode rew_frame_dof_vel: -0.0168
    Mean episode rew_feet_air_time: 0.0001
Mean episode rew_frame_feet_air_time: 0.0000
Mean episode rew_feet_contact_forces: -0.0007
Mean episode rew_frame_feet_contact_forces: -0.0000
   Mean episode rew_foot_clearance: -0.0020
Mean episode rew_frame_foot_clearance: -0.0002
      Mean episode rew_foot_mirror: -0.0023
Mean episode rew_frame_foot_mirror: -0.0003
       Mean episode rew_foot_slide: -0.0451
 Mean episode rew_frame_foot_slide: -0.0017
      Mean episode rew_has_contact: 0.0129
Mean episode rew_frame_has_contact: 0.0004
          Mean episode rew_hip_pos: -0.0752
    Mean episode rew_frame_hip_pos: -0.0113
        Mean episode rew_lin_vel_z: -0.0538
  Mean episode rew_frame_lin_vel_z: -0.0147
      Mean episode rew_orientation: -0.0013
Mean episode rew_frame_orientation: -0.0004
           Mean episode rew_powers: -0.0015
     Mean episode rew_frame_powers: -0.0001
      Mean episode rew_stand_still: -0.0110
Mean episode rew_frame_stand_still: -0.0003
          Mean episode rew_stumble: -0.0000
    Mean episode rew_frame_stumble: -0.0000
      Mean episode rew_termination: -0.0017
Mean episode rew_frame_termination: -0.0013
          Mean episode rew_torques: -0.0058
    Mean episode rew_frame_torques: -0.0003
 Mean episode rew_tracking_ang_vel: 0.3829
Mean episode rew_frame_tracking_ang_vel: 0.0104
 Mean episode rew_tracking_lin_vel: 0.8132
Mean episode rew_frame_tracking_lin_vel: 0.0204
Mean episode max_power_throughout_episode: 3477.8613
            Mean episode max_pos_x: 4.2058
            Mean episode min_pos_x: -3.5658
            Mean episode max_pos_y: 3.9937
            Mean episode min_pos_y: -4.4920
        Mean episode timeout_ratio: 0.4391
       Mean episode num_terminated: 11.6667
--------------------------------------------------------------------------------
                   Total timesteps: 2194560
                    Iteration time: 1.80s
                        Total time: 2499.72s
                               ETA: 6423.3s


------------------------------
Step: 34000 - Reward Breakdown:
  action_rate               | Scaled Avg:  -0.0204 | Raw Avg:   2.0381
  action_smoothness         | Scaled Avg:  -0.0007 | Raw Avg:   0.3274
  ang_vel_xy                | Scaled Avg:  -0.0032 | Raw Avg:   1.5801
  base_height               | Scaled Avg:  -0.0000 | Raw Avg:   0.0005
  collision                 | Scaled Avg:  -0.0001 | Raw Avg:   0.0052
  dof_acc                   | Scaled Avg:  -0.0008 | Raw Avg: 153507.6719
  dof_error                 | Scaled Avg:  -0.0030 | Raw Avg:   0.2981
  dof_vel                   | Scaled Avg:  -0.0092 | Raw Avg:  92.3031
  feet_air_time             | Scaled Avg:   0.0000 | Raw Avg:   0.0005
  feet_contact_forces       | Scaled Avg:  -0.0000 | Raw Avg:   8.8341
  foot_clearance            | Scaled Avg:  -0.0001 | Raw Avg:   0.0078
  foot_mirror               | Scaled Avg:  -0.0001 | Raw Avg:   0.0921
  foot_slide                | Scaled Avg:  -0.0018 | Raw Avg:   1.7986
  has_contact               | Scaled Avg:   0.0003 | Raw Avg:   0.0160
  hip_pos                   | Scaled Avg:  -0.0030 | Raw Avg:   0.0300
  lin_vel_z                 | Scaled Avg:  -0.0020 | Raw Avg:   0.0255
  orientation               | Scaled Avg:  -0.0000 | Raw Avg:   0.0121
  powers                    | Scaled Avg:  -0.0001 | Raw Avg: 152.9432
  stand_still               | Scaled Avg:  -0.0002 | Raw Avg:   0.0022
  torques                   | Scaled Avg:  -0.0002 | Raw Avg: 1165.8147
  tracking_ang_vel          | Scaled Avg:   0.0149 | Raw Avg:   0.7449
  tracking_lin_vel          | Scaled Avg:   0.0317 | Raw Avg:   0.7935
  termination               | Scaled Avg:  -0.0001
  TOTAL REWARD              | Scaled Avg:   0.0020
------------------------------

------------------------------
Step: 34500 - Reward Breakdown:
  action_rate               | Scaled Avg:  -0.0215 | Raw Avg:   2.1535
  action_smoothness         | Scaled Avg:  -0.0007 | Raw Avg:   0.3375
  ang_vel_xy                | Scaled Avg:  -0.0033 | Raw Avg:   1.6380
  base_height               | Scaled Avg:  -0.0000 | Raw Avg:   0.0006
  collision                 | Scaled Avg:  -0.0001 | Raw Avg:   0.0046
  dof_acc                   | Scaled Avg:  -0.0008 | Raw Avg: 165347.0938
  dof_error                 | Scaled Avg:  -0.0033 | Raw Avg:   0.3291
  dof_vel                   | Scaled Avg:  -0.0096 | Raw Avg:  96.4594
  feet_contact_forces       | Scaled Avg:  -0.0000 | Raw Avg:   9.6015
  foot_clearance            | Scaled Avg:  -0.0001 | Raw Avg:   0.0078
  foot_mirror               | Scaled Avg:  -0.0001 | Raw Avg:   0.1037
  foot_slide                | Scaled Avg:  -0.0018 | Raw Avg:   1.8067
  has_contact               | Scaled Avg:   0.0003 | Raw Avg:   0.0165
  hip_pos                   | Scaled Avg:  -0.0032 | Raw Avg:   0.0321
  lin_vel_z                 | Scaled Avg:  -0.0145 | Raw Avg:   0.1813
  orientation               | Scaled Avg:  -0.0001 | Raw Avg:   0.0141
  powers                    | Scaled Avg:  -0.0001 | Raw Avg: 159.5429
  stand_still               | Scaled Avg:  -0.0003 | Raw Avg:   0.0026
  torques                   | Scaled Avg:  -0.0002 | Raw Avg: 1240.4341
  tracking_ang_vel          | Scaled Avg:   0.0147 | Raw Avg:   0.7370
  tracking_lin_vel          | Scaled Avg:   0.0314 | Raw Avg:   0.7841
  termination               | Scaled Avg:  -0.0000
  TOTAL REWARD              | Scaled Avg:  -0.0020
------------------------------

------------------------------
Step: 35000 - Reward Breakdown:
  action_rate               | Scaled Avg:  -0.0224 | Raw Avg:   2.2356
  action_smoothness         | Scaled Avg:  -0.0007 | Raw Avg:   0.3565
  ang_vel_xy                | Scaled Avg:  -0.0034 | Raw Avg:   1.7109
  base_height               | Scaled Avg:  -0.0000 | Raw Avg:   0.0006
  collision                 | Scaled Avg:  -0.0001 | Raw Avg:   0.0066
  dof_acc                   | Scaled Avg:  -0.0009 | Raw Avg: 175741.8906
  dof_error                 | Scaled Avg:  -0.0034 | Raw Avg:   0.3441
  dof_vel                   | Scaled Avg:  -0.0098 | Raw Avg:  98.3610
  feet_contact_forces       | Scaled Avg:  -0.0000 | Raw Avg:   9.5973
  foot_clearance            | Scaled Avg:  -0.0001 | Raw Avg:   0.0081
  foot_mirror               | Scaled Avg:  -0.0001 | Raw Avg:   0.1075
  foot_slide                | Scaled Avg:  -0.0018 | Raw Avg:   1.7757
  has_contact               | Scaled Avg:   0.0004 | Raw Avg:   0.0204
  hip_pos                   | Scaled Avg:  -0.0032 | Raw Avg:   0.0323
  lin_vel_z                 | Scaled Avg:  -0.0036 | Raw Avg:   0.0444
  orientation               | Scaled Avg:  -0.0001 | Raw Avg:   0.0139
  powers                    | Scaled Avg:  -0.0001 | Raw Avg: 159.1888
  stand_still               | Scaled Avg:  -0.0003 | Raw Avg:   0.0026
  torques                   | Scaled Avg:  -0.0002 | Raw Avg: 1228.4219
  tracking_ang_vel          | Scaled Avg:   0.0144 | Raw Avg:   0.7192
  tracking_lin_vel          | Scaled Avg:   0.0313 | Raw Avg:   0.7814
  termination               | Scaled Avg:  -0.0001
  TOTAL REWARD              | Scaled Avg:  -0.0036
------------------------------

------------------------------
Step: 35500 - Reward Breakdown:
  action_rate               | Scaled Avg:  -0.0200 | Raw Avg:   1.9974
  action_smoothness         | Scaled Avg:  -0.0006 | Raw Avg:   0.3237
  ang_vel_xy                | Scaled Avg:  -0.0031 | Raw Avg:   1.5526
  base_height               | Scaled Avg:  -0.0000 | Raw Avg:   0.0007
  collision                 | Scaled Avg:  -0.0001 | Raw Avg:   0.0056
  dof_acc                   | Scaled Avg:  -0.0007 | Raw Avg: 149968.3906
  dof_error                 | Scaled Avg:  -0.0033 | Raw Avg:   0.3322
  dof_vel                   | Scaled Avg:  -0.0093 | Raw Avg:  92.6070
  feet_contact_forces       | Scaled Avg:  -0.0000 | Raw Avg:   9.0953
  foot_clearance            | Scaled Avg:  -0.0001 | Raw Avg:   0.0075
  foot_mirror               | Scaled Avg:  -0.0001 | Raw Avg:   0.1043
  foot_slide                | Scaled Avg:  -0.0018 | Raw Avg:   1.7704
  has_contact               | Scaled Avg:   0.0004 | Raw Avg:   0.0201
  hip_pos                   | Scaled Avg:  -0.0031 | Raw Avg:   0.0312
  lin_vel_z                 | Scaled Avg:  -0.0022 | Raw Avg:   0.0279
  orientation               | Scaled Avg:  -0.0001 | Raw Avg:   0.0147
  powers                    | Scaled Avg:  -0.0001 | Raw Avg: 153.0140
  stand_still               | Scaled Avg:  -0.0002 | Raw Avg:   0.0020
  torques                   | Scaled Avg:  -0.0002 | Raw Avg: 1153.0800
  tracking_ang_vel          | Scaled Avg:   0.0149 | Raw Avg:   0.7435
  tracking_lin_vel          | Scaled Avg:   0.0317 | Raw Avg:   0.7929
  termination               | Scaled Avg:  -0.0001
  TOTAL REWARD              | Scaled Avg:   0.0019
------------------------------

------------------------------
Step: 36000 - Reward Breakdown:
  action_rate               | Scaled Avg:  -0.0178 | Raw Avg:   1.7773
  action_smoothness         | Scaled Avg:  -0.0006 | Raw Avg:   0.2812
  ang_vel_xy                | Scaled Avg:  -0.0030 | Raw Avg:   1.4856
  base_height               | Scaled Avg:  -0.0000 | Raw Avg:   0.0007
  collision                 | Scaled Avg:  -0.0001 | Raw Avg:   0.0071
  dof_acc                   | Scaled Avg:  -0.0006 | Raw Avg: 110981.1953
  dof_error                 | Scaled Avg:  -0.0031 | Raw Avg:   0.3148
  dof_vel                   | Scaled Avg:  -0.0084 | Raw Avg:  84.2799
  feet_contact_forces       | Scaled Avg:  -0.0000 | Raw Avg:   7.8092
  foot_clearance            | Scaled Avg:  -0.0001 | Raw Avg:   0.0066
  foot_mirror               | Scaled Avg:  -0.0001 | Raw Avg:   0.0956
  foot_slide                | Scaled Avg:  -0.0018 | Raw Avg:   1.7633
  has_contact               | Scaled Avg:   0.0003 | Raw Avg:   0.0170
  hip_pos                   | Scaled Avg:  -0.0030 | Raw Avg:   0.0301
  lin_vel_z                 | Scaled Avg:  -0.0020 | Raw Avg:   0.0247
  orientation               | Scaled Avg:  -0.0001 | Raw Avg:   0.0135
  powers                    | Scaled Avg:  -0.0001 | Raw Avg: 153.7754
  stand_still               | Scaled Avg:  -0.0003 | Raw Avg:   0.0026
  torques                   | Scaled Avg:  -0.0003 | Raw Avg: 1263.9138
  tracking_ang_vel          | Scaled Avg:   0.0152 | Raw Avg:   0.7589
  tracking_lin_vel          | Scaled Avg:   0.0318 | Raw Avg:   0.7951
  termination               | Scaled Avg:  -0.0000
  TOTAL REWARD              | Scaled Avg:   0.0062
------------------------------
################################################################################
                    [1m Learning iteration 16500/20000 [0m                    

                       Computation: 81632 steps/s (collection: 1.323s, learning 0.470s)
                     surrogate_loss -0.0025
                         value_loss 0.0960
                            entropy 1.4351
                     estimator_loss 0.0000
                         total_loss 0.1078
             Mean action noise std: 0.21
                       Mean reward: -0.26
               Mean episode length: 496.83
      Mean episode rew_action_rate: -0.5086
Mean episode rew_frame_action_rate: -0.0223
Mean episode rew_action_smoothness: -0.0161
Mean episode rew_frame_action_smoothness: -0.0007
       Mean episode rew_ang_vel_xy: -0.0821
 Mean episode rew_frame_ang_vel_xy: -0.0082
      Mean episode rew_base_height: -0.0003
Mean episode rew_frame_base_height: -0.0001
        Mean episode rew_collision: -0.0035
  Mean episode rew_frame_collision: -0.0010
          Mean episode rew_dof_acc: -0.0188
    Mean episode rew_frame_dof_acc: -0.0014
        Mean episode rew_dof_error: -0.0859
  Mean episode rew_frame_dof_error: -0.0087
          Mean episode rew_dof_vel: -0.2357
    Mean episode rew_frame_dof_vel: -0.0138
    Mean episode rew_feet_air_time: 0.0002
Mean episode rew_frame_feet_air_time: 0.0000
Mean episode rew_feet_contact_forces: -0.0007
Mean episode rew_frame_feet_contact_forces: -0.0000
   Mean episode rew_foot_clearance: -0.0019
Mean episode rew_frame_foot_clearance: -0.0001
      Mean episode rew_foot_mirror: -0.0026
Mean episode rew_frame_foot_mirror: -0.0003
       Mean episode rew_foot_slide: -0.0450
 Mean episode rew_frame_foot_slide: -0.0017
      Mean episode rew_has_contact: 0.0122
Mean episode rew_frame_has_contact: 0.0003
          Mean episode rew_hip_pos: -0.0825
    Mean episode rew_frame_hip_pos: -0.0098
        Mean episode rew_lin_vel_z: -0.0637
  Mean episode rew_frame_lin_vel_z: -0.0119
      Mean episode rew_orientation: -0.0015
Mean episode rew_frame_orientation: -0.0004
           Mean episode rew_powers: -0.0016
     Mean episode rew_frame_powers: -0.0001
      Mean episode rew_stand_still: -0.0131
Mean episode rew_frame_stand_still: -0.0023
          Mean episode rew_stumble: -0.0000
    Mean episode rew_frame_stumble: -0.0000
      Mean episode rew_termination: -0.0019
Mean episode rew_frame_termination: -0.0010
          Mean episode rew_torques: -0.0061
    Mean episode rew_frame_torques: -0.0003
 Mean episode rew_tracking_ang_vel: 0.3736
Mean episode rew_frame_tracking_ang_vel: 0.0110
 Mean episode rew_tracking_lin_vel: 0.8017
Mean episode rew_frame_tracking_lin_vel: 0.0217
Mean episode max_power_throughout_episode: 3360.4475
            Mean episode max_pos_x: 3.7826
            Mean episode min_pos_x: -3.6231
            Mean episode max_pos_y: 3.6033
            Mean episode min_pos_y: -3.7004
        Mean episode timeout_ratio: 0.3791
       Mean episode num_terminated: 10.9167
--------------------------------------------------------------------------------
                   Total timesteps: 2340864
                    Iteration time: 1.79s
                        Total time: 2680.12s
                               ETA: 6249.4s


------------------------------
Step: 36500 - Reward Breakdown:
  action_rate               | Scaled Avg:  -0.0174 | Raw Avg:   1.7450
  action_smoothness         | Scaled Avg:  -0.0005 | Raw Avg:   0.2694
  ang_vel_xy                | Scaled Avg:  -0.0029 | Raw Avg:   1.4602
  base_height               | Scaled Avg:  -0.0000 | Raw Avg:   0.0007
  collision                 | Scaled Avg:  -0.0001 | Raw Avg:   0.0059
  dof_acc                   | Scaled Avg:  -0.0005 | Raw Avg: 102113.7188
  dof_error                 | Scaled Avg:  -0.0030 | Raw Avg:   0.2984
  dof_vel                   | Scaled Avg:  -0.0084 | Raw Avg:  84.3189
  feet_contact_forces       | Scaled Avg:  -0.0000 | Raw Avg:   8.1573
  foot_clearance            | Scaled Avg:  -0.0001 | Raw Avg:   0.0059
  foot_mirror               | Scaled Avg:  -0.0001 | Raw Avg:   0.0888
  foot_slide                | Scaled Avg:  -0.0017 | Raw Avg:   1.6977
  has_contact               | Scaled Avg:   0.0004 | Raw Avg:   0.0190
  hip_pos                   | Scaled Avg:  -0.0029 | Raw Avg:   0.0292
  lin_vel_z                 | Scaled Avg:  -0.0018 | Raw Avg:   0.0229
  orientation               | Scaled Avg:  -0.0000 | Raw Avg:   0.0122
  powers                    | Scaled Avg:  -0.0001 | Raw Avg: 161.5828
  stand_still               | Scaled Avg:  -0.0002 | Raw Avg:   0.0020
  torques                   | Scaled Avg:  -0.0003 | Raw Avg: 1379.8955
  tracking_ang_vel          | Scaled Avg:   0.0155 | Raw Avg:   0.7773
  tracking_lin_vel          | Scaled Avg:   0.0322 | Raw Avg:   0.8038
  termination               | Scaled Avg:  -0.0000
  TOTAL REWARD              | Scaled Avg:   0.0078
------------------------------

------------------------------
Step: 37000 - Reward Breakdown:
  action_rate               | Scaled Avg:  -0.0170 | Raw Avg:   1.7010
  action_smoothness         | Scaled Avg:  -0.0005 | Raw Avg:   0.2613
  ang_vel_xy                | Scaled Avg:  -0.0029 | Raw Avg:   1.4492
  base_height               | Scaled Avg:  -0.0000 | Raw Avg:   0.0006
  collision                 | Scaled Avg:  -0.0001 | Raw Avg:   0.0059
  dof_acc                   | Scaled Avg:  -0.0006 | Raw Avg: 115831.6641
  dof_error                 | Scaled Avg:  -0.0028 | Raw Avg:   0.2786
  dof_vel                   | Scaled Avg:  -0.0084 | Raw Avg:  83.9446
  feet_contact_forces       | Scaled Avg:  -0.0000 | Raw Avg:   7.7539
  foot_clearance            | Scaled Avg:  -0.0001 | Raw Avg:   0.0063
  foot_mirror               | Scaled Avg:  -0.0001 | Raw Avg:   0.0846
  foot_slide                | Scaled Avg:  -0.0017 | Raw Avg:   1.7346
  has_contact               | Scaled Avg:   0.0004 | Raw Avg:   0.0196
  hip_pos                   | Scaled Avg:  -0.0028 | Raw Avg:   0.0280
  lin_vel_z                 | Scaled Avg:  -0.0018 | Raw Avg:   0.0221
  orientation               | Scaled Avg:  -0.0000 | Raw Avg:   0.0110
  powers                    | Scaled Avg:  -0.0001 | Raw Avg: 157.4561
  stand_still               | Scaled Avg:  -0.0003 | Raw Avg:   0.0025
  torques                   | Scaled Avg:  -0.0003 | Raw Avg: 1317.8776
  tracking_ang_vel          | Scaled Avg:   0.0156 | Raw Avg:   0.7813
  tracking_lin_vel          | Scaled Avg:   0.0327 | Raw Avg:   0.8164
  termination               | Scaled Avg:  -0.0000
  TOTAL REWARD              | Scaled Avg:   0.0092
------------------------------

------------------------------
Step: 37500 - Reward Breakdown:
  action_rate               | Scaled Avg:  -0.0175 | Raw Avg:   1.7454
  action_smoothness         | Scaled Avg:  -0.0005 | Raw Avg:   0.2710
  ang_vel_xy                | Scaled Avg:  -0.0029 | Raw Avg:   1.4333
  collision                 | Scaled Avg:  -0.0001 | Raw Avg:   0.0041
  dof_acc                   | Scaled Avg:  -0.0007 | Raw Avg: 133028.9375
  dof_error                 | Scaled Avg:  -0.0028 | Raw Avg:   0.2838
  dof_vel                   | Scaled Avg:  -0.0085 | Raw Avg:  84.8668
  feet_contact_forces       | Scaled Avg:  -0.0000 | Raw Avg:   7.8823
  foot_clearance            | Scaled Avg:  -0.0001 | Raw Avg:   0.0070
  foot_mirror               | Scaled Avg:  -0.0001 | Raw Avg:   0.0856
  foot_slide                | Scaled Avg:  -0.0017 | Raw Avg:   1.7364
  has_contact               | Scaled Avg:   0.0004 | Raw Avg:   0.0186
  hip_pos                   | Scaled Avg:  -0.0029 | Raw Avg:   0.0286
  lin_vel_z                 | Scaled Avg:  -0.0021 | Raw Avg:   0.0262
  orientation               | Scaled Avg:  -0.0000 | Raw Avg:   0.0116
  powers                    | Scaled Avg:  -0.0001 | Raw Avg: 157.6892
  stand_still               | Scaled Avg:  -0.0002 | Raw Avg:   0.0015
  torques                   | Scaled Avg:  -0.0003 | Raw Avg: 1304.0151
  tracking_ang_vel          | Scaled Avg:   0.0156 | Raw Avg:   0.7776
  tracking_lin_vel          | Scaled Avg:   0.0324 | Raw Avg:   0.8104
  termination               | Scaled Avg:  -0.0001
  TOTAL REWARD              | Scaled Avg:   0.0080
------------------------------

------------------------------
Step: 38000 - Reward Breakdown:
  action_rate               | Scaled Avg:  -0.0174 | Raw Avg:   1.7448
  action_smoothness         | Scaled Avg:  -0.0005 | Raw Avg:   0.2727
  ang_vel_xy                | Scaled Avg:  -0.0027 | Raw Avg:   1.3468
  collision                 | Scaled Avg:  -0.0001 | Raw Avg:   0.0046
  dof_acc                   | Scaled Avg:  -0.0007 | Raw Avg: 130146.6484
  dof_error                 | Scaled Avg:  -0.0028 | Raw Avg:   0.2804
  dof_vel                   | Scaled Avg:  -0.0082 | Raw Avg:  81.6377
  feet_contact_forces       | Scaled Avg:  -0.0000 | Raw Avg:   7.9306
  foot_clearance            | Scaled Avg:  -0.0001 | Raw Avg:   0.0072
  foot_mirror               | Scaled Avg:  -0.0001 | Raw Avg:   0.0879
  foot_slide                | Scaled Avg:  -0.0018 | Raw Avg:   1.7611
  has_contact               | Scaled Avg:   0.0004 | Raw Avg:   0.0185
  hip_pos                   | Scaled Avg:  -0.0028 | Raw Avg:   0.0282
  lin_vel_z                 | Scaled Avg:  -0.0116 | Raw Avg:   0.1453
  orientation               | Scaled Avg:  -0.0000 | Raw Avg:   0.0106
  powers                    | Scaled Avg:  -0.0001 | Raw Avg: 150.2677
  stand_still               | Scaled Avg:  -0.0002 | Raw Avg:   0.0020
  torques                   | Scaled Avg:  -0.0002 | Raw Avg: 1238.8619
  tracking_ang_vel          | Scaled Avg:   0.0155 | Raw Avg:   0.7725
  tracking_lin_vel          | Scaled Avg:   0.0324 | Raw Avg:   0.8094
  termination               | Scaled Avg:  -0.0000
  TOTAL REWARD              | Scaled Avg:   0.0080
------------------------------
################################################################################
                    [1m Learning iteration 16600/20000 [0m                    

                       Computation: 82621 steps/s (collection: 1.302s, learning 0.469s)
                     surrogate_loss -0.0013
                         value_loss 0.1831
                            entropy 1.7129
                     estimator_loss 0.0000
                         total_loss 0.1990
             Mean action noise std: 0.21
                       Mean reward: 1.28
               Mean episode length: 643.61
      Mean episode rew_action_rate: -0.5659
Mean episode rew_frame_action_rate: -0.0201
Mean episode rew_action_smoothness: -0.0177
Mean episode rew_frame_action_smoothness: -0.0006
       Mean episode rew_ang_vel_xy: -0.0980
 Mean episode rew_frame_ang_vel_xy: -0.0063
      Mean episode rew_base_height: -0.0003
Mean episode rew_frame_base_height: -0.0001
        Mean episode rew_collision: -0.0026
  Mean episode rew_frame_collision: -0.0007
          Mean episode rew_dof_acc: -0.0219
    Mean episode rew_frame_dof_acc: -0.0013
        Mean episode rew_dof_error: -0.0939
  Mean episode rew_frame_dof_error: -0.0062
          Mean episode rew_dof_vel: -0.2720
    Mean episode rew_frame_dof_vel: -0.0120
    Mean episode rew_feet_air_time: 0.0002
Mean episode rew_frame_feet_air_time: 0.0000
Mean episode rew_feet_contact_forces: -0.0008
Mean episode rew_frame_feet_contact_forces: -0.0000
   Mean episode rew_foot_clearance: -0.0024
Mean episode rew_frame_foot_clearance: -0.0001
      Mean episode rew_foot_mirror: -0.0028
Mean episode rew_frame_foot_mirror: -0.0002
       Mean episode rew_foot_slide: -0.0573
 Mean episode rew_frame_foot_slide: -0.0017
      Mean episode rew_has_contact: 0.0084
Mean episode rew_frame_has_contact: 0.0003
          Mean episode rew_hip_pos: -0.0954
    Mean episode rew_frame_hip_pos: -0.0080
        Mean episode rew_lin_vel_z: -0.1318
  Mean episode rew_frame_lin_vel_z: -0.0098
      Mean episode rew_orientation: -0.0015
Mean episode rew_frame_orientation: -0.0003
           Mean episode rew_powers: -0.0020
     Mean episode rew_frame_powers: -0.0001
      Mean episode rew_stand_still: -0.0106
Mean episode rew_frame_stand_still: -0.0002
          Mean episode rew_stumble: -0.0000
    Mean episode rew_frame_stumble: -0.0000
      Mean episode rew_termination: -0.0012
Mean episode rew_frame_termination: -0.0007
          Mean episode rew_torques: -0.0084
    Mean episode rew_frame_torques: -0.0003
 Mean episode rew_tracking_ang_vel: 0.5169
Mean episode rew_frame_tracking_ang_vel: 0.0126
 Mean episode rew_tracking_lin_vel: 1.0821
Mean episode rew_frame_tracking_lin_vel: 0.0255
Mean episode max_power_throughout_episode: 3034.5378
            Mean episode max_pos_x: 5.0057
            Mean episode min_pos_x: -3.3783
            Mean episode max_pos_y: 3.7644
            Mean episode min_pos_y: -3.1773
        Mean episode timeout_ratio: 0.5952
       Mean episode num_terminated: 9.1250
--------------------------------------------------------------------------------
                   Total timesteps: 2487168
                    Iteration time: 1.77s
                        Total time: 2858.31s
                               ETA: 6070.1s


------------------------------
Step: 38500 - Reward Breakdown:
  action_rate               | Scaled Avg:  -0.0169 | Raw Avg:   1.6886
  action_smoothness         | Scaled Avg:  -0.0005 | Raw Avg:   0.2673
  ang_vel_xy                | Scaled Avg:  -0.0027 | Raw Avg:   1.3596
  collision                 | Scaled Avg:  -0.0001 | Raw Avg:   0.0049
  dof_acc                   | Scaled Avg:  -0.0007 | Raw Avg: 133717.0312
  dof_error                 | Scaled Avg:  -0.0028 | Raw Avg:   0.2831
  dof_vel                   | Scaled Avg:  -0.0081 | Raw Avg:  81.1128
  feet_contact_forces       | Scaled Avg:  -0.0000 | Raw Avg:   8.2933
  foot_clearance            | Scaled Avg:  -0.0001 | Raw Avg:   0.0074
  foot_mirror               | Scaled Avg:  -0.0001 | Raw Avg:   0.0830
  foot_slide                | Scaled Avg:  -0.0018 | Raw Avg:   1.7563
  has_contact               | Scaled Avg:   0.0004 | Raw Avg:   0.0194
  hip_pos                   | Scaled Avg:  -0.0029 | Raw Avg:   0.0289
  lin_vel_z                 | Scaled Avg:  -0.0018 | Raw Avg:   0.0222
  orientation               | Scaled Avg:  -0.0000 | Raw Avg:   0.0102
  powers                    | Scaled Avg:  -0.0001 | Raw Avg: 145.6108
  stand_still               | Scaled Avg:  -0.0002 | Raw Avg:   0.0021
  torques                   | Scaled Avg:  -0.0002 | Raw Avg: 1167.5173
  tracking_ang_vel          | Scaled Avg:   0.0155 | Raw Avg:   0.7770
  tracking_lin_vel          | Scaled Avg:   0.0322 | Raw Avg:   0.8056
  termination               | Scaled Avg:  -0.0000
  TOTAL REWARD              | Scaled Avg:   0.0091
------------------------------

------------------------------
Step: 39000 - Reward Breakdown:
  action_rate               | Scaled Avg:  -0.0164 | Raw Avg:   1.6439
  action_smoothness         | Scaled Avg:  -0.0005 | Raw Avg:   0.2613
  ang_vel_xy                | Scaled Avg:  -0.0026 | Raw Avg:   1.3218
  collision                 | Scaled Avg:  -0.0001 | Raw Avg:   0.0033
  dof_acc                   | Scaled Avg:  -0.0006 | Raw Avg: 120290.5859
  dof_error                 | Scaled Avg:  -0.0027 | Raw Avg:   0.2728
  dof_vel                   | Scaled Avg:  -0.0079 | Raw Avg:  79.3263
  feet_contact_forces       | Scaled Avg:  -0.0000 | Raw Avg:   8.0483
  foot_clearance            | Scaled Avg:  -0.0001 | Raw Avg:   0.0073
  foot_mirror               | Scaled Avg:  -0.0001 | Raw Avg:   0.0814
  foot_slide                | Scaled Avg:  -0.0018 | Raw Avg:   1.7537
  has_contact               | Scaled Avg:   0.0004 | Raw Avg:   0.0186
  hip_pos                   | Scaled Avg:  -0.0028 | Raw Avg:   0.0281
  lin_vel_z                 | Scaled Avg:  -0.0016 | Raw Avg:   0.0199
  orientation               | Scaled Avg:  -0.0000 | Raw Avg:   0.0101
  powers                    | Scaled Avg:  -0.0001 | Raw Avg: 148.6196
  stand_still               | Scaled Avg:  -0.0002 | Raw Avg:   0.0022
  torques                   | Scaled Avg:  -0.0002 | Raw Avg: 1191.7424
  tracking_ang_vel          | Scaled Avg:   0.0157 | Raw Avg:   0.7833
  tracking_lin_vel          | Scaled Avg:   0.0326 | Raw Avg:   0.8150
  termination               | Scaled Avg:  -0.0001
  TOTAL REWARD              | Scaled Avg:   0.0107
------------------------------

------------------------------
Step: 39500 - Reward Breakdown:
  action_rate               | Scaled Avg:  -0.0166 | Raw Avg:   1.6560
  action_smoothness         | Scaled Avg:  -0.0005 | Raw Avg:   0.2584
  ang_vel_xy                | Scaled Avg:  -0.0027 | Raw Avg:   1.3518
  collision                 | Scaled Avg:  -0.0001 | Raw Avg:   0.0048
  dof_acc                   | Scaled Avg:  -0.0006 | Raw Avg: 128040.9141
  dof_error                 | Scaled Avg:  -0.0028 | Raw Avg:   0.2754
  dof_vel                   | Scaled Avg:  -0.0081 | Raw Avg:  80.5822
  feet_contact_forces       | Scaled Avg:  -0.0000 | Raw Avg:   7.9992
  foot_clearance            | Scaled Avg:  -0.0001 | Raw Avg:   0.0074
  foot_mirror               | Scaled Avg:  -0.0001 | Raw Avg:   0.0810
  foot_slide                | Scaled Avg:  -0.0018 | Raw Avg:   1.7504
  has_contact               | Scaled Avg:   0.0004 | Raw Avg:   0.0185
  hip_pos                   | Scaled Avg:  -0.0028 | Raw Avg:   0.0283
  lin_vel_z                 | Scaled Avg:  -0.0019 | Raw Avg:   0.0232
  orientation               | Scaled Avg:  -0.0000 | Raw Avg:   0.0107
  powers                    | Scaled Avg:  -0.0001 | Raw Avg: 145.9193
  stand_still               | Scaled Avg:  -0.0002 | Raw Avg:   0.0023
  torques                   | Scaled Avg:  -0.0002 | Raw Avg: 1158.1823
  tracking_ang_vel          | Scaled Avg:   0.0158 | Raw Avg:   0.7902
  tracking_lin_vel          | Scaled Avg:   0.0327 | Raw Avg:   0.8177
  termination               | Scaled Avg:  -0.0000
  TOTAL REWARD              | Scaled Avg:   0.0103
------------------------------

------------------------------
Step: 40000 - Reward Breakdown:
  action_rate               | Scaled Avg:  -0.0167 | Raw Avg:   1.6732
  action_smoothness         | Scaled Avg:  -0.0005 | Raw Avg:   0.2565
  ang_vel_xy                | Scaled Avg:  -0.0025 | Raw Avg:   1.2666
  collision                 | Scaled Avg:  -0.0001 | Raw Avg:   0.0046
  dof_acc                   | Scaled Avg:  -0.0007 | Raw Avg: 141318.6094
  dof_error                 | Scaled Avg:  -0.0028 | Raw Avg:   0.2785
  dof_vel                   | Scaled Avg:  -0.0082 | Raw Avg:  81.8146
  feet_contact_forces       | Scaled Avg:  -0.0000 | Raw Avg:   8.5031
  foot_clearance            | Scaled Avg:  -0.0001 | Raw Avg:   0.0076
  foot_mirror               | Scaled Avg:  -0.0001 | Raw Avg:   0.0806
  foot_slide                | Scaled Avg:  -0.0017 | Raw Avg:   1.7186
  has_contact               | Scaled Avg:   0.0003 | Raw Avg:   0.0151
  hip_pos                   | Scaled Avg:  -0.0029 | Raw Avg:   0.0289
  lin_vel_z                 | Scaled Avg:  -0.0017 | Raw Avg:   0.0218
  orientation               | Scaled Avg:  -0.0000 | Raw Avg:   0.0104
  powers                    | Scaled Avg:  -0.0001 | Raw Avg: 146.0991
  stand_still               | Scaled Avg:  -0.0002 | Raw Avg:   0.0017
  torques                   | Scaled Avg:  -0.0002 | Raw Avg: 1152.7391
  tracking_ang_vel          | Scaled Avg:   0.0158 | Raw Avg:   0.7881
  tracking_lin_vel          | Scaled Avg:   0.0329 | Raw Avg:   0.8219
  termination               | Scaled Avg:  -0.0000
  TOTAL REWARD              | Scaled Avg:   0.0103
------------------------------

------------------------------
Step: 40500 - Reward Breakdown:
  action_rate               | Scaled Avg:  -0.0191 | Raw Avg:   1.9070
  action_smoothness         | Scaled Avg:  -0.0006 | Raw Avg:   0.3037
  ang_vel_xy                | Scaled Avg:  -0.0028 | Raw Avg:   1.3985
  collision                 | Scaled Avg:  -0.0001 | Raw Avg:   0.0056
  dof_acc                   | Scaled Avg:  -0.0008 | Raw Avg: 157901.5000
  dof_error                 | Scaled Avg:  -0.0029 | Raw Avg:   0.2937
  dof_vel                   | Scaled Avg:  -0.0090 | Raw Avg:  89.6727
  feet_air_time             | Scaled Avg:   0.0000 | Raw Avg:   0.0003
  feet_contact_forces       | Scaled Avg:  -0.0000 | Raw Avg:   8.8483
  foot_clearance            | Scaled Avg:  -0.0001 | Raw Avg:   0.0080
  foot_mirror               | Scaled Avg:  -0.0001 | Raw Avg:   0.0867
  foot_slide                | Scaled Avg:  -0.0018 | Raw Avg:   1.7664
  has_contact               | Scaled Avg:   0.0004 | Raw Avg:   0.0203
  hip_pos                   | Scaled Avg:  -0.0030 | Raw Avg:   0.0297
  lin_vel_z                 | Scaled Avg:  -0.0019 | Raw Avg:   0.0238
  orientation               | Scaled Avg:  -0.0000 | Raw Avg:   0.0113
  powers                    | Scaled Avg:  -0.0001 | Raw Avg: 148.1324
  stand_still               | Scaled Avg:  -0.0004 | Raw Avg:   0.0043
  torques                   | Scaled Avg:  -0.0002 | Raw Avg: 1125.1473
  tracking_ang_vel          | Scaled Avg:   0.0152 | Raw Avg:   0.7603
  tracking_lin_vel          | Scaled Avg:   0.0322 | Raw Avg:   0.8062
  termination               | Scaled Avg:  -0.0000
  TOTAL REWARD              | Scaled Avg:   0.0050
------------------------------
################################################################################
                    [1m Learning iteration 16700/20000 [0m                    

                       Computation: 82845 steps/s (collection: 1.298s, learning 0.468s)
                     surrogate_loss -0.0056
                         value_loss 0.0503
                            entropy 1.4640
                     estimator_loss 0.0000
                         total_loss 0.0594
             Mean action noise std: 0.21
                       Mean reward: 4.29
               Mean episode length: 634.41
      Mean episode rew_action_rate: -0.5765
Mean episode rew_frame_action_rate: -0.0207
Mean episode rew_action_smoothness: -0.0181
Mean episode rew_frame_action_smoothness: -0.0006
       Mean episode rew_ang_vel_xy: -0.0897
 Mean episode rew_frame_ang_vel_xy: -0.0068
      Mean episode rew_base_height: -0.0003
Mean episode rew_frame_base_height: -0.0001
        Mean episode rew_collision: -0.0029
  Mean episode rew_frame_collision: -0.0009
          Mean episode rew_dof_acc: -0.0255
    Mean episode rew_frame_dof_acc: -0.0017
        Mean episode rew_dof_error: -0.0943
  Mean episode rew_frame_dof_error: -0.0067
          Mean episode rew_dof_vel: -0.2844
    Mean episode rew_frame_dof_vel: -0.0130
    Mean episode rew_feet_air_time: 0.0002
Mean episode rew_frame_feet_air_time: 0.0000
Mean episode rew_feet_contact_forces: -0.0009
Mean episode rew_frame_feet_contact_forces: -0.0000
   Mean episode rew_foot_clearance: -0.0026
Mean episode rew_frame_foot_clearance: -0.0001
      Mean episode rew_foot_mirror: -0.0028
Mean episode rew_frame_foot_mirror: -0.0002
       Mean episode rew_foot_slide: -0.0569
 Mean episode rew_frame_foot_slide: -0.0018
      Mean episode rew_has_contact: 0.0073
Mean episode rew_frame_has_contact: 0.0002
          Mean episode rew_hip_pos: -0.0910
    Mean episode rew_frame_hip_pos: -0.0084
        Mean episode rew_lin_vel_z: -0.0570
  Mean episode rew_frame_lin_vel_z: -0.0079
      Mean episode rew_orientation: -0.0014
Mean episode rew_frame_orientation: -0.0003
           Mean episode rew_powers: -0.0019
     Mean episode rew_frame_powers: -0.0001
      Mean episode rew_stand_still: 0.0000
Mean episode rew_frame_stand_still: 0.0000
          Mean episode rew_stumble: -0.0000
    Mean episode rew_frame_stumble: -0.0000
      Mean episode rew_termination: -0.0013
Mean episode rew_frame_termination: -0.0008
          Mean episode rew_torques: -0.0074
    Mean episode rew_frame_torques: -0.0003
 Mean episode rew_tracking_ang_vel: 0.4916
Mean episode rew_frame_tracking_ang_vel: 0.0119
 Mean episode rew_tracking_lin_vel: 1.0348
Mean episode rew_frame_tracking_lin_vel: 0.0239
Mean episode max_power_throughout_episode: 3367.4661
            Mean episode max_pos_x: 4.7764
            Mean episode min_pos_x: -3.6624
            Mean episode max_pos_y: 4.4829
            Mean episode min_pos_y: -4.0103
        Mean episode timeout_ratio: 0.5692
       Mean episode num_terminated: 9.0000
--------------------------------------------------------------------------------
                   Total timesteps: 2633472
                    Iteration time: 1.77s
                        Total time: 3035.70s
                               ETA: 5889.4s


------------------------------
Step: 41000 - Reward Breakdown:
  action_rate               | Scaled Avg:  -0.0175 | Raw Avg:   1.7497
  action_smoothness         | Scaled Avg:  -0.0005 | Raw Avg:   0.2688
  ang_vel_xy                | Scaled Avg:  -0.0026 | Raw Avg:   1.2802
  collision                 | Scaled Avg:  -0.0001 | Raw Avg:   0.0033
  dof_acc                   | Scaled Avg:  -0.0007 | Raw Avg: 141613.2969
  dof_error                 | Scaled Avg:  -0.0028 | Raw Avg:   0.2775
  dof_vel                   | Scaled Avg:  -0.0083 | Raw Avg:  83.2793
  feet_contact_forces       | Scaled Avg:  -0.0000 | Raw Avg:   8.4288
  foot_clearance            | Scaled Avg:  -0.0001 | Raw Avg:   0.0082
  foot_mirror               | Scaled Avg:  -0.0001 | Raw Avg:   0.0814
  foot_slide                | Scaled Avg:  -0.0017 | Raw Avg:   1.7428
  has_contact               | Scaled Avg:   0.0004 | Raw Avg:   0.0191
  hip_pos                   | Scaled Avg:  -0.0027 | Raw Avg:   0.0273
  lin_vel_z                 | Scaled Avg:  -0.0017 | Raw Avg:   0.0207
  orientation               | Scaled Avg:  -0.0000 | Raw Avg:   0.0087
  powers                    | Scaled Avg:  -0.0001 | Raw Avg: 136.9964
  stand_still               | Scaled Avg:  -0.0003 | Raw Avg:   0.0025
  torques                   | Scaled Avg:  -0.0002 | Raw Avg: 1039.4133
  tracking_ang_vel          | Scaled Avg:   0.0157 | Raw Avg:   0.7834
  tracking_lin_vel          | Scaled Avg:   0.0328 | Raw Avg:   0.8212
  termination               | Scaled Avg:  -0.0000
  TOTAL REWARD              | Scaled Avg:   0.0095
------------------------------

------------------------------
Step: 41500 - Reward Breakdown:
  action_rate               | Scaled Avg:  -0.0167 | Raw Avg:   1.6714
  action_smoothness         | Scaled Avg:  -0.0005 | Raw Avg:   0.2590
  ang_vel_xy                | Scaled Avg:  -0.0027 | Raw Avg:   1.3529
  collision                 | Scaled Avg:  -0.0001 | Raw Avg:   0.0051
  dof_acc                   | Scaled Avg:  -0.0007 | Raw Avg: 142814.9219
  dof_error                 | Scaled Avg:  -0.0029 | Raw Avg:   0.2892
  dof_vel                   | Scaled Avg:  -0.0080 | Raw Avg:  80.0821
  feet_contact_forces       | Scaled Avg:  -0.0000 | Raw Avg:   7.8654
  foot_clearance            | Scaled Avg:  -0.0001 | Raw Avg:   0.0085
  foot_mirror               | Scaled Avg:  -0.0001 | Raw Avg:   0.0791
  foot_slide                | Scaled Avg:  -0.0017 | Raw Avg:   1.7170
  has_contact               | Scaled Avg:   0.0004 | Raw Avg:   0.0176
  hip_pos                   | Scaled Avg:  -0.0029 | Raw Avg:   0.0293
  lin_vel_z                 | Scaled Avg:  -0.0018 | Raw Avg:   0.0223
  orientation               | Scaled Avg:  -0.0000 | Raw Avg:   0.0096
  powers                    | Scaled Avg:  -0.0001 | Raw Avg: 145.0869
  stand_still               | Scaled Avg:  -0.0002 | Raw Avg:   0.0020
  torques                   | Scaled Avg:  -0.0002 | Raw Avg: 1153.0366
  tracking_ang_vel          | Scaled Avg:   0.0159 | Raw Avg:   0.7960
  tracking_lin_vel          | Scaled Avg:   0.0330 | Raw Avg:   0.8254
  termination               | Scaled Avg:  -0.0000
  TOTAL REWARD              | Scaled Avg:   0.0104
------------------------------

------------------------------
Step: 42000 - Reward Breakdown:
  action_rate               | Scaled Avg:  -0.0166 | Raw Avg:   1.6638
  action_smoothness         | Scaled Avg:  -0.0005 | Raw Avg:   0.2586
  ang_vel_xy                | Scaled Avg:  -0.0026 | Raw Avg:   1.2916
  collision                 | Scaled Avg:  -0.0001 | Raw Avg:   0.0057
  dof_acc                   | Scaled Avg:  -0.0008 | Raw Avg: 159919.4531
  dof_error                 | Scaled Avg:  -0.0029 | Raw Avg:   0.2911
  dof_vel                   | Scaled Avg:  -0.0082 | Raw Avg:  81.5083
  feet_contact_forces       | Scaled Avg:  -0.0000 | Raw Avg:   8.1645
  foot_clearance            | Scaled Avg:  -0.0001 | Raw Avg:   0.0087
  foot_mirror               | Scaled Avg:  -0.0001 | Raw Avg:   0.0822
  foot_slide                | Scaled Avg:  -0.0018 | Raw Avg:   1.7685
  has_contact               | Scaled Avg:   0.0003 | Raw Avg:   0.0143
  hip_pos                   | Scaled Avg:  -0.0029 | Raw Avg:   0.0292
  lin_vel_z                 | Scaled Avg:  -0.0027 | Raw Avg:   0.0340
  orientation               | Scaled Avg:  -0.0000 | Raw Avg:   0.0106
  powers                    | Scaled Avg:  -0.0001 | Raw Avg: 148.8526
  stand_still               | Scaled Avg:  -0.0002 | Raw Avg:   0.0023
  torques                   | Scaled Avg:  -0.0002 | Raw Avg: 1173.2395
  tracking_ang_vel          | Scaled Avg:   0.0157 | Raw Avg:   0.7840
  tracking_lin_vel          | Scaled Avg:   0.0329 | Raw Avg:   0.8221
  termination               | Scaled Avg:  -0.0001
  TOTAL REWARD              | Scaled Avg:   0.0089
------------------------------

------------------------------
Step: 42500 - Reward Breakdown:
  action_rate               | Scaled Avg:  -0.0183 | Raw Avg:   1.8317
  action_smoothness         | Scaled Avg:  -0.0006 | Raw Avg:   0.2926
  ang_vel_xy                | Scaled Avg:  -0.0028 | Raw Avg:   1.4237
  collision                 | Scaled Avg:  -0.0001 | Raw Avg:   0.0049
  dof_acc                   | Scaled Avg:  -0.0008 | Raw Avg: 157299.9844
  dof_error                 | Scaled Avg:  -0.0030 | Raw Avg:   0.2990
  dof_vel                   | Scaled Avg:  -0.0086 | Raw Avg:  86.0637
  feet_contact_forces       | Scaled Avg:  -0.0000 | Raw Avg:   8.3464
  foot_clearance            | Scaled Avg:  -0.0001 | Raw Avg:   0.0085
  foot_mirror               | Scaled Avg:  -0.0001 | Raw Avg:   0.0857
  foot_slide                | Scaled Avg:  -0.0018 | Raw Avg:   1.7801
  has_contact               | Scaled Avg:   0.0004 | Raw Avg:   0.0202
  hip_pos                   | Scaled Avg:  -0.0029 | Raw Avg:   0.0295
  lin_vel_z                 | Scaled Avg:  -0.0102 | Raw Avg:   0.1277
  orientation               | Scaled Avg:  -0.0000 | Raw Avg:   0.0111
  powers                    | Scaled Avg:  -0.0001 | Raw Avg: 151.6836
  stand_still               | Scaled Avg:  -0.0004 | Raw Avg:   0.0035
  torques                   | Scaled Avg:  -0.0002 | Raw Avg: 1188.3596
  tracking_ang_vel          | Scaled Avg:   0.0154 | Raw Avg:   0.7711
  tracking_lin_vel          | Scaled Avg:   0.0324 | Raw Avg:   0.8095
  termination               | Scaled Avg:  -0.0000
  TOTAL REWARD              | Scaled Avg:   0.0055
------------------------------

------------------------------
Step: 43000 - Reward Breakdown:
  action_rate               | Scaled Avg:  -0.0213 | Raw Avg:   2.1266
  action_smoothness         | Scaled Avg:  -0.0007 | Raw Avg:   0.3442
  ang_vel_xy                | Scaled Avg:  -0.0032 | Raw Avg:   1.6160
  base_height               | Scaled Avg:  -0.5414 | Raw Avg:  27.0697
  collision                 | Scaled Avg:  -0.0001 | Raw Avg:   0.0041
  dof_acc                   | Scaled Avg:  -0.0009 | Raw Avg: 185208.2344
  dof_error                 | Scaled Avg:  -0.0032 | Raw Avg:   0.3206
  dof_vel                   | Scaled Avg:  -0.0094 | Raw Avg:  93.7277
  feet_contact_forces       | Scaled Avg:  -0.0000 | Raw Avg:   9.5070
  foot_clearance            | Scaled Avg:  -0.0001 | Raw Avg:   0.0086
  foot_mirror               | Scaled Avg:  -0.0001 | Raw Avg:   0.0926
  foot_slide                | Scaled Avg:  -0.0018 | Raw Avg:   1.7999
  has_contact               | Scaled Avg:   0.0004 | Raw Avg:   0.0181
  hip_pos                   | Scaled Avg:  -0.0031 | Raw Avg:   0.0310
  lin_vel_z                 | Scaled Avg:  -0.0035 | Raw Avg:   0.0440
  orientation               | Scaled Avg:  -0.0000 | Raw Avg:   0.0115
  powers                    | Scaled Avg:  -0.0001 | Raw Avg: 154.4917
  stand_still               | Scaled Avg:  -0.0003 | Raw Avg:   0.0027
  torques                   | Scaled Avg:  -0.0002 | Raw Avg: 1188.4375
  tracking_ang_vel          | Scaled Avg:   0.0145 | Raw Avg:   0.7249
  tracking_lin_vel          | Scaled Avg:   0.0312 | Raw Avg:   0.7810
  termination               | Scaled Avg:  -0.0001
  TOTAL REWARD              | Scaled Avg:  -0.0026
------------------------------
################################################################################
                    [1m Learning iteration 16800/20000 [0m                    

                       Computation: 80979 steps/s (collection: 1.336s, learning 0.471s)
                     surrogate_loss -0.0026
                         value_loss 0.1978
                            entropy -0.6510
                     estimator_loss 0.0000
                         total_loss 0.1887
             Mean action noise std: 0.26
                       Mean reward: 1.89
               Mean episode length: 551.19
      Mean episode rew_action_rate: -0.5512
Mean episode rew_frame_action_rate: -0.0249
Mean episode rew_action_smoothness: -0.0178
Mean episode rew_frame_action_smoothness: -0.0007
       Mean episode rew_ang_vel_xy: -0.0868
 Mean episode rew_frame_ang_vel_xy: -0.0088
      Mean episode rew_base_height: -0.0002
Mean episode rew_frame_base_height: -0.0001
        Mean episode rew_collision: -0.0033
  Mean episode rew_frame_collision: -0.0010
          Mean episode rew_dof_acc: -0.0248
    Mean episode rew_frame_dof_acc: -0.0019
        Mean episode rew_dof_error: -0.0861
  Mean episode rew_frame_dof_error: -0.0084
          Mean episode rew_dof_vel: -0.2495
    Mean episode rew_frame_dof_vel: -0.0153
    Mean episode rew_feet_air_time: 0.0001
Mean episode rew_frame_feet_air_time: 0.0000
Mean episode rew_feet_contact_forces: -0.0007
Mean episode rew_frame_feet_contact_forces: -0.0000
   Mean episode rew_foot_clearance: -0.0024
Mean episode rew_frame_foot_clearance: -0.0001
      Mean episode rew_foot_mirror: -0.0025
Mean episode rew_frame_foot_mirror: -0.0003
       Mean episode rew_foot_slide: -0.0493
 Mean episode rew_frame_foot_slide: -0.0017
      Mean episode rew_has_contact: 0.0108
Mean episode rew_frame_has_contact: 0.0003
          Mean episode rew_hip_pos: -0.0831
    Mean episode rew_frame_hip_pos: -0.0104
        Mean episode rew_lin_vel_z: -0.0572
  Mean episode rew_frame_lin_vel_z: -0.0134
      Mean episode rew_orientation: -0.0014
Mean episode rew_frame_orientation: -0.0004
           Mean episode rew_powers: -0.0017
     Mean episode rew_frame_powers: -0.0001
      Mean episode rew_stand_still: -0.0095
Mean episode rew_frame_stand_still: -0.0004
          Mean episode rew_stumble: -0.0000
    Mean episode rew_frame_stumble: -0.0000
      Mean episode rew_termination: -0.0015
Mean episode rew_frame_termination: -0.0011
          Mean episode rew_torques: -0.0066
    Mean episode rew_frame_torques: -0.0003
 Mean episode rew_tracking_ang_vel: 0.4244
Mean episode rew_frame_tracking_ang_vel: 0.0111
 Mean episode rew_tracking_lin_vel: 0.9060
Mean episode rew_frame_tracking_lin_vel: 0.0219
Mean episode max_power_throughout_episode: 3528.8875
            Mean episode max_pos_x: 4.3518
            Mean episode min_pos_x: -3.2576
            Mean episode max_pos_y: 4.9463
            Mean episode min_pos_y: -4.3602
        Mean episode timeout_ratio: 0.4910
       Mean episode num_terminated: 14.0000
--------------------------------------------------------------------------------
                   Total timesteps: 2779776
                    Iteration time: 1.81s
                        Total time: 3213.56s
                               ETA: 5709.8s


------------------------------
Step: 43500 - Reward Breakdown:
  action_rate               | Scaled Avg:  -0.0209 | Raw Avg:   2.0892
  action_smoothness         | Scaled Avg:  -0.0007 | Raw Avg:   0.3334
  ang_vel_xy                | Scaled Avg:  -0.0031 | Raw Avg:   1.5729
  collision                 | Scaled Avg:  -0.0001 | Raw Avg:   0.0044
  dof_acc                   | Scaled Avg:  -0.0009 | Raw Avg: 181232.1094
  dof_error                 | Scaled Avg:  -0.0032 | Raw Avg:   0.3223
  dof_vel                   | Scaled Avg:  -0.0093 | Raw Avg:  92.8933
  feet_contact_forces       | Scaled Avg:  -0.0000 | Raw Avg:   9.4856
  foot_clearance            | Scaled Avg:  -0.0001 | Raw Avg:   0.0086
  foot_mirror               | Scaled Avg:  -0.0001 | Raw Avg:   0.0911
  foot_slide                | Scaled Avg:  -0.0018 | Raw Avg:   1.7701
  has_contact               | Scaled Avg:   0.0004 | Raw Avg:   0.0185
  hip_pos                   | Scaled Avg:  -0.0031 | Raw Avg:   0.0306
  lin_vel_z                 | Scaled Avg:  -0.0020 | Raw Avg:   0.0245
  orientation               | Scaled Avg:  -0.0000 | Raw Avg:   0.0119
  powers                    | Scaled Avg:  -0.0001 | Raw Avg: 155.2212
  stand_still               | Scaled Avg:  -0.0002 | Raw Avg:   0.0020
  torques                   | Scaled Avg:  -0.0002 | Raw Avg: 1202.9519
  tracking_ang_vel          | Scaled Avg:   0.0148 | Raw Avg:   0.7388
  tracking_lin_vel          | Scaled Avg:   0.0315 | Raw Avg:   0.7866
  termination               | Scaled Avg:  -0.0001
  TOTAL REWARD              | Scaled Avg:   0.0008
------------------------------

------------------------------
Step: 44000 - Reward Breakdown:
  action_rate               | Scaled Avg:  -0.0186 | Raw Avg:   1.8627
  action_smoothness         | Scaled Avg:  -0.0006 | Raw Avg:   0.2956
  ang_vel_xy                | Scaled Avg:  -0.0028 | Raw Avg:   1.4011
  collision                 | Scaled Avg:  -0.0001 | Raw Avg:   0.0057
  dof_acc                   | Scaled Avg:  -0.0007 | Raw Avg: 149636.3281
  dof_error                 | Scaled Avg:  -0.0029 | Raw Avg:   0.2924
  dof_vel                   | Scaled Avg:  -0.0086 | Raw Avg:  86.4055
  feet_contact_forces       | Scaled Avg:  -0.0000 | Raw Avg:   8.3519
  foot_clearance            | Scaled Avg:  -0.0001 | Raw Avg:   0.0080
  foot_mirror               | Scaled Avg:  -0.0001 | Raw Avg:   0.0829
  foot_slide                | Scaled Avg:  -0.0018 | Raw Avg:   1.7783
  has_contact               | Scaled Avg:   0.0004 | Raw Avg:   0.0215
  hip_pos                   | Scaled Avg:  -0.0028 | Raw Avg:   0.0285
  lin_vel_z                 | Scaled Avg:  -0.0019 | Raw Avg:   0.0240
  orientation               | Scaled Avg:  -0.0000 | Raw Avg:   0.0107
  powers                    | Scaled Avg:  -0.0001 | Raw Avg: 147.0136
  stand_still               | Scaled Avg:  -0.0002 | Raw Avg:   0.0018
  torques                   | Scaled Avg:  -0.0002 | Raw Avg: 1141.2694
  tracking_ang_vel          | Scaled Avg:   0.0152 | Raw Avg:   0.7619
  tracking_lin_vel          | Scaled Avg:   0.0326 | Raw Avg:   0.8154
  termination               | Scaled Avg:  -0.0000
  TOTAL REWARD              | Scaled Avg:   0.0066
------------------------------

------------------------------
Step: 44500 - Reward Breakdown:
  action_rate               | Scaled Avg:  -0.0174 | Raw Avg:   1.7404
  action_smoothness         | Scaled Avg:  -0.0005 | Raw Avg:   0.2686
  ang_vel_xy                | Scaled Avg:  -0.0028 | Raw Avg:   1.3865
  collision                 | Scaled Avg:  -0.0001 | Raw Avg:   0.0036
  dof_acc                   | Scaled Avg:  -0.0007 | Raw Avg: 140552.0000
  dof_error                 | Scaled Avg:  -0.0030 | Raw Avg:   0.2996
  dof_vel                   | Scaled Avg:  -0.0086 | Raw Avg:  85.7421
  feet_contact_forces       | Scaled Avg:  -0.0000 | Raw Avg:   8.0267
  foot_clearance            | Scaled Avg:  -0.0001 | Raw Avg:   0.0076
  foot_mirror               | Scaled Avg:  -0.0001 | Raw Avg:   0.0850
  foot_slide                | Scaled Avg:  -0.0018 | Raw Avg:   1.7767
  has_contact               | Scaled Avg:   0.0003 | Raw Avg:   0.0167
  hip_pos                   | Scaled Avg:  -0.0029 | Raw Avg:   0.0293
  lin_vel_z                 | Scaled Avg:  -0.0020 | Raw Avg:   0.0246
  orientation               | Scaled Avg:  -0.0000 | Raw Avg:   0.0107
  powers                    | Scaled Avg:  -0.0001 | Raw Avg: 150.7753
  stand_still               | Scaled Avg:  -0.0002 | Raw Avg:   0.0015
  torques                   | Scaled Avg:  -0.0002 | Raw Avg: 1171.1605
  tracking_ang_vel          | Scaled Avg:   0.0155 | Raw Avg:   0.7758
  tracking_lin_vel          | Scaled Avg:   0.0328 | Raw Avg:   0.8193
  termination               | Scaled Avg:  -0.0000
  TOTAL REWARD              | Scaled Avg:   0.0082
------------------------------

------------------------------
Step: 45000 - Reward Breakdown:
  action_rate               | Scaled Avg:  -0.0169 | Raw Avg:   1.6931
  action_smoothness         | Scaled Avg:  -0.0005 | Raw Avg:   0.2638
  ang_vel_xy                | Scaled Avg:  -0.0027 | Raw Avg:   1.3483
  collision                 | Scaled Avg:  -0.0001 | Raw Avg:   0.0034
  dof_acc                   | Scaled Avg:  -0.0008 | Raw Avg: 158335.5000
  dof_error                 | Scaled Avg:  -0.0029 | Raw Avg:   0.2866
  dof_vel                   | Scaled Avg:  -0.0083 | Raw Avg:  83.2792
  feet_air_time             | Scaled Avg:   0.0000 | Raw Avg:   0.0003
  feet_contact_forces       | Scaled Avg:  -0.0000 | Raw Avg:   8.3861
  foot_clearance            | Scaled Avg:  -0.0001 | Raw Avg:   0.0080
  foot_mirror               | Scaled Avg:  -0.0001 | Raw Avg:   0.0808
  foot_slide                | Scaled Avg:  -0.0017 | Raw Avg:   1.7068
  has_contact               | Scaled Avg:   0.0005 | Raw Avg:   0.0226
  hip_pos                   | Scaled Avg:  -0.0028 | Raw Avg:   0.0279
  lin_vel_z                 | Scaled Avg:  -0.0019 | Raw Avg:   0.0231
  orientation               | Scaled Avg:  -0.0000 | Raw Avg:   0.0108
  powers                    | Scaled Avg:  -0.0001 | Raw Avg: 152.7565
  stand_still               | Scaled Avg:  -0.0003 | Raw Avg:   0.0033
  torques                   | Scaled Avg:  -0.0002 | Raw Avg: 1227.6466
  tracking_ang_vel          | Scaled Avg:   0.0157 | Raw Avg:   0.7850
  tracking_lin_vel          | Scaled Avg:   0.0330 | Raw Avg:   0.8240
  termination               | Scaled Avg:  -0.0001
  TOTAL REWARD              | Scaled Avg:   0.0096
------------------------------

------------------------------
Step: 45500 - Reward Breakdown:
  action_rate               | Scaled Avg:  -0.0175 | Raw Avg:   1.7509
  action_smoothness         | Scaled Avg:  -0.0005 | Raw Avg:   0.2709
  ang_vel_xy                | Scaled Avg:  -0.0029 | Raw Avg:   1.4335
  base_height               | Scaled Avg:  -0.0063 | Raw Avg:   0.3154
  collision                 | Scaled Avg:  -0.0001 | Raw Avg:   0.0034
  dof_acc                   | Scaled Avg:  -0.0007 | Raw Avg: 140876.5781
  dof_error                 | Scaled Avg:  -0.0029 | Raw Avg:   0.2855
  dof_vel                   | Scaled Avg:  -0.0085 | Raw Avg:  84.7785
  feet_contact_forces       | Scaled Avg:  -0.0000 | Raw Avg:   8.1822
  foot_clearance            | Scaled Avg:  -0.0001 | Raw Avg:   0.0076
  foot_mirror               | Scaled Avg:  -0.0001 | Raw Avg:   0.0819
  foot_slide                | Scaled Avg:  -0.0018 | Raw Avg:   1.7548
  has_contact               | Scaled Avg:   0.0003 | Raw Avg:   0.0162
  hip_pos                   | Scaled Avg:  -0.0030 | Raw Avg:   0.0298
  lin_vel_z                 | Scaled Avg:  -0.0023 | Raw Avg:   0.0284
  orientation               | Scaled Avg:  -0.0000 | Raw Avg:   0.0106
  powers                    | Scaled Avg:  -0.0001 | Raw Avg: 155.2409
  stand_still               | Scaled Avg:  -0.0002 | Raw Avg:   0.0019
  torques                   | Scaled Avg:  -0.0003 | Raw Avg: 1252.6156
  tracking_ang_vel          | Scaled Avg:   0.0156 | Raw Avg:   0.7811
  tracking_lin_vel          | Scaled Avg:   0.0330 | Raw Avg:   0.8260
  termination               | Scaled Avg:   0.0000
  TOTAL REWARD              | Scaled Avg:   0.0074
------------------------------
################################################################################
                    [1m Learning iteration 16900/20000 [0m                    

                       Computation: 82493 steps/s (collection: 1.304s, learning 0.469s)
                     surrogate_loss -0.0049
                         value_loss 0.0513
                            entropy 1.2395
                     estimator_loss 0.0000
                         total_loss 0.0588
             Mean action noise std: 0.22
                       Mean reward: 6.30
               Mean episode length: 653.11
      Mean episode rew_action_rate: -0.5477
Mean episode rew_frame_action_rate: -0.0205
Mean episode rew_action_smoothness: -0.0171
Mean episode rew_frame_action_smoothness: -0.0006
       Mean episode rew_ang_vel_xy: -0.0897
 Mean episode rew_frame_ang_vel_xy: -0.0068
      Mean episode rew_base_height: -0.0003
Mean episode rew_frame_base_height: -0.0001
        Mean episode rew_collision: -0.0026
  Mean episode rew_frame_collision: -0.0005
          Mean episode rew_dof_acc: -0.0224
    Mean episode rew_frame_dof_acc: -0.0012
        Mean episode rew_dof_error: -0.0924
  Mean episode rew_frame_dof_error: -0.0068
          Mean episode rew_dof_vel: -0.2667
    Mean episode rew_frame_dof_vel: -0.0122
    Mean episode rew_feet_air_time: 0.0002
Mean episode rew_frame_feet_air_time: 0.0000
Mean episode rew_feet_contact_forces: -0.0008
Mean episode rew_frame_feet_contact_forces: -0.0000
   Mean episode rew_foot_clearance: -0.0025
Mean episode rew_frame_foot_clearance: -0.0001
      Mean episode rew_foot_mirror: -0.0026
Mean episode rew_frame_foot_mirror: -0.0002
       Mean episode rew_foot_slide: -0.0564
 Mean episode rew_frame_foot_slide: -0.0017
      Mean episode rew_has_contact: 0.0141
Mean episode rew_frame_has_contact: 0.0004
          Mean episode rew_hip_pos: -0.0913
    Mean episode rew_frame_hip_pos: -0.0085
        Mean episode rew_lin_vel_z: -0.0574
  Mean episode rew_frame_lin_vel_z: -0.0084
      Mean episode rew_orientation: -0.0013
Mean episode rew_frame_orientation: -0.0002
           Mean episode rew_powers: -0.0020
     Mean episode rew_frame_powers: -0.0001
      Mean episode rew_stand_still: -0.0075
Mean episode rew_frame_stand_still: -0.0001
          Mean episode rew_stumble: -0.0000
    Mean episode rew_frame_stumble: -0.0000
      Mean episode rew_termination: -0.0013
Mean episode rew_frame_termination: -0.0007
          Mean episode rew_torques: -0.0080
    Mean episode rew_frame_torques: -0.0003
 Mean episode rew_tracking_ang_vel: 0.5058
Mean episode rew_frame_tracking_ang_vel: 0.0130
 Mean episode rew_tracking_lin_vel: 1.0689
Mean episode rew_frame_tracking_lin_vel: 0.0257
Mean episode max_power_throughout_episode: 3220.4924
            Mean episode max_pos_x: 5.1393
            Mean episode min_pos_x: -3.7989
            Mean episode max_pos_y: 4.2069
            Mean episode min_pos_y: -4.1101
        Mean episode timeout_ratio: 0.5734
       Mean episode num_terminated: 10.5417
--------------------------------------------------------------------------------
                   Total timesteps: 2926080
                    Iteration time: 1.77s
                        Total time: 3391.94s
                               ETA: 5531.3s


------------------------------
Step: 46000 - Reward Breakdown:
  action_rate               | Scaled Avg:  -0.0173 | Raw Avg:   1.7252
  action_smoothness         | Scaled Avg:  -0.0005 | Raw Avg:   0.2697
  ang_vel_xy                | Scaled Avg:  -0.0027 | Raw Avg:   1.3588
  collision                 | Scaled Avg:  -0.0001 | Raw Avg:   0.0041
  dof_acc                   | Scaled Avg:  -0.0007 | Raw Avg: 132789.7656
  dof_error                 | Scaled Avg:  -0.0028 | Raw Avg:   0.2818
  dof_vel                   | Scaled Avg:  -0.0083 | Raw Avg:  82.7581
  feet_contact_forces       | Scaled Avg:  -0.0000 | Raw Avg:   8.4405
  foot_clearance            | Scaled Avg:  -0.0001 | Raw Avg:   0.0074
  foot_mirror               | Scaled Avg:  -0.0001 | Raw Avg:   0.0830
  foot_slide                | Scaled Avg:  -0.0017 | Raw Avg:   1.7416
  has_contact               | Scaled Avg:   0.0004 | Raw Avg:   0.0192
  hip_pos                   | Scaled Avg:  -0.0029 | Raw Avg:   0.0289
  lin_vel_z                 | Scaled Avg:  -0.0020 | Raw Avg:   0.0244
  orientation               | Scaled Avg:  -0.0000 | Raw Avg:   0.0109
  powers                    | Scaled Avg:  -0.0001 | Raw Avg: 148.8581
  stand_still               | Scaled Avg:  -0.0003 | Raw Avg:   0.0028
  torques                   | Scaled Avg:  -0.0002 | Raw Avg: 1179.2700
  tracking_ang_vel          | Scaled Avg:   0.0156 | Raw Avg:   0.7807
  tracking_lin_vel          | Scaled Avg:   0.0329 | Raw Avg:   0.8222
  termination               | Scaled Avg:  -0.0000
  TOTAL REWARD              | Scaled Avg:   0.0091
------------------------------

------------------------------
Step: 46500 - Reward Breakdown:
  action_rate               | Scaled Avg:  -0.0173 | Raw Avg:   1.7302
  action_smoothness         | Scaled Avg:  -0.0006 | Raw Avg:   0.2767
  ang_vel_xy                | Scaled Avg:  -0.0027 | Raw Avg:   1.3477
  collision                 | Scaled Avg:  -0.0001 | Raw Avg:   0.0028
  dof_acc                   | Scaled Avg:  -0.0007 | Raw Avg: 139850.1250
  dof_error                 | Scaled Avg:  -0.0028 | Raw Avg:   0.2837
  dof_vel                   | Scaled Avg:  -0.0085 | Raw Avg:  84.6934
  feet_contact_forces       | Scaled Avg:  -0.0000 | Raw Avg:   8.5072
  foot_clearance            | Scaled Avg:  -0.0001 | Raw Avg:   0.0074
  foot_mirror               | Scaled Avg:  -0.0001 | Raw Avg:   0.0812
  foot_slide                | Scaled Avg:  -0.0018 | Raw Avg:   1.7723
  has_contact               | Scaled Avg:   0.0004 | Raw Avg:   0.0194
  hip_pos                   | Scaled Avg:  -0.0029 | Raw Avg:   0.0290
  lin_vel_z                 | Scaled Avg:  -0.0017 | Raw Avg:   0.0210
  orientation               | Scaled Avg:  -0.0000 | Raw Avg:   0.0094
  powers                    | Scaled Avg:  -0.0001 | Raw Avg: 149.7939
  stand_still               | Scaled Avg:  -0.0002 | Raw Avg:   0.0017
  torques                   | Scaled Avg:  -0.0002 | Raw Avg: 1177.3407
  tracking_ang_vel          | Scaled Avg:   0.0155 | Raw Avg:   0.7736
  tracking_lin_vel          | Scaled Avg:   0.0329 | Raw Avg:   0.8230
  termination               | Scaled Avg:  -0.0000
  TOTAL REWARD              | Scaled Avg:   0.0091
------------------------------

------------------------------
Step: 47000 - Reward Breakdown:
  action_rate               | Scaled Avg:  -0.0168 | Raw Avg:   1.6756
  action_smoothness         | Scaled Avg:  -0.0005 | Raw Avg:   0.2609
  ang_vel_xy                | Scaled Avg:  -0.0026 | Raw Avg:   1.2966
  collision                 | Scaled Avg:  -0.0001 | Raw Avg:   0.0033
  dof_acc                   | Scaled Avg:  -0.0006 | Raw Avg: 129386.4375
  dof_error                 | Scaled Avg:  -0.0027 | Raw Avg:   0.2725
  dof_vel                   | Scaled Avg:  -0.0082 | Raw Avg:  82.3334
  feet_contact_forces       | Scaled Avg:  -0.0000 | Raw Avg:   7.7965
  foot_clearance            | Scaled Avg:  -0.0001 | Raw Avg:   0.0069
  foot_mirror               | Scaled Avg:  -0.0001 | Raw Avg:   0.0771
  foot_slide                | Scaled Avg:  -0.0017 | Raw Avg:   1.7436
  has_contact               | Scaled Avg:   0.0004 | Raw Avg:   0.0198
  hip_pos                   | Scaled Avg:  -0.0028 | Raw Avg:   0.0280
  lin_vel_z                 | Scaled Avg:  -0.0017 | Raw Avg:   0.0213
  orientation               | Scaled Avg:  -0.0000 | Raw Avg:   0.0093
  powers                    | Scaled Avg:  -0.0001 | Raw Avg: 145.2567
  stand_still               | Scaled Avg:  -0.0001 | Raw Avg:   0.0013
  torques                   | Scaled Avg:  -0.0002 | Raw Avg: 1151.3419
  tracking_ang_vel          | Scaled Avg:   0.0156 | Raw Avg:   0.7798
  tracking_lin_vel          | Scaled Avg:   0.0328 | Raw Avg:   0.8199
  termination               | Scaled Avg:  -0.0000
  TOTAL REWARD              | Scaled Avg:   0.0103
------------------------------

------------------------------
Step: 47500 - Reward Breakdown:
  action_rate               | Scaled Avg:  -0.0165 | Raw Avg:   1.6524
  action_smoothness         | Scaled Avg:  -0.0005 | Raw Avg:   0.2579
  ang_vel_xy                | Scaled Avg:  -0.0026 | Raw Avg:   1.2913
  base_height               | Scaled Avg:  -0.0000 | Raw Avg:   0.0005
  collision                 | Scaled Avg:  -0.0001 | Raw Avg:   0.0038
  dof_acc                   | Scaled Avg:  -0.0006 | Raw Avg: 121194.3906
  dof_error                 | Scaled Avg:  -0.0028 | Raw Avg:   0.2765
  dof_vel                   | Scaled Avg:  -0.0081 | Raw Avg:  81.0825
  feet_contact_forces       | Scaled Avg:  -0.0000 | Raw Avg:   8.0701
  foot_clearance            | Scaled Avg:  -0.0001 | Raw Avg:   0.0067
  foot_mirror               | Scaled Avg:  -0.0001 | Raw Avg:   0.0789
  foot_slide                | Scaled Avg:  -0.0018 | Raw Avg:   1.7504
  has_contact               | Scaled Avg:   0.0004 | Raw Avg:   0.0192
  hip_pos                   | Scaled Avg:  -0.0029 | Raw Avg:   0.0286
  lin_vel_z                 | Scaled Avg:  -0.0017 | Raw Avg:   0.0208
  orientation               | Scaled Avg:  -0.0000 | Raw Avg:   0.0098
  powers                    | Scaled Avg:  -0.0001 | Raw Avg: 146.4785
  stand_still               | Scaled Avg:  -0.0003 | Raw Avg:   0.0026
  torques                   | Scaled Avg:  -0.0002 | Raw Avg: 1150.3279
  tracking_ang_vel          | Scaled Avg:   0.0157 | Raw Avg:   0.7836
  tracking_lin_vel          | Scaled Avg:   0.0328 | Raw Avg:   0.8208
  termination               | Scaled Avg:  -0.0000
  TOTAL REWARD              | Scaled Avg:   0.0106
------------------------------

------------------------------
Step: 48000 - Reward Breakdown:
  action_rate               | Scaled Avg:  -0.0165 | Raw Avg:   1.6498
  action_smoothness         | Scaled Avg:  -0.0005 | Raw Avg:   0.2563
  ang_vel_xy                | Scaled Avg:  -0.0025 | Raw Avg:   1.2725
  collision                 | Scaled Avg:  -0.0001 | Raw Avg:   0.0041
  dof_acc                   | Scaled Avg:  -0.0007 | Raw Avg: 137556.1719
  dof_error                 | Scaled Avg:  -0.0028 | Raw Avg:   0.2766
  dof_vel                   | Scaled Avg:  -0.0082 | Raw Avg:  81.6812
  feet_contact_forces       | Scaled Avg:  -0.0000 | Raw Avg:   8.3273
  foot_clearance            | Scaled Avg:  -0.0001 | Raw Avg:   0.0075
  foot_mirror               | Scaled Avg:  -0.0001 | Raw Avg:   0.0759
  foot_slide                | Scaled Avg:  -0.0017 | Raw Avg:   1.7216
  has_contact               | Scaled Avg:   0.0004 | Raw Avg:   0.0197
  hip_pos                   | Scaled Avg:  -0.0027 | Raw Avg:   0.0273
  lin_vel_z                 | Scaled Avg:  -0.0017 | Raw Avg:   0.0216
  orientation               | Scaled Avg:  -0.0000 | Raw Avg:   0.0095
  powers                    | Scaled Avg:  -0.0001 | Raw Avg: 144.9915
  stand_still               | Scaled Avg:  -0.0003 | Raw Avg:   0.0028
  torques                   | Scaled Avg:  -0.0002 | Raw Avg: 1139.1500
  tracking_ang_vel          | Scaled Avg:   0.0158 | Raw Avg:   0.7894
  tracking_lin_vel          | Scaled Avg:   0.0329 | Raw Avg:   0.8232
  termination               | Scaled Avg:  -0.0000
  TOTAL REWARD              | Scaled Avg:   0.0109
------------------------------
################################################################################
                    [1m Learning iteration 17000/20000 [0m                    

                       Computation: 83743 steps/s (collection: 1.280s, learning 0.467s)
                     surrogate_loss -0.0059
                         value_loss 0.0479
                            entropy 2.2609
                     estimator_loss 0.0000
                         total_loss 0.0646
             Mean action noise std: 0.20
                       Mean reward: 6.18
               Mean episode length: 649.29
      Mean episode rew_action_rate: -0.5278
Mean episode rew_frame_action_rate: -0.0197
Mean episode rew_action_smoothness: -0.0164
Mean episode rew_frame_action_smoothness: -0.0006
       Mean episode rew_ang_vel_xy: -0.0838
 Mean episode rew_frame_ang_vel_xy: -0.0064
      Mean episode rew_base_height: -0.0003
Mean episode rew_frame_base_height: -0.0001
        Mean episode rew_collision: -0.0032
  Mean episode rew_frame_collision: -0.0012
          Mean episode rew_dof_acc: -0.0205
    Mean episode rew_frame_dof_acc: -0.0015
        Mean episode rew_dof_error: -0.0875
  Mean episode rew_frame_dof_error: -0.0071
          Mean episode rew_dof_vel: -0.2582
    Mean episode rew_frame_dof_vel: -0.0121
    Mean episode rew_feet_air_time: 0.0002
Mean episode rew_frame_feet_air_time: 0.0000
Mean episode rew_feet_contact_forces: -0.0007
Mean episode rew_frame_feet_contact_forces: -0.0000
   Mean episode rew_foot_clearance: -0.0022
Mean episode rew_frame_foot_clearance: -0.0001
      Mean episode rew_foot_mirror: -0.0025
Mean episode rew_frame_foot_mirror: -0.0002
       Mean episode rew_foot_slide: -0.0544
 Mean episode rew_frame_foot_slide: -0.0017
      Mean episode rew_has_contact: 0.0071
Mean episode rew_frame_has_contact: 0.0002
          Mean episode rew_hip_pos: -0.0919
    Mean episode rew_frame_hip_pos: -0.0078
        Mean episode rew_lin_vel_z: -0.0563
  Mean episode rew_frame_lin_vel_z: -0.0068
      Mean episode rew_orientation: -0.0014
Mean episode rew_frame_orientation: -0.0003
           Mean episode rew_powers: -0.0019
     Mean episode rew_frame_powers: -0.0001
      Mean episode rew_stand_still: -0.0001
Mean episode rew_frame_stand_still: -0.0000
          Mean episode rew_stumble: -0.0000
    Mean episode rew_frame_stumble: -0.0000
      Mean episode rew_termination: -0.0013
Mean episode rew_frame_termination: -0.0007
          Mean episode rew_torques: -0.0072
    Mean episode rew_frame_torques: -0.0002
 Mean episode rew_tracking_ang_vel: 0.4873
Mean episode rew_frame_tracking_ang_vel: 0.0126
 Mean episode rew_tracking_lin_vel: 1.0182
Mean episode rew_frame_tracking_lin_vel: 0.0243
Mean episode max_power_throughout_episode: 3060.8059
            Mean episode max_pos_x: 3.5579
            Mean episode min_pos_x: -3.4371
            Mean episode max_pos_y: 2.8049
            Mean episode min_pos_y: -3.3921
        Mean episode timeout_ratio: 0.5558
       Mean episode num_terminated: 7.5000
--------------------------------------------------------------------------------
                   Total timesteps: 3072384
                    Iteration time: 1.75s
                        Total time: 3568.90s
                               ETA: 5350.7s


------------------------------
Step: 48500 - Reward Breakdown:
  action_rate               | Scaled Avg:  -0.0172 | Raw Avg:   1.7225
  action_smoothness         | Scaled Avg:  -0.0005 | Raw Avg:   0.2697
  ang_vel_xy                | Scaled Avg:  -0.0027 | Raw Avg:   1.3556
  collision                 | Scaled Avg:  -0.0001 | Raw Avg:   0.0044
  dof_acc                   | Scaled Avg:  -0.0008 | Raw Avg: 152895.5156
  dof_error                 | Scaled Avg:  -0.0028 | Raw Avg:   0.2848
  dof_vel                   | Scaled Avg:  -0.0084 | Raw Avg:  83.8102
  feet_contact_forces       | Scaled Avg:  -0.0000 | Raw Avg:   8.2847
  foot_clearance            | Scaled Avg:  -0.0001 | Raw Avg:   0.0075
  foot_mirror               | Scaled Avg:  -0.0001 | Raw Avg:   0.0795
  foot_slide                | Scaled Avg:  -0.0017 | Raw Avg:   1.7296
  has_contact               | Scaled Avg:   0.0004 | Raw Avg:   0.0189
  hip_pos                   | Scaled Avg:  -0.0029 | Raw Avg:   0.0285
  lin_vel_z                 | Scaled Avg:  -0.0017 | Raw Avg:   0.0212
  orientation               | Scaled Avg:  -0.0000 | Raw Avg:   0.0106
  powers                    | Scaled Avg:  -0.0001 | Raw Avg: 152.6848
  stand_still               | Scaled Avg:  -0.0004 | Raw Avg:   0.0037
  torques                   | Scaled Avg:  -0.0002 | Raw Avg: 1199.8740
  tracking_ang_vel          | Scaled Avg:   0.0155 | Raw Avg:   0.7737
  tracking_lin_vel          | Scaled Avg:   0.0326 | Raw Avg:   0.8144
  termination               | Scaled Avg:  -0.0000
  TOTAL REWARD              | Scaled Avg:   0.0087
------------------------------

------------------------------
Step: 49000 - Reward Breakdown:
  action_rate               | Scaled Avg:  -0.0171 | Raw Avg:   1.7084
  action_smoothness         | Scaled Avg:  -0.0005 | Raw Avg:   0.2679
  ang_vel_xy                | Scaled Avg:  -0.0025 | Raw Avg:   1.2749
  collision                 | Scaled Avg:  -0.0001 | Raw Avg:   0.0052
  dof_acc                   | Scaled Avg:  -0.0007 | Raw Avg: 144787.5781
  dof_error                 | Scaled Avg:  -0.0028 | Raw Avg:   0.2813
  dof_vel                   | Scaled Avg:  -0.0082 | Raw Avg:  82.0641
  feet_contact_forces       | Scaled Avg:  -0.0000 | Raw Avg:   8.1839
  foot_clearance            | Scaled Avg:  -0.0001 | Raw Avg:   0.0073
  foot_mirror               | Scaled Avg:  -0.0001 | Raw Avg:   0.0847
  foot_slide                | Scaled Avg:  -0.0017 | Raw Avg:   1.7246
  has_contact               | Scaled Avg:   0.0004 | Raw Avg:   0.0185
  hip_pos                   | Scaled Avg:  -0.0028 | Raw Avg:   0.0280
  lin_vel_z                 | Scaled Avg:  -0.0017 | Raw Avg:   0.0210
  orientation               | Scaled Avg:  -0.0000 | Raw Avg:   0.0095
  powers                    | Scaled Avg:  -0.0001 | Raw Avg: 146.1574
  stand_still               | Scaled Avg:  -0.0002 | Raw Avg:   0.0015
  torques                   | Scaled Avg:  -0.0002 | Raw Avg: 1156.9637
  tracking_ang_vel          | Scaled Avg:   0.0155 | Raw Avg:   0.7775
  tracking_lin_vel          | Scaled Avg:   0.0329 | Raw Avg:   0.8225
  termination               | Scaled Avg:  -0.0000
  TOTAL REWARD              | Scaled Avg:   0.0099
------------------------------

------------------------------
Step: 49500 - Reward Breakdown:
  action_rate               | Scaled Avg:  -0.0172 | Raw Avg:   1.7209
  action_smoothness         | Scaled Avg:  -0.0005 | Raw Avg:   0.2716
  ang_vel_xy                | Scaled Avg:  -0.0027 | Raw Avg:   1.3279
  base_height               | Scaled Avg:  -0.0000 | Raw Avg:   0.0005
  collision                 | Scaled Avg:  -0.0001 | Raw Avg:   0.0054
  dof_acc                   | Scaled Avg:  -0.0007 | Raw Avg: 144441.3906
  dof_error                 | Scaled Avg:  -0.0029 | Raw Avg:   0.2920
  dof_vel                   | Scaled Avg:  -0.0082 | Raw Avg:  81.8738
  feet_contact_forces       | Scaled Avg:  -0.0000 | Raw Avg:   7.6251
  foot_clearance            | Scaled Avg:  -0.0001 | Raw Avg:   0.0073
  foot_mirror               | Scaled Avg:  -0.0001 | Raw Avg:   0.0884
  foot_slide                | Scaled Avg:  -0.0018 | Raw Avg:   1.7639
  has_contact               | Scaled Avg:   0.0004 | Raw Avg:   0.0179
  hip_pos                   | Scaled Avg:  -0.0029 | Raw Avg:   0.0290
  lin_vel_z                 | Scaled Avg:  -0.0148 | Raw Avg:   0.1852
  orientation               | Scaled Avg:  -0.0000 | Raw Avg:   0.0119
  powers                    | Scaled Avg:  -0.0001 | Raw Avg: 140.7551
  stand_still               | Scaled Avg:  -0.0002 | Raw Avg:   0.0022
  torques                   | Scaled Avg:  -0.0002 | Raw Avg: 1072.4326
  tracking_ang_vel          | Scaled Avg:   0.0155 | Raw Avg:   0.7767
  tracking_lin_vel          | Scaled Avg:   0.0324 | Raw Avg:   0.8106
  termination               | Scaled Avg:  -0.0000
  TOTAL REWARD              | Scaled Avg:   0.0080
------------------------------

------------------------------
Step: 50000 - Reward Breakdown:
  action_rate               | Scaled Avg:  -0.0166 | Raw Avg:   1.6634
  action_smoothness         | Scaled Avg:  -0.0005 | Raw Avg:   0.2701
  ang_vel_xy                | Scaled Avg:  -0.0026 | Raw Avg:   1.3230
  collision                 | Scaled Avg:  -0.0001 | Raw Avg:   0.0052
  dof_acc                   | Scaled Avg:  -0.0006 | Raw Avg: 128281.0469
  dof_error                 | Scaled Avg:  -0.0028 | Raw Avg:   0.2778
  dof_vel                   | Scaled Avg:  -0.0080 | Raw Avg:  79.9656
  feet_contact_forces       | Scaled Avg:  -0.0000 | Raw Avg:   7.7041
  foot_clearance            | Scaled Avg:  -0.0001 | Raw Avg:   0.0073
  foot_mirror               | Scaled Avg:  -0.0001 | Raw Avg:   0.0835
  foot_slide                | Scaled Avg:  -0.0017 | Raw Avg:   1.7335
  has_contact               | Scaled Avg:   0.0004 | Raw Avg:   0.0206
  hip_pos                   | Scaled Avg:  -0.0028 | Raw Avg:   0.0281
  lin_vel_z                 | Scaled Avg:  -0.0018 | Raw Avg:   0.0219
  orientation               | Scaled Avg:  -0.0000 | Raw Avg:   0.0106
  powers                    | Scaled Avg:  -0.0001 | Raw Avg: 134.1936
  stand_still               | Scaled Avg:  -0.0003 | Raw Avg:   0.0027
  torques                   | Scaled Avg:  -0.0002 | Raw Avg: 1019.7242
  tracking_ang_vel          | Scaled Avg:   0.0153 | Raw Avg:   0.7670
  tracking_lin_vel          | Scaled Avg:   0.0319 | Raw Avg:   0.7963
  termination               | Scaled Avg:  -0.0000
  TOTAL REWARD              | Scaled Avg:   0.0092
------------------------------
################################################################################
                    [1m Learning iteration 17100/20000 [0m                    

                       Computation: 82585 steps/s (collection: 1.305s, learning 0.467s)
                     surrogate_loss -0.0038
                         value_loss 0.0629
                            entropy 1.1451
                     estimator_loss 0.0000
                         total_loss 0.0706
             Mean action noise std: 0.22
                       Mean reward: 4.04
               Mean episode length: 520.64
      Mean episode rew_action_rate: -0.5320
Mean episode rew_frame_action_rate: -0.0203
Mean episode rew_action_smoothness: -0.0171
Mean episode rew_frame_action_smoothness: -0.0006
       Mean episode rew_ang_vel_xy: -0.0840
 Mean episode rew_frame_ang_vel_xy: -0.0066
      Mean episode rew_base_height: -0.0003
Mean episode rew_frame_base_height: -0.0001
        Mean episode rew_collision: -0.0019
  Mean episode rew_frame_collision: -0.0006
          Mean episode rew_dof_acc: -0.0218
    Mean episode rew_frame_dof_acc: -0.0015
        Mean episode rew_dof_error: -0.0884
  Mean episode rew_frame_dof_error: -0.0065
          Mean episode rew_dof_vel: -0.2518
    Mean episode rew_frame_dof_vel: -0.0125
    Mean episode rew_feet_air_time: 0.0001
Mean episode rew_frame_feet_air_time: 0.0000
Mean episode rew_feet_contact_forces: -0.0007
Mean episode rew_frame_feet_contact_forces: -0.0000
   Mean episode rew_foot_clearance: -0.0023
Mean episode rew_frame_foot_clearance: -0.0001
      Mean episode rew_foot_mirror: -0.0027
Mean episode rew_frame_foot_mirror: -0.0002
       Mean episode rew_foot_slide: -0.0533
 Mean episode rew_frame_foot_slide: -0.0017
      Mean episode rew_has_contact: 0.0154
Mean episode rew_frame_has_contact: 0.0004
          Mean episode rew_hip_pos: -0.0909
    Mean episode rew_frame_hip_pos: -0.0088
        Mean episode rew_lin_vel_z: -0.0559
  Mean episode rew_frame_lin_vel_z: -0.0094
      Mean episode rew_orientation: -0.0013
Mean episode rew_frame_orientation: -0.0002
           Mean episode rew_powers: -0.0017
     Mean episode rew_frame_powers: -0.0001
      Mean episode rew_stand_still: 0.0000
Mean episode rew_frame_stand_still: 0.0000
          Mean episode rew_stumble: -0.0000
    Mean episode rew_frame_stumble: -0.0000
      Mean episode rew_termination: -0.0014
Mean episode rew_frame_termination: -0.0007
          Mean episode rew_torques: -0.0065
    Mean episode rew_frame_torques: -0.0002
 Mean episode rew_tracking_ang_vel: 0.4858
Mean episode rew_frame_tracking_ang_vel: 0.0123
 Mean episode rew_tracking_lin_vel: 1.0179
Mean episode rew_frame_tracking_lin_vel: 0.0243
Mean episode max_power_throughout_episode: 3015.2266
            Mean episode max_pos_x: 4.4489
            Mean episode min_pos_x: -2.9497
            Mean episode max_pos_y: 2.3509
            Mean episode min_pos_y: -3.8490
        Mean episode timeout_ratio: 0.5470
       Mean episode num_terminated: 8.1667
--------------------------------------------------------------------------------
                   Total timesteps: 3218688
                    Iteration time: 1.77s
                        Total time: 3746.12s
                               ETA: 5170.8s


------------------------------
Step: 50500 - Reward Breakdown:
  action_rate               | Scaled Avg:  -0.0180 | Raw Avg:   1.8050
  action_smoothness         | Scaled Avg:  -0.0006 | Raw Avg:   0.2830
  ang_vel_xy                | Scaled Avg:  -0.0028 | Raw Avg:   1.4052
  collision                 | Scaled Avg:  -0.0001 | Raw Avg:   0.0052
  dof_acc                   | Scaled Avg:  -0.0007 | Raw Avg: 147132.1719
  dof_error                 | Scaled Avg:  -0.0029 | Raw Avg:   0.2886
  dof_vel                   | Scaled Avg:  -0.0086 | Raw Avg:  86.1519
  feet_contact_forces       | Scaled Avg:  -0.0000 | Raw Avg:   8.3501
  foot_clearance            | Scaled Avg:  -0.0001 | Raw Avg:   0.0070
  foot_mirror               | Scaled Avg:  -0.0001 | Raw Avg:   0.0844
  foot_slide                | Scaled Avg:  -0.0014 | Raw Avg:   1.4016
  has_contact               | Scaled Avg:   0.0004 | Raw Avg:   0.0201
  hip_pos                   | Scaled Avg:  -0.0029 | Raw Avg:   0.0291
  lin_vel_z                 | Scaled Avg:  -0.0018 | Raw Avg:   0.0219
  orientation               | Scaled Avg:  -0.0000 | Raw Avg:   0.0109
  powers                    | Scaled Avg:  -0.0001 | Raw Avg: 142.5672
  stand_still               | Scaled Avg:  -0.0003 | Raw Avg:   0.0032
  torques                   | Scaled Avg:  -0.0002 | Raw Avg: 1068.4926
  tracking_ang_vel          | Scaled Avg:   0.0154 | Raw Avg:   0.7696
  tracking_lin_vel          | Scaled Avg:   0.0323 | Raw Avg:   0.8075
  termination               | Scaled Avg:  -0.0000
  TOTAL REWARD              | Scaled Avg:   0.0074
------------------------------

------------------------------
Step: 51000 - Reward Breakdown:
  action_rate               | Scaled Avg:  -0.0188 | Raw Avg:   1.8763
  action_smoothness         | Scaled Avg:  -0.0006 | Raw Avg:   0.3033
  ang_vel_xy                | Scaled Avg:  -0.0028 | Raw Avg:   1.3971
  collision                 | Scaled Avg:  -0.0001 | Raw Avg:   0.0036
  dof_acc                   | Scaled Avg:  -0.0007 | Raw Avg: 139587.4375
  dof_error                 | Scaled Avg:  -0.0029 | Raw Avg:   0.2899
  dof_vel                   | Scaled Avg:  -0.0086 | Raw Avg:  85.8185
  feet_contact_forces       | Scaled Avg:  -0.0000 | Raw Avg:   8.2824
  foot_clearance            | Scaled Avg:  -0.0001 | Raw Avg:   0.0073
  foot_mirror               | Scaled Avg:  -0.0001 | Raw Avg:   0.0890
  foot_slide                | Scaled Avg:  -0.0018 | Raw Avg:   1.7729
  has_contact               | Scaled Avg:   0.0004 | Raw Avg:   0.0224
  hip_pos                   | Scaled Avg:  -0.0028 | Raw Avg:   0.0280
  lin_vel_z                 | Scaled Avg:  -0.0019 | Raw Avg:   0.0233
  orientation               | Scaled Avg:  -0.0000 | Raw Avg:   0.0105
  powers                    | Scaled Avg:  -0.0001 | Raw Avg: 143.3619
  stand_still               | Scaled Avg:  -0.0003 | Raw Avg:   0.0029
  torques                   | Scaled Avg:  -0.0002 | Raw Avg: 1095.6012
  tracking_ang_vel          | Scaled Avg:   0.0152 | Raw Avg:   0.7621
  tracking_lin_vel          | Scaled Avg:   0.0317 | Raw Avg:   0.7932
  termination               | Scaled Avg:  -0.0000
  TOTAL REWARD              | Scaled Avg:   0.0057
------------------------------

------------------------------
Step: 51500 - Reward Breakdown:
  action_rate               | Scaled Avg:  -0.0186 | Raw Avg:   1.8564
  action_smoothness         | Scaled Avg:  -0.0006 | Raw Avg:   0.2930
  ang_vel_xy                | Scaled Avg:  -0.0029 | Raw Avg:   1.4714
  base_height               | Scaled Avg:  -0.0000 | Raw Avg:   0.0006
  collision                 | Scaled Avg:  -0.0001 | Raw Avg:   0.0046
  dof_acc                   | Scaled Avg:  -0.0008 | Raw Avg: 156045.3906
  dof_error                 | Scaled Avg:  -0.0031 | Raw Avg:   0.3106
  dof_vel                   | Scaled Avg:  -0.0089 | Raw Avg:  89.4700
  feet_contact_forces       | Scaled Avg:  -0.0000 | Raw Avg:   8.1539
  foot_clearance            | Scaled Avg:  -0.0001 | Raw Avg:   0.0076
  foot_mirror               | Scaled Avg:  -0.0001 | Raw Avg:   0.0968
  foot_slide                | Scaled Avg:  -0.0018 | Raw Avg:   1.7593
  has_contact               | Scaled Avg:   0.0005 | Raw Avg:   0.0228
  hip_pos                   | Scaled Avg:  -0.0031 | Raw Avg:   0.0311
  lin_vel_z                 | Scaled Avg:  -0.0085 | Raw Avg:   0.1058
  orientation               | Scaled Avg:  -0.0000 | Raw Avg:   0.0123
  powers                    | Scaled Avg:  -0.0001 | Raw Avg: 153.7137
  stand_still               | Scaled Avg:  -0.0002 | Raw Avg:   0.0024
  torques                   | Scaled Avg:  -0.0002 | Raw Avg: 1170.8239
  tracking_ang_vel          | Scaled Avg:   0.0151 | Raw Avg:   0.7573
  tracking_lin_vel          | Scaled Avg:   0.0321 | Raw Avg:   0.8027
  termination               | Scaled Avg:  -0.0000
  TOTAL REWARD              | Scaled Avg:   0.0036
------------------------------

------------------------------
Step: 52000 - Reward Breakdown:
  action_rate               | Scaled Avg:  -0.0217 | Raw Avg:   2.1727
  action_smoothness         | Scaled Avg:  -0.0007 | Raw Avg:   0.3463
  ang_vel_xy                | Scaled Avg:  -0.0033 | Raw Avg:   1.6285
  base_height               | Scaled Avg:  -0.0000 | Raw Avg:   0.0005
  collision                 | Scaled Avg:  -0.0001 | Raw Avg:   0.0036
  dof_acc                   | Scaled Avg:  -0.0009 | Raw Avg: 185642.0781
  dof_error                 | Scaled Avg:  -0.0034 | Raw Avg:   0.3364
  dof_vel                   | Scaled Avg:  -0.0098 | Raw Avg:  97.7840
  feet_contact_forces       | Scaled Avg:  -0.0000 | Raw Avg:   9.5212
  foot_clearance            | Scaled Avg:  -0.0001 | Raw Avg:   0.0077
  foot_mirror               | Scaled Avg:  -0.0001 | Raw Avg:   0.1110
  foot_slide                | Scaled Avg:  -0.0018 | Raw Avg:   1.8192
  has_contact               | Scaled Avg:   0.0004 | Raw Avg:   0.0196
  hip_pos                   | Scaled Avg:  -0.0032 | Raw Avg:   0.0320
  lin_vel_z                 | Scaled Avg:  -0.0648 | Raw Avg:   0.8095
  orientation               | Scaled Avg:  -0.0001 | Raw Avg:   0.0131
  powers                    | Scaled Avg:  -0.0001 | Raw Avg: 158.6994
  stand_still               | Scaled Avg:  -0.0003 | Raw Avg:   0.0029
  torques                   | Scaled Avg:  -0.0002 | Raw Avg: 1197.2876
  tracking_ang_vel          | Scaled Avg:   0.0145 | Raw Avg:   0.7256
  tracking_lin_vel          | Scaled Avg:   0.0313 | Raw Avg:   0.7819
  termination               | Scaled Avg:  -0.0000
  TOTAL REWARD              | Scaled Avg:  -0.0044
------------------------------

------------------------------
Step: 52500 - Reward Breakdown:
  action_rate               | Scaled Avg:  -0.0241 | Raw Avg:   2.4098
  action_smoothness         | Scaled Avg:  -0.0008 | Raw Avg:   0.3885
  ang_vel_xy                | Scaled Avg:  -0.0037 | Raw Avg:   1.8672
  base_height               | Scaled Avg:  -0.0000 | Raw Avg:   0.0008
  collision                 | Scaled Avg:  -0.0001 | Raw Avg:   0.0062
  dof_acc                   | Scaled Avg:  -0.0008 | Raw Avg: 167155.3906
  dof_error                 | Scaled Avg:  -0.0036 | Raw Avg:   0.3600
  dof_vel                   | Scaled Avg:  -0.0104 | Raw Avg: 103.7125
  feet_contact_forces       | Scaled Avg:  -0.0000 | Raw Avg:   9.6004
  foot_clearance            | Scaled Avg:  -0.0001 | Raw Avg:   0.0077
  foot_mirror               | Scaled Avg:  -0.0001 | Raw Avg:   0.1220
  foot_slide                | Scaled Avg:  -0.0019 | Raw Avg:   1.8569
  has_contact               | Scaled Avg:   0.0004 | Raw Avg:   0.0192
  hip_pos                   | Scaled Avg:  -0.0036 | Raw Avg:   0.0363
  lin_vel_z                 | Scaled Avg:  -0.0069 | Raw Avg:   0.0858
  orientation               | Scaled Avg:  -0.0001 | Raw Avg:   0.0151
  powers                    | Scaled Avg:  -0.0001 | Raw Avg: 162.5554
  stand_still               | Scaled Avg:  -0.0002 | Raw Avg:   0.0022
  torques                   | Scaled Avg:  -0.0002 | Raw Avg: 1214.8224
  tracking_ang_vel          | Scaled Avg:   0.0138 | Raw Avg:   0.6883
  tracking_lin_vel          | Scaled Avg:   0.0304 | Raw Avg:   0.7597
  termination               | Scaled Avg:  -0.0001
  TOTAL REWARD              | Scaled Avg:  -0.0086
------------------------------
################################################################################
                    [1m Learning iteration 17200/20000 [0m                    

                       Computation: 81087 steps/s (collection: 1.333s, learning 0.471s)
                     surrogate_loss -0.0056
                         value_loss 0.0525
                            entropy -0.3127
                     estimator_loss 0.0000
                         total_loss 0.0437
             Mean action noise std: 0.25
                       Mean reward: -2.46
               Mean episode length: 411.80
      Mean episode rew_action_rate: -0.5111
Mean episode rew_frame_action_rate: -0.0269
Mean episode rew_action_smoothness: -0.0163
Mean episode rew_frame_action_smoothness: -0.0008
       Mean episode rew_ang_vel_xy: -0.0793
 Mean episode rew_frame_ang_vel_xy: -0.0100
      Mean episode rew_base_height: -0.0003
Mean episode rew_frame_base_height: -0.0001
        Mean episode rew_collision: -0.0025
  Mean episode rew_frame_collision: -0.0009
          Mean episode rew_dof_acc: -0.0199
    Mean episode rew_frame_dof_acc: -0.0022
        Mean episode rew_dof_error: -0.0795
  Mean episode rew_frame_dof_error: -0.0095
          Mean episode rew_dof_vel: -0.2275
    Mean episode rew_frame_dof_vel: -0.0169
    Mean episode rew_feet_air_time: 0.0002
Mean episode rew_frame_feet_air_time: 0.0000
Mean episode rew_feet_contact_forces: -0.0007
Mean episode rew_frame_feet_contact_forces: -0.0000
   Mean episode rew_foot_clearance: -0.0017
Mean episode rew_frame_foot_clearance: -0.0001
      Mean episode rew_foot_mirror: -0.0027
Mean episode rew_frame_foot_mirror: -0.0004
       Mean episode rew_foot_slide: -0.0412
 Mean episode rew_frame_foot_slide: -0.0018
      Mean episode rew_has_contact: 0.0102
Mean episode rew_frame_has_contact: 0.0004
          Mean episode rew_hip_pos: -0.0753
    Mean episode rew_frame_hip_pos: -0.0122
        Mean episode rew_lin_vel_z: -0.0533
  Mean episode rew_frame_lin_vel_z: -0.0145
      Mean episode rew_orientation: -0.0013
Mean episode rew_frame_orientation: -0.0004
           Mean episode rew_powers: -0.0014
     Mean episode rew_frame_powers: -0.0001
      Mean episode rew_stand_still: -0.0052
Mean episode rew_frame_stand_still: -0.0014
          Mean episode rew_stumble: -0.0000
    Mean episode rew_frame_stumble: -0.0000
      Mean episode rew_termination: -0.0019
Mean episode rew_frame_termination: -0.0013
          Mean episode rew_torques: -0.0054
    Mean episode rew_frame_torques: -0.0003
 Mean episode rew_tracking_ang_vel: 0.3145
Mean episode rew_frame_tracking_ang_vel: 0.0098
 Mean episode rew_tracking_lin_vel: 0.6854
Mean episode rew_frame_tracking_lin_vel: 0.0191
Mean episode max_power_throughout_episode: 3632.9382
            Mean episode max_pos_x: 4.4289
            Mean episode min_pos_x: -3.7028
            Mean episode max_pos_y: 4.5758
            Mean episode min_pos_y: -3.8673
        Mean episode timeout_ratio: 0.3652
       Mean episode num_terminated: 13.4167
--------------------------------------------------------------------------------
                   Total timesteps: 3364992
                    Iteration time: 1.80s
                        Total time: 3924.93s
                               ETA: 4993.1s


------------------------------
Step: 53000 - Reward Breakdown:
  action_rate               | Scaled Avg:  -0.0208 | Raw Avg:   2.0837
  action_smoothness         | Scaled Avg:  -0.0007 | Raw Avg:   0.3312
  ang_vel_xy                | Scaled Avg:  -0.0032 | Raw Avg:   1.6226
  base_height               | Scaled Avg:  -0.0000 | Raw Avg:   0.0006
  collision                 | Scaled Avg:  -0.0001 | Raw Avg:   0.0057
  dof_acc                   | Scaled Avg:  -0.0009 | Raw Avg: 175705.4219
  dof_error                 | Scaled Avg:  -0.0033 | Raw Avg:   0.3318
  dof_vel                   | Scaled Avg:  -0.0096 | Raw Avg:  95.8425
  feet_contact_forces       | Scaled Avg:  -0.0000 | Raw Avg:   9.2439
  foot_clearance            | Scaled Avg:  -0.0001 | Raw Avg:   0.0080
  foot_mirror               | Scaled Avg:  -0.0001 | Raw Avg:   0.1034
  foot_slide                | Scaled Avg:  -0.0018 | Raw Avg:   1.7901
  has_contact               | Scaled Avg:   0.0004 | Raw Avg:   0.0196
  hip_pos                   | Scaled Avg:  -0.0031 | Raw Avg:   0.0313
  lin_vel_z                 | Scaled Avg:  -0.0033 | Raw Avg:   0.0408
  orientation               | Scaled Avg:  -0.0001 | Raw Avg:   0.0127
  powers                    | Scaled Avg:  -0.0001 | Raw Avg: 153.3837
  stand_still               | Scaled Avg:  -0.0005 | Raw Avg:   0.0049
  torques                   | Scaled Avg:  -0.0002 | Raw Avg: 1160.2511
  tracking_ang_vel          | Scaled Avg:   0.0148 | Raw Avg:   0.7381
  tracking_lin_vel          | Scaled Avg:   0.0317 | Raw Avg:   0.7920
  termination               | Scaled Avg:  -0.0001
  TOTAL REWARD              | Scaled Avg:  -0.0010
------------------------------

------------------------------
Step: 53500 - Reward Breakdown:
  action_rate               | Scaled Avg:  -0.0180 | Raw Avg:   1.8036
  action_smoothness         | Scaled Avg:  -0.0006 | Raw Avg:   0.2873
  ang_vel_xy                | Scaled Avg:  -0.0028 | Raw Avg:   1.4042
  collision                 | Scaled Avg:  -0.0001 | Raw Avg:   0.0052
  dof_acc                   | Scaled Avg:  -0.0006 | Raw Avg: 129451.9062
  dof_error                 | Scaled Avg:  -0.0030 | Raw Avg:   0.2958
  dof_vel                   | Scaled Avg:  -0.0086 | Raw Avg:  85.5753
  feet_air_time             | Scaled Avg:   0.0000 | Raw Avg:   0.0003
  feet_contact_forces       | Scaled Avg:  -0.0000 | Raw Avg:   7.9532
  foot_clearance            | Scaled Avg:  -0.0001 | Raw Avg:   0.0074
  foot_mirror               | Scaled Avg:  -0.0001 | Raw Avg:   0.0882
  foot_slide                | Scaled Avg:  -0.0017 | Raw Avg:   1.7346
  has_contact               | Scaled Avg:   0.0004 | Raw Avg:   0.0182
  hip_pos                   | Scaled Avg:  -0.0029 | Raw Avg:   0.0291
  lin_vel_z                 | Scaled Avg:  -0.0019 | Raw Avg:   0.0235
  orientation               | Scaled Avg:  -0.0000 | Raw Avg:   0.0101
  powers                    | Scaled Avg:  -0.0001 | Raw Avg: 148.4580
  stand_still               | Scaled Avg:  -0.0003 | Raw Avg:   0.0032
  torques                   | Scaled Avg:  -0.0002 | Raw Avg: 1179.3566
  tracking_ang_vel          | Scaled Avg:   0.0154 | Raw Avg:   0.7685
  tracking_lin_vel          | Scaled Avg:   0.0321 | Raw Avg:   0.8032
  termination               | Scaled Avg:  -0.0000
  TOTAL REWARD              | Scaled Avg:   0.0068
------------------------------

------------------------------
Step: 54000 - Reward Breakdown:
  action_rate               | Scaled Avg:  -0.0171 | Raw Avg:   1.7105
  action_smoothness         | Scaled Avg:  -0.0005 | Raw Avg:   0.2668
  ang_vel_xy                | Scaled Avg:  -0.0028 | Raw Avg:   1.4121
  collision                 | Scaled Avg:  -0.0001 | Raw Avg:   0.0056
  dof_acc                   | Scaled Avg:  -0.0007 | Raw Avg: 138249.1719
  dof_error                 | Scaled Avg:  -0.0029 | Raw Avg:   0.2859
  dof_vel                   | Scaled Avg:  -0.0081 | Raw Avg:  81.4527
  feet_contact_forces       | Scaled Avg:  -0.0000 | Raw Avg:   8.4720
  foot_clearance            | Scaled Avg:  -0.0001 | Raw Avg:   0.0075
  foot_mirror               | Scaled Avg:  -0.0001 | Raw Avg:   0.0823
  foot_slide                | Scaled Avg:  -0.0017 | Raw Avg:   1.7198
  has_contact               | Scaled Avg:   0.0004 | Raw Avg:   0.0187
  hip_pos                   | Scaled Avg:  -0.0028 | Raw Avg:   0.0280
  lin_vel_z                 | Scaled Avg:  -0.0019 | Raw Avg:   0.0238
  orientation               | Scaled Avg:  -0.0000 | Raw Avg:   0.0113
  powers                    | Scaled Avg:  -0.0001 | Raw Avg: 151.3986
  stand_still               | Scaled Avg:  -0.0002 | Raw Avg:   0.0018
  torques                   | Scaled Avg:  -0.0002 | Raw Avg: 1217.1495
  tracking_ang_vel          | Scaled Avg:   0.0154 | Raw Avg:   0.7710
  tracking_lin_vel          | Scaled Avg:   0.0326 | Raw Avg:   0.8150
  termination               | Scaled Avg:  -0.0000
  TOTAL REWARD              | Scaled Avg:   0.0089
------------------------------

------------------------------
Step: 54500 - Reward Breakdown:
  action_rate               | Scaled Avg:  -0.0166 | Raw Avg:   1.6553
  action_smoothness         | Scaled Avg:  -0.0005 | Raw Avg:   0.2596
  ang_vel_xy                | Scaled Avg:  -0.0027 | Raw Avg:   1.3261
  collision                 | Scaled Avg:  -0.0001 | Raw Avg:   0.0043
  dof_acc                   | Scaled Avg:  -0.0006 | Raw Avg: 126994.5391
  dof_error                 | Scaled Avg:  -0.0028 | Raw Avg:   0.2789
  dof_vel                   | Scaled Avg:  -0.0080 | Raw Avg:  80.1470
  feet_contact_forces       | Scaled Avg:  -0.0000 | Raw Avg:   8.1573
  foot_clearance            | Scaled Avg:  -0.0001 | Raw Avg:   0.0070
  foot_mirror               | Scaled Avg:  -0.0001 | Raw Avg:   0.0788
  foot_slide                | Scaled Avg:  -0.0017 | Raw Avg:   1.7408
  has_contact               | Scaled Avg:   0.0004 | Raw Avg:   0.0183
  hip_pos                   | Scaled Avg:  -0.0029 | Raw Avg:   0.0288
  lin_vel_z                 | Scaled Avg:  -0.0016 | Raw Avg:   0.0202
  orientation               | Scaled Avg:  -0.0000 | Raw Avg:   0.0103
  powers                    | Scaled Avg:  -0.0001 | Raw Avg: 150.9734
  stand_still               | Scaled Avg:  -0.0004 | Raw Avg:   0.0035
  torques                   | Scaled Avg:  -0.0002 | Raw Avg: 1225.9637
  tracking_ang_vel          | Scaled Avg:   0.0156 | Raw Avg:   0.7821
  tracking_lin_vel          | Scaled Avg:   0.0328 | Raw Avg:   0.8207
  termination               | Scaled Avg:  -0.0000
  TOTAL REWARD              | Scaled Avg:   0.0104
------------------------------

------------------------------
Step: 55000 - Reward Breakdown:
  action_rate               | Scaled Avg:  -0.0170 | Raw Avg:   1.6950
  action_smoothness         | Scaled Avg:  -0.0005 | Raw Avg:   0.2682
  ang_vel_xy                | Scaled Avg:  -0.0027 | Raw Avg:   1.3298
  collision                 | Scaled Avg:  -0.0001 | Raw Avg:   0.0044
  dof_acc                   | Scaled Avg:  -0.0007 | Raw Avg: 135774.0312
  dof_error                 | Scaled Avg:  -0.0029 | Raw Avg:   0.2892
  dof_vel                   | Scaled Avg:  -0.0082 | Raw Avg:  81.6840
  feet_contact_forces       | Scaled Avg:  -0.0000 | Raw Avg:   7.7766
  foot_clearance            | Scaled Avg:  -0.0001 | Raw Avg:   0.0072
  foot_mirror               | Scaled Avg:  -0.0001 | Raw Avg:   0.0836
  foot_slide                | Scaled Avg:  -0.0017 | Raw Avg:   1.7452
  has_contact               | Scaled Avg:   0.0004 | Raw Avg:   0.0194
  hip_pos                   | Scaled Avg:  -0.0030 | Raw Avg:   0.0298
  lin_vel_z                 | Scaled Avg:  -0.0377 | Raw Avg:   0.4713
  orientation               | Scaled Avg:  -0.0000 | Raw Avg:   0.0101
  powers                    | Scaled Avg:  -0.0001 | Raw Avg: 150.2880
  stand_still               | Scaled Avg:  -0.0002 | Raw Avg:   0.0016
  torques                   | Scaled Avg:  -0.0002 | Raw Avg: 1181.6521
  tracking_ang_vel          | Scaled Avg:   0.0155 | Raw Avg:   0.7730
  tracking_lin_vel          | Scaled Avg:   0.0324 | Raw Avg:   0.8100
  termination               | Scaled Avg:  -0.0000
  TOTAL REWARD              | Scaled Avg:   0.0083
------------------------------
################################################################################
                    [1m Learning iteration 17300/20000 [0m                    

                       Computation: 83069 steps/s (collection: 1.292s, learning 0.469s)
                     surrogate_loss -0.0026
                         value_loss 0.2378
                            entropy 1.3210
                     estimator_loss 0.0000
                         total_loss 0.2484
             Mean action noise std: 0.22
                       Mean reward: 8.31
               Mean episode length: 713.34
      Mean episode rew_action_rate: -0.5963
Mean episode rew_frame_action_rate: -0.0190
Mean episode rew_action_smoothness: -0.0188
Mean episode rew_frame_action_smoothness: -0.0006
       Mean episode rew_ang_vel_xy: -0.0963
 Mean episode rew_frame_ang_vel_xy: -0.0057
      Mean episode rew_base_height: -0.0003
Mean episode rew_frame_base_height: -0.0000
        Mean episode rew_collision: -0.0027
  Mean episode rew_frame_collision: -0.0007
          Mean episode rew_dof_acc: -0.0218
    Mean episode rew_frame_dof_acc: -0.0011
        Mean episode rew_dof_error: -0.0989
  Mean episode rew_frame_dof_error: -0.0059
          Mean episode rew_dof_vel: -0.2820
    Mean episode rew_frame_dof_vel: -0.0108
    Mean episode rew_feet_air_time: 0.0002
Mean episode rew_frame_feet_air_time: 0.0000
Mean episode rew_feet_contact_forces: -0.0008
Mean episode rew_frame_feet_contact_forces: -0.0000
   Mean episode rew_foot_clearance: -0.0026
Mean episode rew_frame_foot_clearance: -0.0001
      Mean episode rew_foot_mirror: -0.0028
Mean episode rew_frame_foot_mirror: -0.0002
       Mean episode rew_foot_slide: -0.0618
 Mean episode rew_frame_foot_slide: -0.0018
      Mean episode rew_has_contact: 0.0152
Mean episode rew_frame_has_contact: 0.0003
          Mean episode rew_hip_pos: -0.0982
    Mean episode rew_frame_hip_pos: -0.0071
        Mean episode rew_lin_vel_z: -0.0581
  Mean episode rew_frame_lin_vel_z: -0.0054
      Mean episode rew_orientation: -0.0014
Mean episode rew_frame_orientation: -0.0002
           Mean episode rew_powers: -0.0021
     Mean episode rew_frame_powers: -0.0001
      Mean episode rew_stand_still: -0.0060
Mean episode rew_frame_stand_still: -0.0001
          Mean episode rew_stumble: -0.0000
    Mean episode rew_frame_stumble: -0.0000
      Mean episode rew_termination: -0.0010
Mean episode rew_frame_termination: -0.0005
          Mean episode rew_torques: -0.0086
    Mean episode rew_frame_torques: -0.0003
 Mean episode rew_tracking_ang_vel: 0.5611
Mean episode rew_frame_tracking_ang_vel: 0.0133
 Mean episode rew_tracking_lin_vel: 1.1778
Mean episode rew_frame_tracking_lin_vel: 0.0263
Mean episode max_power_throughout_episode: 3459.7195
            Mean episode max_pos_x: 4.1983
            Mean episode min_pos_x: -3.9879
            Mean episode max_pos_y: 3.8604
            Mean episode min_pos_y: -4.2585
        Mean episode timeout_ratio: 0.6610
       Mean episode num_terminated: 10.3750
--------------------------------------------------------------------------------
                   Total timesteps: 3511296
                    Iteration time: 1.76s
                        Total time: 4102.62s
                               ETA: 4814.0s


------------------------------
Step: 55500 - Reward Breakdown:
  action_rate               | Scaled Avg:  -0.0185 | Raw Avg:   1.8501
  action_smoothness         | Scaled Avg:  -0.0006 | Raw Avg:   0.2971
  ang_vel_xy                | Scaled Avg:  -0.0029 | Raw Avg:   1.4440
  base_height               | Scaled Avg:  -0.0020 | Raw Avg:   0.0986
  collision                 | Scaled Avg:  -0.0001 | Raw Avg:   0.0046
  dof_acc                   | Scaled Avg:  -0.0007 | Raw Avg: 135767.6250
  dof_error                 | Scaled Avg:  -0.0029 | Raw Avg:   0.2936
  dof_vel                   | Scaled Avg:  -0.0086 | Raw Avg:  86.4838
  feet_contact_forces       | Scaled Avg:  -0.0000 | Raw Avg:   8.0499
  foot_clearance            | Scaled Avg:  -0.0001 | Raw Avg:   0.0070
  foot_mirror               | Scaled Avg:  -0.0001 | Raw Avg:   0.0900
  foot_slide                | Scaled Avg:  -0.0018 | Raw Avg:   1.8130
  has_contact               | Scaled Avg:   0.0004 | Raw Avg:   0.0187
  hip_pos                   | Scaled Avg:  -0.0031 | Raw Avg:   0.0312
  lin_vel_z                 | Scaled Avg:  -0.1608 | Raw Avg:   2.0098
  orientation               | Scaled Avg:  -0.0000 | Raw Avg:   0.0114
  powers                    | Scaled Avg:  -0.0001 | Raw Avg: 149.2905
  stand_still               | Scaled Avg:  -0.0003 | Raw Avg:   0.0026
  torques                   | Scaled Avg:  -0.0002 | Raw Avg: 1151.4567
  tracking_ang_vel          | Scaled Avg:   0.0150 | Raw Avg:   0.7505
  tracking_lin_vel          | Scaled Avg:   0.0322 | Raw Avg:   0.8048
  termination               | Scaled Avg:  -0.0000
  TOTAL REWARD              | Scaled Avg:   0.0034
------------------------------

------------------------------
Step: 56000 - Reward Breakdown:
  action_rate               | Scaled Avg:  -0.0178 | Raw Avg:   1.7796
  action_smoothness         | Scaled Avg:  -0.0006 | Raw Avg:   0.2853
  ang_vel_xy                | Scaled Avg:  -0.0027 | Raw Avg:   1.3348
  base_height               | Scaled Avg:  -0.0000 | Raw Avg:   0.0005
  collision                 | Scaled Avg:  -0.0001 | Raw Avg:   0.0043
  dof_acc                   | Scaled Avg:  -0.0007 | Raw Avg: 137548.4844
  dof_error                 | Scaled Avg:  -0.0028 | Raw Avg:   0.2829
  dof_vel                   | Scaled Avg:  -0.0086 | Raw Avg:  85.6217
  feet_contact_forces       | Scaled Avg:  -0.0000 | Raw Avg:   7.8620
  foot_clearance            | Scaled Avg:  -0.0001 | Raw Avg:   0.0071
  foot_mirror               | Scaled Avg:  -0.0001 | Raw Avg:   0.0862
  foot_slide                | Scaled Avg:  -0.0018 | Raw Avg:   1.7917
  has_contact               | Scaled Avg:   0.0004 | Raw Avg:   0.0203
  hip_pos                   | Scaled Avg:  -0.0029 | Raw Avg:   0.0288
  lin_vel_z                 | Scaled Avg:  -0.0017 | Raw Avg:   0.0212
  orientation               | Scaled Avg:  -0.0000 | Raw Avg:   0.0105
  powers                    | Scaled Avg:  -0.0001 | Raw Avg: 146.9394
  stand_still               | Scaled Avg:  -0.0002 | Raw Avg:   0.0021
  torques                   | Scaled Avg:  -0.0002 | Raw Avg: 1143.5925
  tracking_ang_vel          | Scaled Avg:   0.0153 | Raw Avg:   0.7649
  tracking_lin_vel          | Scaled Avg:   0.0324 | Raw Avg:   0.8099
  termination               | Scaled Avg:  -0.0000
  TOTAL REWARD              | Scaled Avg:   0.0078
------------------------------

------------------------------
Step: 56500 - Reward Breakdown:
  action_rate               | Scaled Avg:  -0.0168 | Raw Avg:   1.6827
  action_smoothness         | Scaled Avg:  -0.0005 | Raw Avg:   0.2681
  ang_vel_xy                | Scaled Avg:  -0.0027 | Raw Avg:   1.3553
  collision                 | Scaled Avg:  -0.0001 | Raw Avg:   0.0030
  dof_acc                   | Scaled Avg:  -0.0007 | Raw Avg: 130688.9062
  dof_error                 | Scaled Avg:  -0.0027 | Raw Avg:   0.2727
  dof_vel                   | Scaled Avg:  -0.0084 | Raw Avg:  83.5335
  feet_air_time             | Scaled Avg:   0.0000 | Raw Avg:   0.0003
  feet_contact_forces       | Scaled Avg:  -0.0000 | Raw Avg:   7.9233
  foot_clearance            | Scaled Avg:  -0.0001 | Raw Avg:   0.0073
  foot_mirror               | Scaled Avg:  -0.0001 | Raw Avg:   0.0790
  foot_slide                | Scaled Avg:  -0.0018 | Raw Avg:   1.7614
  has_contact               | Scaled Avg:   0.0004 | Raw Avg:   0.0182
  hip_pos                   | Scaled Avg:  -0.0028 | Raw Avg:   0.0281
  lin_vel_z                 | Scaled Avg:  -0.0017 | Raw Avg:   0.0209
  orientation               | Scaled Avg:  -0.0000 | Raw Avg:   0.0100
  powers                    | Scaled Avg:  -0.0001 | Raw Avg: 148.5225
  stand_still               | Scaled Avg:  -0.0003 | Raw Avg:   0.0027
  torques                   | Scaled Avg:  -0.0002 | Raw Avg: 1173.6931
  tracking_ang_vel          | Scaled Avg:   0.0156 | Raw Avg:   0.7809
  tracking_lin_vel          | Scaled Avg:   0.0326 | Raw Avg:   0.8145
  termination               | Scaled Avg:  -0.0000
  TOTAL REWARD              | Scaled Avg:   0.0096
------------------------------

------------------------------
Step: 57000 - Reward Breakdown:
  action_rate               | Scaled Avg:  -0.0174 | Raw Avg:   1.7416
  action_smoothness         | Scaled Avg:  -0.0006 | Raw Avg:   0.2787
  ang_vel_xy                | Scaled Avg:  -0.0027 | Raw Avg:   1.3365
  collision                 | Scaled Avg:  -0.0001 | Raw Avg:   0.0028
  dof_acc                   | Scaled Avg:  -0.0007 | Raw Avg: 148107.8906
  dof_error                 | Scaled Avg:  -0.0029 | Raw Avg:   0.2858
  dof_vel                   | Scaled Avg:  -0.0084 | Raw Avg:  83.7280
  feet_contact_forces       | Scaled Avg:  -0.0000 | Raw Avg:   8.9544
  foot_clearance            | Scaled Avg:  -0.0001 | Raw Avg:   0.0081
  foot_mirror               | Scaled Avg:  -0.0001 | Raw Avg:   0.0816
  foot_slide                | Scaled Avg:  -0.0018 | Raw Avg:   1.7650
  has_contact               | Scaled Avg:   0.0003 | Raw Avg:   0.0167
  hip_pos                   | Scaled Avg:  -0.0029 | Raw Avg:   0.0288
  lin_vel_z                 | Scaled Avg:  -0.0017 | Raw Avg:   0.0215
  orientation               | Scaled Avg:  -0.0000 | Raw Avg:   0.0102
  powers                    | Scaled Avg:  -0.0001 | Raw Avg: 146.6735
  stand_still               | Scaled Avg:  -0.0004 | Raw Avg:   0.0037
  torques                   | Scaled Avg:  -0.0002 | Raw Avg: 1129.4921
  tracking_ang_vel          | Scaled Avg:   0.0154 | Raw Avg:   0.7711
  tracking_lin_vel          | Scaled Avg:   0.0326 | Raw Avg:   0.8153
  termination               | Scaled Avg:  -0.0000
  TOTAL REWARD              | Scaled Avg:   0.0084
------------------------------

------------------------------
Step: 57500 - Reward Breakdown:
  action_rate               | Scaled Avg:  -0.0167 | Raw Avg:   1.6704
  action_smoothness         | Scaled Avg:  -0.0005 | Raw Avg:   0.2610
  ang_vel_xy                | Scaled Avg:  -0.0027 | Raw Avg:   1.3496
  collision                 | Scaled Avg:  -0.0001 | Raw Avg:   0.0048
  dof_acc                   | Scaled Avg:  -0.0007 | Raw Avg: 146528.3750
  dof_error                 | Scaled Avg:  -0.0029 | Raw Avg:   0.2939
  dof_vel                   | Scaled Avg:  -0.0083 | Raw Avg:  82.9357
  feet_air_time             | Scaled Avg:   0.0000 | Raw Avg:   0.0003
  feet_contact_forces       | Scaled Avg:  -0.0000 | Raw Avg:   8.8230
  foot_clearance            | Scaled Avg:  -0.0001 | Raw Avg:   0.0082
  foot_mirror               | Scaled Avg:  -0.0001 | Raw Avg:   0.0840
  foot_slide                | Scaled Avg:  -0.0017 | Raw Avg:   1.7395
  has_contact               | Scaled Avg:   0.0004 | Raw Avg:   0.0187
  hip_pos                   | Scaled Avg:  -0.0028 | Raw Avg:   0.0285
  lin_vel_z                 | Scaled Avg:  -0.0017 | Raw Avg:   0.0208
  orientation               | Scaled Avg:  -0.0000 | Raw Avg:   0.0112
  powers                    | Scaled Avg:  -0.0001 | Raw Avg: 145.1450
  stand_still               | Scaled Avg:  -0.0003 | Raw Avg:   0.0028
  torques                   | Scaled Avg:  -0.0002 | Raw Avg: 1109.4851
  tracking_ang_vel          | Scaled Avg:   0.0156 | Raw Avg:   0.7799
  tracking_lin_vel          | Scaled Avg:   0.0330 | Raw Avg:   0.8255
  termination               | Scaled Avg:  -0.0000
  TOTAL REWARD              | Scaled Avg:   0.0099
------------------------------
################################################################################
                    [1m Learning iteration 17400/20000 [0m                    

                       Computation: 82128 steps/s (collection: 1.312s, learning 0.469s)
                     surrogate_loss -0.0041
                         value_loss 0.1146
                            entropy 2.0425
                     estimator_loss 0.0000
                         total_loss 0.1309
             Mean action noise std: 0.20
                       Mean reward: 7.28
               Mean episode length: 691.71
      Mean episode rew_action_rate: -0.5983
Mean episode rew_frame_action_rate: -0.0191
Mean episode rew_action_smoothness: -0.0191
Mean episode rew_frame_action_smoothness: -0.0006
       Mean episode rew_ang_vel_xy: -0.0938
 Mean episode rew_frame_ang_vel_xy: -0.0052
      Mean episode rew_base_height: -0.0003
Mean episode rew_frame_base_height: -0.0000
        Mean episode rew_collision: -0.0019
  Mean episode rew_frame_collision: -0.0004
          Mean episode rew_dof_acc: -0.0253
    Mean episode rew_frame_dof_acc: -0.0012
        Mean episode rew_dof_error: -0.0996
  Mean episode rew_frame_dof_error: -0.0060
          Mean episode rew_dof_vel: -0.2889
    Mean episode rew_frame_dof_vel: -0.0111
    Mean episode rew_feet_air_time: 0.0001
Mean episode rew_frame_feet_air_time: 0.0000
Mean episode rew_feet_contact_forces: -0.0009
Mean episode rew_frame_feet_contact_forces: -0.0000
   Mean episode rew_foot_clearance: -0.0028
Mean episode rew_frame_foot_clearance: -0.0001
      Mean episode rew_foot_mirror: -0.0028
Mean episode rew_frame_foot_mirror: -0.0002
       Mean episode rew_foot_slide: -0.0620
 Mean episode rew_frame_foot_slide: -0.0018
      Mean episode rew_has_contact: 0.0128
Mean episode rew_frame_has_contact: 0.0004
          Mean episode rew_hip_pos: -0.0967
    Mean episode rew_frame_hip_pos: -0.0073
        Mean episode rew_lin_vel_z: -0.0621
  Mean episode rew_frame_lin_vel_z: -0.0063
      Mean episode rew_orientation: -0.0014
Mean episode rew_frame_orientation: -0.0002
           Mean episode rew_powers: -0.0020
     Mean episode rew_frame_powers: -0.0001
      Mean episode rew_stand_still: -0.0138
Mean episode rew_frame_stand_still: -0.0003
          Mean episode rew_stumble: -0.0000
    Mean episode rew_frame_stumble: -0.0000
      Mean episode rew_termination: -0.0011
Mean episode rew_frame_termination: -0.0006
          Mean episode rew_torques: -0.0078
    Mean episode rew_frame_torques: -0.0002
 Mean episode rew_tracking_ang_vel: 0.5452
Mean episode rew_frame_tracking_ang_vel: 0.0135
 Mean episode rew_tracking_lin_vel: 1.1604
Mean episode rew_frame_tracking_lin_vel: 0.0273
Mean episode max_power_throughout_episode: 3329.2031
            Mean episode max_pos_x: 4.1733
            Mean episode min_pos_x: -3.0485
            Mean episode max_pos_y: 3.6972
            Mean episode min_pos_y: -4.4261
        Mean episode timeout_ratio: 0.6168
       Mean episode num_terminated: 7.9167
--------------------------------------------------------------------------------
                   Total timesteps: 3657600
                    Iteration time: 1.78s
                        Total time: 4280.25s
                               ETA: 4635.0s


------------------------------
Step: 58000 - Reward Breakdown:
  action_rate               | Scaled Avg:  -0.0164 | Raw Avg:   1.6359
  action_smoothness         | Scaled Avg:  -0.0005 | Raw Avg:   0.2595
  ang_vel_xy                | Scaled Avg:  -0.0027 | Raw Avg:   1.3651
  collision                 | Scaled Avg:  -0.0001 | Raw Avg:   0.0043
  dof_acc                   | Scaled Avg:  -0.0007 | Raw Avg: 133687.2031
  dof_error                 | Scaled Avg:  -0.0029 | Raw Avg:   0.2923
  dof_vel                   | Scaled Avg:  -0.0080 | Raw Avg:  80.4500
  feet_contact_forces       | Scaled Avg:  -0.0000 | Raw Avg:   8.0364
  foot_clearance            | Scaled Avg:  -0.0001 | Raw Avg:   0.0075
  foot_mirror               | Scaled Avg:  -0.0001 | Raw Avg:   0.0857
  foot_slide                | Scaled Avg:  -0.0017 | Raw Avg:   1.7296
  has_contact               | Scaled Avg:   0.0004 | Raw Avg:   0.0182
  hip_pos                   | Scaled Avg:  -0.0030 | Raw Avg:   0.0303
  lin_vel_z                 | Scaled Avg:  -0.0017 | Raw Avg:   0.0210
  orientation               | Scaled Avg:  -0.0000 | Raw Avg:   0.0107
  powers                    | Scaled Avg:  -0.0001 | Raw Avg: 146.2431
  stand_still               | Scaled Avg:  -0.0002 | Raw Avg:   0.0025
  torques                   | Scaled Avg:  -0.0002 | Raw Avg: 1149.4445
  tracking_ang_vel          | Scaled Avg:   0.0156 | Raw Avg:   0.7804
  tracking_lin_vel          | Scaled Avg:   0.0327 | Raw Avg:   0.8165
  termination               | Scaled Avg:  -0.0000
  TOTAL REWARD              | Scaled Avg:   0.0101
------------------------------

------------------------------
Step: 58500 - Reward Breakdown:
  action_rate               | Scaled Avg:  -0.0164 | Raw Avg:   1.6426
  action_smoothness         | Scaled Avg:  -0.0005 | Raw Avg:   0.2576
  ang_vel_xy                | Scaled Avg:  -0.0027 | Raw Avg:   1.3266
  collision                 | Scaled Avg:  -0.0001 | Raw Avg:   0.0048
  dof_acc                   | Scaled Avg:  -0.0007 | Raw Avg: 130095.1562
  dof_error                 | Scaled Avg:  -0.0028 | Raw Avg:   0.2818
  dof_vel                   | Scaled Avg:  -0.0080 | Raw Avg:  80.3053
  feet_air_time             | Scaled Avg:   0.0000 | Raw Avg:   0.0003
  feet_contact_forces       | Scaled Avg:  -0.0000 | Raw Avg:   8.3279
  foot_clearance            | Scaled Avg:  -0.0001 | Raw Avg:   0.0078
  foot_mirror               | Scaled Avg:  -0.0001 | Raw Avg:   0.0836
  foot_slide                | Scaled Avg:  -0.0017 | Raw Avg:   1.7327
  has_contact               | Scaled Avg:   0.0004 | Raw Avg:   0.0200
  hip_pos                   | Scaled Avg:  -0.0029 | Raw Avg:   0.0290
  lin_vel_z                 | Scaled Avg:  -0.0017 | Raw Avg:   0.0209
  orientation               | Scaled Avg:  -0.0000 | Raw Avg:   0.0110
  powers                    | Scaled Avg:  -0.0001 | Raw Avg: 149.9382
  stand_still               | Scaled Avg:  -0.0003 | Raw Avg:   0.0032
  torques                   | Scaled Avg:  -0.0002 | Raw Avg: 1199.7731
  tracking_ang_vel          | Scaled Avg:   0.0158 | Raw Avg:   0.7893
  tracking_lin_vel          | Scaled Avg:   0.0331 | Raw Avg:   0.8269
  termination               | Scaled Avg:  -0.0000
  TOTAL REWARD              | Scaled Avg:   0.0109
------------------------------

------------------------------
Step: 59000 - Reward Breakdown:
  action_rate               | Scaled Avg:  -0.0163 | Raw Avg:   1.6288
  action_smoothness         | Scaled Avg:  -0.0005 | Raw Avg:   0.2562
  ang_vel_xy                | Scaled Avg:  -0.0027 | Raw Avg:   1.3379
  collision                 | Scaled Avg:  -0.0001 | Raw Avg:   0.0062
  dof_acc                   | Scaled Avg:  -0.0006 | Raw Avg: 128393.2188
  dof_error                 | Scaled Avg:  -0.0028 | Raw Avg:   0.2776
  dof_vel                   | Scaled Avg:  -0.0079 | Raw Avg:  79.4706
  feet_contact_forces       | Scaled Avg:  -0.0000 | Raw Avg:   7.8119
  foot_clearance            | Scaled Avg:  -0.0001 | Raw Avg:   0.0072
  foot_mirror               | Scaled Avg:  -0.0001 | Raw Avg:   0.0822
  foot_slide                | Scaled Avg:  -0.0017 | Raw Avg:   1.7473
  has_contact               | Scaled Avg:   0.0004 | Raw Avg:   0.0196
  hip_pos                   | Scaled Avg:  -0.0029 | Raw Avg:   0.0291
  lin_vel_z                 | Scaled Avg:  -0.0016 | Raw Avg:   0.0205
  orientation               | Scaled Avg:  -0.0000 | Raw Avg:   0.0098
  powers                    | Scaled Avg:  -0.0001 | Raw Avg: 150.2221
  stand_still               | Scaled Avg:  -0.0003 | Raw Avg:   0.0031
  torques                   | Scaled Avg:  -0.0002 | Raw Avg: 1193.4857
  tracking_ang_vel          | Scaled Avg:   0.0157 | Raw Avg:   0.7837
  tracking_lin_vel          | Scaled Avg:   0.0328 | Raw Avg:   0.8195
  termination               | Scaled Avg:  -0.0000
  TOTAL REWARD              | Scaled Avg:   0.0107
------------------------------

------------------------------
Step: 59500 - Reward Breakdown:
  action_rate               | Scaled Avg:  -0.0163 | Raw Avg:   1.6322
  action_smoothness         | Scaled Avg:  -0.0005 | Raw Avg:   0.2577
  ang_vel_xy                | Scaled Avg:  -0.0026 | Raw Avg:   1.2838
  collision                 | Scaled Avg:  -0.0001 | Raw Avg:   0.0048
  dof_acc                   | Scaled Avg:  -0.0007 | Raw Avg: 137145.2812
  dof_error                 | Scaled Avg:  -0.0028 | Raw Avg:   0.2755
  dof_vel                   | Scaled Avg:  -0.0078 | Raw Avg:  77.7861
  feet_contact_forces       | Scaled Avg:  -0.0000 | Raw Avg:   7.9552
  foot_clearance            | Scaled Avg:  -0.0001 | Raw Avg:   0.0080
  foot_mirror               | Scaled Avg:  -0.0001 | Raw Avg:   0.0763
  foot_slide                | Scaled Avg:  -0.0017 | Raw Avg:   1.7338
  has_contact               | Scaled Avg:   0.0003 | Raw Avg:   0.0172
  hip_pos                   | Scaled Avg:  -0.0028 | Raw Avg:   0.0285
  lin_vel_z                 | Scaled Avg:  -0.0016 | Raw Avg:   0.0200
  orientation               | Scaled Avg:  -0.0000 | Raw Avg:   0.0096
  powers                    | Scaled Avg:  -0.0001 | Raw Avg: 145.4076
  stand_still               | Scaled Avg:  -0.0003 | Raw Avg:   0.0026
  torques                   | Scaled Avg:  -0.0002 | Raw Avg: 1156.7659
  tracking_ang_vel          | Scaled Avg:   0.0158 | Raw Avg:   0.7893
  tracking_lin_vel          | Scaled Avg:   0.0329 | Raw Avg:   0.8215
  termination               | Scaled Avg:  -0.0000
  TOTAL REWARD              | Scaled Avg:   0.0113
------------------------------

------------------------------
Step: 60000 - Reward Breakdown:
  action_rate               | Scaled Avg:  -0.0162 | Raw Avg:   1.6216
  action_smoothness         | Scaled Avg:  -0.0005 | Raw Avg:   0.2553
  ang_vel_xy                | Scaled Avg:  -0.0026 | Raw Avg:   1.2949
  collision                 | Scaled Avg:  -0.0001 | Raw Avg:   0.0044
  dof_acc                   | Scaled Avg:  -0.0008 | Raw Avg: 151026.2188
  dof_error                 | Scaled Avg:  -0.0027 | Raw Avg:   0.2729
  dof_vel                   | Scaled Avg:  -0.0079 | Raw Avg:  78.9193
  feet_contact_forces       | Scaled Avg:  -0.0000 | Raw Avg:   8.8790
  foot_clearance            | Scaled Avg:  -0.0001 | Raw Avg:   0.0081
  foot_mirror               | Scaled Avg:  -0.0001 | Raw Avg:   0.0743
  foot_slide                | Scaled Avg:  -0.0017 | Raw Avg:   1.7113
  has_contact               | Scaled Avg:   0.0003 | Raw Avg:   0.0160
  hip_pos                   | Scaled Avg:  -0.0027 | Raw Avg:   0.0269
  lin_vel_z                 | Scaled Avg:  -0.0016 | Raw Avg:   0.0196
  orientation               | Scaled Avg:  -0.0000 | Raw Avg:   0.0088
  powers                    | Scaled Avg:  -0.0001 | Raw Avg: 142.5961
  stand_still               | Scaled Avg:  -0.0001 | Raw Avg:   0.0015
  torques                   | Scaled Avg:  -0.0002 | Raw Avg: 1095.4838
  tracking_ang_vel          | Scaled Avg:   0.0158 | Raw Avg:   0.7924
  tracking_lin_vel          | Scaled Avg:   0.0332 | Raw Avg:   0.8289
  termination               | Scaled Avg:  -0.0000
  TOTAL REWARD              | Scaled Avg:   0.0119
------------------------------
################################################################################
                    [1m Learning iteration 17500/20000 [0m                    

                       Computation: 82657 steps/s (collection: 1.301s, learning 0.469s)
                     surrogate_loss -0.0045
                         value_loss 0.0439
                            entropy 2.2338
                     estimator_loss 0.0000
                         total_loss 0.0618
             Mean action noise std: 0.20
                       Mean reward: 8.57
               Mean episode length: 740.18
      Mean episode rew_action_rate: -0.5874
Mean episode rew_frame_action_rate: -0.0185
Mean episode rew_action_smoothness: -0.0184
Mean episode rew_frame_action_smoothness: -0.0006
       Mean episode rew_ang_vel_xy: -0.0930
 Mean episode rew_frame_ang_vel_xy: -0.0049
      Mean episode rew_base_height: -0.0003
Mean episode rew_frame_base_height: -0.0000
        Mean episode rew_collision: -0.0027
  Mean episode rew_frame_collision: -0.0005
          Mean episode rew_dof_acc: -0.0260
    Mean episode rew_frame_dof_acc: -0.0013
        Mean episode rew_dof_error: -0.0971
  Mean episode rew_frame_dof_error: -0.0050
          Mean episode rew_dof_vel: -0.2893
    Mean episode rew_frame_dof_vel: -0.0108
    Mean episode rew_feet_air_time: 0.0002
Mean episode rew_frame_feet_air_time: 0.0000
Mean episode rew_feet_contact_forces: -0.0009
Mean episode rew_frame_feet_contact_forces: -0.0000
   Mean episode rew_foot_clearance: -0.0028
Mean episode rew_frame_foot_clearance: -0.0001
      Mean episode rew_foot_mirror: -0.0027
Mean episode rew_frame_foot_mirror: -0.0002
       Mean episode rew_foot_slide: -0.0630
 Mean episode rew_frame_foot_slide: -0.0018
      Mean episode rew_has_contact: 0.0202
Mean episode rew_frame_has_contact: 0.0005
          Mean episode rew_hip_pos: -0.0961
    Mean episode rew_frame_hip_pos: -0.0058
        Mean episode rew_lin_vel_z: -0.0577
  Mean episode rew_frame_lin_vel_z: -0.0054
      Mean episode rew_orientation: -0.0013
Mean episode rew_frame_orientation: -0.0002
           Mean episode rew_powers: -0.0021
     Mean episode rew_frame_powers: -0.0001
      Mean episode rew_stand_still: -0.0281
Mean episode rew_frame_stand_still: -0.0006
          Mean episode rew_stumble: -0.0000
    Mean episode rew_frame_stumble: -0.0000
      Mean episode rew_termination: -0.0010
Mean episode rew_frame_termination: -0.0005
          Mean episode rew_torques: -0.0083
    Mean episode rew_frame_torques: -0.0002
 Mean episode rew_tracking_ang_vel: 0.5658
Mean episode rew_frame_tracking_ang_vel: 0.0136
 Mean episode rew_tracking_lin_vel: 1.1822
Mean episode rew_frame_tracking_lin_vel: 0.0270
Mean episode max_power_throughout_episode: 3169.2480
            Mean episode max_pos_x: 4.9040
            Mean episode min_pos_x: -2.9213
            Mean episode max_pos_y: 3.4651
            Mean episode min_pos_y: -3.9390
        Mean episode timeout_ratio: 0.6644
       Mean episode num_terminated: 8.4167
--------------------------------------------------------------------------------
                   Total timesteps: 3803904
                    Iteration time: 1.77s
                        Total time: 4458.43s
                               ETA: 4456.7s


------------------------------
Step: 60500 - Reward Breakdown:
  action_rate               | Scaled Avg:  -0.0164 | Raw Avg:   1.6350
  action_smoothness         | Scaled Avg:  -0.0005 | Raw Avg:   0.2563
  ang_vel_xy                | Scaled Avg:  -0.0024 | Raw Avg:   1.2101
  collision                 | Scaled Avg:  -0.0001 | Raw Avg:   0.0033
  dof_acc                   | Scaled Avg:  -0.0007 | Raw Avg: 144574.1562
  dof_error                 | Scaled Avg:  -0.0027 | Raw Avg:   0.2727
  dof_vel                   | Scaled Avg:  -0.0080 | Raw Avg:  79.8000
  feet_contact_forces       | Scaled Avg:  -0.0000 | Raw Avg:   8.2671
  foot_clearance            | Scaled Avg:  -0.0001 | Raw Avg:   0.0080
  foot_mirror               | Scaled Avg:  -0.0001 | Raw Avg:   0.0765
  foot_slide                | Scaled Avg:  -0.0017 | Raw Avg:   1.7368
  has_contact               | Scaled Avg:   0.0004 | Raw Avg:   0.0188
  hip_pos                   | Scaled Avg:  -0.0028 | Raw Avg:   0.0276
  lin_vel_z                 | Scaled Avg:  -0.0016 | Raw Avg:   0.0204
  orientation               | Scaled Avg:  -0.0000 | Raw Avg:   0.0098
  powers                    | Scaled Avg:  -0.0001 | Raw Avg: 139.7822
  stand_still               | Scaled Avg:  -0.0002 | Raw Avg:   0.0023
  torques                   | Scaled Avg:  -0.0002 | Raw Avg: 1083.8439
  tracking_ang_vel          | Scaled Avg:   0.0158 | Raw Avg:   0.7891
  tracking_lin_vel          | Scaled Avg:   0.0331 | Raw Avg:   0.8273
  termination               | Scaled Avg:  -0.0000
  TOTAL REWARD              | Scaled Avg:   0.0116
------------------------------

------------------------------
Step: 61000 - Reward Breakdown:
  action_rate               | Scaled Avg:  -0.0163 | Raw Avg:   1.6273
  action_smoothness         | Scaled Avg:  -0.0005 | Raw Avg:   0.2540
  ang_vel_xy                | Scaled Avg:  -0.0026 | Raw Avg:   1.3041
  collision                 | Scaled Avg:  -0.0001 | Raw Avg:   0.0028
  dof_acc                   | Scaled Avg:  -0.0007 | Raw Avg: 138170.7969
  dof_error                 | Scaled Avg:  -0.0027 | Raw Avg:   0.2679
  dof_vel                   | Scaled Avg:  -0.0078 | Raw Avg:  77.9920
  feet_contact_forces       | Scaled Avg:  -0.0000 | Raw Avg:   7.9515
  foot_clearance            | Scaled Avg:  -0.0001 | Raw Avg:   0.0078
  foot_mirror               | Scaled Avg:  -0.0001 | Raw Avg:   0.0751
  foot_slide                | Scaled Avg:  -0.0017 | Raw Avg:   1.7019
  has_contact               | Scaled Avg:   0.0004 | Raw Avg:   0.0198
  hip_pos                   | Scaled Avg:  -0.0028 | Raw Avg:   0.0283
  lin_vel_z                 | Scaled Avg:  -0.0017 | Raw Avg:   0.0209
  orientation               | Scaled Avg:  -0.0000 | Raw Avg:   0.0093
  powers                    | Scaled Avg:  -0.0001 | Raw Avg: 141.0594
  stand_still               | Scaled Avg:  -0.0002 | Raw Avg:   0.0024
  torques                   | Scaled Avg:  -0.0002 | Raw Avg: 1110.6826
  tracking_ang_vel          | Scaled Avg:   0.0158 | Raw Avg:   0.7898
  tracking_lin_vel          | Scaled Avg:   0.0327 | Raw Avg:   0.8173
  termination               | Scaled Avg:  -0.0000
  TOTAL REWARD              | Scaled Avg:   0.0113
------------------------------

------------------------------
Step: 61500 - Reward Breakdown:
  action_rate               | Scaled Avg:  -0.0173 | Raw Avg:   1.7264
  action_smoothness         | Scaled Avg:  -0.0005 | Raw Avg:   0.2704
  ang_vel_xy                | Scaled Avg:  -0.0026 | Raw Avg:   1.3194
  collision                 | Scaled Avg:  -0.0001 | Raw Avg:   0.0044
  dof_acc                   | Scaled Avg:  -0.0008 | Raw Avg: 152082.9844
  dof_error                 | Scaled Avg:  -0.0028 | Raw Avg:   0.2805
  dof_vel                   | Scaled Avg:  -0.0082 | Raw Avg:  82.2217
  feet_contact_forces       | Scaled Avg:  -0.0000 | Raw Avg:   8.5642
  foot_clearance            | Scaled Avg:  -0.0001 | Raw Avg:   0.0081
  foot_mirror               | Scaled Avg:  -0.0001 | Raw Avg:   0.0832
  foot_slide                | Scaled Avg:  -0.0017 | Raw Avg:   1.7343
  has_contact               | Scaled Avg:   0.0004 | Raw Avg:   0.0196
  hip_pos                   | Scaled Avg:  -0.0030 | Raw Avg:   0.0297
  lin_vel_z                 | Scaled Avg:  -0.0017 | Raw Avg:   0.0214
  orientation               | Scaled Avg:  -0.0000 | Raw Avg:   0.0097
  powers                    | Scaled Avg:  -0.0001 | Raw Avg: 141.2011
  stand_still               | Scaled Avg:  -0.0003 | Raw Avg:   0.0028
  torques                   | Scaled Avg:  -0.0002 | Raw Avg: 1065.5215
  tracking_ang_vel          | Scaled Avg:   0.0157 | Raw Avg:   0.7842
  tracking_lin_vel          | Scaled Avg:   0.0321 | Raw Avg:   0.8032
  termination               | Scaled Avg:  -0.0000
  TOTAL REWARD              | Scaled Avg:   0.0087
------------------------------

------------------------------
Step: 62000 - Reward Breakdown:
  action_rate               | Scaled Avg:  -0.0165 | Raw Avg:   1.6539
  action_smoothness         | Scaled Avg:  -0.0005 | Raw Avg:   0.2638
  ang_vel_xy                | Scaled Avg:  -0.0026 | Raw Avg:   1.2758
  collision                 | Scaled Avg:  -0.0001 | Raw Avg:   0.0048
  dof_acc                   | Scaled Avg:  -0.0006 | Raw Avg: 124805.6484
  dof_error                 | Scaled Avg:  -0.0028 | Raw Avg:   0.2775
  dof_vel                   | Scaled Avg:  -0.0080 | Raw Avg:  79.7667
  feet_air_time             | Scaled Avg:   0.0000 | Raw Avg:   0.0003
  feet_contact_forces       | Scaled Avg:  -0.0000 | Raw Avg:   8.1675
  foot_clearance            | Scaled Avg:  -0.0001 | Raw Avg:   0.0077
  foot_mirror               | Scaled Avg:  -0.0001 | Raw Avg:   0.0817
  foot_slide                | Scaled Avg:  -0.0017 | Raw Avg:   1.7313
  has_contact               | Scaled Avg:   0.0004 | Raw Avg:   0.0183
  hip_pos                   | Scaled Avg:  -0.0029 | Raw Avg:   0.0291
  lin_vel_z                 | Scaled Avg:  -0.0017 | Raw Avg:   0.0210
  orientation               | Scaled Avg:  -0.0000 | Raw Avg:   0.0101
  powers                    | Scaled Avg:  -0.0001 | Raw Avg: 135.4664
  stand_still               | Scaled Avg:  -0.0003 | Raw Avg:   0.0031
  torques                   | Scaled Avg:  -0.0002 | Raw Avg: 1033.7272
  tracking_ang_vel          | Scaled Avg:   0.0156 | Raw Avg:   0.7818
  tracking_lin_vel          | Scaled Avg:   0.0325 | Raw Avg:   0.8115
  termination               | Scaled Avg:  -0.0000
  TOTAL REWARD              | Scaled Avg:   0.0102
------------------------------
################################################################################
                    [1m Learning iteration 17600/20000 [0m                    

                       Computation: 82994 steps/s (collection: 1.294s, learning 0.469s)
                     surrogate_loss -0.0051
                         value_loss 0.0578
                            entropy 2.1406
                     estimator_loss 0.0000
                         total_loss 0.0741
             Mean action noise std: 0.20
                       Mean reward: 6.68
               Mean episode length: 744.67
      Mean episode rew_action_rate: -0.6288
Mean episode rew_frame_action_rate: -0.0183
Mean episode rew_action_smoothness: -0.0200
Mean episode rew_frame_action_smoothness: -0.0006
       Mean episode rew_ang_vel_xy: -0.0951
 Mean episode rew_frame_ang_vel_xy: -0.0052
      Mean episode rew_base_height: -0.0003
Mean episode rew_frame_base_height: -0.0000
        Mean episode rew_collision: -0.0060
  Mean episode rew_frame_collision: -0.0005
          Mean episode rew_dof_acc: -0.0255
    Mean episode rew_frame_dof_acc: -0.0011
        Mean episode rew_dof_error: -0.1092
  Mean episode rew_frame_dof_error: -0.0053
          Mean episode rew_dof_vel: -0.2975
    Mean episode rew_frame_dof_vel: -0.0102
    Mean episode rew_feet_air_time: 0.0004
Mean episode rew_frame_feet_air_time: 0.0000
Mean episode rew_feet_contact_forces: -0.0009
Mean episode rew_frame_feet_contact_forces: -0.0000
   Mean episode rew_foot_clearance: -0.0029
Mean episode rew_frame_foot_clearance: -0.0001
      Mean episode rew_foot_mirror: -0.0035
Mean episode rew_frame_foot_mirror: -0.0002
       Mean episode rew_foot_slide: -0.0645
 Mean episode rew_frame_foot_slide: -0.0017
      Mean episode rew_has_contact: 0.0148
Mean episode rew_frame_has_contact: 0.0003
          Mean episode rew_hip_pos: -0.1213
    Mean episode rew_frame_hip_pos: -0.0066
        Mean episode rew_lin_vel_z: -0.0599
  Mean episode rew_frame_lin_vel_z: -0.0051
      Mean episode rew_orientation: -0.0018
Mean episode rew_frame_orientation: -0.0002
           Mean episode rew_powers: -0.0020
     Mean episode rew_frame_powers: -0.0001
      Mean episode rew_stand_still: -0.0262
Mean episode rew_frame_stand_still: -0.0005
          Mean episode rew_stumble: -0.0000
    Mean episode rew_frame_stumble: -0.0000
      Mean episode rew_termination: -0.0010
Mean episode rew_frame_termination: -0.0004
          Mean episode rew_torques: -0.0078
    Mean episode rew_frame_torques: -0.0002
 Mean episode rew_tracking_ang_vel: 0.5941
Mean episode rew_frame_tracking_ang_vel: 0.0138
 Mean episode rew_tracking_lin_vel: 1.2295
Mean episode rew_frame_tracking_lin_vel: 0.0279
Mean episode max_power_throughout_episode: 3071.6296
            Mean episode max_pos_x: 4.4450
            Mean episode min_pos_x: -4.0050
            Mean episode max_pos_y: 4.7319
            Mean episode min_pos_y: -3.8288
        Mean episode timeout_ratio: 0.6809
       Mean episode num_terminated: 9.2917
--------------------------------------------------------------------------------
                   Total timesteps: 3950208
                    Iteration time: 1.76s
                        Total time: 4635.31s
                               ETA: 4277.1s


------------------------------
Step: 62500 - Reward Breakdown:
  action_rate               | Scaled Avg:  -0.0163 | Raw Avg:   1.6345
  action_smoothness         | Scaled Avg:  -0.0005 | Raw Avg:   0.2583
  ang_vel_xy                | Scaled Avg:  -0.0026 | Raw Avg:   1.3184
  collision                 | Scaled Avg:  -0.0001 | Raw Avg:   0.0061
  dof_acc                   | Scaled Avg:  -0.0007 | Raw Avg: 136902.6094
  dof_error                 | Scaled Avg:  -0.0028 | Raw Avg:   0.2764
  dof_vel                   | Scaled Avg:  -0.0080 | Raw Avg:  79.8021
  feet_contact_forces       | Scaled Avg:  -0.0000 | Raw Avg:   8.8149
  foot_clearance            | Scaled Avg:  -0.0001 | Raw Avg:   0.0082
  foot_mirror               | Scaled Avg:  -0.0001 | Raw Avg:   0.0785
  foot_slide                | Scaled Avg:  -0.0017 | Raw Avg:   1.7095
  has_contact               | Scaled Avg:   0.0004 | Raw Avg:   0.0178
  hip_pos                   | Scaled Avg:  -0.0028 | Raw Avg:   0.0282
  lin_vel_z                 | Scaled Avg:  -0.0017 | Raw Avg:   0.0213
  orientation               | Scaled Avg:  -0.0000 | Raw Avg:   0.0105
  powers                    | Scaled Avg:  -0.0001 | Raw Avg: 138.0297
  stand_still               | Scaled Avg:  -0.0002 | Raw Avg:   0.0018
  torques                   | Scaled Avg:  -0.0002 | Raw Avg: 1055.7655
  tracking_ang_vel          | Scaled Avg:   0.0156 | Raw Avg:   0.7797
  tracking_lin_vel          | Scaled Avg:   0.0323 | Raw Avg:   0.8065
  termination               | Scaled Avg:  -0.0001
  TOTAL REWARD              | Scaled Avg:   0.0102
------------------------------

------------------------------
Step: 63000 - Reward Breakdown:
  action_rate               | Scaled Avg:  -0.0165 | Raw Avg:   1.6496
  action_smoothness         | Scaled Avg:  -0.0005 | Raw Avg:   0.2567
  ang_vel_xy                | Scaled Avg:  -0.0027 | Raw Avg:   1.3606
  collision                 | Scaled Avg:  -0.0001 | Raw Avg:   0.0038
  dof_acc                   | Scaled Avg:  -0.0007 | Raw Avg: 146551.6406
  dof_error                 | Scaled Avg:  -0.0027 | Raw Avg:   0.2699
  dof_vel                   | Scaled Avg:  -0.0081 | Raw Avg:  80.9100
  feet_contact_forces       | Scaled Avg:  -0.0000 | Raw Avg:   8.3086
  foot_clearance            | Scaled Avg:  -0.0001 | Raw Avg:   0.0080
  foot_mirror               | Scaled Avg:  -0.0001 | Raw Avg:   0.0763
  foot_slide                | Scaled Avg:  -0.0017 | Raw Avg:   1.7100
  has_contact               | Scaled Avg:   0.0004 | Raw Avg:   0.0189
  hip_pos                   | Scaled Avg:  -0.0028 | Raw Avg:   0.0277
  lin_vel_z                 | Scaled Avg:  -0.0017 | Raw Avg:   0.0216
  orientation               | Scaled Avg:  -0.0000 | Raw Avg:   0.0099
  powers                    | Scaled Avg:  -0.0001 | Raw Avg: 141.6605
  stand_still               | Scaled Avg:  -0.0004 | Raw Avg:   0.0042
  torques                   | Scaled Avg:  -0.0002 | Raw Avg: 1107.8873
  tracking_ang_vel          | Scaled Avg:   0.0158 | Raw Avg:   0.7896
  tracking_lin_vel          | Scaled Avg:   0.0326 | Raw Avg:   0.8141
  termination               | Scaled Avg:  -0.0000
  TOTAL REWARD              | Scaled Avg:   0.0103
------------------------------

------------------------------
Step: 63500 - Reward Breakdown:
  action_rate               | Scaled Avg:  -0.0165 | Raw Avg:   1.6537
  action_smoothness         | Scaled Avg:  -0.0005 | Raw Avg:   0.2557
  ang_vel_xy                | Scaled Avg:  -0.0026 | Raw Avg:   1.3201
  collision                 | Scaled Avg:  -0.0001 | Raw Avg:   0.0049
  dof_acc                   | Scaled Avg:  -0.0008 | Raw Avg: 157689.0000
  dof_error                 | Scaled Avg:  -0.0027 | Raw Avg:   0.2705
  dof_vel                   | Scaled Avg:  -0.0080 | Raw Avg:  80.4072
  feet_contact_forces       | Scaled Avg:  -0.0000 | Raw Avg:   8.9789
  foot_clearance            | Scaled Avg:  -0.0001 | Raw Avg:   0.0083
  foot_mirror               | Scaled Avg:  -0.0001 | Raw Avg:   0.0786
  foot_slide                | Scaled Avg:  -0.0017 | Raw Avg:   1.7222
  has_contact               | Scaled Avg:   0.0004 | Raw Avg:   0.0190
  hip_pos                   | Scaled Avg:  -0.0028 | Raw Avg:   0.0277
  lin_vel_z                 | Scaled Avg:  -0.0017 | Raw Avg:   0.0208
  orientation               | Scaled Avg:  -0.0000 | Raw Avg:   0.0100
  powers                    | Scaled Avg:  -0.0001 | Raw Avg: 142.3379
  stand_still               | Scaled Avg:  -0.0003 | Raw Avg:   0.0029
  torques                   | Scaled Avg:  -0.0002 | Raw Avg: 1093.4849
  tracking_ang_vel          | Scaled Avg:   0.0157 | Raw Avg:   0.7844
  tracking_lin_vel          | Scaled Avg:   0.0328 | Raw Avg:   0.8199
  termination               | Scaled Avg:  -0.0000
  TOTAL REWARD              | Scaled Avg:   0.0106
------------------------------

------------------------------
Step: 64000 - Reward Breakdown:
  action_rate               | Scaled Avg:  -0.0168 | Raw Avg:   1.6800
  action_smoothness         | Scaled Avg:  -0.0005 | Raw Avg:   0.2656
  ang_vel_xy                | Scaled Avg:  -0.0027 | Raw Avg:   1.3629
  collision                 | Scaled Avg:  -0.0001 | Raw Avg:   0.0039
  dof_acc                   | Scaled Avg:  -0.0008 | Raw Avg: 154037.4844
  dof_error                 | Scaled Avg:  -0.0029 | Raw Avg:   0.2920
  dof_vel                   | Scaled Avg:  -0.0083 | Raw Avg:  83.3749
  feet_contact_forces       | Scaled Avg:  -0.0000 | Raw Avg:   9.1363
  foot_clearance            | Scaled Avg:  -0.0001 | Raw Avg:   0.0088
  foot_mirror               | Scaled Avg:  -0.0001 | Raw Avg:   0.0853
  foot_slide                | Scaled Avg:  -0.0017 | Raw Avg:   1.7308
  has_contact               | Scaled Avg:   0.0004 | Raw Avg:   0.0188
  hip_pos                   | Scaled Avg:  -0.0029 | Raw Avg:   0.0291
  lin_vel_z                 | Scaled Avg:  -0.0105 | Raw Avg:   0.1318
  orientation               | Scaled Avg:  -0.0000 | Raw Avg:   0.0105
  powers                    | Scaled Avg:  -0.0001 | Raw Avg: 144.7648
  stand_still               | Scaled Avg:  -0.0003 | Raw Avg:   0.0026
  torques                   | Scaled Avg:  -0.0002 | Raw Avg: 1096.8744
  tracking_ang_vel          | Scaled Avg:   0.0158 | Raw Avg:   0.7898
  tracking_lin_vel          | Scaled Avg:   0.0326 | Raw Avg:   0.8160
  termination               | Scaled Avg:  -0.0000
  TOTAL REWARD              | Scaled Avg:   0.0070
------------------------------

------------------------------
Step: 64500 - Reward Breakdown:
  action_rate               | Scaled Avg:  -0.0194 | Raw Avg:   1.9433
  action_smoothness         | Scaled Avg:  -0.0006 | Raw Avg:   0.3119
  ang_vel_xy                | Scaled Avg:  -0.0031 | Raw Avg:   1.5427
  collision                 | Scaled Avg:  -0.0001 | Raw Avg:   0.0057
  dof_acc                   | Scaled Avg:  -0.0009 | Raw Avg: 189530.8750
  dof_error                 | Scaled Avg:  -0.0031 | Raw Avg:   0.3088
  dof_vel                   | Scaled Avg:  -0.0089 | Raw Avg:  89.3915
  feet_air_time             | Scaled Avg:   0.0000 | Raw Avg:   0.0004
  feet_contact_forces       | Scaled Avg:  -0.0000 | Raw Avg:   9.3638
  foot_clearance            | Scaled Avg:  -0.0001 | Raw Avg:   0.0088
  foot_mirror               | Scaled Avg:  -0.0001 | Raw Avg:   0.0938
  foot_slide                | Scaled Avg:  -0.0017 | Raw Avg:   1.7481
  has_contact               | Scaled Avg:   0.0004 | Raw Avg:   0.0202
  hip_pos                   | Scaled Avg:  -0.0031 | Raw Avg:   0.0315
  lin_vel_z                 | Scaled Avg:  -0.0070 | Raw Avg:   0.0880
  orientation               | Scaled Avg:  -0.0001 | Raw Avg:   0.0127
  powers                    | Scaled Avg:  -0.0001 | Raw Avg: 145.4411
  stand_still               | Scaled Avg:  -0.0004 | Raw Avg:   0.0040
  torques                   | Scaled Avg:  -0.0002 | Raw Avg: 1080.9832
  tracking_ang_vel          | Scaled Avg:   0.0151 | Raw Avg:   0.7526
  tracking_lin_vel          | Scaled Avg:   0.0317 | Raw Avg:   0.7926
  termination               | Scaled Avg:  -0.0001
  TOTAL REWARD              | Scaled Avg:   0.0018
------------------------------
################################################################################
                    [1m Learning iteration 17700/20000 [0m                    

                       Computation: 81715 steps/s (collection: 1.320s, learning 0.470s)
                     surrogate_loss -0.0032
                         value_loss 0.1898
                            entropy 0.0114
                     estimator_loss 0.0000
                         total_loss 0.1868
             Mean action noise std: 0.24
                       Mean reward: 3.74
               Mean episode length: 620.35
      Mean episode rew_action_rate: -0.5275
Mean episode rew_frame_action_rate: -0.0242
Mean episode rew_action_smoothness: -0.0167
Mean episode rew_frame_action_smoothness: -0.0007
       Mean episode rew_ang_vel_xy: -0.0842
 Mean episode rew_frame_ang_vel_xy: -0.0095
      Mean episode rew_base_height: -0.0002
Mean episode rew_frame_base_height: -0.0001
        Mean episode rew_collision: -0.0034
  Mean episode rew_frame_collision: -0.0014
          Mean episode rew_dof_acc: -0.0230
    Mean episode rew_frame_dof_acc: -0.0019
        Mean episode rew_dof_error: -0.0851
  Mean episode rew_frame_dof_error: -0.0084
          Mean episode rew_dof_vel: -0.2414
    Mean episode rew_frame_dof_vel: -0.0147
    Mean episode rew_feet_air_time: 0.0002
Mean episode rew_frame_feet_air_time: 0.0000
Mean episode rew_feet_contact_forces: -0.0007
Mean episode rew_frame_feet_contact_forces: -0.0000
   Mean episode rew_foot_clearance: -0.0024
Mean episode rew_frame_foot_clearance: -0.0001
      Mean episode rew_foot_mirror: -0.0025
Mean episode rew_frame_foot_mirror: -0.0003
       Mean episode rew_foot_slide: -0.0485
 Mean episode rew_frame_foot_slide: -0.0017
      Mean episode rew_has_contact: 0.0096
Mean episode rew_frame_has_contact: 0.0003
          Mean episode rew_hip_pos: -0.0884
    Mean episode rew_frame_hip_pos: -0.0116
        Mean episode rew_lin_vel_z: -0.0557
  Mean episode rew_frame_lin_vel_z: -0.0114
      Mean episode rew_orientation: -0.0015
Mean episode rew_frame_orientation: -0.0004
           Mean episode rew_powers: -0.0016
     Mean episode rew_frame_powers: -0.0001
      Mean episode rew_stand_still: -0.0070
Mean episode rew_frame_stand_still: -0.0001
          Mean episode rew_stumble: -0.0000
    Mean episode rew_frame_stumble: -0.0000
      Mean episode rew_termination: -0.0015
Mean episode rew_frame_termination: -0.0009
          Mean episode rew_torques: -0.0062
    Mean episode rew_frame_torques: -0.0003
 Mean episode rew_tracking_ang_vel: 0.4296
Mean episode rew_frame_tracking_ang_vel: 0.0117
 Mean episode rew_tracking_lin_vel: 0.9065
Mean episode rew_frame_tracking_lin_vel: 0.0226
Mean episode max_power_throughout_episode: 3208.0576
            Mean episode max_pos_x: 4.0300
            Mean episode min_pos_x: -3.4291
            Mean episode max_pos_y: 4.0509
            Mean episode min_pos_y: -3.2599
        Mean episode timeout_ratio: 0.5006
       Mean episode num_terminated: 10.4583
--------------------------------------------------------------------------------
                   Total timesteps: 4096512
                    Iteration time: 1.79s
                        Total time: 4812.87s
                               ETA: 4098.3s


------------------------------
Step: 65000 - Reward Breakdown:
  action_rate               | Scaled Avg:  -0.0217 | Raw Avg:   2.1743
  action_smoothness         | Scaled Avg:  -0.0007 | Raw Avg:   0.3457
  ang_vel_xy                | Scaled Avg:  -0.0033 | Raw Avg:   1.6259
  collision                 | Scaled Avg:  -0.0001 | Raw Avg:   0.0061
  dof_acc                   | Scaled Avg:  -0.0010 | Raw Avg: 204838.2500
  dof_error                 | Scaled Avg:  -0.0032 | Raw Avg:   0.3213
  dof_vel                   | Scaled Avg:  -0.0096 | Raw Avg:  96.0709
  feet_contact_forces       | Scaled Avg:  -0.0000 | Raw Avg:   9.6348
  foot_clearance            | Scaled Avg:  -0.0001 | Raw Avg:   0.0087
  foot_mirror               | Scaled Avg:  -0.0001 | Raw Avg:   0.1007
  foot_slide                | Scaled Avg:  -0.0018 | Raw Avg:   1.7952
  has_contact               | Scaled Avg:   0.0004 | Raw Avg:   0.0191
  hip_pos                   | Scaled Avg:  -0.0031 | Raw Avg:   0.0307
  lin_vel_z                 | Scaled Avg:  -0.0420 | Raw Avg:   0.5255
  orientation               | Scaled Avg:  -0.0001 | Raw Avg:   0.0126
  powers                    | Scaled Avg:  -0.0001 | Raw Avg: 153.5336
  stand_still               | Scaled Avg:  -0.0003 | Raw Avg:   0.0025
  torques                   | Scaled Avg:  -0.0002 | Raw Avg: 1136.2584
  tracking_ang_vel          | Scaled Avg:   0.0146 | Raw Avg:   0.7301
  tracking_lin_vel          | Scaled Avg:   0.0312 | Raw Avg:   0.7803
  termination               | Scaled Avg:  -0.0000
  TOTAL REWARD              | Scaled Avg:  -0.0028
------------------------------

------------------------------
Step: 65500 - Reward Breakdown:
  action_rate               | Scaled Avg:  -0.0250 | Raw Avg:   2.4991
  action_smoothness         | Scaled Avg:  -0.0008 | Raw Avg:   0.3941
  ang_vel_xy                | Scaled Avg:  -0.0038 | Raw Avg:   1.9043
  base_height               | Scaled Avg:  -0.0783 | Raw Avg:   3.9158
  collision                 | Scaled Avg:  -0.0001 | Raw Avg:   0.0064
  dof_acc                   | Scaled Avg:  -0.0011 | Raw Avg: 220099.5625
  dof_error                 | Scaled Avg:  -0.0036 | Raw Avg:   0.3630
  dof_vel                   | Scaled Avg:  -0.0107 | Raw Avg: 107.0100
  feet_contact_forces       | Scaled Avg:  -0.0000 | Raw Avg:   9.7335
  foot_clearance            | Scaled Avg:  -0.0001 | Raw Avg:   0.0090
  foot_mirror               | Scaled Avg:  -0.0001 | Raw Avg:   0.1159
  foot_slide                | Scaled Avg:  -0.0018 | Raw Avg:   1.8254
  has_contact               | Scaled Avg:   0.0004 | Raw Avg:   0.0197
  hip_pos                   | Scaled Avg:  -0.0036 | Raw Avg:   0.0360
  lin_vel_z                 | Scaled Avg:  -0.0050 | Raw Avg:   0.0622
  orientation               | Scaled Avg:  -0.0001 | Raw Avg:   0.0158
  powers                    | Scaled Avg:  -0.0001 | Raw Avg: 170.9082
  stand_still               | Scaled Avg:  -0.0003 | Raw Avg:   0.0027
  torques                   | Scaled Avg:  -0.0003 | Raw Avg: 1269.4412
  tracking_ang_vel          | Scaled Avg:   0.0139 | Raw Avg:   0.6938
  tracking_lin_vel          | Scaled Avg:   0.0305 | Raw Avg:   0.7625
  termination               | Scaled Avg:  -0.0001
  TOTAL REWARD              | Scaled Avg:  -0.0108
------------------------------

------------------------------
Step: 66000 - Reward Breakdown:
  action_rate               | Scaled Avg:  -0.0263 | Raw Avg:   2.6299
  action_smoothness         | Scaled Avg:  -0.0008 | Raw Avg:   0.4139
  ang_vel_xy                | Scaled Avg:  -0.0041 | Raw Avg:   2.0409
  base_height               | Scaled Avg:  -0.0000 | Raw Avg:   0.0006
  collision                 | Scaled Avg:  -0.0002 | Raw Avg:   0.0090
  dof_acc                   | Scaled Avg:  -0.0014 | Raw Avg: 278307.0312
  dof_error                 | Scaled Avg:  -0.0038 | Raw Avg:   0.3826
  dof_vel                   | Scaled Avg:  -0.0114 | Raw Avg: 114.0233
  feet_contact_forces       | Scaled Avg:  -0.0000 | Raw Avg:  10.9918
  foot_clearance            | Scaled Avg:  -0.0001 | Raw Avg:   0.0097
  foot_mirror               | Scaled Avg:  -0.0001 | Raw Avg:   0.1173
  foot_slide                | Scaled Avg:  -0.0018 | Raw Avg:   1.8161
  has_contact               | Scaled Avg:   0.0004 | Raw Avg:   0.0204
  hip_pos                   | Scaled Avg:  -0.0037 | Raw Avg:   0.0370
  lin_vel_z                 | Scaled Avg:  -0.0032 | Raw Avg:   0.0394
  orientation               | Scaled Avg:  -0.0001 | Raw Avg:   0.0171
  powers                    | Scaled Avg:  -0.0001 | Raw Avg: 176.9868
  stand_still               | Scaled Avg:  -0.0003 | Raw Avg:   0.0030
  torques                   | Scaled Avg:  -0.0003 | Raw Avg: 1303.1271
  tracking_ang_vel          | Scaled Avg:   0.0136 | Raw Avg:   0.6797
  tracking_lin_vel          | Scaled Avg:   0.0302 | Raw Avg:   0.7547
  termination               | Scaled Avg:  -0.0001
  TOTAL REWARD              | Scaled Avg:  -0.0135
------------------------------

------------------------------
Step: 66500 - Reward Breakdown:
  action_rate               | Scaled Avg:  -0.0282 | Raw Avg:   2.8227
  action_smoothness         | Scaled Avg:  -0.0009 | Raw Avg:   0.4417
  ang_vel_xy                | Scaled Avg:  -0.0047 | Raw Avg:   2.3658
  base_height               | Scaled Avg:  -0.0000 | Raw Avg:   0.0012
  collision                 | Scaled Avg:  -0.0002 | Raw Avg:   0.0125
  dof_acc                   | Scaled Avg:  -0.0012 | Raw Avg: 237363.1875
  dof_error                 | Scaled Avg:  -0.0045 | Raw Avg:   0.4485
  dof_vel                   | Scaled Avg:  -0.0114 | Raw Avg: 114.0874
  feet_air_time             | Scaled Avg:   0.0000 | Raw Avg:   0.0003
  feet_contact_forces       | Scaled Avg:  -0.0000 | Raw Avg:  10.6510
  foot_clearance            | Scaled Avg:  -0.0001 | Raw Avg:   0.0090
  foot_mirror               | Scaled Avg:  -0.0002 | Raw Avg:   0.1523
  foot_slide                | Scaled Avg:  -0.0018 | Raw Avg:   1.7625
  has_contact               | Scaled Avg:   0.0005 | Raw Avg:   0.0228
  hip_pos                   | Scaled Avg:  -0.0045 | Raw Avg:   0.0446
  lin_vel_z                 | Scaled Avg:  -0.0883 | Raw Avg:   1.1036
  orientation               | Scaled Avg:  -0.0001 | Raw Avg:   0.0280
  powers                    | Scaled Avg:  -0.0001 | Raw Avg: 174.2982
  stand_still               | Scaled Avg:  -0.0004 | Raw Avg:   0.0043
  torques                   | Scaled Avg:  -0.0003 | Raw Avg: 1284.5306
  tracking_ang_vel          | Scaled Avg:   0.0126 | Raw Avg:   0.6324
  tracking_lin_vel          | Scaled Avg:   0.0283 | Raw Avg:   0.7085
  termination               | Scaled Avg:  -0.0002
  TOTAL REWARD              | Scaled Avg:  -0.0224
------------------------------

------------------------------
Step: 67000 - Reward Breakdown:
  action_rate               | Scaled Avg:  -0.0218 | Raw Avg:   2.1755
  action_smoothness         | Scaled Avg:  -0.0007 | Raw Avg:   0.3590
  ang_vel_xy                | Scaled Avg:  -0.0039 | Raw Avg:   1.9311
  base_height               | Scaled Avg:  -0.0000 | Raw Avg:   0.0012
  collision                 | Scaled Avg:  -0.0002 | Raw Avg:   0.0090
  dof_acc                   | Scaled Avg:  -0.0008 | Raw Avg: 155396.5938
  dof_error                 | Scaled Avg:  -0.0039 | Raw Avg:   0.3852
  dof_vel                   | Scaled Avg:  -0.0092 | Raw Avg:  92.3988
  feet_air_time             | Scaled Avg:   0.0000 | Raw Avg:   0.0003
  feet_contact_forces       | Scaled Avg:  -0.0000 | Raw Avg:   8.4849
  foot_clearance            | Scaled Avg:  -0.0001 | Raw Avg:   0.0076
  foot_mirror               | Scaled Avg:  -0.0001 | Raw Avg:   0.1301
  foot_slide                | Scaled Avg:  -0.0017 | Raw Avg:   1.6512
  has_contact               | Scaled Avg:   0.0005 | Raw Avg:   0.0246
  hip_pos                   | Scaled Avg:  -0.0038 | Raw Avg:   0.0376
  lin_vel_z                 | Scaled Avg:  -0.0029 | Raw Avg:   0.0364
  orientation               | Scaled Avg:  -0.0001 | Raw Avg:   0.0213
  powers                    | Scaled Avg:  -0.0001 | Raw Avg: 150.5796
  stand_still               | Scaled Avg:  -0.0002 | Raw Avg:   0.0022
  torques                   | Scaled Avg:  -0.0002 | Raw Avg: 1153.1287
  tracking_ang_vel          | Scaled Avg:   0.0137 | Raw Avg:   0.6840
  tracking_lin_vel          | Scaled Avg:   0.0301 | Raw Avg:   0.7527
  termination               | Scaled Avg:  -0.0002
  TOTAL REWARD              | Scaled Avg:  -0.0055
------------------------------
################################################################################
                    [1m Learning iteration 17800/20000 [0m                    

                       Computation: 80870 steps/s (collection: 1.335s, learning 0.474s)
                     surrogate_loss -0.0067
                         value_loss 0.0501
                            entropy -0.6304
                     estimator_loss 0.0000
                         total_loss 0.0371
             Mean action noise std: 0.25
                       Mean reward: -2.55
               Mean episode length: 257.97
      Mean episode rew_action_rate: -0.3116
Mean episode rew_frame_action_rate: -0.0277
Mean episode rew_action_smoothness: -0.0101
Mean episode rew_frame_action_smoothness: -0.0008
       Mean episode rew_ang_vel_xy: -0.0535
 Mean episode rew_frame_ang_vel_xy: -0.0114
      Mean episode rew_base_height: -0.0003
Mean episode rew_frame_base_height: -0.0001
        Mean episode rew_collision: -0.0024
  Mean episode rew_frame_collision: -0.0012
          Mean episode rew_dof_acc: -0.0121
    Mean episode rew_frame_dof_acc: -0.0027
        Mean episode rew_dof_error: -0.0510
  Mean episode rew_frame_dof_error: -0.0103
          Mean episode rew_dof_vel: -0.1298
    Mean episode rew_frame_dof_vel: -0.0180
    Mean episode rew_feet_air_time: 0.0001
Mean episode rew_frame_feet_air_time: 0.0000
Mean episode rew_feet_contact_forces: -0.0004
Mean episode rew_frame_feet_contact_forces: -0.0000
   Mean episode rew_foot_clearance: -0.0010
Mean episode rew_frame_foot_clearance: -0.0002
      Mean episode rew_foot_mirror: -0.0017
Mean episode rew_frame_foot_mirror: -0.0004
       Mean episode rew_foot_slide: -0.0226
 Mean episode rew_frame_foot_slide: -0.0018
      Mean episode rew_has_contact: 0.0071
Mean episode rew_frame_has_contact: 0.0002
          Mean episode rew_hip_pos: -0.0511
    Mean episode rew_frame_hip_pos: -0.0139
        Mean episode rew_lin_vel_z: -0.0414
  Mean episode rew_frame_lin_vel_z: -0.0179
      Mean episode rew_orientation: -0.0012
Mean episode rew_frame_orientation: -0.0005
           Mean episode rew_powers: -0.0008
     Mean episode rew_frame_powers: -0.0001
      Mean episode rew_stand_still: -0.0076
Mean episode rew_frame_stand_still: -0.0002
          Mean episode rew_stumble: -0.0000
    Mean episode rew_frame_stumble: -0.0000
      Mean episode rew_termination: -0.0026
Mean episode rew_frame_termination: -0.0018
          Mean episode rew_torques: -0.0031
    Mean episode rew_frame_torques: -0.0003
 Mean episode rew_tracking_ang_vel: 0.1725
Mean episode rew_frame_tracking_ang_vel: 0.0084
 Mean episode rew_tracking_lin_vel: 0.3777
Mean episode rew_frame_tracking_lin_vel: 0.0150
Mean episode max_power_throughout_episode: 3716.0959
            Mean episode max_pos_x: 3.2911
            Mean episode min_pos_x: -2.3946
            Mean episode max_pos_y: 2.6061
            Mean episode min_pos_y: -2.9414
        Mean episode timeout_ratio: 0.1257
       Mean episode num_terminated: 17.7083
--------------------------------------------------------------------------------
                   Total timesteps: 4242816
                    Iteration time: 1.81s
                        Total time: 4996.15s
                               ETA: 3924.1s


------------------------------
Step: 67500 - Reward Breakdown:
  action_rate               | Scaled Avg:  -0.0188 | Raw Avg:   1.8850
  action_smoothness         | Scaled Avg:  -0.0006 | Raw Avg:   0.3053
  ang_vel_xy                | Scaled Avg:  -0.0033 | Raw Avg:   1.6553
  base_height               | Scaled Avg:  -0.0000 | Raw Avg:   0.0010
  collision                 | Scaled Avg:  -0.0002 | Raw Avg:   0.0082
  dof_acc                   | Scaled Avg:  -0.0007 | Raw Avg: 140953.2812
  dof_error                 | Scaled Avg:  -0.0035 | Raw Avg:   0.3485
  dof_vel                   | Scaled Avg:  -0.0085 | Raw Avg:  85.2886
  feet_contact_forces       | Scaled Avg:  -0.0000 | Raw Avg:   8.0722
  foot_clearance            | Scaled Avg:  -0.0001 | Raw Avg:   0.0070
  foot_mirror               | Scaled Avg:  -0.0001 | Raw Avg:   0.1114
  foot_slide                | Scaled Avg:  -0.0017 | Raw Avg:   1.6615
  has_contact               | Scaled Avg:   0.0004 | Raw Avg:   0.0212
  hip_pos                   | Scaled Avg:  -0.0033 | Raw Avg:   0.0330
  lin_vel_z                 | Scaled Avg:  -0.0026 | Raw Avg:   0.0331
  orientation               | Scaled Avg:  -0.0001 | Raw Avg:   0.0192
  powers                    | Scaled Avg:  -0.0001 | Raw Avg: 147.1589
  stand_still               | Scaled Avg:  -0.0003 | Raw Avg:   0.0032
  torques                   | Scaled Avg:  -0.0002 | Raw Avg: 1185.1924
  tracking_ang_vel          | Scaled Avg:   0.0145 | Raw Avg:   0.7262
  tracking_lin_vel          | Scaled Avg:   0.0309 | Raw Avg:   0.7714
  termination               | Scaled Avg:  -0.0001
  TOTAL REWARD              | Scaled Avg:   0.0015
------------------------------

------------------------------
Step: 68000 - Reward Breakdown:
  action_rate               | Scaled Avg:  -0.0170 | Raw Avg:   1.7029
  action_smoothness         | Scaled Avg:  -0.0005 | Raw Avg:   0.2733
  ang_vel_xy                | Scaled Avg:  -0.0031 | Raw Avg:   1.5748
  base_height               | Scaled Avg:  -0.0000 | Raw Avg:   0.0008
  collision                 | Scaled Avg:  -0.0002 | Raw Avg:   0.0092
  dof_acc                   | Scaled Avg:  -0.0006 | Raw Avg: 122391.0938
  dof_error                 | Scaled Avg:  -0.0032 | Raw Avg:   0.3212
  dof_vel                   | Scaled Avg:  -0.0079 | Raw Avg:  79.3576
  feet_air_time             | Scaled Avg:   0.0000 | Raw Avg:   0.0004
  feet_contact_forces       | Scaled Avg:  -0.0000 | Raw Avg:   7.3325
  foot_clearance            | Scaled Avg:  -0.0001 | Raw Avg:   0.0065
  foot_mirror               | Scaled Avg:  -0.0001 | Raw Avg:   0.0969
  foot_slide                | Scaled Avg:  -0.0017 | Raw Avg:   1.6552
  has_contact               | Scaled Avg:   0.0004 | Raw Avg:   0.0182
  hip_pos                   | Scaled Avg:  -0.0030 | Raw Avg:   0.0303
  lin_vel_z                 | Scaled Avg:  -0.0020 | Raw Avg:   0.0254
  orientation               | Scaled Avg:  -0.0001 | Raw Avg:   0.0150
  powers                    | Scaled Avg:  -0.0001 | Raw Avg: 155.8858
  stand_still               | Scaled Avg:  -0.0002 | Raw Avg:   0.0021
  torques                   | Scaled Avg:  -0.0003 | Raw Avg: 1369.4369
  tracking_ang_vel          | Scaled Avg:   0.0152 | Raw Avg:   0.7576
  tracking_lin_vel          | Scaled Avg:   0.0312 | Raw Avg:   0.7802
  termination               | Scaled Avg:  -0.0001
  TOTAL REWARD              | Scaled Avg:   0.0065
------------------------------

------------------------------
Step: 68500 - Reward Breakdown:
  action_rate               | Scaled Avg:  -0.0167 | Raw Avg:   1.6744
  action_smoothness         | Scaled Avg:  -0.0005 | Raw Avg:   0.2621
  ang_vel_xy                | Scaled Avg:  -0.0031 | Raw Avg:   1.5428
  base_height               | Scaled Avg:  -0.0000 | Raw Avg:   0.0009
  collision                 | Scaled Avg:  -0.0002 | Raw Avg:   0.0082
  dof_acc                   | Scaled Avg:  -0.0005 | Raw Avg: 109189.4141
  dof_error                 | Scaled Avg:  -0.0031 | Raw Avg:   0.3124
  dof_vel                   | Scaled Avg:  -0.0082 | Raw Avg:  82.0545
  feet_contact_forces       | Scaled Avg:  -0.0000 | Raw Avg:   6.8270
  foot_clearance            | Scaled Avg:  -0.0001 | Raw Avg:   0.0053
  foot_mirror               | Scaled Avg:  -0.0001 | Raw Avg:   0.0969
  foot_slide                | Scaled Avg:  -0.0017 | Raw Avg:   1.6804
  has_contact               | Scaled Avg:   0.0004 | Raw Avg:   0.0211
  hip_pos                   | Scaled Avg:  -0.0031 | Raw Avg:   0.0314
  lin_vel_z                 | Scaled Avg:  -0.0018 | Raw Avg:   0.0225
  orientation               | Scaled Avg:  -0.0001 | Raw Avg:   0.0138
  powers                    | Scaled Avg:  -0.0001 | Raw Avg: 164.1596
  stand_still               | Scaled Avg:  -0.0003 | Raw Avg:   0.0033
  torques                   | Scaled Avg:  -0.0003 | Raw Avg: 1469.8735
  tracking_ang_vel          | Scaled Avg:   0.0151 | Raw Avg:   0.7565
  tracking_lin_vel          | Scaled Avg:   0.0317 | Raw Avg:   0.7929
  termination               | Scaled Avg:  -0.0001
  TOTAL REWARD              | Scaled Avg:   0.0073
------------------------------

------------------------------
Step: 69000 - Reward Breakdown:
  action_rate               | Scaled Avg:  -0.0167 | Raw Avg:   1.6662
  action_smoothness         | Scaled Avg:  -0.0005 | Raw Avg:   0.2579
  ang_vel_xy                | Scaled Avg:  -0.0031 | Raw Avg:   1.5367
  base_height               | Scaled Avg:  -0.0000 | Raw Avg:   0.0009
  collision                 | Scaled Avg:  -0.0001 | Raw Avg:   0.0059
  dof_acc                   | Scaled Avg:  -0.0005 | Raw Avg: 101480.5469
  dof_error                 | Scaled Avg:  -0.0031 | Raw Avg:   0.3052
  dof_vel                   | Scaled Avg:  -0.0083 | Raw Avg:  82.5925
  feet_air_time             | Scaled Avg:   0.0000 | Raw Avg:   0.0005
  feet_contact_forces       | Scaled Avg:  -0.0000 | Raw Avg:   6.8250
  foot_clearance            | Scaled Avg:  -0.0001 | Raw Avg:   0.0053
  foot_mirror               | Scaled Avg:  -0.0001 | Raw Avg:   0.0929
  foot_slide                | Scaled Avg:  -0.0017 | Raw Avg:   1.7098
  has_contact               | Scaled Avg:   0.0004 | Raw Avg:   0.0202
  hip_pos                   | Scaled Avg:  -0.0033 | Raw Avg:   0.0328
  lin_vel_z                 | Scaled Avg:  -0.0017 | Raw Avg:   0.0217
  orientation               | Scaled Avg:  -0.0001 | Raw Avg:   0.0131
  powers                    | Scaled Avg:  -0.0001 | Raw Avg: 166.9452
  stand_still               | Scaled Avg:  -0.0003 | Raw Avg:   0.0033
  torques                   | Scaled Avg:  -0.0003 | Raw Avg: 1479.6460
  tracking_ang_vel          | Scaled Avg:   0.0154 | Raw Avg:   0.7682
  tracking_lin_vel          | Scaled Avg:   0.0320 | Raw Avg:   0.8004
  termination               | Scaled Avg:  -0.0000
  TOTAL REWARD              | Scaled Avg:   0.0079
------------------------------

------------------------------
Step: 69500 - Reward Breakdown:
  action_rate               | Scaled Avg:  -0.0163 | Raw Avg:   1.6319
  action_smoothness         | Scaled Avg:  -0.0005 | Raw Avg:   0.2539
  ang_vel_xy                | Scaled Avg:  -0.0028 | Raw Avg:   1.4244
  base_height               | Scaled Avg:  -0.0000 | Raw Avg:   0.0008
  collision                 | Scaled Avg:  -0.0001 | Raw Avg:   0.0062
  dof_acc                   | Scaled Avg:  -0.0005 | Raw Avg: 97436.7969
  dof_error                 | Scaled Avg:  -0.0028 | Raw Avg:   0.2832
  dof_vel                   | Scaled Avg:  -0.0081 | Raw Avg:  81.2655
  feet_contact_forces       | Scaled Avg:  -0.0000 | Raw Avg:   6.8538
  foot_clearance            | Scaled Avg:  -0.0001 | Raw Avg:   0.0054
  foot_mirror               | Scaled Avg:  -0.0001 | Raw Avg:   0.0869
  foot_slide                | Scaled Avg:  -0.0017 | Raw Avg:   1.7216
  has_contact               | Scaled Avg:   0.0004 | Raw Avg:   0.0207
  hip_pos                   | Scaled Avg:  -0.0030 | Raw Avg:   0.0297
  lin_vel_z                 | Scaled Avg:  -0.0017 | Raw Avg:   0.0208
  orientation               | Scaled Avg:  -0.0000 | Raw Avg:   0.0118
  powers                    | Scaled Avg:  -0.0001 | Raw Avg: 160.0268
  stand_still               | Scaled Avg:  -0.0002 | Raw Avg:   0.0021
  torques                   | Scaled Avg:  -0.0003 | Raw Avg: 1387.1450
  tracking_ang_vel          | Scaled Avg:   0.0155 | Raw Avg:   0.7766
  tracking_lin_vel          | Scaled Avg:   0.0322 | Raw Avg:   0.8058
  termination               | Scaled Avg:  -0.0000
  TOTAL REWARD              | Scaled Avg:   0.0098
------------------------------
################################################################################
                    [1m Learning iteration 17900/20000 [0m                    

                       Computation: 76863 steps/s (collection: 1.434s, learning 0.470s)
                     surrogate_loss -0.0047
                         value_loss 0.0512
                            entropy 2.2436
                     estimator_loss 0.0000
                         total_loss 0.0690
             Mean action noise std: 0.20
                       Mean reward: 6.02
               Mean episode length: 640.67
      Mean episode rew_action_rate: -0.5296
Mean episode rew_frame_action_rate: -0.0184
Mean episode rew_action_smoothness: -0.0165
Mean episode rew_frame_action_smoothness: -0.0006
       Mean episode rew_ang_vel_xy: -0.0942
 Mean episode rew_frame_ang_vel_xy: -0.0066
      Mean episode rew_base_height: -0.0005
Mean episode rew_frame_base_height: -0.0001
        Mean episode rew_collision: -0.0070
  Mean episode rew_frame_collision: -0.0008
          Mean episode rew_dof_acc: -0.0159
    Mean episode rew_frame_dof_acc: -0.0010
        Mean episode rew_dof_error: -0.0950
  Mean episode rew_frame_dof_error: -0.0060
          Mean episode rew_dof_vel: -0.2638
    Mean episode rew_frame_dof_vel: -0.0109
    Mean episode rew_feet_air_time: 0.0001
Mean episode rew_frame_feet_air_time: 0.0000
Mean episode rew_feet_contact_forces: -0.0007
Mean episode rew_frame_feet_contact_forces: -0.0000
   Mean episode rew_foot_clearance: -0.0018
Mean episode rew_frame_foot_clearance: -0.0001
      Mean episode rew_foot_mirror: -0.0029
Mean episode rew_frame_foot_mirror: -0.0002
       Mean episode rew_foot_slide: -0.0557
 Mean episode rew_frame_foot_slide: -0.0017
      Mean episode rew_has_contact: 0.0115
Mean episode rew_frame_has_contact: 0.0003
          Mean episode rew_hip_pos: -0.1022
    Mean episode rew_frame_hip_pos: -0.0083
        Mean episode rew_lin_vel_z: -0.0529
  Mean episode rew_frame_lin_vel_z: -0.0073
      Mean episode rew_orientation: -0.0016
Mean episode rew_frame_orientation: -0.0002
           Mean episode rew_powers: -0.0021
     Mean episode rew_frame_powers: -0.0001
      Mean episode rew_stand_still: -0.0083
Mean episode rew_frame_stand_still: -0.0006
          Mean episode rew_stumble: -0.0000
    Mean episode rew_frame_stumble: -0.0000
      Mean episode rew_termination: -0.0013
Mean episode rew_frame_termination: -0.0007
          Mean episode rew_torques: -0.0092
    Mean episode rew_frame_torques: -0.0003
 Mean episode rew_tracking_ang_vel: 0.4960
Mean episode rew_frame_tracking_ang_vel: 0.0126
 Mean episode rew_tracking_lin_vel: 1.0370
Mean episode rew_frame_tracking_lin_vel: 0.0252
Mean episode max_power_throughout_episode: 3237.0833
            Mean episode max_pos_x: 3.9824
            Mean episode min_pos_x: -3.4323
            Mean episode max_pos_y: 4.5027
            Mean episode min_pos_y: -3.7923
        Mean episode timeout_ratio: 0.5537
       Mean episode num_terminated: 9.9583
--------------------------------------------------------------------------------
                   Total timesteps: 4389120
                    Iteration time: 1.90s
                        Total time: 5175.86s
                               ETA: 3746.7s


------------------------------
Step: 70000 - Reward Breakdown:
  action_rate               | Scaled Avg:  -0.0162 | Raw Avg:   1.6221
  action_smoothness         | Scaled Avg:  -0.0005 | Raw Avg:   0.2544
  ang_vel_xy                | Scaled Avg:  -0.0027 | Raw Avg:   1.3543
  base_height               | Scaled Avg:  -0.0000 | Raw Avg:   0.0007
  collision                 | Scaled Avg:  -0.0001 | Raw Avg:   0.0046
  dof_acc                   | Scaled Avg:  -0.0006 | Raw Avg: 118936.0000
  dof_error                 | Scaled Avg:  -0.0027 | Raw Avg:   0.2701
  dof_vel                   | Scaled Avg:  -0.0081 | Raw Avg:  80.5585
  feet_contact_forces       | Scaled Avg:  -0.0000 | Raw Avg:   6.6737
  foot_clearance            | Scaled Avg:  -0.0001 | Raw Avg:   0.0059
  foot_mirror               | Scaled Avg:  -0.0001 | Raw Avg:   0.0827
  foot_slide                | Scaled Avg:  -0.0018 | Raw Avg:   1.7668
  has_contact               | Scaled Avg:   0.0004 | Raw Avg:   0.0219
  hip_pos                   | Scaled Avg:  -0.0029 | Raw Avg:   0.0289
  lin_vel_z                 | Scaled Avg:  -0.0016 | Raw Avg:   0.0196
  orientation               | Scaled Avg:  -0.0000 | Raw Avg:   0.0104
  powers                    | Scaled Avg:  -0.0001 | Raw Avg: 153.8185
  stand_still               | Scaled Avg:  -0.0003 | Raw Avg:   0.0026
  torques                   | Scaled Avg:  -0.0003 | Raw Avg: 1291.0986
  tracking_ang_vel          | Scaled Avg:   0.0156 | Raw Avg:   0.7818
  tracking_lin_vel          | Scaled Avg:   0.0325 | Raw Avg:   0.8125
  termination               | Scaled Avg:  -0.0000
  TOTAL REWARD              | Scaled Avg:   0.0107
------------------------------

------------------------------
Step: 70500 - Reward Breakdown:
  action_rate               | Scaled Avg:  -0.0160 | Raw Avg:   1.5966
  action_smoothness         | Scaled Avg:  -0.0005 | Raw Avg:   0.2524
  ang_vel_xy                | Scaled Avg:  -0.0025 | Raw Avg:   1.2469
  base_height               | Scaled Avg:  -0.0000 | Raw Avg:   0.0006
  collision                 | Scaled Avg:  -0.0001 | Raw Avg:   0.0036
  dof_acc                   | Scaled Avg:  -0.0005 | Raw Avg: 101541.1250
  dof_error                 | Scaled Avg:  -0.0027 | Raw Avg:   0.2714
  dof_vel                   | Scaled Avg:  -0.0078 | Raw Avg:  77.8333
  feet_contact_forces       | Scaled Avg:  -0.0000 | Raw Avg:   6.7419
  foot_clearance            | Scaled Avg:  -0.0001 | Raw Avg:   0.0063
  foot_mirror               | Scaled Avg:  -0.0001 | Raw Avg:   0.0806
  foot_slide                | Scaled Avg:  -0.0018 | Raw Avg:   1.7542
  has_contact               | Scaled Avg:   0.0004 | Raw Avg:   0.0209
  hip_pos                   | Scaled Avg:  -0.0030 | Raw Avg:   0.0301
  lin_vel_z                 | Scaled Avg:  -0.0016 | Raw Avg:   0.0198
  orientation               | Scaled Avg:  -0.0000 | Raw Avg:   0.0090
  powers                    | Scaled Avg:  -0.0001 | Raw Avg: 135.6115
  stand_still               | Scaled Avg:  -0.0003 | Raw Avg:   0.0027
  torques                   | Scaled Avg:  -0.0002 | Raw Avg: 1045.9952
  tracking_ang_vel          | Scaled Avg:   0.0156 | Raw Avg:   0.7778
  tracking_lin_vel          | Scaled Avg:   0.0329 | Raw Avg:   0.8215
  termination               | Scaled Avg:  -0.0000
  TOTAL REWARD              | Scaled Avg:   0.0117
------------------------------

------------------------------
Step: 71000 - Reward Breakdown:
  action_rate               | Scaled Avg:  -0.0161 | Raw Avg:   1.6103
  action_smoothness         | Scaled Avg:  -0.0005 | Raw Avg:   0.2554
  ang_vel_xy                | Scaled Avg:  -0.0026 | Raw Avg:   1.2925
  base_height               | Scaled Avg:  -0.0000 | Raw Avg:   0.0005
  collision                 | Scaled Avg:  -0.0001 | Raw Avg:   0.0051
  dof_acc                   | Scaled Avg:  -0.0007 | Raw Avg: 132082.7188
  dof_error                 | Scaled Avg:  -0.0027 | Raw Avg:   0.2744
  dof_vel                   | Scaled Avg:  -0.0080 | Raw Avg:  79.9080
  feet_contact_forces       | Scaled Avg:  -0.0000 | Raw Avg:   7.7958
  foot_clearance            | Scaled Avg:  -0.0001 | Raw Avg:   0.0072
  foot_mirror               | Scaled Avg:  -0.0001 | Raw Avg:   0.0844
  foot_slide                | Scaled Avg:  -0.0018 | Raw Avg:   1.7660
  has_contact               | Scaled Avg:   0.0003 | Raw Avg:   0.0170
  hip_pos                   | Scaled Avg:  -0.0028 | Raw Avg:   0.0284
  lin_vel_z                 | Scaled Avg:  -0.0016 | Raw Avg:   0.0201
  orientation               | Scaled Avg:  -0.0000 | Raw Avg:   0.0107
  powers                    | Scaled Avg:  -0.0001 | Raw Avg: 137.8197
  stand_still               | Scaled Avg:  -0.0002 | Raw Avg:   0.0023
  torques                   | Scaled Avg:  -0.0002 | Raw Avg: 1050.0254
  tracking_ang_vel          | Scaled Avg:   0.0157 | Raw Avg:   0.7864
  tracking_lin_vel          | Scaled Avg:   0.0329 | Raw Avg:   0.8221
  termination               | Scaled Avg:  -0.0000
  TOTAL REWARD              | Scaled Avg:   0.0113
------------------------------

------------------------------
Step: 71500 - Reward Breakdown:
  action_rate               | Scaled Avg:  -0.0163 | Raw Avg:   1.6280
  action_smoothness         | Scaled Avg:  -0.0005 | Raw Avg:   0.2623
  ang_vel_xy                | Scaled Avg:  -0.0027 | Raw Avg:   1.3654
  collision                 | Scaled Avg:  -0.0001 | Raw Avg:   0.0043
  dof_acc                   | Scaled Avg:  -0.0006 | Raw Avg: 129243.7969
  dof_error                 | Scaled Avg:  -0.0028 | Raw Avg:   0.2804
  dof_vel                   | Scaled Avg:  -0.0079 | Raw Avg:  79.3209
  feet_contact_forces       | Scaled Avg:  -0.0000 | Raw Avg:   7.7881
  foot_clearance            | Scaled Avg:  -0.0001 | Raw Avg:   0.0073
  foot_mirror               | Scaled Avg:  -0.0001 | Raw Avg:   0.0833
  foot_slide                | Scaled Avg:  -0.0017 | Raw Avg:   1.7271
  has_contact               | Scaled Avg:   0.0004 | Raw Avg:   0.0219
  hip_pos                   | Scaled Avg:  -0.0028 | Raw Avg:   0.0284
  lin_vel_z                 | Scaled Avg:  -0.0017 | Raw Avg:   0.0217
  orientation               | Scaled Avg:  -0.0000 | Raw Avg:   0.0108
  powers                    | Scaled Avg:  -0.0001 | Raw Avg: 143.4173
  stand_still               | Scaled Avg:  -0.0002 | Raw Avg:   0.0021
  torques                   | Scaled Avg:  -0.0002 | Raw Avg: 1152.8596
  tracking_ang_vel          | Scaled Avg:   0.0155 | Raw Avg:   0.7760
  tracking_lin_vel          | Scaled Avg:   0.0325 | Raw Avg:   0.8116
  termination               | Scaled Avg:  -0.0000
  TOTAL REWARD              | Scaled Avg:   0.0103
------------------------------

------------------------------
Step: 72000 - Reward Breakdown:
  action_rate               | Scaled Avg:  -0.0162 | Raw Avg:   1.6151
  action_smoothness         | Scaled Avg:  -0.0005 | Raw Avg:   0.2559
  ang_vel_xy                | Scaled Avg:  -0.0026 | Raw Avg:   1.2952
  base_height               | Scaled Avg:  -0.0000 | Raw Avg:   0.0005
  collision                 | Scaled Avg:  -0.0001 | Raw Avg:   0.0052
  dof_acc                   | Scaled Avg:  -0.0006 | Raw Avg: 118848.2422
  dof_error                 | Scaled Avg:  -0.0028 | Raw Avg:   0.2762
  dof_vel                   | Scaled Avg:  -0.0079 | Raw Avg:  79.0754
  feet_contact_forces       | Scaled Avg:  -0.0000 | Raw Avg:   7.5919
  foot_clearance            | Scaled Avg:  -0.0001 | Raw Avg:   0.0073
  foot_mirror               | Scaled Avg:  -0.0001 | Raw Avg:   0.0813
  foot_slide                | Scaled Avg:  -0.0018 | Raw Avg:   1.7695
  has_contact               | Scaled Avg:   0.0004 | Raw Avg:   0.0192
  hip_pos                   | Scaled Avg:  -0.0029 | Raw Avg:   0.0288
  lin_vel_z                 | Scaled Avg:  -0.0017 | Raw Avg:   0.0208
  orientation               | Scaled Avg:  -0.0000 | Raw Avg:   0.0110
  powers                    | Scaled Avg:  -0.0001 | Raw Avg: 145.9706
  stand_still               | Scaled Avg:  -0.0002 | Raw Avg:   0.0020
  torques                   | Scaled Avg:  -0.0002 | Raw Avg: 1160.2412
  tracking_ang_vel          | Scaled Avg:   0.0158 | Raw Avg:   0.7908
  tracking_lin_vel          | Scaled Avg:   0.0329 | Raw Avg:   0.8217
  termination               | Scaled Avg:  -0.0000
  TOTAL REWARD              | Scaled Avg:   0.0114
------------------------------
################################################################################
                    [1m Learning iteration 18000/20000 [0m                    

                       Computation: 82965 steps/s (collection: 1.296s, learning 0.467s)
                     surrogate_loss -0.0036
                         value_loss 0.0450
                            entropy 2.2625
                     estimator_loss 0.0000
                         total_loss 0.0641
             Mean action noise std: 0.20
                       Mean reward: 6.39
               Mean episode length: 627.00
      Mean episode rew_action_rate: -0.5317
Mean episode rew_frame_action_rate: -0.0192
Mean episode rew_action_smoothness: -0.0167
Mean episode rew_frame_action_smoothness: -0.0006
       Mean episode rew_ang_vel_xy: -0.0875
 Mean episode rew_frame_ang_vel_xy: -0.0065
      Mean episode rew_base_height: -0.0003
Mean episode rew_frame_base_height: -0.0001
        Mean episode rew_collision: -0.0023
  Mean episode rew_frame_collision: -0.0006
          Mean episode rew_dof_acc: -0.0216
    Mean episode rew_frame_dof_acc: -0.0014
        Mean episode rew_dof_error: -0.0903
  Mean episode rew_frame_dof_error: -0.0062
          Mean episode rew_dof_vel: -0.2663
    Mean episode rew_frame_dof_vel: -0.0121
    Mean episode rew_feet_air_time: 0.0002
Mean episode rew_frame_feet_air_time: 0.0000
Mean episode rew_feet_contact_forces: -0.0008
Mean episode rew_frame_feet_contact_forces: -0.0000
   Mean episode rew_foot_clearance: -0.0024
Mean episode rew_frame_foot_clearance: -0.0001
      Mean episode rew_foot_mirror: -0.0027
Mean episode rew_frame_foot_mirror: -0.0002
       Mean episode rew_foot_slide: -0.0577
 Mean episode rew_frame_foot_slide: -0.0018
      Mean episode rew_has_contact: 0.0138
Mean episode rew_frame_has_contact: 0.0004
          Mean episode rew_hip_pos: -0.0938
    Mean episode rew_frame_hip_pos: -0.0086
        Mean episode rew_lin_vel_z: -0.0557
  Mean episode rew_frame_lin_vel_z: -0.0072
      Mean episode rew_orientation: -0.0014
Mean episode rew_frame_orientation: -0.0003
           Mean episode rew_powers: -0.0019
     Mean episode rew_frame_powers: -0.0001
      Mean episode rew_stand_still: -0.0000
Mean episode rew_frame_stand_still: -0.0000
          Mean episode rew_stumble: -0.0000
    Mean episode rew_frame_stumble: -0.0000
      Mean episode rew_termination: -0.0013
Mean episode rew_frame_termination: -0.0007
          Mean episode rew_torques: -0.0074
    Mean episode rew_frame_torques: -0.0003
 Mean episode rew_tracking_ang_vel: 0.4970
Mean episode rew_frame_tracking_ang_vel: 0.0128
 Mean episode rew_tracking_lin_vel: 1.0396
Mean episode rew_frame_tracking_lin_vel: 0.0249
Mean episode max_power_throughout_episode: 3316.0125
            Mean episode max_pos_x: 4.2927
            Mean episode min_pos_x: -3.7636
            Mean episode max_pos_y: 2.8824
            Mean episode min_pos_y: -3.7004
        Mean episode timeout_ratio: 0.5581
       Mean episode num_terminated: 8.7500
--------------------------------------------------------------------------------
                   Total timesteps: 4535424
                    Iteration time: 1.76s
                        Total time: 5352.58s
                               ETA: 3567.2s


------------------------------
Step: 72500 - Reward Breakdown:
  action_rate               | Scaled Avg:  -0.0163 | Raw Avg:   1.6280
  action_smoothness         | Scaled Avg:  -0.0005 | Raw Avg:   0.2555
  ang_vel_xy                | Scaled Avg:  -0.0026 | Raw Avg:   1.3129
  collision                 | Scaled Avg:  -0.0001 | Raw Avg:   0.0059
  dof_acc                   | Scaled Avg:  -0.0006 | Raw Avg: 128964.4922
  dof_error                 | Scaled Avg:  -0.0027 | Raw Avg:   0.2734
  dof_vel                   | Scaled Avg:  -0.0081 | Raw Avg:  80.7105
  feet_contact_forces       | Scaled Avg:  -0.0000 | Raw Avg:   7.5737
  foot_clearance            | Scaled Avg:  -0.0001 | Raw Avg:   0.0071
  foot_mirror               | Scaled Avg:  -0.0001 | Raw Avg:   0.0828
  foot_slide                | Scaled Avg:  -0.0018 | Raw Avg:   1.7531
  has_contact               | Scaled Avg:   0.0004 | Raw Avg:   0.0203
  hip_pos                   | Scaled Avg:  -0.0029 | Raw Avg:   0.0294
  lin_vel_z                 | Scaled Avg:  -0.0017 | Raw Avg:   0.0207
  orientation               | Scaled Avg:  -0.0000 | Raw Avg:   0.0107
  powers                    | Scaled Avg:  -0.0001 | Raw Avg: 149.3816
  stand_still               | Scaled Avg:  -0.0003 | Raw Avg:   0.0034
  torques                   | Scaled Avg:  -0.0002 | Raw Avg: 1203.0393
  tracking_ang_vel          | Scaled Avg:   0.0157 | Raw Avg:   0.7835
  tracking_lin_vel          | Scaled Avg:   0.0327 | Raw Avg:   0.8176
  termination               | Scaled Avg:  -0.0000
  TOTAL REWARD              | Scaled Avg:   0.0106
------------------------------

------------------------------
Step: 73000 - Reward Breakdown:
  action_rate               | Scaled Avg:  -0.0160 | Raw Avg:   1.6001
  action_smoothness         | Scaled Avg:  -0.0005 | Raw Avg:   0.2544
  ang_vel_xy                | Scaled Avg:  -0.0026 | Raw Avg:   1.2993
  base_height               | Scaled Avg:  -0.0000 | Raw Avg:   0.0005
  collision                 | Scaled Avg:  -0.0001 | Raw Avg:   0.0062
  dof_acc                   | Scaled Avg:  -0.0006 | Raw Avg: 116093.5078
  dof_error                 | Scaled Avg:  -0.0027 | Raw Avg:   0.2725
  dof_vel                   | Scaled Avg:  -0.0079 | Raw Avg:  78.9030
  feet_contact_forces       | Scaled Avg:  -0.0000 | Raw Avg:   7.1472
  foot_clearance            | Scaled Avg:  -0.0001 | Raw Avg:   0.0066
  foot_mirror               | Scaled Avg:  -0.0001 | Raw Avg:   0.0805
  foot_slide                | Scaled Avg:  -0.0018 | Raw Avg:   1.7669
  has_contact               | Scaled Avg:   0.0004 | Raw Avg:   0.0214
  hip_pos                   | Scaled Avg:  -0.0029 | Raw Avg:   0.0287
  lin_vel_z                 | Scaled Avg:  -0.0017 | Raw Avg:   0.0208
  orientation               | Scaled Avg:  -0.0000 | Raw Avg:   0.0109
  powers                    | Scaled Avg:  -0.0001 | Raw Avg: 143.5583
  stand_still               | Scaled Avg:  -0.0003 | Raw Avg:   0.0025
  torques                   | Scaled Avg:  -0.0002 | Raw Avg: 1125.4670
  tracking_ang_vel          | Scaled Avg:   0.0157 | Raw Avg:   0.7830
  tracking_lin_vel          | Scaled Avg:   0.0328 | Raw Avg:   0.8197
  termination               | Scaled Avg:  -0.0000
  TOTAL REWARD              | Scaled Avg:   0.0114
------------------------------

------------------------------
Step: 73500 - Reward Breakdown:
  action_rate               | Scaled Avg:  -0.0162 | Raw Avg:   1.6206
  action_smoothness         | Scaled Avg:  -0.0005 | Raw Avg:   0.2546
  ang_vel_xy                | Scaled Avg:  -0.0026 | Raw Avg:   1.2965
  base_height               | Scaled Avg:  -0.0000 | Raw Avg:   0.0005
  collision                 | Scaled Avg:  -0.0001 | Raw Avg:   0.0043
  dof_acc                   | Scaled Avg:  -0.0007 | Raw Avg: 131867.0938
  dof_error                 | Scaled Avg:  -0.0027 | Raw Avg:   0.2730
  dof_vel                   | Scaled Avg:  -0.0079 | Raw Avg:  79.4409
  feet_air_time             | Scaled Avg:   0.0000 | Raw Avg:   0.0007
  feet_contact_forces       | Scaled Avg:  -0.0000 | Raw Avg:   7.9225
  foot_clearance            | Scaled Avg:  -0.0001 | Raw Avg:   0.0071
  foot_mirror               | Scaled Avg:  -0.0001 | Raw Avg:   0.0804
  foot_slide                | Scaled Avg:  -0.0018 | Raw Avg:   1.7604
  has_contact               | Scaled Avg:   0.0004 | Raw Avg:   0.0192
  hip_pos                   | Scaled Avg:  -0.0029 | Raw Avg:   0.0288
  lin_vel_z                 | Scaled Avg:  -0.0015 | Raw Avg:   0.0187
  orientation               | Scaled Avg:  -0.0000 | Raw Avg:   0.0109
  powers                    | Scaled Avg:  -0.0001 | Raw Avg: 146.1232
  stand_still               | Scaled Avg:  -0.0002 | Raw Avg:   0.0025
  torques                   | Scaled Avg:  -0.0002 | Raw Avg: 1146.9354
  tracking_ang_vel          | Scaled Avg:   0.0156 | Raw Avg:   0.7819
  tracking_lin_vel          | Scaled Avg:   0.0328 | Raw Avg:   0.8212
  termination               | Scaled Avg:  -0.0000
  TOTAL REWARD              | Scaled Avg:   0.0112
------------------------------

------------------------------
Step: 74000 - Reward Breakdown:
  action_rate               | Scaled Avg:  -0.0171 | Raw Avg:   1.7140
  action_smoothness         | Scaled Avg:  -0.0006 | Raw Avg:   0.2758
  ang_vel_xy                | Scaled Avg:  -0.0028 | Raw Avg:   1.3821
  base_height               | Scaled Avg:  -0.0000 | Raw Avg:   0.0006
  collision                 | Scaled Avg:  -0.0001 | Raw Avg:   0.0069
  dof_acc                   | Scaled Avg:  -0.0006 | Raw Avg: 122291.1250
  dof_error                 | Scaled Avg:  -0.0028 | Raw Avg:   0.2813
  dof_vel                   | Scaled Avg:  -0.0083 | Raw Avg:  82.5381
  feet_air_time             | Scaled Avg:   0.0000 | Raw Avg:   0.0003
  feet_contact_forces       | Scaled Avg:  -0.0000 | Raw Avg:   8.1018
  foot_clearance            | Scaled Avg:  -0.0001 | Raw Avg:   0.0068
  foot_mirror               | Scaled Avg:  -0.0001 | Raw Avg:   0.0872
  foot_slide                | Scaled Avg:  -0.0017 | Raw Avg:   1.7441
  has_contact               | Scaled Avg:   0.0004 | Raw Avg:   0.0200
  hip_pos                   | Scaled Avg:  -0.0029 | Raw Avg:   0.0293
  lin_vel_z                 | Scaled Avg:  -0.0018 | Raw Avg:   0.0221
  orientation               | Scaled Avg:  -0.0000 | Raw Avg:   0.0113
  powers                    | Scaled Avg:  -0.0001 | Raw Avg: 148.2636
  stand_still               | Scaled Avg:  -0.0003 | Raw Avg:   0.0030
  torques                   | Scaled Avg:  -0.0002 | Raw Avg: 1165.7358
  tracking_ang_vel          | Scaled Avg:   0.0154 | Raw Avg:   0.7701
  tracking_lin_vel          | Scaled Avg:   0.0324 | Raw Avg:   0.8095
  termination               | Scaled Avg:  -0.0000
  TOTAL REWARD              | Scaled Avg:   0.0086
------------------------------
################################################################################
                    [1m Learning iteration 18100/20000 [0m                    

                       Computation: 82866 steps/s (collection: 1.296s, learning 0.469s)
                     surrogate_loss -0.0010
                         value_loss 0.9123
                            entropy 1.2911
                     estimator_loss 0.0000
                         total_loss 0.9241
             Mean action noise std: 0.22
                       Mean reward: 6.16
               Mean episode length: 672.37
      Mean episode rew_action_rate: -0.5889
Mean episode rew_frame_action_rate: -0.0193
Mean episode rew_action_smoothness: -0.0187
Mean episode rew_frame_action_smoothness: -0.0006
       Mean episode rew_ang_vel_xy: -0.0957
 Mean episode rew_frame_ang_vel_xy: -0.0061
      Mean episode rew_base_height: -0.0004
Mean episode rew_frame_base_height: -0.0000
        Mean episode rew_collision: -0.0029
  Mean episode rew_frame_collision: -0.0008
          Mean episode rew_dof_acc: -0.0228
    Mean episode rew_frame_dof_acc: -0.0011
        Mean episode rew_dof_error: -0.0952
  Mean episode rew_frame_dof_error: -0.0058
          Mean episode rew_dof_vel: -0.2807
    Mean episode rew_frame_dof_vel: -0.0109
    Mean episode rew_feet_air_time: 0.0002
Mean episode rew_frame_feet_air_time: 0.0000
Mean episode rew_feet_contact_forces: -0.0008
Mean episode rew_frame_feet_contact_forces: -0.0000
   Mean episode rew_foot_clearance: -0.0024
Mean episode rew_frame_foot_clearance: -0.0001
      Mean episode rew_foot_mirror: -0.0029
Mean episode rew_frame_foot_mirror: -0.0002
       Mean episode rew_foot_slide: -0.0594
 Mean episode rew_frame_foot_slide: -0.0017
      Mean episode rew_has_contact: 0.0186
Mean episode rew_frame_has_contact: 0.0004
          Mean episode rew_hip_pos: -0.1013
    Mean episode rew_frame_hip_pos: -0.0082
        Mean episode rew_lin_vel_z: -0.0596
  Mean episode rew_frame_lin_vel_z: -0.0071
      Mean episode rew_orientation: -0.0014
Mean episode rew_frame_orientation: -0.0002
           Mean episode rew_powers: -0.0020
     Mean episode rew_frame_powers: -0.0001
      Mean episode rew_stand_still: -0.0304
Mean episode rew_frame_stand_still: -0.0006
          Mean episode rew_stumble: -0.0000
    Mean episode rew_frame_stumble: -0.0000
      Mean episode rew_termination: -0.0011
Mean episode rew_frame_termination: -0.0005
          Mean episode rew_torques: -0.0080
    Mean episode rew_frame_torques: -0.0003
 Mean episode rew_tracking_ang_vel: 0.5393
Mean episode rew_frame_tracking_ang_vel: 0.0132
 Mean episode rew_tracking_lin_vel: 1.1462
Mean episode rew_frame_tracking_lin_vel: 0.0259
Mean episode max_power_throughout_episode: 3232.7844
            Mean episode max_pos_x: 4.2142
            Mean episode min_pos_x: -4.1996
            Mean episode max_pos_y: 4.0049
            Mean episode min_pos_y: -3.4250
        Mean episode timeout_ratio: 0.6383
       Mean episode num_terminated: 8.4583
--------------------------------------------------------------------------------
                   Total timesteps: 4681728
                    Iteration time: 1.77s
                        Total time: 5529.70s
                               ETA: 3388.1s


------------------------------
Step: 74500 - Reward Breakdown:
  action_rate               | Scaled Avg:  -0.0192 | Raw Avg:   1.9197
  action_smoothness         | Scaled Avg:  -0.0006 | Raw Avg:   0.3049
  ang_vel_xy                | Scaled Avg:  -0.0029 | Raw Avg:   1.4700
  base_height               | Scaled Avg:  -0.0214 | Raw Avg:   1.0684
  collision                 | Scaled Avg:  -0.0001 | Raw Avg:   0.0046
  dof_acc                   | Scaled Avg:  -0.0008 | Raw Avg: 153540.6406
  dof_error                 | Scaled Avg:  -0.0029 | Raw Avg:   0.2931
  dof_vel                   | Scaled Avg:  -0.0089 | Raw Avg:  88.8189
  feet_contact_forces       | Scaled Avg:  -0.0000 | Raw Avg:   8.8442
  foot_clearance            | Scaled Avg:  -0.0001 | Raw Avg:   0.0077
  foot_mirror               | Scaled Avg:  -0.0001 | Raw Avg:   0.0890
  foot_slide                | Scaled Avg:  -0.0018 | Raw Avg:   1.7871
  has_contact               | Scaled Avg:   0.0004 | Raw Avg:   0.0208
  hip_pos                   | Scaled Avg:  -0.0030 | Raw Avg:   0.0298
  lin_vel_z                 | Scaled Avg:  -0.0187 | Raw Avg:   0.2338
  orientation               | Scaled Avg:  -0.0000 | Raw Avg:   0.0101
  powers                    | Scaled Avg:  -0.0001 | Raw Avg: 150.1481
  stand_still               | Scaled Avg:  -0.0002 | Raw Avg:   0.0022
  torques                   | Scaled Avg:  -0.0002 | Raw Avg: 1145.4661
  tracking_ang_vel          | Scaled Avg:   0.0153 | Raw Avg:   0.7639
  tracking_lin_vel          | Scaled Avg:   0.0323 | Raw Avg:   0.8071
  termination               | Scaled Avg:  -0.0000
  TOTAL REWARD              | Scaled Avg:   0.0037
------------------------------

------------------------------
Step: 75000 - Reward Breakdown:
  action_rate               | Scaled Avg:  -0.0231 | Raw Avg:   2.3064
  action_smoothness         | Scaled Avg:  -0.0007 | Raw Avg:   0.3693
  ang_vel_xy                | Scaled Avg:  -0.0035 | Raw Avg:   1.7395
  base_height               | Scaled Avg:  -3.0689 | Raw Avg: 153.4458
  collision                 | Scaled Avg:  -0.0001 | Raw Avg:   0.0043
  dof_acc                   | Scaled Avg:  -0.0010 | Raw Avg: 190728.4375
  dof_error                 | Scaled Avg:  -0.0034 | Raw Avg:   0.3354
  dof_vel                   | Scaled Avg:  -0.0100 | Raw Avg: 100.4626
  feet_contact_forces       | Scaled Avg:  -0.0000 | Raw Avg:  10.2671
  foot_clearance            | Scaled Avg:  -0.0001 | Raw Avg:   0.0082
  foot_mirror               | Scaled Avg:  -0.0001 | Raw Avg:   0.1077
  foot_slide                | Scaled Avg:  -0.0018 | Raw Avg:   1.7919
  has_contact               | Scaled Avg:   0.0004 | Raw Avg:   0.0210
  hip_pos                   | Scaled Avg:  -0.0034 | Raw Avg:   0.0344
  lin_vel_z                 | Scaled Avg:  -0.1045 | Raw Avg:   1.3066
  orientation               | Scaled Avg:  -0.0001 | Raw Avg:   0.0130
  powers                    | Scaled Avg:  -0.0001 | Raw Avg: 160.3426
  stand_still               | Scaled Avg:  -0.0004 | Raw Avg:   0.0042
  torques                   | Scaled Avg:  -0.0002 | Raw Avg: 1192.6842
  tracking_ang_vel          | Scaled Avg:   0.0143 | Raw Avg:   0.7167
  tracking_lin_vel          | Scaled Avg:   0.0307 | Raw Avg:   0.7668
  termination               | Scaled Avg:  -0.0001
  TOTAL REWARD              | Scaled Avg:  -0.0062
------------------------------

------------------------------
Step: 75500 - Reward Breakdown:
  action_rate               | Scaled Avg:  -0.0204 | Raw Avg:   2.0363
  action_smoothness         | Scaled Avg:  -0.0006 | Raw Avg:   0.3247
  ang_vel_xy                | Scaled Avg:  -0.0032 | Raw Avg:   1.6066
  base_height               | Scaled Avg:  -0.0000 | Raw Avg:   0.0005
  collision                 | Scaled Avg:  -0.0001 | Raw Avg:   0.0043
  dof_acc                   | Scaled Avg:  -0.0008 | Raw Avg: 165389.6094
  dof_error                 | Scaled Avg:  -0.0032 | Raw Avg:   0.3157
  dof_vel                   | Scaled Avg:  -0.0093 | Raw Avg:  93.3172
  feet_air_time             | Scaled Avg:   0.0000 | Raw Avg:   0.0003
  feet_contact_forces       | Scaled Avg:  -0.0000 | Raw Avg:   9.4544
  foot_clearance            | Scaled Avg:  -0.0001 | Raw Avg:   0.0081
  foot_mirror               | Scaled Avg:  -0.0001 | Raw Avg:   0.0971
  foot_slide                | Scaled Avg:  -0.0018 | Raw Avg:   1.8207
  has_contact               | Scaled Avg:   0.0004 | Raw Avg:   0.0199
  hip_pos                   | Scaled Avg:  -0.0030 | Raw Avg:   0.0304
  lin_vel_z                 | Scaled Avg:  -0.0020 | Raw Avg:   0.0247
  orientation               | Scaled Avg:  -0.0000 | Raw Avg:   0.0117
  powers                    | Scaled Avg:  -0.0001 | Raw Avg: 162.1111
  stand_still               | Scaled Avg:  -0.0002 | Raw Avg:   0.0017
  torques                   | Scaled Avg:  -0.0003 | Raw Avg: 1276.2888
  tracking_ang_vel          | Scaled Avg:   0.0147 | Raw Avg:   0.7368
  tracking_lin_vel          | Scaled Avg:   0.0318 | Raw Avg:   0.7951
  termination               | Scaled Avg:  -0.0000
  TOTAL REWARD              | Scaled Avg:   0.0017
------------------------------

------------------------------
Step: 76000 - Reward Breakdown:
  action_rate               | Scaled Avg:  -0.0183 | Raw Avg:   1.8347
  action_smoothness         | Scaled Avg:  -0.0006 | Raw Avg:   0.2876
  ang_vel_xy                | Scaled Avg:  -0.0029 | Raw Avg:   1.4443
  base_height               | Scaled Avg:  -0.0000 | Raw Avg:   0.0005
  collision                 | Scaled Avg:  -0.0001 | Raw Avg:   0.0059
  dof_acc                   | Scaled Avg:  -0.0007 | Raw Avg: 142884.5938
  dof_error                 | Scaled Avg:  -0.0029 | Raw Avg:   0.2934
  dof_vel                   | Scaled Avg:  -0.0087 | Raw Avg:  86.7805
  feet_contact_forces       | Scaled Avg:  -0.0000 | Raw Avg:   8.5453
  foot_clearance            | Scaled Avg:  -0.0001 | Raw Avg:   0.0074
  foot_mirror               | Scaled Avg:  -0.0001 | Raw Avg:   0.0940
  foot_slide                | Scaled Avg:  -0.0018 | Raw Avg:   1.7611
  has_contact               | Scaled Avg:   0.0004 | Raw Avg:   0.0215
  hip_pos                   | Scaled Avg:  -0.0029 | Raw Avg:   0.0291
  lin_vel_z                 | Scaled Avg:  -0.0018 | Raw Avg:   0.0229
  orientation               | Scaled Avg:  -0.0000 | Raw Avg:   0.0119
  powers                    | Scaled Avg:  -0.0001 | Raw Avg: 156.3037
  stand_still               | Scaled Avg:  -0.0003 | Raw Avg:   0.0025
  torques                   | Scaled Avg:  -0.0003 | Raw Avg: 1271.1591
  tracking_ang_vel          | Scaled Avg:   0.0152 | Raw Avg:   0.7617
  tracking_lin_vel          | Scaled Avg:   0.0324 | Raw Avg:   0.8095
  termination               | Scaled Avg:  -0.0000
  TOTAL REWARD              | Scaled Avg:   0.0065
------------------------------

------------------------------
Step: 76500 - Reward Breakdown:
  action_rate               | Scaled Avg:  -0.0172 | Raw Avg:   1.7195
  action_smoothness         | Scaled Avg:  -0.0005 | Raw Avg:   0.2630
  ang_vel_xy                | Scaled Avg:  -0.0028 | Raw Avg:   1.4206
  collision                 | Scaled Avg:  -0.0001 | Raw Avg:   0.0054
  dof_acc                   | Scaled Avg:  -0.0007 | Raw Avg: 136821.5156
  dof_error                 | Scaled Avg:  -0.0030 | Raw Avg:   0.2980
  dof_vel                   | Scaled Avg:  -0.0083 | Raw Avg:  83.0309
  feet_contact_forces       | Scaled Avg:  -0.0000 | Raw Avg:   7.9238
  foot_clearance            | Scaled Avg:  -0.0001 | Raw Avg:   0.0078
  foot_mirror               | Scaled Avg:  -0.0001 | Raw Avg:   0.0890
  foot_slide                | Scaled Avg:  -0.0017 | Raw Avg:   1.7172
  has_contact               | Scaled Avg:   0.0004 | Raw Avg:   0.0184
  hip_pos                   | Scaled Avg:  -0.0029 | Raw Avg:   0.0294
  lin_vel_z                 | Scaled Avg:  -0.0017 | Raw Avg:   0.0211
  orientation               | Scaled Avg:  -0.0000 | Raw Avg:   0.0110
  powers                    | Scaled Avg:  -0.0001 | Raw Avg: 158.0259
  stand_still               | Scaled Avg:  -0.0003 | Raw Avg:   0.0028
  torques                   | Scaled Avg:  -0.0003 | Raw Avg: 1336.1969
  tracking_ang_vel          | Scaled Avg:   0.0156 | Raw Avg:   0.7822
  tracking_lin_vel          | Scaled Avg:   0.0332 | Raw Avg:   0.8302
  termination               | Scaled Avg:  -0.0000
  TOTAL REWARD              | Scaled Avg:   0.0094
------------------------------
################################################################################
                    [1m Learning iteration 18200/20000 [0m                    

                       Computation: 82376 steps/s (collection: 1.307s, learning 0.469s)
                     surrogate_loss -0.0024
                         value_loss 0.5704
                            entropy 2.0318
                     estimator_loss 0.0000
                         total_loss 0.5883
             Mean action noise std: 0.21
                       Mean reward: 5.86
               Mean episode length: 672.97
      Mean episode rew_action_rate: -0.5851
Mean episode rew_frame_action_rate: -0.0193
Mean episode rew_action_smoothness: -0.0183
Mean episode rew_frame_action_smoothness: -0.0006
       Mean episode rew_ang_vel_xy: -0.0948
 Mean episode rew_frame_ang_vel_xy: -0.0057
      Mean episode rew_base_height: -0.0003
Mean episode rew_frame_base_height: -0.0001
        Mean episode rew_collision: -0.0032
  Mean episode rew_frame_collision: -0.0007
          Mean episode rew_dof_acc: -0.0227
    Mean episode rew_frame_dof_acc: -0.0010
        Mean episode rew_dof_error: -0.0964
  Mean episode rew_frame_dof_error: -0.0062
          Mean episode rew_dof_vel: -0.2818
    Mean episode rew_frame_dof_vel: -0.0112
    Mean episode rew_feet_air_time: 0.0002
Mean episode rew_frame_feet_air_time: 0.0000
Mean episode rew_feet_contact_forces: -0.0009
Mean episode rew_frame_feet_contact_forces: -0.0000
   Mean episode rew_foot_clearance: -0.0026
Mean episode rew_frame_foot_clearance: -0.0001
      Mean episode rew_foot_mirror: -0.0029
Mean episode rew_frame_foot_mirror: -0.0002
       Mean episode rew_foot_slide: -0.0584
 Mean episode rew_frame_foot_slide: -0.0017
      Mean episode rew_has_contact: 0.0102
Mean episode rew_frame_has_contact: 0.0003
          Mean episode rew_hip_pos: -0.0930
    Mean episode rew_frame_hip_pos: -0.0075
        Mean episode rew_lin_vel_z: -0.0572
  Mean episode rew_frame_lin_vel_z: -0.0062
      Mean episode rew_orientation: -0.0014
Mean episode rew_frame_orientation: -0.0002
           Mean episode rew_powers: -0.0021
     Mean episode rew_frame_powers: -0.0001
      Mean episode rew_stand_still: -0.0137
Mean episode rew_frame_stand_still: -0.0035
          Mean episode rew_stumble: -0.0000
    Mean episode rew_frame_stumble: -0.0000
      Mean episode rew_termination: -0.0013
Mean episode rew_frame_termination: -0.0006
          Mean episode rew_torques: -0.0088
    Mean episode rew_frame_torques: -0.0003
 Mean episode rew_tracking_ang_vel: 0.5229
Mean episode rew_frame_tracking_ang_vel: 0.0131
 Mean episode rew_tracking_lin_vel: 1.1045
Mean episode rew_frame_tracking_lin_vel: 0.0263
Mean episode max_power_throughout_episode: 3380.9011
            Mean episode max_pos_x: 5.4224
            Mean episode min_pos_x: -3.0087
            Mean episode max_pos_y: 4.9039
            Mean episode min_pos_y: -3.7580
        Mean episode timeout_ratio: 0.5787
       Mean episode num_terminated: 10.0833
--------------------------------------------------------------------------------
                   Total timesteps: 4828032
                    Iteration time: 1.78s
                        Total time: 5708.31s
                               ETA: 3209.9s


------------------------------
Step: 77000 - Reward Breakdown:
  action_rate               | Scaled Avg:  -0.0168 | Raw Avg:   1.6821
  action_smoothness         | Scaled Avg:  -0.0005 | Raw Avg:   0.2613
  ang_vel_xy                | Scaled Avg:  -0.0029 | Raw Avg:   1.4373
  collision                 | Scaled Avg:  -0.0001 | Raw Avg:   0.0036
  dof_acc                   | Scaled Avg:  -0.0007 | Raw Avg: 130425.3203
  dof_error                 | Scaled Avg:  -0.0029 | Raw Avg:   0.2907
  dof_vel                   | Scaled Avg:  -0.0082 | Raw Avg:  81.6178
  feet_air_time             | Scaled Avg:   0.0000 | Raw Avg:   0.0003
  feet_contact_forces       | Scaled Avg:  -0.0000 | Raw Avg:   8.0575
  foot_clearance            | Scaled Avg:  -0.0001 | Raw Avg:   0.0081
  foot_mirror               | Scaled Avg:  -0.0001 | Raw Avg:   0.0845
  foot_slide                | Scaled Avg:  -0.0017 | Raw Avg:   1.7209
  has_contact               | Scaled Avg:   0.0004 | Raw Avg:   0.0220
  hip_pos                   | Scaled Avg:  -0.0029 | Raw Avg:   0.0289
  lin_vel_z                 | Scaled Avg:  -0.0018 | Raw Avg:   0.0224
  orientation               | Scaled Avg:  -0.0000 | Raw Avg:   0.0102
  powers                    | Scaled Avg:  -0.0001 | Raw Avg: 162.8145
  stand_still               | Scaled Avg:  -0.0003 | Raw Avg:   0.0029
  torques                   | Scaled Avg:  -0.0003 | Raw Avg: 1416.1602
  tracking_ang_vel          | Scaled Avg:   0.0156 | Raw Avg:   0.7799
  tracking_lin_vel          | Scaled Avg:   0.0329 | Raw Avg:   0.8227
  termination               | Scaled Avg:  -0.0001
  TOTAL REWARD              | Scaled Avg:   0.0096
------------------------------

------------------------------
Step: 77500 - Reward Breakdown:
  action_rate               | Scaled Avg:  -0.0166 | Raw Avg:   1.6565
  action_smoothness         | Scaled Avg:  -0.0005 | Raw Avg:   0.2581
  ang_vel_xy                | Scaled Avg:  -0.0029 | Raw Avg:   1.4439
  collision                 | Scaled Avg:  -0.0001 | Raw Avg:   0.0030
  dof_acc                   | Scaled Avg:  -0.0006 | Raw Avg: 127290.3125
  dof_error                 | Scaled Avg:  -0.0028 | Raw Avg:   0.2826
  dof_vel                   | Scaled Avg:  -0.0081 | Raw Avg:  80.8769
  feet_contact_forces       | Scaled Avg:  -0.0000 | Raw Avg:   7.3441
  foot_clearance            | Scaled Avg:  -0.0001 | Raw Avg:   0.0074
  foot_mirror               | Scaled Avg:  -0.0001 | Raw Avg:   0.0852
  foot_slide                | Scaled Avg:  -0.0018 | Raw Avg:   1.7601
  has_contact               | Scaled Avg:   0.0004 | Raw Avg:   0.0206
  hip_pos                   | Scaled Avg:  -0.0029 | Raw Avg:   0.0289
  lin_vel_z                 | Scaled Avg:  -0.0018 | Raw Avg:   0.0230
  orientation               | Scaled Avg:  -0.0000 | Raw Avg:   0.0099
  powers                    | Scaled Avg:  -0.0001 | Raw Avg: 158.7878
  stand_still               | Scaled Avg:  -0.0003 | Raw Avg:   0.0032
  torques                   | Scaled Avg:  -0.0003 | Raw Avg: 1362.7286
  tracking_ang_vel          | Scaled Avg:   0.0158 | Raw Avg:   0.7882
  tracking_lin_vel          | Scaled Avg:   0.0329 | Raw Avg:   0.8219
  termination               | Scaled Avg:  -0.0000
  TOTAL REWARD              | Scaled Avg:   0.0101
------------------------------

------------------------------
Step: 78000 - Reward Breakdown:
  action_rate               | Scaled Avg:  -0.0163 | Raw Avg:   1.6308
  action_smoothness         | Scaled Avg:  -0.0005 | Raw Avg:   0.2571
  ang_vel_xy                | Scaled Avg:  -0.0028 | Raw Avg:   1.4054
  collision                 | Scaled Avg:  -0.0001 | Raw Avg:   0.0043
  dof_acc                   | Scaled Avg:  -0.0006 | Raw Avg: 125447.0625
  dof_error                 | Scaled Avg:  -0.0028 | Raw Avg:   0.2809
  dof_vel                   | Scaled Avg:  -0.0080 | Raw Avg:  80.1194
  feet_contact_forces       | Scaled Avg:  -0.0000 | Raw Avg:   7.7029
  foot_clearance            | Scaled Avg:  -0.0001 | Raw Avg:   0.0072
  foot_mirror               | Scaled Avg:  -0.0001 | Raw Avg:   0.0904
  foot_slide                | Scaled Avg:  -0.0017 | Raw Avg:   1.7459
  has_contact               | Scaled Avg:   0.0004 | Raw Avg:   0.0183
  hip_pos                   | Scaled Avg:  -0.0028 | Raw Avg:   0.0281
  lin_vel_z                 | Scaled Avg:  -0.0016 | Raw Avg:   0.0203
  orientation               | Scaled Avg:  -0.0000 | Raw Avg:   0.0111
  powers                    | Scaled Avg:  -0.0001 | Raw Avg: 156.7488
  stand_still               | Scaled Avg:  -0.0002 | Raw Avg:   0.0022
  torques                   | Scaled Avg:  -0.0003 | Raw Avg: 1324.7893
  tracking_ang_vel          | Scaled Avg:   0.0157 | Raw Avg:   0.7829
  tracking_lin_vel          | Scaled Avg:   0.0326 | Raw Avg:   0.8157
  termination               | Scaled Avg:  -0.0000
  TOTAL REWARD              | Scaled Avg:   0.0105
------------------------------

------------------------------
Step: 78500 - Reward Breakdown:
  action_rate               | Scaled Avg:  -0.0165 | Raw Avg:   1.6500
  action_smoothness         | Scaled Avg:  -0.0005 | Raw Avg:   0.2595
  ang_vel_xy                | Scaled Avg:  -0.0028 | Raw Avg:   1.4018
  base_height               | Scaled Avg:  -0.0000 | Raw Avg:   0.0005
  collision                 | Scaled Avg:  -0.0001 | Raw Avg:   0.0036
  dof_acc                   | Scaled Avg:  -0.0006 | Raw Avg: 119863.7266
  dof_error                 | Scaled Avg:  -0.0028 | Raw Avg:   0.2783
  dof_vel                   | Scaled Avg:  -0.0079 | Raw Avg:  79.4542
  feet_air_time             | Scaled Avg:   0.0000 | Raw Avg:   0.0003
  feet_contact_forces       | Scaled Avg:  -0.0000 | Raw Avg:   7.1912
  foot_clearance            | Scaled Avg:  -0.0001 | Raw Avg:   0.0069
  foot_mirror               | Scaled Avg:  -0.0001 | Raw Avg:   0.0875
  foot_slide                | Scaled Avg:  -0.0018 | Raw Avg:   1.7734
  has_contact               | Scaled Avg:   0.0004 | Raw Avg:   0.0197
  hip_pos                   | Scaled Avg:  -0.0029 | Raw Avg:   0.0288
  lin_vel_z                 | Scaled Avg:  -0.0016 | Raw Avg:   0.0195
  orientation               | Scaled Avg:  -0.0000 | Raw Avg:   0.0113
  powers                    | Scaled Avg:  -0.0001 | Raw Avg: 156.2113
  stand_still               | Scaled Avg:  -0.0002 | Raw Avg:   0.0024
  torques                   | Scaled Avg:  -0.0003 | Raw Avg: 1330.0745
  tracking_ang_vel          | Scaled Avg:   0.0157 | Raw Avg:   0.7845
  tracking_lin_vel          | Scaled Avg:   0.0326 | Raw Avg:   0.8152
  termination               | Scaled Avg:  -0.0000
  TOTAL REWARD              | Scaled Avg:   0.0104
------------------------------

------------------------------
Step: 79000 - Reward Breakdown:
  action_rate               | Scaled Avg:  -0.0163 | Raw Avg:   1.6251
  action_smoothness         | Scaled Avg:  -0.0005 | Raw Avg:   0.2553
  ang_vel_xy                | Scaled Avg:  -0.0026 | Raw Avg:   1.3017
  collision                 | Scaled Avg:  -0.0001 | Raw Avg:   0.0052
  dof_acc                   | Scaled Avg:  -0.0007 | Raw Avg: 132792.7188
  dof_error                 | Scaled Avg:  -0.0027 | Raw Avg:   0.2661
  dof_vel                   | Scaled Avg:  -0.0080 | Raw Avg:  80.4643
  feet_contact_forces       | Scaled Avg:  -0.0000 | Raw Avg:   7.7069
  foot_clearance            | Scaled Avg:  -0.0001 | Raw Avg:   0.0071
  foot_mirror               | Scaled Avg:  -0.0001 | Raw Avg:   0.0789
  foot_slide                | Scaled Avg:  -0.0018 | Raw Avg:   1.7543
  has_contact               | Scaled Avg:   0.0004 | Raw Avg:   0.0192
  hip_pos                   | Scaled Avg:  -0.0027 | Raw Avg:   0.0273
  lin_vel_z                 | Scaled Avg:  -0.0015 | Raw Avg:   0.0188
  orientation               | Scaled Avg:  -0.0000 | Raw Avg:   0.0095
  powers                    | Scaled Avg:  -0.0001 | Raw Avg: 152.4003
  stand_still               | Scaled Avg:  -0.0001 | Raw Avg:   0.0012
  torques                   | Scaled Avg:  -0.0003 | Raw Avg: 1253.7371
  tracking_ang_vel          | Scaled Avg:   0.0158 | Raw Avg:   0.7883
  tracking_lin_vel          | Scaled Avg:   0.0328 | Raw Avg:   0.8188
  termination               | Scaled Avg:  -0.0000
  TOTAL REWARD              | Scaled Avg:   0.0114
------------------------------
################################################################################
                    [1m Learning iteration 18300/20000 [0m                    

                       Computation: 83645 steps/s (collection: 1.282s, learning 0.467s)
                     surrogate_loss -0.0045
                         value_loss 0.0604
                            entropy 2.2741
                     estimator_loss 0.0000
                         total_loss 0.0786
             Mean action noise std: 0.20
                       Mean reward: 8.48
               Mean episode length: 764.85
      Mean episode rew_action_rate: -0.6095
Mean episode rew_frame_action_rate: -0.0185
Mean episode rew_action_smoothness: -0.0191
Mean episode rew_frame_action_smoothness: -0.0006
       Mean episode rew_ang_vel_xy: -0.1003
 Mean episode rew_frame_ang_vel_xy: -0.0054
      Mean episode rew_base_height: -0.0003
Mean episode rew_frame_base_height: -0.0000
        Mean episode rew_collision: -0.0027
  Mean episode rew_frame_collision: -0.0004
          Mean episode rew_dof_acc: -0.0223
    Mean episode rew_frame_dof_acc: -0.0010
        Mean episode rew_dof_error: -0.1014
  Mean episode rew_frame_dof_error: -0.0051
          Mean episode rew_dof_vel: -0.2981
    Mean episode rew_frame_dof_vel: -0.0106
    Mean episode rew_feet_air_time: 0.0003
Mean episode rew_frame_feet_air_time: 0.0000
Mean episode rew_feet_contact_forces: -0.0009
Mean episode rew_frame_feet_contact_forces: -0.0000
   Mean episode rew_foot_clearance: -0.0026
Mean episode rew_frame_foot_clearance: -0.0001
      Mean episode rew_foot_mirror: -0.0031
Mean episode rew_frame_foot_mirror: -0.0002
       Mean episode rew_foot_slide: -0.0647
 Mean episode rew_frame_foot_slide: -0.0018
      Mean episode rew_has_contact: 0.0179
Mean episode rew_frame_has_contact: 0.0004
          Mean episode rew_hip_pos: -0.1013
    Mean episode rew_frame_hip_pos: -0.0059
        Mean episode rew_lin_vel_z: -0.0582
  Mean episode rew_frame_lin_vel_z: -0.0056
      Mean episode rew_orientation: -0.0015
Mean episode rew_frame_orientation: -0.0002
           Mean episode rew_powers: -0.0022
     Mean episode rew_frame_powers: -0.0001
      Mean episode rew_stand_still: -0.0118
Mean episode rew_frame_stand_still: -0.0002
          Mean episode rew_stumble: -0.0000
    Mean episode rew_frame_stumble: -0.0000
      Mean episode rew_termination: -0.0009
Mean episode rew_frame_termination: -0.0005
          Mean episode rew_torques: -0.0092
    Mean episode rew_frame_torques: -0.0003
 Mean episode rew_tracking_ang_vel: 0.5797
Mean episode rew_frame_tracking_ang_vel: 0.0135
 Mean episode rew_tracking_lin_vel: 1.2056
Mean episode rew_frame_tracking_lin_vel: 0.0269
Mean episode max_power_throughout_episode: 3098.9221
            Mean episode max_pos_x: 4.5813
            Mean episode min_pos_x: -3.2576
            Mean episode max_pos_y: 4.8210
            Mean episode min_pos_y: -3.4396
        Mean episode timeout_ratio: 0.6849
       Mean episode num_terminated: 9.0417
--------------------------------------------------------------------------------
                   Total timesteps: 4974336
                    Iteration time: 1.75s
                        Total time: 5884.76s
                               ETA: 3030.6s


------------------------------
Step: 79500 - Reward Breakdown:
  action_rate               | Scaled Avg:  -0.0164 | Raw Avg:   1.6351
  action_smoothness         | Scaled Avg:  -0.0005 | Raw Avg:   0.2540
  ang_vel_xy                | Scaled Avg:  -0.0026 | Raw Avg:   1.3163
  collision                 | Scaled Avg:  -0.0001 | Raw Avg:   0.0049
  dof_acc                   | Scaled Avg:  -0.0007 | Raw Avg: 136936.1406
  dof_error                 | Scaled Avg:  -0.0028 | Raw Avg:   0.2806
  dof_vel                   | Scaled Avg:  -0.0080 | Raw Avg:  79.6596
  feet_contact_forces       | Scaled Avg:  -0.0000 | Raw Avg:   8.4368
  foot_clearance            | Scaled Avg:  -0.0001 | Raw Avg:   0.0079
  foot_mirror               | Scaled Avg:  -0.0001 | Raw Avg:   0.0851
  foot_slide                | Scaled Avg:  -0.0017 | Raw Avg:   1.7242
  has_contact               | Scaled Avg:   0.0004 | Raw Avg:   0.0199
  hip_pos                   | Scaled Avg:  -0.0028 | Raw Avg:   0.0280
  lin_vel_z                 | Scaled Avg:  -0.0015 | Raw Avg:   0.0193
  orientation               | Scaled Avg:  -0.0000 | Raw Avg:   0.0113
  powers                    | Scaled Avg:  -0.0001 | Raw Avg: 149.3042
  stand_still               | Scaled Avg:  -0.0002 | Raw Avg:   0.0022
  torques                   | Scaled Avg:  -0.0002 | Raw Avg: 1222.8448
  tracking_ang_vel          | Scaled Avg:   0.0158 | Raw Avg:   0.7889
  tracking_lin_vel          | Scaled Avg:   0.0329 | Raw Avg:   0.8224
  termination               | Scaled Avg:  -0.0000
  TOTAL REWARD              | Scaled Avg:   0.0112
------------------------------

------------------------------
Step: 80000 - Reward Breakdown:
  action_rate               | Scaled Avg:  -0.0162 | Raw Avg:   1.6150
  action_smoothness         | Scaled Avg:  -0.0005 | Raw Avg:   0.2519
  ang_vel_xy                | Scaled Avg:  -0.0026 | Raw Avg:   1.3032
  collision                 | Scaled Avg:  -0.0001 | Raw Avg:   0.0046
  dof_acc                   | Scaled Avg:  -0.0007 | Raw Avg: 147248.3281
  dof_error                 | Scaled Avg:  -0.0028 | Raw Avg:   0.2809
  dof_vel                   | Scaled Avg:  -0.0078 | Raw Avg:  78.3544
  feet_contact_forces       | Scaled Avg:  -0.0000 | Raw Avg:   8.0906
  foot_clearance            | Scaled Avg:  -0.0001 | Raw Avg:   0.0082
  foot_mirror               | Scaled Avg:  -0.0001 | Raw Avg:   0.0819
  foot_slide                | Scaled Avg:  -0.0017 | Raw Avg:   1.7065
  has_contact               | Scaled Avg:   0.0005 | Raw Avg:   0.0227
  hip_pos                   | Scaled Avg:  -0.0028 | Raw Avg:   0.0278
  lin_vel_z                 | Scaled Avg:  -0.0016 | Raw Avg:   0.0205
  orientation               | Scaled Avg:  -0.0000 | Raw Avg:   0.0104
  powers                    | Scaled Avg:  -0.0001 | Raw Avg: 146.0312
  stand_still               | Scaled Avg:  -0.0003 | Raw Avg:   0.0027
  torques                   | Scaled Avg:  -0.0002 | Raw Avg: 1185.9923
  tracking_ang_vel          | Scaled Avg:   0.0157 | Raw Avg:   0.7852
  tracking_lin_vel          | Scaled Avg:   0.0330 | Raw Avg:   0.8242
  termination               | Scaled Avg:  -0.0000
  TOTAL REWARD              | Scaled Avg:   0.0114
------------------------------

------------------------------
Step: 80500 - Reward Breakdown:
  action_rate               | Scaled Avg:  -0.0162 | Raw Avg:   1.6218
  action_smoothness         | Scaled Avg:  -0.0005 | Raw Avg:   0.2541
  ang_vel_xy                | Scaled Avg:  -0.0026 | Raw Avg:   1.2766
  collision                 | Scaled Avg:  -0.0001 | Raw Avg:   0.0051
  dof_acc                   | Scaled Avg:  -0.0007 | Raw Avg: 146578.1250
  dof_error                 | Scaled Avg:  -0.0028 | Raw Avg:   0.2824
  dof_vel                   | Scaled Avg:  -0.0079 | Raw Avg:  78.6997
  feet_contact_forces       | Scaled Avg:  -0.0000 | Raw Avg:   7.8374
  foot_clearance            | Scaled Avg:  -0.0001 | Raw Avg:   0.0085
  foot_mirror               | Scaled Avg:  -0.0001 | Raw Avg:   0.0783
  foot_slide                | Scaled Avg:  -0.0017 | Raw Avg:   1.7379
  has_contact               | Scaled Avg:   0.0004 | Raw Avg:   0.0189
  hip_pos                   | Scaled Avg:  -0.0028 | Raw Avg:   0.0276
  lin_vel_z                 | Scaled Avg:  -0.0016 | Raw Avg:   0.0195
  orientation               | Scaled Avg:  -0.0000 | Raw Avg:   0.0097
  powers                    | Scaled Avg:  -0.0001 | Raw Avg: 147.1270
  stand_still               | Scaled Avg:  -0.0003 | Raw Avg:   0.0026
  torques                   | Scaled Avg:  -0.0002 | Raw Avg: 1185.1604
  tracking_ang_vel          | Scaled Avg:   0.0159 | Raw Avg:   0.7937
  tracking_lin_vel          | Scaled Avg:   0.0327 | Raw Avg:   0.8185
  termination               | Scaled Avg:  -0.0000
  TOTAL REWARD              | Scaled Avg:   0.0113
------------------------------

------------------------------
Step: 81000 - Reward Breakdown:
  action_rate               | Scaled Avg:  -0.0161 | Raw Avg:   1.6125
  action_smoothness         | Scaled Avg:  -0.0005 | Raw Avg:   0.2544
  ang_vel_xy                | Scaled Avg:  -0.0025 | Raw Avg:   1.2599
  collision                 | Scaled Avg:  -0.0001 | Raw Avg:   0.0056
  dof_acc                   | Scaled Avg:  -0.0008 | Raw Avg: 150720.0781
  dof_error                 | Scaled Avg:  -0.0028 | Raw Avg:   0.2844
  dof_vel                   | Scaled Avg:  -0.0077 | Raw Avg:  76.9900
  feet_contact_forces       | Scaled Avg:  -0.0000 | Raw Avg:   7.5355
  foot_clearance            | Scaled Avg:  -0.0001 | Raw Avg:   0.0081
  foot_mirror               | Scaled Avg:  -0.0001 | Raw Avg:   0.0784
  foot_slide                | Scaled Avg:  -0.0017 | Raw Avg:   1.7366
  has_contact               | Scaled Avg:   0.0004 | Raw Avg:   0.0200
  hip_pos                   | Scaled Avg:  -0.0028 | Raw Avg:   0.0279
  lin_vel_z                 | Scaled Avg:  -0.0015 | Raw Avg:   0.0192
  orientation               | Scaled Avg:  -0.0000 | Raw Avg:   0.0105
  powers                    | Scaled Avg:  -0.0001 | Raw Avg: 145.9398
  stand_still               | Scaled Avg:  -0.0002 | Raw Avg:   0.0019
  torques                   | Scaled Avg:  -0.0002 | Raw Avg: 1202.4976
  tracking_ang_vel          | Scaled Avg:   0.0158 | Raw Avg:   0.7891
  tracking_lin_vel          | Scaled Avg:   0.0326 | Raw Avg:   0.8157
  termination               | Scaled Avg:  -0.0000
  TOTAL REWARD              | Scaled Avg:   0.0114
------------------------------

------------------------------
Step: 81500 - Reward Breakdown:
  action_rate               | Scaled Avg:  -0.0164 | Raw Avg:   1.6379
  action_smoothness         | Scaled Avg:  -0.0005 | Raw Avg:   0.2559
  ang_vel_xy                | Scaled Avg:  -0.0027 | Raw Avg:   1.3485
  collision                 | Scaled Avg:  -0.0001 | Raw Avg:   0.0031
  dof_acc                   | Scaled Avg:  -0.0007 | Raw Avg: 141774.7656
  dof_error                 | Scaled Avg:  -0.0028 | Raw Avg:   0.2822
  dof_vel                   | Scaled Avg:  -0.0080 | Raw Avg:  79.7655
  feet_air_time             | Scaled Avg:   0.0000 | Raw Avg:   0.0003
  feet_contact_forces       | Scaled Avg:  -0.0000 | Raw Avg:   7.9365
  foot_clearance            | Scaled Avg:  -0.0001 | Raw Avg:   0.0082
  foot_mirror               | Scaled Avg:  -0.0001 | Raw Avg:   0.0785
  foot_slide                | Scaled Avg:  -0.0018 | Raw Avg:   1.7507
  has_contact               | Scaled Avg:   0.0004 | Raw Avg:   0.0203
  hip_pos                   | Scaled Avg:  -0.0029 | Raw Avg:   0.0287
  lin_vel_z                 | Scaled Avg:  -0.0016 | Raw Avg:   0.0204
  orientation               | Scaled Avg:  -0.0000 | Raw Avg:   0.0100
  powers                    | Scaled Avg:  -0.0001 | Raw Avg: 145.2061
  stand_still               | Scaled Avg:  -0.0002 | Raw Avg:   0.0016
  torques                   | Scaled Avg:  -0.0002 | Raw Avg: 1170.5443
  tracking_ang_vel          | Scaled Avg:   0.0158 | Raw Avg:   0.7897
  tracking_lin_vel          | Scaled Avg:   0.0326 | Raw Avg:   0.8140
  termination               | Scaled Avg:  -0.0000
  TOTAL REWARD              | Scaled Avg:   0.0106
------------------------------
################################################################################
                    [1m Learning iteration 18400/20000 [0m                    

                       Computation: 83296 steps/s (collection: 1.287s, learning 0.469s)
                     surrogate_loss -0.0054
                         value_loss 0.0417
                            entropy 2.3192
                     estimator_loss 0.0000
                         total_loss 0.0595
             Mean action noise std: 0.20
                       Mean reward: 7.48
               Mean episode length: 714.02
      Mean episode rew_action_rate: -0.5776
Mean episode rew_frame_action_rate: -0.0182
Mean episode rew_action_smoothness: -0.0181
Mean episode rew_frame_action_smoothness: -0.0005
       Mean episode rew_ang_vel_xy: -0.0920
 Mean episode rew_frame_ang_vel_xy: -0.0053
      Mean episode rew_base_height: -0.0002
Mean episode rew_frame_base_height: -0.0000
        Mean episode rew_collision: -0.0020
  Mean episode rew_frame_collision: -0.0006
          Mean episode rew_dof_acc: -0.0248
    Mean episode rew_frame_dof_acc: -0.0011
        Mean episode rew_dof_error: -0.0989
  Mean episode rew_frame_dof_error: -0.0058
          Mean episode rew_dof_vel: -0.2783
    Mean episode rew_frame_dof_vel: -0.0106
    Mean episode rew_feet_air_time: 0.0002
Mean episode rew_frame_feet_air_time: 0.0000
Mean episode rew_feet_contact_forces: -0.0008
Mean episode rew_frame_feet_contact_forces: -0.0000
   Mean episode rew_foot_clearance: -0.0029
Mean episode rew_frame_foot_clearance: -0.0001
      Mean episode rew_foot_mirror: -0.0028
Mean episode rew_frame_foot_mirror: -0.0002
       Mean episode rew_foot_slide: -0.0617
 Mean episode rew_frame_foot_slide: -0.0017
      Mean episode rew_has_contact: 0.0177
Mean episode rew_frame_has_contact: 0.0004
          Mean episode rew_hip_pos: -0.0964
    Mean episode rew_frame_hip_pos: -0.0074
        Mean episode rew_lin_vel_z: -0.0557
  Mean episode rew_frame_lin_vel_z: -0.0056
      Mean episode rew_orientation: -0.0015
Mean episode rew_frame_orientation: -0.0002
           Mean episode rew_powers: -0.0021
     Mean episode rew_frame_powers: -0.0001
      Mean episode rew_stand_still: -0.0105
Mean episode rew_frame_stand_still: -0.0002
          Mean episode rew_stumble: -0.0000
    Mean episode rew_frame_stumble: -0.0000
      Mean episode rew_termination: -0.0010
Mean episode rew_frame_termination: -0.0005
          Mean episode rew_torques: -0.0084
    Mean episode rew_frame_torques: -0.0003
 Mean episode rew_tracking_ang_vel: 0.5652
Mean episode rew_frame_tracking_ang_vel: 0.0134
 Mean episode rew_tracking_lin_vel: 1.1585
Mean episode rew_frame_tracking_lin_vel: 0.0259
Mean episode max_power_throughout_episode: 3114.4443
            Mean episode max_pos_x: 4.7383
            Mean episode min_pos_x: -3.6391
            Mean episode max_pos_y: 4.2253
            Mean episode min_pos_y: -4.1852
        Mean episode timeout_ratio: 0.6701
       Mean episode num_terminated: 8.9167
--------------------------------------------------------------------------------
                   Total timesteps: 5120640
                    Iteration time: 1.76s
                        Total time: 6061.20s
                               ETA: 2851.5s


------------------------------
Step: 82000 - Reward Breakdown:
  action_rate               | Scaled Avg:  -0.0174 | Raw Avg:   1.7362
  action_smoothness         | Scaled Avg:  -0.0006 | Raw Avg:   0.2766
  ang_vel_xy                | Scaled Avg:  -0.0029 | Raw Avg:   1.4271
  collision                 | Scaled Avg:  -0.0001 | Raw Avg:   0.0041
  dof_acc                   | Scaled Avg:  -0.0008 | Raw Avg: 153562.4219
  dof_error                 | Scaled Avg:  -0.0030 | Raw Avg:   0.2950
  dof_vel                   | Scaled Avg:  -0.0083 | Raw Avg:  82.6341
  feet_contact_forces       | Scaled Avg:  -0.0000 | Raw Avg:   8.3802
  foot_clearance            | Scaled Avg:  -0.0001 | Raw Avg:   0.0086
  foot_mirror               | Scaled Avg:  -0.0001 | Raw Avg:   0.0811
  foot_slide                | Scaled Avg:  -0.0017 | Raw Avg:   1.7444
  has_contact               | Scaled Avg:   0.0004 | Raw Avg:   0.0185
  hip_pos                   | Scaled Avg:  -0.0029 | Raw Avg:   0.0290
  lin_vel_z                 | Scaled Avg:  -0.0027 | Raw Avg:   0.0339
  orientation               | Scaled Avg:  -0.0000 | Raw Avg:   0.0102
  powers                    | Scaled Avg:  -0.0001 | Raw Avg: 149.9700
  stand_still               | Scaled Avg:  -0.0002 | Raw Avg:   0.0024
  torques                   | Scaled Avg:  -0.0002 | Raw Avg: 1200.6881
  tracking_ang_vel          | Scaled Avg:   0.0155 | Raw Avg:   0.7737
  tracking_lin_vel          | Scaled Avg:   0.0325 | Raw Avg:   0.8121
  termination               | Scaled Avg:  -0.0001
  TOTAL REWARD              | Scaled Avg:   0.0075
------------------------------

------------------------------
Step: 82500 - Reward Breakdown:
  action_rate               | Scaled Avg:  -0.0195 | Raw Avg:   1.9451
  action_smoothness         | Scaled Avg:  -0.0006 | Raw Avg:   0.3124
  ang_vel_xy                | Scaled Avg:  -0.0030 | Raw Avg:   1.4811
  collision                 | Scaled Avg:  -0.0001 | Raw Avg:   0.0036
  dof_acc                   | Scaled Avg:  -0.0008 | Raw Avg: 162231.5312
  dof_error                 | Scaled Avg:  -0.0030 | Raw Avg:   0.3005
  dof_vel                   | Scaled Avg:  -0.0088 | Raw Avg:  87.9993
  feet_contact_forces       | Scaled Avg:  -0.0000 | Raw Avg:   8.7348
  foot_clearance            | Scaled Avg:  -0.0001 | Raw Avg:   0.0086
  foot_mirror               | Scaled Avg:  -0.0001 | Raw Avg:   0.0876
  foot_slide                | Scaled Avg:  -0.0018 | Raw Avg:   1.7761
  has_contact               | Scaled Avg:   0.0004 | Raw Avg:   0.0185
  hip_pos                   | Scaled Avg:  -0.0029 | Raw Avg:   0.0290
  lin_vel_z                 | Scaled Avg:  -0.0876 | Raw Avg:   1.0954
  orientation               | Scaled Avg:  -0.0000 | Raw Avg:   0.0109
  powers                    | Scaled Avg:  -0.0001 | Raw Avg: 151.1290
  stand_still               | Scaled Avg:  -0.0002 | Raw Avg:   0.0017
  torques                   | Scaled Avg:  -0.0002 | Raw Avg: 1179.6157
  tracking_ang_vel          | Scaled Avg:   0.0151 | Raw Avg:   0.7554
  tracking_lin_vel          | Scaled Avg:   0.0321 | Raw Avg:   0.8021
  termination               | Scaled Avg:  -0.0000
  TOTAL REWARD              | Scaled Avg:   0.0030
------------------------------

------------------------------
Step: 83000 - Reward Breakdown:
  action_rate               | Scaled Avg:  -0.0185 | Raw Avg:   1.8510
  action_smoothness         | Scaled Avg:  -0.0006 | Raw Avg:   0.2924
  ang_vel_xy                | Scaled Avg:  -0.0029 | Raw Avg:   1.4514
  collision                 | Scaled Avg:  -0.0001 | Raw Avg:   0.0059
  dof_acc                   | Scaled Avg:  -0.0007 | Raw Avg: 146218.0781
  dof_error                 | Scaled Avg:  -0.0031 | Raw Avg:   0.3050
  dof_vel                   | Scaled Avg:  -0.0087 | Raw Avg:  87.1903
  feet_contact_forces       | Scaled Avg:  -0.0000 | Raw Avg:   8.7445
  foot_clearance            | Scaled Avg:  -0.0001 | Raw Avg:   0.0080
  foot_mirror               | Scaled Avg:  -0.0001 | Raw Avg:   0.0902
  foot_slide                | Scaled Avg:  -0.0018 | Raw Avg:   1.7800
  has_contact               | Scaled Avg:   0.0004 | Raw Avg:   0.0191
  hip_pos                   | Scaled Avg:  -0.0030 | Raw Avg:   0.0303
  lin_vel_z                 | Scaled Avg:  -0.0018 | Raw Avg:   0.0224
  orientation               | Scaled Avg:  -0.0000 | Raw Avg:   0.0118
  powers                    | Scaled Avg:  -0.0001 | Raw Avg: 150.7254
  stand_still               | Scaled Avg:  -0.0002 | Raw Avg:   0.0023
  torques                   | Scaled Avg:  -0.0002 | Raw Avg: 1178.0337
  tracking_ang_vel          | Scaled Avg:   0.0151 | Raw Avg:   0.7572
  tracking_lin_vel          | Scaled Avg:   0.0322 | Raw Avg:   0.8060
  termination               | Scaled Avg:  -0.0001
  TOTAL REWARD              | Scaled Avg:   0.0057
------------------------------

------------------------------
Step: 83500 - Reward Breakdown:
  action_rate               | Scaled Avg:  -0.0174 | Raw Avg:   1.7378
  action_smoothness         | Scaled Avg:  -0.0005 | Raw Avg:   0.2674
  ang_vel_xy                | Scaled Avg:  -0.0028 | Raw Avg:   1.3912
  collision                 | Scaled Avg:  -0.0001 | Raw Avg:   0.0056
  dof_acc                   | Scaled Avg:  -0.0007 | Raw Avg: 138024.2656
  dof_error                 | Scaled Avg:  -0.0030 | Raw Avg:   0.2990
  dof_vel                   | Scaled Avg:  -0.0084 | Raw Avg:  84.2844
  feet_contact_forces       | Scaled Avg:  -0.0000 | Raw Avg:   8.7778
  foot_clearance            | Scaled Avg:  -0.0001 | Raw Avg:   0.0084
  foot_mirror               | Scaled Avg:  -0.0001 | Raw Avg:   0.0812
  foot_slide                | Scaled Avg:  -0.0018 | Raw Avg:   1.7621
  has_contact               | Scaled Avg:   0.0004 | Raw Avg:   0.0190
  hip_pos                   | Scaled Avg:  -0.0029 | Raw Avg:   0.0294
  lin_vel_z                 | Scaled Avg:  -0.0018 | Raw Avg:   0.0229
  orientation               | Scaled Avg:  -0.0000 | Raw Avg:   0.0115
  powers                    | Scaled Avg:  -0.0001 | Raw Avg: 150.6309
  stand_still               | Scaled Avg:  -0.0003 | Raw Avg:   0.0035
  torques                   | Scaled Avg:  -0.0002 | Raw Avg: 1184.7570
  tracking_ang_vel          | Scaled Avg:   0.0158 | Raw Avg:   0.7885
  tracking_lin_vel          | Scaled Avg:   0.0331 | Raw Avg:   0.8284
  termination               | Scaled Avg:  -0.0000
  TOTAL REWARD              | Scaled Avg:   0.0089
------------------------------

------------------------------
Step: 84000 - Reward Breakdown:
  action_rate               | Scaled Avg:  -0.0171 | Raw Avg:   1.7056
  action_smoothness         | Scaled Avg:  -0.0005 | Raw Avg:   0.2635
  ang_vel_xy                | Scaled Avg:  -0.0028 | Raw Avg:   1.4165
  collision                 | Scaled Avg:  -0.0001 | Raw Avg:   0.0049
  dof_acc                   | Scaled Avg:  -0.0007 | Raw Avg: 146131.4375
  dof_error                 | Scaled Avg:  -0.0029 | Raw Avg:   0.2855
  dof_vel                   | Scaled Avg:  -0.0082 | Raw Avg:  82.2724
  feet_contact_forces       | Scaled Avg:  -0.0000 | Raw Avg:   8.9010
  foot_clearance            | Scaled Avg:  -0.0001 | Raw Avg:   0.0085
  foot_mirror               | Scaled Avg:  -0.0001 | Raw Avg:   0.0785
  foot_slide                | Scaled Avg:  -0.0017 | Raw Avg:   1.7347
  has_contact               | Scaled Avg:   0.0004 | Raw Avg:   0.0184
  hip_pos                   | Scaled Avg:  -0.0027 | Raw Avg:   0.0269
  lin_vel_z                 | Scaled Avg:  -0.0075 | Raw Avg:   0.0934
  orientation               | Scaled Avg:  -0.0000 | Raw Avg:   0.0104
  powers                    | Scaled Avg:  -0.0001 | Raw Avg: 154.1459
  stand_still               | Scaled Avg:  -0.0002 | Raw Avg:   0.0025
  torques                   | Scaled Avg:  -0.0003 | Raw Avg: 1277.6246
  tracking_ang_vel          | Scaled Avg:   0.0158 | Raw Avg:   0.7889
  tracking_lin_vel          | Scaled Avg:   0.0331 | Raw Avg:   0.8284
  termination               | Scaled Avg:  -0.0000
  TOTAL REWARD              | Scaled Avg:   0.0092
------------------------------
################################################################################
                    [1m Learning iteration 18500/20000 [0m                    

                       Computation: 82637 steps/s (collection: 1.304s, learning 0.466s)
                     surrogate_loss -0.0017
                         value_loss 0.2893
                            entropy 1.8484
                     estimator_loss 0.0000
                         total_loss 0.3061
             Mean action noise std: 0.21
                       Mean reward: 6.00
               Mean episode length: 771.90
      Mean episode rew_action_rate: -0.6346
Mean episode rew_frame_action_rate: -0.0191
Mean episode rew_action_smoothness: -0.0197
Mean episode rew_frame_action_smoothness: -0.0006
       Mean episode rew_ang_vel_xy: -0.0995
 Mean episode rew_frame_ang_vel_xy: -0.0059
      Mean episode rew_base_height: -0.0002
Mean episode rew_frame_base_height: -0.0000
        Mean episode rew_collision: -0.0035
  Mean episode rew_frame_collision: -0.0008
          Mean episode rew_dof_acc: -0.0270
    Mean episode rew_frame_dof_acc: -0.0011
        Mean episode rew_dof_error: -0.1037
  Mean episode rew_frame_dof_error: -0.0061
          Mean episode rew_dof_vel: -0.3125
    Mean episode rew_frame_dof_vel: -0.0111
    Mean episode rew_feet_air_time: 0.0002
Mean episode rew_frame_feet_air_time: 0.0000
Mean episode rew_feet_contact_forces: -0.0010
Mean episode rew_frame_feet_contact_forces: -0.0000
   Mean episode rew_foot_clearance: -0.0031
Mean episode rew_frame_foot_clearance: -0.0001
      Mean episode rew_foot_mirror: -0.0028
Mean episode rew_frame_foot_mirror: -0.0002
       Mean episode rew_foot_slide: -0.0642
 Mean episode rew_frame_foot_slide: -0.0017
      Mean episode rew_has_contact: 0.0127
Mean episode rew_frame_has_contact: 0.0003
          Mean episode rew_hip_pos: -0.1017
    Mean episode rew_frame_hip_pos: -0.0077
        Mean episode rew_lin_vel_z: -0.0624
  Mean episode rew_frame_lin_vel_z: -0.0061
      Mean episode rew_orientation: -0.0016
Mean episode rew_frame_orientation: -0.0003
           Mean episode rew_powers: -0.0022
     Mean episode rew_frame_powers: -0.0001
      Mean episode rew_stand_still: -0.0179
Mean episode rew_frame_stand_still: -0.0004
          Mean episode rew_stumble: -0.0000
    Mean episode rew_frame_stumble: -0.0000
      Mean episode rew_termination: -0.0010
Mean episode rew_frame_termination: -0.0005
          Mean episode rew_torques: -0.0088
    Mean episode rew_frame_torques: -0.0003
 Mean episode rew_tracking_ang_vel: 0.5730
Mean episode rew_frame_tracking_ang_vel: 0.0134
 Mean episode rew_tracking_lin_vel: 1.1999
Mean episode rew_frame_tracking_lin_vel: 0.0270
Mean episode max_power_throughout_episode: 3272.0471
            Mean episode max_pos_x: 4.6225
            Mean episode min_pos_x: -3.3447
            Mean episode max_pos_y: 4.0169
            Mean episode min_pos_y: -3.9915
        Mean episode timeout_ratio: 0.6709
       Mean episode num_terminated: 8.3333
--------------------------------------------------------------------------------
                   Total timesteps: 5266944
                    Iteration time: 1.77s
                        Total time: 6239.06s
                               ETA: 2673.1s


------------------------------
Step: 84500 - Reward Breakdown:
  action_rate               | Scaled Avg:  -0.0193 | Raw Avg:   1.9323
  action_smoothness         | Scaled Avg:  -0.0006 | Raw Avg:   0.3064
  ang_vel_xy                | Scaled Avg:  -0.0031 | Raw Avg:   1.5703
  collision                 | Scaled Avg:  -0.0001 | Raw Avg:   0.0048
  dof_acc                   | Scaled Avg:  -0.0008 | Raw Avg: 154796.8750
  dof_error                 | Scaled Avg:  -0.0031 | Raw Avg:   0.3079
  dof_vel                   | Scaled Avg:  -0.0088 | Raw Avg:  87.9944
  feet_contact_forces       | Scaled Avg:  -0.0000 | Raw Avg:   8.9334
  foot_clearance            | Scaled Avg:  -0.0001 | Raw Avg:   0.0084
  foot_mirror               | Scaled Avg:  -0.0001 | Raw Avg:   0.0919
  foot_slide                | Scaled Avg:  -0.0018 | Raw Avg:   1.7872
  has_contact               | Scaled Avg:   0.0003 | Raw Avg:   0.0164
  hip_pos                   | Scaled Avg:  -0.0029 | Raw Avg:   0.0293
  lin_vel_z                 | Scaled Avg:  -0.0019 | Raw Avg:   0.0238
  orientation               | Scaled Avg:  -0.0000 | Raw Avg:   0.0124
  powers                    | Scaled Avg:  -0.0001 | Raw Avg: 161.1068
  stand_still               | Scaled Avg:  -0.0002 | Raw Avg:   0.0023
  torques                   | Scaled Avg:  -0.0003 | Raw Avg: 1302.5210
  tracking_ang_vel          | Scaled Avg:   0.0153 | Raw Avg:   0.7634
  tracking_lin_vel          | Scaled Avg:   0.0321 | Raw Avg:   0.8017
  termination               | Scaled Avg:  -0.0000
  TOTAL REWARD              | Scaled Avg:   0.0044
------------------------------

------------------------------
Step: 85000 - Reward Breakdown:
  action_rate               | Scaled Avg:  -0.0174 | Raw Avg:   1.7417
  action_smoothness         | Scaled Avg:  -0.0005 | Raw Avg:   0.2720
  ang_vel_xy                | Scaled Avg:  -0.0028 | Raw Avg:   1.3860
  collision                 | Scaled Avg:  -0.0001 | Raw Avg:   0.0033
  dof_acc                   | Scaled Avg:  -0.0006 | Raw Avg: 122886.4844
  dof_error                 | Scaled Avg:  -0.0029 | Raw Avg:   0.2857
  dof_vel                   | Scaled Avg:  -0.0081 | Raw Avg:  80.6590
  feet_contact_forces       | Scaled Avg:  -0.0000 | Raw Avg:   7.3910
  foot_clearance            | Scaled Avg:  -0.0001 | Raw Avg:   0.0069
  foot_mirror               | Scaled Avg:  -0.0001 | Raw Avg:   0.0885
  foot_slide                | Scaled Avg:  -0.0017 | Raw Avg:   1.7457
  has_contact               | Scaled Avg:   0.0004 | Raw Avg:   0.0212
  hip_pos                   | Scaled Avg:  -0.0028 | Raw Avg:   0.0280
  lin_vel_z                 | Scaled Avg:  -0.0016 | Raw Avg:   0.0204
  orientation               | Scaled Avg:  -0.0000 | Raw Avg:   0.0103
  powers                    | Scaled Avg:  -0.0001 | Raw Avg: 154.7450
  stand_still               | Scaled Avg:  -0.0003 | Raw Avg:   0.0030
  torques                   | Scaled Avg:  -0.0003 | Raw Avg: 1301.3646
  tracking_ang_vel          | Scaled Avg:   0.0154 | Raw Avg:   0.7723
  tracking_lin_vel          | Scaled Avg:   0.0322 | Raw Avg:   0.8046
  termination               | Scaled Avg:   0.0000
  TOTAL REWARD              | Scaled Avg:   0.0087
------------------------------

------------------------------
Step: 85500 - Reward Breakdown:
  action_rate               | Scaled Avg:  -0.0168 | Raw Avg:   1.6773
  action_smoothness         | Scaled Avg:  -0.0005 | Raw Avg:   0.2616
  ang_vel_xy                | Scaled Avg:  -0.0027 | Raw Avg:   1.3591
  collision                 | Scaled Avg:  -0.0001 | Raw Avg:   0.0049
  dof_acc                   | Scaled Avg:  -0.0006 | Raw Avg: 125045.1719
  dof_error                 | Scaled Avg:  -0.0028 | Raw Avg:   0.2840
  dof_vel                   | Scaled Avg:  -0.0083 | Raw Avg:  82.7642
  feet_contact_forces       | Scaled Avg:  -0.0000 | Raw Avg:   7.9684
  foot_clearance            | Scaled Avg:  -0.0001 | Raw Avg:   0.0072
  foot_mirror               | Scaled Avg:  -0.0001 | Raw Avg:   0.0874
  foot_slide                | Scaled Avg:  -0.0018 | Raw Avg:   1.7741
  has_contact               | Scaled Avg:   0.0004 | Raw Avg:   0.0215
  hip_pos                   | Scaled Avg:  -0.0028 | Raw Avg:   0.0283
  lin_vel_z                 | Scaled Avg:  -0.0017 | Raw Avg:   0.0217
  orientation               | Scaled Avg:  -0.0000 | Raw Avg:   0.0114
  powers                    | Scaled Avg:  -0.0001 | Raw Avg: 154.1969
  stand_still               | Scaled Avg:  -0.0003 | Raw Avg:   0.0028
  torques                   | Scaled Avg:  -0.0003 | Raw Avg: 1262.1809
  tracking_ang_vel          | Scaled Avg:   0.0155 | Raw Avg:   0.7745
  tracking_lin_vel          | Scaled Avg:   0.0329 | Raw Avg:   0.8222
  termination               | Scaled Avg:  -0.0000
  TOTAL REWARD              | Scaled Avg:   0.0098
------------------------------

------------------------------
Step: 86000 - Reward Breakdown:
  action_rate               | Scaled Avg:  -0.0166 | Raw Avg:   1.6611
  action_smoothness         | Scaled Avg:  -0.0005 | Raw Avg:   0.2529
  ang_vel_xy                | Scaled Avg:  -0.0027 | Raw Avg:   1.3257
  collision                 | Scaled Avg:  -0.0001 | Raw Avg:   0.0066
  dof_acc                   | Scaled Avg:  -0.0006 | Raw Avg: 124450.9922
  dof_error                 | Scaled Avg:  -0.0028 | Raw Avg:   0.2824
  dof_vel                   | Scaled Avg:  -0.0080 | Raw Avg:  80.2087
  feet_contact_forces       | Scaled Avg:  -0.0000 | Raw Avg:   8.0348
  foot_clearance            | Scaled Avg:  -0.0001 | Raw Avg:   0.0074
  foot_mirror               | Scaled Avg:  -0.0001 | Raw Avg:   0.0841
  foot_slide                | Scaled Avg:  -0.0017 | Raw Avg:   1.7484
  has_contact               | Scaled Avg:   0.0003 | Raw Avg:   0.0163
  hip_pos                   | Scaled Avg:  -0.0028 | Raw Avg:   0.0281
  lin_vel_z                 | Scaled Avg:  -0.0016 | Raw Avg:   0.0200
  orientation               | Scaled Avg:  -0.0000 | Raw Avg:   0.0110
  powers                    | Scaled Avg:  -0.0001 | Raw Avg: 154.0965
  stand_still               | Scaled Avg:  -0.0002 | Raw Avg:   0.0017
  torques                   | Scaled Avg:  -0.0003 | Raw Avg: 1287.4001
  tracking_ang_vel          | Scaled Avg:   0.0159 | Raw Avg:   0.7966
  tracking_lin_vel          | Scaled Avg:   0.0329 | Raw Avg:   0.8229
  termination               | Scaled Avg:  -0.0000
  TOTAL REWARD              | Scaled Avg:   0.0109
------------------------------
################################################################################
                    [1m Learning iteration 18600/20000 [0m                    

                       Computation: 82761 steps/s (collection: 1.299s, learning 0.468s)
                     surrogate_loss -0.0052
                         value_loss 0.0533
                            entropy 2.3009
                     estimator_loss 0.0000
                         total_loss 0.0711
             Mean action noise std: 0.20
                       Mean reward: 8.04
               Mean episode length: 758.16
      Mean episode rew_action_rate: -0.5803
Mean episode rew_frame_action_rate: -0.0189
Mean episode rew_action_smoothness: -0.0180
Mean episode rew_frame_action_smoothness: -0.0006
       Mean episode rew_ang_vel_xy: -0.0950
 Mean episode rew_frame_ang_vel_xy: -0.0055
      Mean episode rew_base_height: -0.0003
Mean episode rew_frame_base_height: -0.0000
        Mean episode rew_collision: -0.0059
  Mean episode rew_frame_collision: -0.0008
          Mean episode rew_dof_acc: -0.0222
    Mean episode rew_frame_dof_acc: -0.0011
        Mean episode rew_dof_error: -0.1032
  Mean episode rew_frame_dof_error: -0.0061
          Mean episode rew_dof_vel: -0.2865
    Mean episode rew_frame_dof_vel: -0.0116
    Mean episode rew_feet_air_time: 0.0005
Mean episode rew_frame_feet_air_time: 0.0000
Mean episode rew_feet_contact_forces: -0.0009
Mean episode rew_frame_feet_contact_forces: -0.0000
   Mean episode rew_foot_clearance: -0.0026
Mean episode rew_frame_foot_clearance: -0.0001
      Mean episode rew_foot_mirror: -0.0032
Mean episode rew_frame_foot_mirror: -0.0002
       Mean episode rew_foot_slide: -0.0623
 Mean episode rew_frame_foot_slide: -0.0018
      Mean episode rew_has_contact: 0.0054
Mean episode rew_frame_has_contact: 0.0002
          Mean episode rew_hip_pos: -0.1076
    Mean episode rew_frame_hip_pos: -0.0080
        Mean episode rew_lin_vel_z: -0.0579
  Mean episode rew_frame_lin_vel_z: -0.0070
      Mean episode rew_orientation: -0.0017
Mean episode rew_frame_orientation: -0.0003
           Mean episode rew_powers: -0.0022
     Mean episode rew_frame_powers: -0.0001
      Mean episode rew_stand_still: -0.0057
Mean episode rew_frame_stand_still: -0.0001
          Mean episode rew_stumble: -0.0000
    Mean episode rew_frame_stumble: -0.0000
      Mean episode rew_termination: -0.0011
Mean episode rew_frame_termination: -0.0006
          Mean episode rew_torques: -0.0091
    Mean episode rew_frame_torques: -0.0003
 Mean episode rew_tracking_ang_vel: 0.5534
Mean episode rew_frame_tracking_ang_vel: 0.0134
 Mean episode rew_tracking_lin_vel: 1.1483
Mean episode rew_frame_tracking_lin_vel: 0.0262
Mean episode max_power_throughout_episode: 3404.9470
            Mean episode max_pos_x: 3.9121
            Mean episode min_pos_x: -3.5149
            Mean episode max_pos_y: 4.1243
            Mean episode min_pos_y: -3.9694
        Mean episode timeout_ratio: 0.6453
       Mean episode num_terminated: 8.2083
--------------------------------------------------------------------------------
                   Total timesteps: 5413248
                    Iteration time: 1.77s
                        Total time: 6416.67s
                               ETA: 2494.7s


------------------------------
Step: 86500 - Reward Breakdown:
  action_rate               | Scaled Avg:  -0.0164 | Raw Avg:   1.6400
  action_smoothness         | Scaled Avg:  -0.0005 | Raw Avg:   0.2557
  ang_vel_xy                | Scaled Avg:  -0.0027 | Raw Avg:   1.3729
  collision                 | Scaled Avg:  -0.0001 | Raw Avg:   0.0046
  dof_acc                   | Scaled Avg:  -0.0006 | Raw Avg: 122359.5156
  dof_error                 | Scaled Avg:  -0.0027 | Raw Avg:   0.2726
  dof_vel                   | Scaled Avg:  -0.0080 | Raw Avg:  80.3192
  feet_contact_forces       | Scaled Avg:  -0.0000 | Raw Avg:   7.2172
  foot_clearance            | Scaled Avg:  -0.0001 | Raw Avg:   0.0071
  foot_mirror               | Scaled Avg:  -0.0001 | Raw Avg:   0.0789
  foot_slide                | Scaled Avg:  -0.0018 | Raw Avg:   1.7641
  has_contact               | Scaled Avg:   0.0003 | Raw Avg:   0.0168
  hip_pos                   | Scaled Avg:  -0.0028 | Raw Avg:   0.0282
  lin_vel_z                 | Scaled Avg:  -0.0016 | Raw Avg:   0.0195
  orientation               | Scaled Avg:  -0.0000 | Raw Avg:   0.0103
  powers                    | Scaled Avg:  -0.0001 | Raw Avg: 151.2606
  stand_still               | Scaled Avg:  -0.0002 | Raw Avg:   0.0016
  torques                   | Scaled Avg:  -0.0002 | Raw Avg: 1229.7311
  tracking_ang_vel          | Scaled Avg:   0.0158 | Raw Avg:   0.7897
  tracking_lin_vel          | Scaled Avg:   0.0330 | Raw Avg:   0.8247
  termination               | Scaled Avg:  -0.0000
  TOTAL REWARD              | Scaled Avg:   0.0111
------------------------------

------------------------------
Step: 87000 - Reward Breakdown:
  action_rate               | Scaled Avg:  -0.0167 | Raw Avg:   1.6658
  action_smoothness         | Scaled Avg:  -0.0005 | Raw Avg:   0.2588
  ang_vel_xy                | Scaled Avg:  -0.0026 | Raw Avg:   1.3114
  collision                 | Scaled Avg:  -0.0001 | Raw Avg:   0.0036
  dof_acc                   | Scaled Avg:  -0.0007 | Raw Avg: 134785.5469
  dof_error                 | Scaled Avg:  -0.0028 | Raw Avg:   0.2774
  dof_vel                   | Scaled Avg:  -0.0079 | Raw Avg:  79.3061
  feet_contact_forces       | Scaled Avg:  -0.0000 | Raw Avg:   8.1742
  foot_clearance            | Scaled Avg:  -0.0001 | Raw Avg:   0.0071
  foot_mirror               | Scaled Avg:  -0.0001 | Raw Avg:   0.0847
  foot_slide                | Scaled Avg:  -0.0017 | Raw Avg:   1.7320
  has_contact               | Scaled Avg:   0.0004 | Raw Avg:   0.0215
  hip_pos                   | Scaled Avg:  -0.0028 | Raw Avg:   0.0279
  lin_vel_z                 | Scaled Avg:  -0.0017 | Raw Avg:   0.0209
  orientation               | Scaled Avg:  -0.0000 | Raw Avg:   0.0103
  powers                    | Scaled Avg:  -0.0001 | Raw Avg: 147.5800
  stand_still               | Scaled Avg:  -0.0002 | Raw Avg:   0.0016
  torques                   | Scaled Avg:  -0.0002 | Raw Avg: 1190.9009
  tracking_ang_vel          | Scaled Avg:   0.0156 | Raw Avg:   0.7804
  tracking_lin_vel          | Scaled Avg:   0.0325 | Raw Avg:   0.8124
  termination               | Scaled Avg:  -0.0000
  TOTAL REWARD              | Scaled Avg:   0.0104
------------------------------

------------------------------
Step: 87500 - Reward Breakdown:
  action_rate               | Scaled Avg:  -0.0175 | Raw Avg:   1.7515
  action_smoothness         | Scaled Avg:  -0.0006 | Raw Avg:   0.2777
  ang_vel_xy                | Scaled Avg:  -0.0029 | Raw Avg:   1.4258
  collision                 | Scaled Avg:  -0.0001 | Raw Avg:   0.0044
  dof_acc                   | Scaled Avg:  -0.0007 | Raw Avg: 133146.9219
  dof_error                 | Scaled Avg:  -0.0029 | Raw Avg:   0.2851
  dof_vel                   | Scaled Avg:  -0.0082 | Raw Avg:  82.1433
  feet_contact_forces       | Scaled Avg:  -0.0000 | Raw Avg:   8.3226
  foot_clearance            | Scaled Avg:  -0.0001 | Raw Avg:   0.0075
  foot_mirror               | Scaled Avg:  -0.0001 | Raw Avg:   0.0851
  foot_slide                | Scaled Avg:  -0.0018 | Raw Avg:   1.7669
  has_contact               | Scaled Avg:   0.0004 | Raw Avg:   0.0182
  hip_pos                   | Scaled Avg:  -0.0030 | Raw Avg:   0.0296
  lin_vel_z                 | Scaled Avg:  -0.0347 | Raw Avg:   0.4340
  orientation               | Scaled Avg:  -0.0000 | Raw Avg:   0.0111
  powers                    | Scaled Avg:  -0.0001 | Raw Avg: 149.2036
  stand_still               | Scaled Avg:  -0.0002 | Raw Avg:   0.0023
  torques                   | Scaled Avg:  -0.0002 | Raw Avg: 1198.2711
  tracking_ang_vel          | Scaled Avg:   0.0155 | Raw Avg:   0.7757
  tracking_lin_vel          | Scaled Avg:   0.0326 | Raw Avg:   0.8150
  termination               | Scaled Avg:  -0.0000
  TOTAL REWARD              | Scaled Avg:   0.0076
------------------------------

------------------------------
Step: 88000 - Reward Breakdown:
  action_rate               | Scaled Avg:  -0.0185 | Raw Avg:   1.8460
  action_smoothness         | Scaled Avg:  -0.0006 | Raw Avg:   0.2947
  ang_vel_xy                | Scaled Avg:  -0.0028 | Raw Avg:   1.3990
  collision                 | Scaled Avg:  -0.0001 | Raw Avg:   0.0048
  dof_acc                   | Scaled Avg:  -0.0007 | Raw Avg: 149923.3594
  dof_error                 | Scaled Avg:  -0.0029 | Raw Avg:   0.2900
  dof_vel                   | Scaled Avg:  -0.0085 | Raw Avg:  85.0082
  feet_contact_forces       | Scaled Avg:  -0.0000 | Raw Avg:   8.7921
  foot_clearance            | Scaled Avg:  -0.0001 | Raw Avg:   0.0079
  foot_mirror               | Scaled Avg:  -0.0001 | Raw Avg:   0.0886
  foot_slide                | Scaled Avg:  -0.0018 | Raw Avg:   1.8044
  has_contact               | Scaled Avg:   0.0004 | Raw Avg:   0.0183
  hip_pos                   | Scaled Avg:  -0.0027 | Raw Avg:   0.0272
  lin_vel_z                 | Scaled Avg:  -0.0017 | Raw Avg:   0.0209
  orientation               | Scaled Avg:  -0.0000 | Raw Avg:   0.0110
  powers                    | Scaled Avg:  -0.0001 | Raw Avg: 149.7262
  stand_still               | Scaled Avg:  -0.0003 | Raw Avg:   0.0034
  torques                   | Scaled Avg:  -0.0002 | Raw Avg: 1205.4626
  tracking_ang_vel          | Scaled Avg:   0.0154 | Raw Avg:   0.7678
  tracking_lin_vel          | Scaled Avg:   0.0324 | Raw Avg:   0.8096
  termination               | Scaled Avg:  -0.0000
  TOTAL REWARD              | Scaled Avg:   0.0069
------------------------------

------------------------------
Step: 88500 - Reward Breakdown:
  action_rate               | Scaled Avg:  -0.0174 | Raw Avg:   1.7355
  action_smoothness         | Scaled Avg:  -0.0005 | Raw Avg:   0.2717
  ang_vel_xy                | Scaled Avg:  -0.0027 | Raw Avg:   1.3313
  collision                 | Scaled Avg:  -0.0001 | Raw Avg:   0.0033
  dof_acc                   | Scaled Avg:  -0.0008 | Raw Avg: 152297.9375
  dof_error                 | Scaled Avg:  -0.0029 | Raw Avg:   0.2926
  dof_vel                   | Scaled Avg:  -0.0083 | Raw Avg:  83.2833
  feet_contact_forces       | Scaled Avg:  -0.0000 | Raw Avg:   8.3275
  foot_clearance            | Scaled Avg:  -0.0001 | Raw Avg:   0.0082
  foot_mirror               | Scaled Avg:  -0.0001 | Raw Avg:   0.0827
  foot_slide                | Scaled Avg:  -0.0018 | Raw Avg:   1.7501
  has_contact               | Scaled Avg:   0.0004 | Raw Avg:   0.0200
  hip_pos                   | Scaled Avg:  -0.0028 | Raw Avg:   0.0284
  lin_vel_z                 | Scaled Avg:  -0.0017 | Raw Avg:   0.0216
  orientation               | Scaled Avg:  -0.0000 | Raw Avg:   0.0102
  powers                    | Scaled Avg:  -0.0001 | Raw Avg: 144.3176
  stand_still               | Scaled Avg:  -0.0002 | Raw Avg:   0.0022
  torques                   | Scaled Avg:  -0.0002 | Raw Avg: 1142.1313
  tracking_ang_vel          | Scaled Avg:   0.0156 | Raw Avg:   0.7795
  tracking_lin_vel          | Scaled Avg:   0.0328 | Raw Avg:   0.8191
  termination               | Scaled Avg:  -0.0000
  TOTAL REWARD              | Scaled Avg:   0.0090
------------------------------
################################################################################
                    [1m Learning iteration 18700/20000 [0m                    

                       Computation: 82949 steps/s (collection: 1.298s, learning 0.466s)
                     surrogate_loss -0.0016
                         value_loss 0.2207
                            entropy 1.7893
                     estimator_loss 0.0000
                         total_loss 0.2370
             Mean action noise std: 0.21
                       Mean reward: 6.18
               Mean episode length: 718.69
      Mean episode rew_action_rate: -0.6162
Mean episode rew_frame_action_rate: -0.0192
Mean episode rew_action_smoothness: -0.0195
Mean episode rew_frame_action_smoothness: -0.0006
       Mean episode rew_ang_vel_xy: -0.0920
 Mean episode rew_frame_ang_vel_xy: -0.0052
      Mean episode rew_base_height: -0.0002
Mean episode rew_frame_base_height: -0.0000
        Mean episode rew_collision: -0.0018
  Mean episode rew_frame_collision: -0.0004
          Mean episode rew_dof_acc: -0.0260
    Mean episode rew_frame_dof_acc: -0.0012
        Mean episode rew_dof_error: -0.1026
  Mean episode rew_frame_dof_error: -0.0054
          Mean episode rew_dof_vel: -0.2928
    Mean episode rew_frame_dof_vel: -0.0108
    Mean episode rew_feet_air_time: 0.0002
Mean episode rew_frame_feet_air_time: 0.0000
Mean episode rew_feet_contact_forces: -0.0008
Mean episode rew_frame_feet_contact_forces: -0.0000
   Mean episode rew_foot_clearance: -0.0029
Mean episode rew_frame_foot_clearance: -0.0001
      Mean episode rew_foot_mirror: -0.0030
Mean episode rew_frame_foot_mirror: -0.0002
       Mean episode rew_foot_slide: -0.0623
 Mean episode rew_frame_foot_slide: -0.0017
      Mean episode rew_has_contact: 0.0208
Mean episode rew_frame_has_contact: 0.0005
          Mean episode rew_hip_pos: -0.0956
    Mean episode rew_frame_hip_pos: -0.0066
        Mean episode rew_lin_vel_z: -0.0570
  Mean episode rew_frame_lin_vel_z: -0.0052
      Mean episode rew_orientation: -0.0013
Mean episode rew_frame_orientation: -0.0002
           Mean episode rew_powers: -0.0020
     Mean episode rew_frame_powers: -0.0001
      Mean episode rew_stand_still: -0.0217
Mean episode rew_frame_stand_still: -0.0004
          Mean episode rew_stumble: -0.0000
    Mean episode rew_frame_stumble: -0.0000
      Mean episode rew_termination: -0.0011
Mean episode rew_frame_termination: -0.0005
          Mean episode rew_torques: -0.0082
    Mean episode rew_frame_torques: -0.0002
 Mean episode rew_tracking_ang_vel: 0.5498
Mean episode rew_frame_tracking_ang_vel: 0.0134
 Mean episode rew_tracking_lin_vel: 1.1567
Mean episode rew_frame_tracking_lin_vel: 0.0266
Mean episode max_power_throughout_episode: 3083.3105
            Mean episode max_pos_x: 5.0032
            Mean episode min_pos_x: -2.7336
            Mean episode max_pos_y: 3.5192
            Mean episode min_pos_y: -3.9015
        Mean episode timeout_ratio: 0.6491
       Mean episode num_terminated: 8.1250
--------------------------------------------------------------------------------
                   Total timesteps: 5559552
                    Iteration time: 1.76s
                        Total time: 6593.97s
                               ETA: 2316.2s


------------------------------
Step: 89000 - Reward Breakdown:
  action_rate               | Scaled Avg:  -0.0180 | Raw Avg:   1.7970
  action_smoothness         | Scaled Avg:  -0.0006 | Raw Avg:   0.2850
  ang_vel_xy                | Scaled Avg:  -0.0028 | Raw Avg:   1.4099
  collision                 | Scaled Avg:  -0.0001 | Raw Avg:   0.0049
  dof_acc                   | Scaled Avg:  -0.0007 | Raw Avg: 139448.7656
  dof_error                 | Scaled Avg:  -0.0030 | Raw Avg:   0.2959
  dof_vel                   | Scaled Avg:  -0.0083 | Raw Avg:  83.3159
  feet_contact_forces       | Scaled Avg:  -0.0000 | Raw Avg:   8.4658
  foot_clearance            | Scaled Avg:  -0.0001 | Raw Avg:   0.0081
  foot_mirror               | Scaled Avg:  -0.0001 | Raw Avg:   0.0870
  foot_slide                | Scaled Avg:  -0.0018 | Raw Avg:   1.7797
  has_contact               | Scaled Avg:   0.0004 | Raw Avg:   0.0181
  hip_pos                   | Scaled Avg:  -0.0030 | Raw Avg:   0.0298
  lin_vel_z                 | Scaled Avg:  -0.0032 | Raw Avg:   0.0403
  orientation               | Scaled Avg:  -0.0000 | Raw Avg:   0.0109
  powers                    | Scaled Avg:  -0.0001 | Raw Avg: 146.6566
  stand_still               | Scaled Avg:  -0.0002 | Raw Avg:   0.0021
  torques                   | Scaled Avg:  -0.0002 | Raw Avg: 1186.2919
  tracking_ang_vel          | Scaled Avg:   0.0154 | Raw Avg:   0.7716
  tracking_lin_vel          | Scaled Avg:   0.0324 | Raw Avg:   0.8103
  termination               | Scaled Avg:  -0.0000
  TOTAL REWARD              | Scaled Avg:   0.0067
------------------------------

------------------------------
Step: 89500 - Reward Breakdown:
  action_rate               | Scaled Avg:  -0.0194 | Raw Avg:   1.9450
  action_smoothness         | Scaled Avg:  -0.0006 | Raw Avg:   0.3114
  ang_vel_xy                | Scaled Avg:  -0.0030 | Raw Avg:   1.4880
  collision                 | Scaled Avg:  -0.0001 | Raw Avg:   0.0061
  dof_acc                   | Scaled Avg:  -0.0008 | Raw Avg: 166742.4219
  dof_error                 | Scaled Avg:  -0.0031 | Raw Avg:   0.3078
  dof_vel                   | Scaled Avg:  -0.0088 | Raw Avg:  88.0578
  feet_contact_forces       | Scaled Avg:  -0.0000 | Raw Avg:   9.0880
  foot_clearance            | Scaled Avg:  -0.0001 | Raw Avg:   0.0081
  foot_mirror               | Scaled Avg:  -0.0001 | Raw Avg:   0.0919
  foot_slide                | Scaled Avg:  -0.0018 | Raw Avg:   1.7736
  has_contact               | Scaled Avg:   0.0004 | Raw Avg:   0.0202
  hip_pos                   | Scaled Avg:  -0.0031 | Raw Avg:   0.0307
  lin_vel_z                 | Scaled Avg:  -0.0087 | Raw Avg:   0.1088
  orientation               | Scaled Avg:  -0.0000 | Raw Avg:   0.0121
  powers                    | Scaled Avg:  -0.0001 | Raw Avg: 150.2178
  stand_still               | Scaled Avg:  -0.0003 | Raw Avg:   0.0030
  torques                   | Scaled Avg:  -0.0002 | Raw Avg: 1175.6284
  tracking_ang_vel          | Scaled Avg:   0.0150 | Raw Avg:   0.7509
  tracking_lin_vel          | Scaled Avg:   0.0320 | Raw Avg:   0.7989
  termination               | Scaled Avg:  -0.0000
  TOTAL REWARD              | Scaled Avg:   0.0024
------------------------------

------------------------------
Step: 90000 - Reward Breakdown:
  action_rate               | Scaled Avg:  -0.0193 | Raw Avg:   1.9339
  action_smoothness         | Scaled Avg:  -0.0006 | Raw Avg:   0.3081
  ang_vel_xy                | Scaled Avg:  -0.0030 | Raw Avg:   1.4774
  collision                 | Scaled Avg:  -0.0001 | Raw Avg:   0.0046
  dof_acc                   | Scaled Avg:  -0.0008 | Raw Avg: 154272.3594
  dof_error                 | Scaled Avg:  -0.0031 | Raw Avg:   0.3061
  dof_vel                   | Scaled Avg:  -0.0087 | Raw Avg:  86.6185
  feet_contact_forces       | Scaled Avg:  -0.0000 | Raw Avg:   8.6492
  foot_clearance            | Scaled Avg:  -0.0001 | Raw Avg:   0.0083
  foot_mirror               | Scaled Avg:  -0.0001 | Raw Avg:   0.0893
  foot_slide                | Scaled Avg:  -0.0018 | Raw Avg:   1.7661
  has_contact               | Scaled Avg:   0.0003 | Raw Avg:   0.0164
  hip_pos                   | Scaled Avg:  -0.0029 | Raw Avg:   0.0290
  lin_vel_z                 | Scaled Avg:  -0.0017 | Raw Avg:   0.0215
  orientation               | Scaled Avg:  -0.0000 | Raw Avg:   0.0116
  powers                    | Scaled Avg:  -0.0001 | Raw Avg: 154.2944
  stand_still               | Scaled Avg:  -0.0002 | Raw Avg:   0.0022
  torques                   | Scaled Avg:  -0.0002 | Raw Avg: 1232.8253
  tracking_ang_vel          | Scaled Avg:   0.0151 | Raw Avg:   0.7552
  tracking_lin_vel          | Scaled Avg:   0.0318 | Raw Avg:   0.7938
  termination               | Scaled Avg:  -0.0000
  TOTAL REWARD              | Scaled Avg:   0.0045
------------------------------

------------------------------
Step: 90500 - Reward Breakdown:
  action_rate               | Scaled Avg:  -0.0175 | Raw Avg:   1.7495
  action_smoothness         | Scaled Avg:  -0.0006 | Raw Avg:   0.2758
  ang_vel_xy                | Scaled Avg:  -0.0028 | Raw Avg:   1.3940
  collision                 | Scaled Avg:  -0.0001 | Raw Avg:   0.0036
  dof_acc                   | Scaled Avg:  -0.0008 | Raw Avg: 150774.0312
  dof_error                 | Scaled Avg:  -0.0029 | Raw Avg:   0.2873
  dof_vel                   | Scaled Avg:  -0.0083 | Raw Avg:  83.2508
  feet_air_time             | Scaled Avg:   0.0000 | Raw Avg:   0.0003
  feet_contact_forces       | Scaled Avg:  -0.0000 | Raw Avg:   8.0883
  foot_clearance            | Scaled Avg:  -0.0001 | Raw Avg:   0.0079
  foot_mirror               | Scaled Avg:  -0.0001 | Raw Avg:   0.0838
  foot_slide                | Scaled Avg:  -0.0018 | Raw Avg:   1.7598
  has_contact               | Scaled Avg:   0.0004 | Raw Avg:   0.0188
  hip_pos                   | Scaled Avg:  -0.0028 | Raw Avg:   0.0282
  lin_vel_z                 | Scaled Avg:  -0.0016 | Raw Avg:   0.0202
  orientation               | Scaled Avg:  -0.0000 | Raw Avg:   0.0110
  powers                    | Scaled Avg:  -0.0001 | Raw Avg: 153.5683
  stand_still               | Scaled Avg:  -0.0002 | Raw Avg:   0.0020
  torques                   | Scaled Avg:  -0.0003 | Raw Avg: 1251.8917
  tracking_ang_vel          | Scaled Avg:   0.0155 | Raw Avg:   0.7725
  tracking_lin_vel          | Scaled Avg:   0.0323 | Raw Avg:   0.8068
  termination               | Scaled Avg:  -0.0000
  TOTAL REWARD              | Scaled Avg:   0.0083
------------------------------

------------------------------
Step: 91000 - Reward Breakdown:
  action_rate               | Scaled Avg:  -0.0170 | Raw Avg:   1.6994
  action_smoothness         | Scaled Avg:  -0.0005 | Raw Avg:   0.2651
  ang_vel_xy                | Scaled Avg:  -0.0027 | Raw Avg:   1.3541
  collision                 | Scaled Avg:  -0.0001 | Raw Avg:   0.0046
  dof_acc                   | Scaled Avg:  -0.0007 | Raw Avg: 138742.0000
  dof_error                 | Scaled Avg:  -0.0029 | Raw Avg:   0.2867
  dof_vel                   | Scaled Avg:  -0.0081 | Raw Avg:  80.7340
  feet_contact_forces       | Scaled Avg:  -0.0000 | Raw Avg:   7.9251
  foot_clearance            | Scaled Avg:  -0.0001 | Raw Avg:   0.0080
  foot_mirror               | Scaled Avg:  -0.0001 | Raw Avg:   0.0844
  foot_slide                | Scaled Avg:  -0.0018 | Raw Avg:   1.7630
  has_contact               | Scaled Avg:   0.0004 | Raw Avg:   0.0204
  hip_pos                   | Scaled Avg:  -0.0029 | Raw Avg:   0.0292
  lin_vel_z                 | Scaled Avg:  -0.0016 | Raw Avg:   0.0201
  orientation               | Scaled Avg:  -0.0000 | Raw Avg:   0.0107
  powers                    | Scaled Avg:  -0.0001 | Raw Avg: 154.9287
  stand_still               | Scaled Avg:  -0.0003 | Raw Avg:   0.0026
  torques                   | Scaled Avg:  -0.0003 | Raw Avg: 1286.2230
  tracking_ang_vel          | Scaled Avg:   0.0156 | Raw Avg:   0.7824
  tracking_lin_vel          | Scaled Avg:   0.0322 | Raw Avg:   0.8058
  termination               | Scaled Avg:  -0.0001
  TOTAL REWARD              | Scaled Avg:   0.0092
------------------------------
################################################################################
                    [1m Learning iteration 18800/20000 [0m                    

                       Computation: 82835 steps/s (collection: 1.299s, learning 0.467s)
                     surrogate_loss -0.0050
                         value_loss 0.0449
                            entropy 2.0190
                     estimator_loss 0.0000
                         total_loss 0.0601
             Mean action noise std: 0.20
                       Mean reward: 4.56
               Mean episode length: 622.27
      Mean episode rew_action_rate: -0.5539
Mean episode rew_frame_action_rate: -0.0200
Mean episode rew_action_smoothness: -0.0173
Mean episode rew_frame_action_smoothness: -0.0006
       Mean episode rew_ang_vel_xy: -0.0903
 Mean episode rew_frame_ang_vel_xy: -0.0065
      Mean episode rew_base_height: -0.0003
Mean episode rew_frame_base_height: -0.0001
        Mean episode rew_collision: -0.0028
  Mean episode rew_frame_collision: -0.0007
          Mean episode rew_dof_acc: -0.0233
    Mean episode rew_frame_dof_acc: -0.0014
        Mean episode rew_dof_error: -0.0911
  Mean episode rew_frame_dof_error: -0.0066
          Mean episode rew_dof_vel: -0.2645
    Mean episode rew_frame_dof_vel: -0.0122
    Mean episode rew_feet_air_time: 0.0002
Mean episode rew_frame_feet_air_time: 0.0000
Mean episode rew_feet_contact_forces: -0.0008
Mean episode rew_frame_feet_contact_forces: -0.0000
   Mean episode rew_foot_clearance: -0.0026
Mean episode rew_frame_foot_clearance: -0.0001
      Mean episode rew_foot_mirror: -0.0027
Mean episode rew_frame_foot_mirror: -0.0002
       Mean episode rew_foot_slide: -0.0549
 Mean episode rew_frame_foot_slide: -0.0017
      Mean episode rew_has_contact: 0.0173
Mean episode rew_frame_has_contact: 0.0005
          Mean episode rew_hip_pos: -0.0949
    Mean episode rew_frame_hip_pos: -0.0088
        Mean episode rew_lin_vel_z: -0.0555
  Mean episode rew_frame_lin_vel_z: -0.0076
      Mean episode rew_orientation: -0.0015
Mean episode rew_frame_orientation: -0.0003
           Mean episode rew_powers: -0.0020
     Mean episode rew_frame_powers: -0.0001
      Mean episode rew_stand_still: -0.0069
Mean episode rew_frame_stand_still: -0.0002
          Mean episode rew_stumble: -0.0000
    Mean episode rew_frame_stumble: -0.0000
      Mean episode rew_termination: -0.0013
Mean episode rew_frame_termination: -0.0007
          Mean episode rew_torques: -0.0081
    Mean episode rew_frame_torques: -0.0003
 Mean episode rew_tracking_ang_vel: 0.4874
Mean episode rew_frame_tracking_ang_vel: 0.0126
 Mean episode rew_tracking_lin_vel: 1.0161
Mean episode rew_frame_tracking_lin_vel: 0.0241
Mean episode max_power_throughout_episode: 3130.4082
            Mean episode max_pos_x: 4.9160
            Mean episode min_pos_x: -3.2065
            Mean episode max_pos_y: 3.7195
            Mean episode min_pos_y: -4.2589
        Mean episode timeout_ratio: 0.5529
       Mean episode num_terminated: 8.4583
--------------------------------------------------------------------------------
                   Total timesteps: 5705856
                    Iteration time: 1.77s
                        Total time: 6771.64s
                               ETA: 2137.8s


------------------------------
Step: 91500 - Reward Breakdown:
  action_rate               | Scaled Avg:  -0.0165 | Raw Avg:   1.6466
  action_smoothness         | Scaled Avg:  -0.0005 | Raw Avg:   0.2568
  ang_vel_xy                | Scaled Avg:  -0.0027 | Raw Avg:   1.3275
  collision                 | Scaled Avg:  -0.0001 | Raw Avg:   0.0039
  dof_acc                   | Scaled Avg:  -0.0007 | Raw Avg: 130797.5938
  dof_error                 | Scaled Avg:  -0.0027 | Raw Avg:   0.2735
  dof_vel                   | Scaled Avg:  -0.0080 | Raw Avg:  79.5707
  feet_contact_forces       | Scaled Avg:  -0.0000 | Raw Avg:   7.7104
  foot_clearance            | Scaled Avg:  -0.0001 | Raw Avg:   0.0079
  foot_mirror               | Scaled Avg:  -0.0001 | Raw Avg:   0.0783
  foot_slide                | Scaled Avg:  -0.0018 | Raw Avg:   1.7579
  has_contact               | Scaled Avg:   0.0004 | Raw Avg:   0.0191
  hip_pos                   | Scaled Avg:  -0.0027 | Raw Avg:   0.0267
  lin_vel_z                 | Scaled Avg:  -0.0016 | Raw Avg:   0.0195
  orientation               | Scaled Avg:  -0.0000 | Raw Avg:   0.0095
  powers                    | Scaled Avg:  -0.0001 | Raw Avg: 146.9403
  stand_still               | Scaled Avg:  -0.0003 | Raw Avg:   0.0028
  torques                   | Scaled Avg:  -0.0002 | Raw Avg: 1189.4272
  tracking_ang_vel          | Scaled Avg:   0.0158 | Raw Avg:   0.7905
  tracking_lin_vel          | Scaled Avg:   0.0325 | Raw Avg:   0.8135
  termination               | Scaled Avg:  -0.0000
  TOTAL REWARD              | Scaled Avg:   0.0108
------------------------------

------------------------------
Step: 92000 - Reward Breakdown:
  action_rate               | Scaled Avg:  -0.0162 | Raw Avg:   1.6179
  action_smoothness         | Scaled Avg:  -0.0005 | Raw Avg:   0.2543
  ang_vel_xy                | Scaled Avg:  -0.0027 | Raw Avg:   1.3535
  collision                 | Scaled Avg:  -0.0001 | Raw Avg:   0.0039
  dof_acc                   | Scaled Avg:  -0.0006 | Raw Avg: 123250.0781
  dof_error                 | Scaled Avg:  -0.0028 | Raw Avg:   0.2802
  dof_vel                   | Scaled Avg:  -0.0078 | Raw Avg:  77.7947
  feet_contact_forces       | Scaled Avg:  -0.0000 | Raw Avg:   7.8258
  foot_clearance            | Scaled Avg:  -0.0001 | Raw Avg:   0.0079
  foot_mirror               | Scaled Avg:  -0.0001 | Raw Avg:   0.0776
  foot_slide                | Scaled Avg:  -0.0018 | Raw Avg:   1.7503
  has_contact               | Scaled Avg:   0.0003 | Raw Avg:   0.0160
  hip_pos                   | Scaled Avg:  -0.0028 | Raw Avg:   0.0282
  lin_vel_z                 | Scaled Avg:  -0.0017 | Raw Avg:   0.0213
  orientation               | Scaled Avg:  -0.0000 | Raw Avg:   0.0100
  powers                    | Scaled Avg:  -0.0001 | Raw Avg: 147.6445
  stand_still               | Scaled Avg:  -0.0002 | Raw Avg:   0.0024
  torques                   | Scaled Avg:  -0.0002 | Raw Avg: 1210.5881
  tracking_ang_vel          | Scaled Avg:   0.0158 | Raw Avg:   0.7882
  tracking_lin_vel          | Scaled Avg:   0.0325 | Raw Avg:   0.8126
  termination               | Scaled Avg:   0.0000
  TOTAL REWARD              | Scaled Avg:   0.0109
------------------------------

------------------------------
Step: 92500 - Reward Breakdown:
  action_rate               | Scaled Avg:  -0.0162 | Raw Avg:   1.6168
  action_smoothness         | Scaled Avg:  -0.0005 | Raw Avg:   0.2551
  ang_vel_xy                | Scaled Avg:  -0.0026 | Raw Avg:   1.2887
  collision                 | Scaled Avg:  -0.0001 | Raw Avg:   0.0039
  dof_acc                   | Scaled Avg:  -0.0006 | Raw Avg: 117344.3359
  dof_error                 | Scaled Avg:  -0.0027 | Raw Avg:   0.2723
  dof_vel                   | Scaled Avg:  -0.0077 | Raw Avg:  76.9998
  feet_contact_forces       | Scaled Avg:  -0.0000 | Raw Avg:   7.5695
  foot_clearance            | Scaled Avg:  -0.0001 | Raw Avg:   0.0076
  foot_mirror               | Scaled Avg:  -0.0001 | Raw Avg:   0.0780
  foot_slide                | Scaled Avg:  -0.0017 | Raw Avg:   1.7157
  has_contact               | Scaled Avg:   0.0004 | Raw Avg:   0.0187
  hip_pos                   | Scaled Avg:  -0.0028 | Raw Avg:   0.0281
  lin_vel_z                 | Scaled Avg:  -0.0016 | Raw Avg:   0.0194
  orientation               | Scaled Avg:  -0.0000 | Raw Avg:   0.0094
  powers                    | Scaled Avg:  -0.0001 | Raw Avg: 144.2477
  stand_still               | Scaled Avg:  -0.0002 | Raw Avg:   0.0020
  torques                   | Scaled Avg:  -0.0002 | Raw Avg: 1180.3461
  tracking_ang_vel          | Scaled Avg:   0.0158 | Raw Avg:   0.7894
  tracking_lin_vel          | Scaled Avg:   0.0324 | Raw Avg:   0.8106
  termination               | Scaled Avg:  -0.0000
  TOTAL REWARD              | Scaled Avg:   0.0114
------------------------------

------------------------------
Step: 93000 - Reward Breakdown:
  action_rate               | Scaled Avg:  -0.0165 | Raw Avg:   1.6470
  action_smoothness         | Scaled Avg:  -0.0005 | Raw Avg:   0.2590
  ang_vel_xy                | Scaled Avg:  -0.0025 | Raw Avg:   1.2492
  collision                 | Scaled Avg:  -0.0001 | Raw Avg:   0.0038
  dof_acc                   | Scaled Avg:  -0.0007 | Raw Avg: 136838.9062
  dof_error                 | Scaled Avg:  -0.0028 | Raw Avg:   0.2825
  dof_vel                   | Scaled Avg:  -0.0080 | Raw Avg:  79.5268
  feet_contact_forces       | Scaled Avg:  -0.0000 | Raw Avg:   7.9893
  foot_clearance            | Scaled Avg:  -0.0001 | Raw Avg:   0.0079
  foot_mirror               | Scaled Avg:  -0.0001 | Raw Avg:   0.0822
  foot_slide                | Scaled Avg:  -0.0018 | Raw Avg:   1.7632
  has_contact               | Scaled Avg:   0.0004 | Raw Avg:   0.0176
  hip_pos                   | Scaled Avg:  -0.0029 | Raw Avg:   0.0290
  lin_vel_z                 | Scaled Avg:  -0.0015 | Raw Avg:   0.0191
  orientation               | Scaled Avg:  -0.0000 | Raw Avg:   0.0101
  powers                    | Scaled Avg:  -0.0001 | Raw Avg: 139.6247
  stand_still               | Scaled Avg:  -0.0002 | Raw Avg:   0.0022
  torques                   | Scaled Avg:  -0.0002 | Raw Avg: 1085.7642
  tracking_ang_vel          | Scaled Avg:   0.0157 | Raw Avg:   0.7865
  tracking_lin_vel          | Scaled Avg:   0.0327 | Raw Avg:   0.8182
  termination               | Scaled Avg:  -0.0001
  TOTAL REWARD              | Scaled Avg:   0.0108
------------------------------

------------------------------
Step: 93500 - Reward Breakdown:
  action_rate               | Scaled Avg:  -0.0161 | Raw Avg:   1.6143
  action_smoothness         | Scaled Avg:  -0.0005 | Raw Avg:   0.2550
  ang_vel_xy                | Scaled Avg:  -0.0025 | Raw Avg:   1.2657
  collision                 | Scaled Avg:  -0.0000 | Raw Avg:   0.0025
  dof_acc                   | Scaled Avg:  -0.0006 | Raw Avg: 126101.1250
  dof_error                 | Scaled Avg:  -0.0027 | Raw Avg:   0.2675
  dof_vel                   | Scaled Avg:  -0.0079 | Raw Avg:  78.6816
  feet_contact_forces       | Scaled Avg:  -0.0000 | Raw Avg:   7.7701
  foot_clearance            | Scaled Avg:  -0.0001 | Raw Avg:   0.0073
  foot_mirror               | Scaled Avg:  -0.0001 | Raw Avg:   0.0773
  foot_slide                | Scaled Avg:  -0.0017 | Raw Avg:   1.7264
  has_contact               | Scaled Avg:   0.0004 | Raw Avg:   0.0197
  hip_pos                   | Scaled Avg:  -0.0027 | Raw Avg:   0.0272
  lin_vel_z                 | Scaled Avg:  -0.0016 | Raw Avg:   0.0199
  orientation               | Scaled Avg:  -0.0000 | Raw Avg:   0.0088
  powers                    | Scaled Avg:  -0.0001 | Raw Avg: 134.7957
  stand_still               | Scaled Avg:  -0.0003 | Raw Avg:   0.0029
  torques                   | Scaled Avg:  -0.0002 | Raw Avg: 1037.1335
  tracking_ang_vel          | Scaled Avg:   0.0157 | Raw Avg:   0.7858
  tracking_lin_vel          | Scaled Avg:   0.0329 | Raw Avg:   0.8221
  termination               | Scaled Avg:  -0.0000
  TOTAL REWARD              | Scaled Avg:   0.0118
------------------------------
################################################################################
                    [1m Learning iteration 18900/20000 [0m                    

                       Computation: 83412 steps/s (collection: 1.286s, learning 0.468s)
                     surrogate_loss -0.0042
                         value_loss 0.0488
                            entropy 2.2810
                     estimator_loss 0.0000
                         total_loss 0.0674
             Mean action noise std: 0.20
                       Mean reward: 6.75
               Mean episode length: 685.36
      Mean episode rew_action_rate: -0.5754
Mean episode rew_frame_action_rate: -0.0190
Mean episode rew_action_smoothness: -0.0181
Mean episode rew_frame_action_smoothness: -0.0006
       Mean episode rew_ang_vel_xy: -0.0897
 Mean episode rew_frame_ang_vel_xy: -0.0058
      Mean episode rew_base_height: -0.0003
Mean episode rew_frame_base_height: -0.0000
        Mean episode rew_collision: -0.0021
  Mean episode rew_frame_collision: -0.0005
          Mean episode rew_dof_acc: -0.0234
    Mean episode rew_frame_dof_acc: -0.0011
        Mean episode rew_dof_error: -0.0945
  Mean episode rew_frame_dof_error: -0.0059
          Mean episode rew_dof_vel: -0.2833
    Mean episode rew_frame_dof_vel: -0.0109
    Mean episode rew_feet_air_time: 0.0002
Mean episode rew_frame_feet_air_time: 0.0000
Mean episode rew_feet_contact_forces: -0.0008
Mean episode rew_frame_feet_contact_forces: -0.0000
   Mean episode rew_foot_clearance: -0.0027
Mean episode rew_frame_foot_clearance: -0.0001
      Mean episode rew_foot_mirror: -0.0027
Mean episode rew_frame_foot_mirror: -0.0002
       Mean episode rew_foot_slide: -0.0619
 Mean episode rew_frame_foot_slide: -0.0018
      Mean episode rew_has_contact: 0.0090
Mean episode rew_frame_has_contact: 0.0002
          Mean episode rew_hip_pos: -0.0961
    Mean episode rew_frame_hip_pos: -0.0076
        Mean episode rew_lin_vel_z: -0.0591
  Mean episode rew_frame_lin_vel_z: -0.0077
      Mean episode rew_orientation: -0.0013
Mean episode rew_frame_orientation: -0.0002
           Mean episode rew_powers: -0.0020
     Mean episode rew_frame_powers: -0.0001
      Mean episode rew_stand_still: -0.0061
Mean episode rew_frame_stand_still: -0.0001
          Mean episode rew_stumble: -0.0000
    Mean episode rew_frame_stumble: -0.0000
      Mean episode rew_termination: -0.0010
Mean episode rew_frame_termination: -0.0006
          Mean episode rew_torques: -0.0076
    Mean episode rew_frame_torques: -0.0002
 Mean episode rew_tracking_ang_vel: 0.5483
Mean episode rew_frame_tracking_ang_vel: 0.0135
 Mean episode rew_tracking_lin_vel: 1.1409
Mean episode rew_frame_tracking_lin_vel: 0.0259
Mean episode max_power_throughout_episode: 3169.8164
            Mean episode max_pos_x: 3.8785
            Mean episode min_pos_x: -4.3374
            Mean episode max_pos_y: 3.5193
            Mean episode min_pos_y: -3.9064
        Mean episode timeout_ratio: 0.6544
       Mean episode num_terminated: 8.7083
--------------------------------------------------------------------------------
                   Total timesteps: 5852160
                    Iteration time: 1.75s
                        Total time: 6948.28s
                               ETA: 1959.3s


------------------------------
Step: 94000 - Reward Breakdown:
  action_rate               | Scaled Avg:  -0.0158 | Raw Avg:   1.5834
  action_smoothness         | Scaled Avg:  -0.0005 | Raw Avg:   0.2520
  ang_vel_xy                | Scaled Avg:  -0.0025 | Raw Avg:   1.2468
  collision                 | Scaled Avg:  -0.0001 | Raw Avg:   0.0031
  dof_acc                   | Scaled Avg:  -0.0006 | Raw Avg: 120557.0938
  dof_error                 | Scaled Avg:  -0.0027 | Raw Avg:   0.2708
  dof_vel                   | Scaled Avg:  -0.0076 | Raw Avg:  75.8524
  feet_air_time             | Scaled Avg:   0.0000 | Raw Avg:   0.0004
  feet_contact_forces       | Scaled Avg:  -0.0000 | Raw Avg:   7.5210
  foot_clearance            | Scaled Avg:  -0.0001 | Raw Avg:   0.0071
  foot_mirror               | Scaled Avg:  -0.0001 | Raw Avg:   0.0803
  foot_slide                | Scaled Avg:  -0.0017 | Raw Avg:   1.7156
  has_contact               | Scaled Avg:   0.0004 | Raw Avg:   0.0219
  hip_pos                   | Scaled Avg:  -0.0027 | Raw Avg:   0.0274
  lin_vel_z                 | Scaled Avg:  -0.0015 | Raw Avg:   0.0184
  orientation               | Scaled Avg:  -0.0000 | Raw Avg:   0.0097
  powers                    | Scaled Avg:  -0.0001 | Raw Avg: 133.8121
  stand_still               | Scaled Avg:  -0.0002 | Raw Avg:   0.0022
  torques                   | Scaled Avg:  -0.0002 | Raw Avg: 1041.3779
  tracking_ang_vel          | Scaled Avg:   0.0157 | Raw Avg:   0.7852
  tracking_lin_vel          | Scaled Avg:   0.0327 | Raw Avg:   0.8185
  termination               | Scaled Avg:  -0.0000
  TOTAL REWARD              | Scaled Avg:   0.0125
------------------------------

------------------------------
Step: 94500 - Reward Breakdown:
  action_rate               | Scaled Avg:  -0.0162 | Raw Avg:   1.6231
  action_smoothness         | Scaled Avg:  -0.0005 | Raw Avg:   0.2562
  ang_vel_xy                | Scaled Avg:  -0.0025 | Raw Avg:   1.2621
  collision                 | Scaled Avg:  -0.0001 | Raw Avg:   0.0044
  dof_acc                   | Scaled Avg:  -0.0006 | Raw Avg: 119457.1094
  dof_error                 | Scaled Avg:  -0.0027 | Raw Avg:   0.2699
  dof_vel                   | Scaled Avg:  -0.0078 | Raw Avg:  77.8052
  feet_contact_forces       | Scaled Avg:  -0.0000 | Raw Avg:   7.5391
  foot_clearance            | Scaled Avg:  -0.0001 | Raw Avg:   0.0074
  foot_mirror               | Scaled Avg:  -0.0001 | Raw Avg:   0.0811
  foot_slide                | Scaled Avg:  -0.0017 | Raw Avg:   1.7411
  has_contact               | Scaled Avg:   0.0004 | Raw Avg:   0.0193
  hip_pos                   | Scaled Avg:  -0.0029 | Raw Avg:   0.0285
  lin_vel_z                 | Scaled Avg:  -0.0017 | Raw Avg:   0.0209
  orientation               | Scaled Avg:  -0.0000 | Raw Avg:   0.0091
  powers                    | Scaled Avg:  -0.0001 | Raw Avg: 139.0756
  stand_still               | Scaled Avg:  -0.0004 | Raw Avg:   0.0035
  torques                   | Scaled Avg:  -0.0002 | Raw Avg: 1092.8501
  tracking_ang_vel          | Scaled Avg:   0.0158 | Raw Avg:   0.7886
  tracking_lin_vel          | Scaled Avg:   0.0324 | Raw Avg:   0.8110
  termination               | Scaled Avg:  -0.0000
  TOTAL REWARD              | Scaled Avg:   0.0110
------------------------------

------------------------------
Step: 95000 - Reward Breakdown:
  action_rate               | Scaled Avg:  -0.0159 | Raw Avg:   1.5877
  action_smoothness         | Scaled Avg:  -0.0005 | Raw Avg:   0.2549
  ang_vel_xy                | Scaled Avg:  -0.0026 | Raw Avg:   1.2763
  collision                 | Scaled Avg:  -0.0001 | Raw Avg:   0.0043
  dof_acc                   | Scaled Avg:  -0.0006 | Raw Avg: 123179.6719
  dof_error                 | Scaled Avg:  -0.0027 | Raw Avg:   0.2721
  dof_vel                   | Scaled Avg:  -0.0078 | Raw Avg:  77.9024
  feet_contact_forces       | Scaled Avg:  -0.0000 | Raw Avg:   7.9612
  foot_clearance            | Scaled Avg:  -0.0001 | Raw Avg:   0.0075
  foot_mirror               | Scaled Avg:  -0.0001 | Raw Avg:   0.0811
  foot_slide                | Scaled Avg:  -0.0017 | Raw Avg:   1.7213
  has_contact               | Scaled Avg:   0.0004 | Raw Avg:   0.0188
  hip_pos                   | Scaled Avg:  -0.0028 | Raw Avg:   0.0285
  lin_vel_z                 | Scaled Avg:  -0.0016 | Raw Avg:   0.0205
  orientation               | Scaled Avg:  -0.0000 | Raw Avg:   0.0098
  powers                    | Scaled Avg:  -0.0001 | Raw Avg: 139.2428
  stand_still               | Scaled Avg:  -0.0002 | Raw Avg:   0.0018
  torques                   | Scaled Avg:  -0.0002 | Raw Avg: 1081.9944
  tracking_ang_vel          | Scaled Avg:   0.0158 | Raw Avg:   0.7897
  tracking_lin_vel          | Scaled Avg:   0.0327 | Raw Avg:   0.8167
  termination               | Scaled Avg:   0.0000
  TOTAL REWARD              | Scaled Avg:   0.0118
------------------------------

------------------------------
Step: 95500 - Reward Breakdown:
  action_rate               | Scaled Avg:  -0.0162 | Raw Avg:   1.6250
  action_smoothness         | Scaled Avg:  -0.0005 | Raw Avg:   0.2543
  ang_vel_xy                | Scaled Avg:  -0.0026 | Raw Avg:   1.2793
  collision                 | Scaled Avg:  -0.0001 | Raw Avg:   0.0026
  dof_acc                   | Scaled Avg:  -0.0006 | Raw Avg: 128761.6797
  dof_error                 | Scaled Avg:  -0.0028 | Raw Avg:   0.2753
  dof_vel                   | Scaled Avg:  -0.0080 | Raw Avg:  79.7398
  feet_contact_forces       | Scaled Avg:  -0.0000 | Raw Avg:   8.4516
  foot_clearance            | Scaled Avg:  -0.0001 | Raw Avg:   0.0075
  foot_mirror               | Scaled Avg:  -0.0001 | Raw Avg:   0.0808
  foot_slide                | Scaled Avg:  -0.0017 | Raw Avg:   1.7362
  has_contact               | Scaled Avg:   0.0004 | Raw Avg:   0.0204
  hip_pos                   | Scaled Avg:  -0.0027 | Raw Avg:   0.0273
  lin_vel_z                 | Scaled Avg:  -0.0016 | Raw Avg:   0.0201
  orientation               | Scaled Avg:  -0.0000 | Raw Avg:   0.0098
  powers                    | Scaled Avg:  -0.0001 | Raw Avg: 140.3744
  stand_still               | Scaled Avg:  -0.0003 | Raw Avg:   0.0034
  torques                   | Scaled Avg:  -0.0002 | Raw Avg: 1089.2633
  tracking_ang_vel          | Scaled Avg:   0.0159 | Raw Avg:   0.7944
  tracking_lin_vel          | Scaled Avg:   0.0329 | Raw Avg:   0.8222
  termination               | Scaled Avg:  -0.0000
  TOTAL REWARD              | Scaled Avg:   0.0115
------------------------------

------------------------------
Step: 96000 - Reward Breakdown:
  action_rate               | Scaled Avg:  -0.0162 | Raw Avg:   1.6191
  action_smoothness         | Scaled Avg:  -0.0005 | Raw Avg:   0.2555
  ang_vel_xy                | Scaled Avg:  -0.0025 | Raw Avg:   1.2380
  collision                 | Scaled Avg:  -0.0001 | Raw Avg:   0.0046
  dof_acc                   | Scaled Avg:  -0.0006 | Raw Avg: 118860.8203
  dof_error                 | Scaled Avg:  -0.0026 | Raw Avg:   0.2644
  dof_vel                   | Scaled Avg:  -0.0078 | Raw Avg:  78.4861
  feet_air_time             | Scaled Avg:   0.0000 | Raw Avg:   0.0004
  feet_contact_forces       | Scaled Avg:  -0.0000 | Raw Avg:   7.7004
  foot_clearance            | Scaled Avg:  -0.0001 | Raw Avg:   0.0074
  foot_mirror               | Scaled Avg:  -0.0001 | Raw Avg:   0.0774
  foot_slide                | Scaled Avg:  -0.0018 | Raw Avg:   1.7637
  has_contact               | Scaled Avg:   0.0004 | Raw Avg:   0.0176
  hip_pos                   | Scaled Avg:  -0.0028 | Raw Avg:   0.0277
  lin_vel_z                 | Scaled Avg:  -0.0016 | Raw Avg:   0.0197
  orientation               | Scaled Avg:  -0.0000 | Raw Avg:   0.0098
  powers                    | Scaled Avg:  -0.0001 | Raw Avg: 138.0112
  stand_still               | Scaled Avg:  -0.0002 | Raw Avg:   0.0025
  torques                   | Scaled Avg:  -0.0002 | Raw Avg: 1061.9238
  tracking_ang_vel          | Scaled Avg:   0.0158 | Raw Avg:   0.7908
  tracking_lin_vel          | Scaled Avg:   0.0330 | Raw Avg:   0.8259
  termination               | Scaled Avg:  -0.0000
  TOTAL REWARD              | Scaled Avg:   0.0120
------------------------------
################################################################################
                    [1m Learning iteration 19000/20000 [0m                    

                       Computation: 83478 steps/s (collection: 1.284s, learning 0.468s)
                     surrogate_loss -0.0048
                         value_loss 0.0545
                            entropy 2.3002
                     estimator_loss 0.0000
                         total_loss 0.0727
             Mean action noise std: 0.20
                       Mean reward: 7.29
               Mean episode length: 701.75
      Mean episode rew_action_rate: -0.6107
Mean episode rew_frame_action_rate: -0.0182
Mean episode rew_action_smoothness: -0.0191
Mean episode rew_frame_action_smoothness: -0.0006
       Mean episode rew_ang_vel_xy: -0.0943
 Mean episode rew_frame_ang_vel_xy: -0.0050
      Mean episode rew_base_height: -0.0003
Mean episode rew_frame_base_height: -0.0000
        Mean episode rew_collision: -0.0024
  Mean episode rew_frame_collision: -0.0005
          Mean episode rew_dof_acc: -0.0237
    Mean episode rew_frame_dof_acc: -0.0010
        Mean episode rew_dof_error: -0.1010
  Mean episode rew_frame_dof_error: -0.0054
          Mean episode rew_dof_vel: -0.2947
    Mean episode rew_frame_dof_vel: -0.0103
    Mean episode rew_feet_air_time: 0.0002
Mean episode rew_frame_feet_air_time: 0.0000
Mean episode rew_feet_contact_forces: -0.0009
Mean episode rew_frame_feet_contact_forces: -0.0000
   Mean episode rew_foot_clearance: -0.0027
Mean episode rew_frame_foot_clearance: -0.0001
      Mean episode rew_foot_mirror: -0.0030
Mean episode rew_frame_foot_mirror: -0.0002
       Mean episode rew_foot_slide: -0.0649
 Mean episode rew_frame_foot_slide: -0.0017
      Mean episode rew_has_contact: 0.0154
Mean episode rew_frame_has_contact: 0.0004
          Mean episode rew_hip_pos: -0.1033
    Mean episode rew_frame_hip_pos: -0.0068
        Mean episode rew_lin_vel_z: -0.0590
  Mean episode rew_frame_lin_vel_z: -0.0046
      Mean episode rew_orientation: -0.0014
Mean episode rew_frame_orientation: -0.0002
           Mean episode rew_powers: -0.0021
     Mean episode rew_frame_powers: -0.0001
      Mean episode rew_stand_still: -0.0213
Mean episode rew_frame_stand_still: -0.0006
          Mean episode rew_stumble: -0.0000
    Mean episode rew_frame_stumble: -0.0000
      Mean episode rew_termination: -0.0009
Mean episode rew_frame_termination: -0.0005
          Mean episode rew_torques: -0.0081
    Mean episode rew_frame_torques: -0.0002
 Mean episode rew_tracking_ang_vel: 0.5897
Mean episode rew_frame_tracking_ang_vel: 0.0137
 Mean episode rew_tracking_lin_vel: 1.2225
Mean episode rew_frame_tracking_lin_vel: 0.0269
Mean episode max_power_throughout_episode: 3126.3613
            Mean episode max_pos_x: 4.9336
            Mean episode min_pos_x: -2.7439
            Mean episode max_pos_y: 4.0673
            Mean episode min_pos_y: -4.3477
        Mean episode timeout_ratio: 0.6833
       Mean episode num_terminated: 8.9167
--------------------------------------------------------------------------------
                   Total timesteps: 5998464
                    Iteration time: 1.75s
                        Total time: 7124.78s
                               ETA: 1780.7s


------------------------------
Step: 96500 - Reward Breakdown:
  action_rate               | Scaled Avg:  -0.0170 | Raw Avg:   1.6973
  action_smoothness         | Scaled Avg:  -0.0005 | Raw Avg:   0.2684
  ang_vel_xy                | Scaled Avg:  -0.0026 | Raw Avg:   1.3214
  collision                 | Scaled Avg:  -0.0001 | Raw Avg:   0.0044
  dof_acc                   | Scaled Avg:  -0.0007 | Raw Avg: 136021.3750
  dof_error                 | Scaled Avg:  -0.0028 | Raw Avg:   0.2834
  dof_vel                   | Scaled Avg:  -0.0082 | Raw Avg:  81.9561
  feet_air_time             | Scaled Avg:   0.0000 | Raw Avg:   0.0004
  feet_contact_forces       | Scaled Avg:  -0.0000 | Raw Avg:   8.4742
  foot_clearance            | Scaled Avg:  -0.0001 | Raw Avg:   0.0079
  foot_mirror               | Scaled Avg:  -0.0001 | Raw Avg:   0.0805
  foot_slide                | Scaled Avg:  -0.0018 | Raw Avg:   1.7768
  has_contact               | Scaled Avg:   0.0004 | Raw Avg:   0.0175
  hip_pos                   | Scaled Avg:  -0.0028 | Raw Avg:   0.0276
  lin_vel_z                 | Scaled Avg:  -0.0050 | Raw Avg:   0.0629
  orientation               | Scaled Avg:  -0.0000 | Raw Avg:   0.0102
  powers                    | Scaled Avg:  -0.0001 | Raw Avg: 139.5446
  stand_still               | Scaled Avg:  -0.0003 | Raw Avg:   0.0025
  torques                   | Scaled Avg:  -0.0002 | Raw Avg: 1047.3279
  tracking_ang_vel          | Scaled Avg:   0.0157 | Raw Avg:   0.7849
  tracking_lin_vel          | Scaled Avg:   0.0330 | Raw Avg:   0.8238
  termination               | Scaled Avg:  -0.0000
  TOTAL REWARD              | Scaled Avg:   0.0092
------------------------------

------------------------------
Step: 97000 - Reward Breakdown:
  action_rate               | Scaled Avg:  -0.0165 | Raw Avg:   1.6525
  action_smoothness         | Scaled Avg:  -0.0005 | Raw Avg:   0.2610
  ang_vel_xy                | Scaled Avg:  -0.0025 | Raw Avg:   1.2493
  collision                 | Scaled Avg:  -0.0001 | Raw Avg:   0.0043
  dof_acc                   | Scaled Avg:  -0.0007 | Raw Avg: 141453.4219
  dof_error                 | Scaled Avg:  -0.0029 | Raw Avg:   0.2901
  dof_vel                   | Scaled Avg:  -0.0081 | Raw Avg:  80.6116
  feet_contact_forces       | Scaled Avg:  -0.0000 | Raw Avg:   8.7701
  foot_clearance            | Scaled Avg:  -0.0001 | Raw Avg:   0.0082
  foot_mirror               | Scaled Avg:  -0.0001 | Raw Avg:   0.0807
  foot_slide                | Scaled Avg:  -0.0017 | Raw Avg:   1.7423
  has_contact               | Scaled Avg:   0.0004 | Raw Avg:   0.0193
  hip_pos                   | Scaled Avg:  -0.0028 | Raw Avg:   0.0280
  lin_vel_z                 | Scaled Avg:  -0.0017 | Raw Avg:   0.0213
  orientation               | Scaled Avg:  -0.0000 | Raw Avg:   0.0098
  powers                    | Scaled Avg:  -0.0001 | Raw Avg: 140.1697
  stand_still               | Scaled Avg:  -0.0001 | Raw Avg:   0.0009
  torques                   | Scaled Avg:  -0.0002 | Raw Avg: 1076.8102
  tracking_ang_vel          | Scaled Avg:   0.0158 | Raw Avg:   0.7905
  tracking_lin_vel          | Scaled Avg:   0.0330 | Raw Avg:   0.8241
  termination               | Scaled Avg:  -0.0000
  TOTAL REWARD              | Scaled Avg:   0.0110
------------------------------

------------------------------
Step: 97500 - Reward Breakdown:
  action_rate               | Scaled Avg:  -0.0170 | Raw Avg:   1.6969
  action_smoothness         | Scaled Avg:  -0.0005 | Raw Avg:   0.2686
  ang_vel_xy                | Scaled Avg:  -0.0026 | Raw Avg:   1.3023
  collision                 | Scaled Avg:  -0.0001 | Raw Avg:   0.0043
  dof_acc                   | Scaled Avg:  -0.0007 | Raw Avg: 137175.8438
  dof_error                 | Scaled Avg:  -0.0028 | Raw Avg:   0.2821
  dof_vel                   | Scaled Avg:  -0.0081 | Raw Avg:  81.0131
  feet_contact_forces       | Scaled Avg:  -0.0000 | Raw Avg:   8.7925
  foot_clearance            | Scaled Avg:  -0.0001 | Raw Avg:   0.0078
  foot_mirror               | Scaled Avg:  -0.0001 | Raw Avg:   0.0800
  foot_slide                | Scaled Avg:  -0.0017 | Raw Avg:   1.7358
  has_contact               | Scaled Avg:   0.0004 | Raw Avg:   0.0194
  hip_pos                   | Scaled Avg:  -0.0027 | Raw Avg:   0.0270
  lin_vel_z                 | Scaled Avg:  -0.0017 | Raw Avg:   0.0217
  orientation               | Scaled Avg:  -0.0000 | Raw Avg:   0.0104
  powers                    | Scaled Avg:  -0.0001 | Raw Avg: 139.8037
  stand_still               | Scaled Avg:  -0.0002 | Raw Avg:   0.0024
  torques                   | Scaled Avg:  -0.0002 | Raw Avg: 1069.4124
  tracking_ang_vel          | Scaled Avg:   0.0158 | Raw Avg:   0.7882
  tracking_lin_vel          | Scaled Avg:   0.0328 | Raw Avg:   0.8200
  termination               | Scaled Avg:  -0.0000
  TOTAL REWARD              | Scaled Avg:   0.0102
------------------------------

------------------------------
Step: 98000 - Reward Breakdown:
  action_rate               | Scaled Avg:  -0.0177 | Raw Avg:   1.7747
  action_smoothness         | Scaled Avg:  -0.0006 | Raw Avg:   0.2794
  ang_vel_xy                | Scaled Avg:  -0.0026 | Raw Avg:   1.3229
  collision                 | Scaled Avg:  -0.0001 | Raw Avg:   0.0056
  dof_acc                   | Scaled Avg:  -0.0008 | Raw Avg: 163326.1562
  dof_error                 | Scaled Avg:  -0.0029 | Raw Avg:   0.2902
  dof_vel                   | Scaled Avg:  -0.0084 | Raw Avg:  83.8104
  feet_contact_forces       | Scaled Avg:  -0.0000 | Raw Avg:   9.0569
  foot_clearance            | Scaled Avg:  -0.0001 | Raw Avg:   0.0083
  foot_mirror               | Scaled Avg:  -0.0001 | Raw Avg:   0.0783
  foot_slide                | Scaled Avg:  -0.0017 | Raw Avg:   1.7386
  has_contact               | Scaled Avg:   0.0004 | Raw Avg:   0.0201
  hip_pos                   | Scaled Avg:  -0.0029 | Raw Avg:   0.0287
  lin_vel_z                 | Scaled Avg:  -0.0039 | Raw Avg:   0.0486
  orientation               | Scaled Avg:  -0.0000 | Raw Avg:   0.0101
  powers                    | Scaled Avg:  -0.0001 | Raw Avg: 141.5350
  stand_still               | Scaled Avg:  -0.0003 | Raw Avg:   0.0031
  torques                   | Scaled Avg:  -0.0002 | Raw Avg: 1069.1693
  tracking_ang_vel          | Scaled Avg:   0.0156 | Raw Avg:   0.7783
  tracking_lin_vel          | Scaled Avg:   0.0327 | Raw Avg:   0.8166
  termination               | Scaled Avg:  -0.0000
  TOTAL REWARD              | Scaled Avg:   0.0075
------------------------------
################################################################################
                    [1m Learning iteration 19100/20000 [0m                    

                       Computation: 82619 steps/s (collection: 1.302s, learning 0.469s)
                     surrogate_loss -0.0045
                         value_loss 0.0839
                            entropy 1.6036
                     estimator_loss 0.0000
                         total_loss 0.0955
             Mean action noise std: 0.21
                       Mean reward: 6.42
               Mean episode length: 692.49
      Mean episode rew_action_rate: -0.5792
Mean episode rew_frame_action_rate: -0.0203
Mean episode rew_action_smoothness: -0.0182
Mean episode rew_frame_action_smoothness: -0.0006
       Mean episode rew_ang_vel_xy: -0.0901
 Mean episode rew_frame_ang_vel_xy: -0.0064
      Mean episode rew_base_height: -0.0003
Mean episode rew_frame_base_height: -0.0001
        Mean episode rew_collision: -0.0022
  Mean episode rew_frame_collision: -0.0005
          Mean episode rew_dof_acc: -0.0235
    Mean episode rew_frame_dof_acc: -0.0013
        Mean episode rew_dof_error: -0.0940
  Mean episode rew_frame_dof_error: -0.0063
          Mean episode rew_dof_vel: -0.2652
    Mean episode rew_frame_dof_vel: -0.0117
    Mean episode rew_feet_air_time: 0.0002
Mean episode rew_frame_feet_air_time: 0.0000
Mean episode rew_feet_contact_forces: -0.0008
Mean episode rew_frame_feet_contact_forces: -0.0000
   Mean episode rew_foot_clearance: -0.0026
Mean episode rew_frame_foot_clearance: -0.0001
      Mean episode rew_foot_mirror: -0.0027
Mean episode rew_frame_foot_mirror: -0.0002
       Mean episode rew_foot_slide: -0.0560
 Mean episode rew_frame_foot_slide: -0.0017
      Mean episode rew_has_contact: 0.0172
Mean episode rew_frame_has_contact: 0.0004
          Mean episode rew_hip_pos: -0.0928
    Mean episode rew_frame_hip_pos: -0.0078
        Mean episode rew_lin_vel_z: -0.0582
  Mean episode rew_frame_lin_vel_z: -0.0071
      Mean episode rew_orientation: -0.0014
Mean episode rew_frame_orientation: -0.0002
           Mean episode rew_powers: -0.0018
     Mean episode rew_frame_powers: -0.0001
      Mean episode rew_stand_still: -0.0175
Mean episode rew_frame_stand_still: -0.0003
          Mean episode rew_stumble: -0.0000
    Mean episode rew_frame_stumble: -0.0000
      Mean episode rew_termination: -0.0012
Mean episode rew_frame_termination: -0.0005
          Mean episode rew_torques: -0.0071
    Mean episode rew_frame_torques: -0.0002
 Mean episode rew_tracking_ang_vel: 0.5151
Mean episode rew_frame_tracking_ang_vel: 0.0129
 Mean episode rew_tracking_lin_vel: 1.0743
Mean episode rew_frame_tracking_lin_vel: 0.0257
Mean episode max_power_throughout_episode: 3029.0195
            Mean episode max_pos_x: 4.2484
            Mean episode min_pos_x: -2.5842
            Mean episode max_pos_y: 3.7373
            Mean episode min_pos_y: -3.3840
        Mean episode timeout_ratio: 0.5886
       Mean episode num_terminated: 8.1667
--------------------------------------------------------------------------------
                   Total timesteps: 6144768
                    Iteration time: 1.77s
                        Total time: 7302.33s
                               ETA: 1602.6s


------------------------------
Step: 98500 - Reward Breakdown:
  action_rate               | Scaled Avg:  -0.0173 | Raw Avg:   1.7302
  action_smoothness         | Scaled Avg:  -0.0005 | Raw Avg:   0.2714
  ang_vel_xy                | Scaled Avg:  -0.0026 | Raw Avg:   1.2814
  collision                 | Scaled Avg:  -0.0001 | Raw Avg:   0.0034
  dof_acc                   | Scaled Avg:  -0.0007 | Raw Avg: 131936.2188
  dof_error                 | Scaled Avg:  -0.0028 | Raw Avg:   0.2835
  dof_vel                   | Scaled Avg:  -0.0081 | Raw Avg:  81.1361
  feet_contact_forces       | Scaled Avg:  -0.0000 | Raw Avg:   8.4973
  foot_clearance            | Scaled Avg:  -0.0001 | Raw Avg:   0.0076
  foot_mirror               | Scaled Avg:  -0.0001 | Raw Avg:   0.0825
  foot_slide                | Scaled Avg:  -0.0017 | Raw Avg:   1.7457
  has_contact               | Scaled Avg:   0.0004 | Raw Avg:   0.0180
  hip_pos                   | Scaled Avg:  -0.0028 | Raw Avg:   0.0280
  lin_vel_z                 | Scaled Avg:  -0.0017 | Raw Avg:   0.0211
  orientation               | Scaled Avg:  -0.0000 | Raw Avg:   0.0100
  powers                    | Scaled Avg:  -0.0001 | Raw Avg: 140.3166
  stand_still               | Scaled Avg:  -0.0003 | Raw Avg:   0.0026
  torques                   | Scaled Avg:  -0.0002 | Raw Avg: 1093.9606
  tracking_ang_vel          | Scaled Avg:   0.0155 | Raw Avg:   0.7726
  tracking_lin_vel          | Scaled Avg:   0.0325 | Raw Avg:   0.8113
  termination               | Scaled Avg:  -0.0000
  TOTAL REWARD              | Scaled Avg:   0.0091
------------------------------

------------------------------
Step: 99000 - Reward Breakdown:
  action_rate               | Scaled Avg:  -0.0165 | Raw Avg:   1.6547
  action_smoothness         | Scaled Avg:  -0.0005 | Raw Avg:   0.2592
  ang_vel_xy                | Scaled Avg:  -0.0025 | Raw Avg:   1.2313
  collision                 | Scaled Avg:  -0.0001 | Raw Avg:   0.0028
  dof_acc                   | Scaled Avg:  -0.0007 | Raw Avg: 143317.3594
  dof_error                 | Scaled Avg:  -0.0028 | Raw Avg:   0.2813
  dof_vel                   | Scaled Avg:  -0.0080 | Raw Avg:  80.1885
  feet_contact_forces       | Scaled Avg:  -0.0000 | Raw Avg:   8.2116
  foot_clearance            | Scaled Avg:  -0.0001 | Raw Avg:   0.0078
  foot_mirror               | Scaled Avg:  -0.0001 | Raw Avg:   0.0831
  foot_slide                | Scaled Avg:  -0.0017 | Raw Avg:   1.7486
  has_contact               | Scaled Avg:   0.0004 | Raw Avg:   0.0176
  hip_pos                   | Scaled Avg:  -0.0027 | Raw Avg:   0.0275
  lin_vel_z                 | Scaled Avg:  -0.0017 | Raw Avg:   0.0215
  orientation               | Scaled Avg:  -0.0000 | Raw Avg:   0.0090
  powers                    | Scaled Avg:  -0.0001 | Raw Avg: 138.5910
  stand_still               | Scaled Avg:  -0.0002 | Raw Avg:   0.0022
  torques                   | Scaled Avg:  -0.0002 | Raw Avg: 1071.8706
  tracking_ang_vel          | Scaled Avg:   0.0156 | Raw Avg:   0.7813
  tracking_lin_vel          | Scaled Avg:   0.0329 | Raw Avg:   0.8236
  termination               | Scaled Avg:  -0.0000
  TOTAL REWARD              | Scaled Avg:   0.0108
------------------------------

------------------------------
Step: 99500 - Reward Breakdown:
  action_rate               | Scaled Avg:  -0.0164 | Raw Avg:   1.6408
  action_smoothness         | Scaled Avg:  -0.0005 | Raw Avg:   0.2617
  ang_vel_xy                | Scaled Avg:  -0.0026 | Raw Avg:   1.2806
  collision                 | Scaled Avg:  -0.0000 | Raw Avg:   0.0023
  dof_acc                   | Scaled Avg:  -0.0006 | Raw Avg: 129652.7656
  dof_error                 | Scaled Avg:  -0.0028 | Raw Avg:   0.2764
  dof_vel                   | Scaled Avg:  -0.0078 | Raw Avg:  78.4953
  feet_contact_forces       | Scaled Avg:  -0.0000 | Raw Avg:   7.8724
  foot_clearance            | Scaled Avg:  -0.0001 | Raw Avg:   0.0076
  foot_mirror               | Scaled Avg:  -0.0001 | Raw Avg:   0.0794
  foot_slide                | Scaled Avg:  -0.0017 | Raw Avg:   1.7476
  has_contact               | Scaled Avg:   0.0004 | Raw Avg:   0.0187
  hip_pos                   | Scaled Avg:  -0.0027 | Raw Avg:   0.0270
  lin_vel_z                 | Scaled Avg:  -0.0016 | Raw Avg:   0.0202
  orientation               | Scaled Avg:  -0.0000 | Raw Avg:   0.0093
  powers                    | Scaled Avg:  -0.0001 | Raw Avg: 136.9962
  stand_still               | Scaled Avg:  -0.0003 | Raw Avg:   0.0026
  torques                   | Scaled Avg:  -0.0002 | Raw Avg: 1058.5629
  tracking_ang_vel          | Scaled Avg:   0.0157 | Raw Avg:   0.7841
  tracking_lin_vel          | Scaled Avg:   0.0329 | Raw Avg:   0.8213
  termination               | Scaled Avg:  -0.0000
  TOTAL REWARD              | Scaled Avg:   0.0113
------------------------------

------------------------------
Step: 100000 - Reward Breakdown:
  action_rate               | Scaled Avg:  -0.0163 | Raw Avg:   1.6336
  action_smoothness         | Scaled Avg:  -0.0005 | Raw Avg:   0.2558
  ang_vel_xy                | Scaled Avg:  -0.0025 | Raw Avg:   1.2332
  collision                 | Scaled Avg:  -0.0001 | Raw Avg:   0.0048
  dof_acc                   | Scaled Avg:  -0.0006 | Raw Avg: 127598.9297
  dof_error                 | Scaled Avg:  -0.0028 | Raw Avg:   0.2788
  dof_vel                   | Scaled Avg:  -0.0078 | Raw Avg:  77.8143
  feet_contact_forces       | Scaled Avg:  -0.0000 | Raw Avg:   8.2755
  foot_clearance            | Scaled Avg:  -0.0001 | Raw Avg:   0.0079
  foot_mirror               | Scaled Avg:  -0.0001 | Raw Avg:   0.0794
  foot_slide                | Scaled Avg:  -0.0017 | Raw Avg:   1.7192
  has_contact               | Scaled Avg:   0.0004 | Raw Avg:   0.0191
  hip_pos                   | Scaled Avg:  -0.0029 | Raw Avg:   0.0285
  lin_vel_z                 | Scaled Avg:  -0.0017 | Raw Avg:   0.0211
  orientation               | Scaled Avg:  -0.0000 | Raw Avg:   0.0099
  powers                    | Scaled Avg:  -0.0001 | Raw Avg: 137.8161
  stand_still               | Scaled Avg:  -0.0002 | Raw Avg:   0.0019
  torques                   | Scaled Avg:  -0.0002 | Raw Avg: 1067.7263
  tracking_ang_vel          | Scaled Avg:   0.0159 | Raw Avg:   0.7967
  tracking_lin_vel          | Scaled Avg:   0.0332 | Raw Avg:   0.8305
  termination               | Scaled Avg:  -0.0000
  TOTAL REWARD              | Scaled Avg:   0.0120
------------------------------

------------------------------
Step: 100500 - Reward Breakdown:
  action_rate               | Scaled Avg:  -0.0161 | Raw Avg:   1.6092
  action_smoothness         | Scaled Avg:  -0.0005 | Raw Avg:   0.2513
  ang_vel_xy                | Scaled Avg:  -0.0025 | Raw Avg:   1.2636
  collision                 | Scaled Avg:  -0.0000 | Raw Avg:   0.0021
  dof_acc                   | Scaled Avg:  -0.0006 | Raw Avg: 121700.8672
  dof_error                 | Scaled Avg:  -0.0027 | Raw Avg:   0.2661
  dof_vel                   | Scaled Avg:  -0.0077 | Raw Avg:  77.1450
  feet_contact_forces       | Scaled Avg:  -0.0000 | Raw Avg:   7.8865
  foot_clearance            | Scaled Avg:  -0.0001 | Raw Avg:   0.0076
  foot_mirror               | Scaled Avg:  -0.0001 | Raw Avg:   0.0753
  foot_slide                | Scaled Avg:  -0.0017 | Raw Avg:   1.7395
  has_contact               | Scaled Avg:   0.0004 | Raw Avg:   0.0199
  hip_pos                   | Scaled Avg:  -0.0027 | Raw Avg:   0.0268
  lin_vel_z                 | Scaled Avg:  -0.0016 | Raw Avg:   0.0195
  orientation               | Scaled Avg:  -0.0000 | Raw Avg:   0.0088
  powers                    | Scaled Avg:  -0.0001 | Raw Avg: 137.9940
  stand_still               | Scaled Avg:  -0.0002 | Raw Avg:   0.0018
  torques                   | Scaled Avg:  -0.0002 | Raw Avg: 1093.1781
  tracking_ang_vel          | Scaled Avg:   0.0159 | Raw Avg:   0.7969
  tracking_lin_vel          | Scaled Avg:   0.0332 | Raw Avg:   0.8307
  termination               | Scaled Avg:  -0.0000
  TOTAL REWARD              | Scaled Avg:   0.0127
------------------------------
################################################################################
                    [1m Learning iteration 19200/20000 [0m                    

                       Computation: 83533 steps/s (collection: 1.283s, learning 0.468s)
                     surrogate_loss -0.0016
                         value_loss 0.2485
                            entropy 2.0844
                     estimator_loss 0.0000
                         total_loss 0.2677
             Mean action noise std: 0.20
                       Mean reward: 8.03
               Mean episode length: 716.49
      Mean episode rew_action_rate: -0.5718
Mean episode rew_frame_action_rate: -0.0185
Mean episode rew_action_smoothness: -0.0180
Mean episode rew_frame_action_smoothness: -0.0006
       Mean episode rew_ang_vel_xy: -0.0918
 Mean episode rew_frame_ang_vel_xy: -0.0056
      Mean episode rew_base_height: -0.0003
Mean episode rew_frame_base_height: -0.0001
        Mean episode rew_collision: -0.0028
  Mean episode rew_frame_collision: -0.0007
          Mean episode rew_dof_acc: -0.0240
    Mean episode rew_frame_dof_acc: -0.0014
        Mean episode rew_dof_error: -0.0983
  Mean episode rew_frame_dof_error: -0.0061
          Mean episode rew_dof_vel: -0.2796
    Mean episode rew_frame_dof_vel: -0.0114
    Mean episode rew_feet_air_time: 0.0002
Mean episode rew_frame_feet_air_time: 0.0000
Mean episode rew_feet_contact_forces: -0.0008
Mean episode rew_frame_feet_contact_forces: -0.0000
   Mean episode rew_foot_clearance: -0.0027
Mean episode rew_frame_foot_clearance: -0.0001
      Mean episode rew_foot_mirror: -0.0028
Mean episode rew_frame_foot_mirror: -0.0002
       Mean episode rew_foot_slide: -0.0615
 Mean episode rew_frame_foot_slide: -0.0018
      Mean episode rew_has_contact: 0.0131
Mean episode rew_frame_has_contact: 0.0003
          Mean episode rew_hip_pos: -0.1013
    Mean episode rew_frame_hip_pos: -0.0090
        Mean episode rew_lin_vel_z: -0.0585
  Mean episode rew_frame_lin_vel_z: -0.0067
      Mean episode rew_orientation: -0.0015
Mean episode rew_frame_orientation: -0.0002
           Mean episode rew_powers: -0.0020
     Mean episode rew_frame_powers: -0.0001
      Mean episode rew_stand_still: -0.0050
Mean episode rew_frame_stand_still: -0.0001
          Mean episode rew_stumble: -0.0000
    Mean episode rew_frame_stumble: -0.0000
      Mean episode rew_termination: -0.0011
Mean episode rew_frame_termination: -0.0005
          Mean episode rew_torques: -0.0076
    Mean episode rew_frame_torques: -0.0002
 Mean episode rew_tracking_ang_vel: 0.5549
Mean episode rew_frame_tracking_ang_vel: 0.0135
 Mean episode rew_tracking_lin_vel: 1.1570
Mean episode rew_frame_tracking_lin_vel: 0.0267
Mean episode max_power_throughout_episode: 3291.2559
            Mean episode max_pos_x: 4.1926
            Mean episode min_pos_x: -4.2187
            Mean episode max_pos_y: 3.8233
            Mean episode min_pos_y: -4.0392
        Mean episode timeout_ratio: 0.6428
       Mean episode num_terminated: 8.2500
--------------------------------------------------------------------------------
                   Total timesteps: 6291072
                    Iteration time: 1.75s
                        Total time: 7478.84s
                               ETA: 1424.2s


------------------------------
Step: 101000 - Reward Breakdown:
  action_rate               | Scaled Avg:  -0.0167 | Raw Avg:   1.6711
  action_smoothness         | Scaled Avg:  -0.0005 | Raw Avg:   0.2659
  ang_vel_xy                | Scaled Avg:  -0.0028 | Raw Avg:   1.3834
  collision                 | Scaled Avg:  -0.0001 | Raw Avg:   0.0043
  dof_acc                   | Scaled Avg:  -0.0007 | Raw Avg: 135286.3438
  dof_error                 | Scaled Avg:  -0.0029 | Raw Avg:   0.2880
  dof_vel                   | Scaled Avg:  -0.0081 | Raw Avg:  80.6590
  feet_contact_forces       | Scaled Avg:  -0.0000 | Raw Avg:   8.3342
  foot_clearance            | Scaled Avg:  -0.0001 | Raw Avg:   0.0074
  foot_mirror               | Scaled Avg:  -0.0001 | Raw Avg:   0.0807
  foot_slide                | Scaled Avg:  -0.0014 | Raw Avg:   1.3908
  has_contact               | Scaled Avg:   0.0003 | Raw Avg:   0.0170
  hip_pos                   | Scaled Avg:  -0.0029 | Raw Avg:   0.0288
  lin_vel_z                 | Scaled Avg:  -0.0129 | Raw Avg:   0.1607
  orientation               | Scaled Avg:  -0.0000 | Raw Avg:   0.0095
  powers                    | Scaled Avg:  -0.0001 | Raw Avg: 140.8109
  stand_still               | Scaled Avg:  -0.0003 | Raw Avg:   0.0034
  torques                   | Scaled Avg:  -0.0002 | Raw Avg: 1073.8396
  tracking_ang_vel          | Scaled Avg:   0.0156 | Raw Avg:   0.7820
  tracking_lin_vel          | Scaled Avg:   0.0331 | Raw Avg:   0.8269
  termination               | Scaled Avg:  -0.0001
  TOTAL REWARD              | Scaled Avg:   0.0089
------------------------------

------------------------------
Step: 101500 - Reward Breakdown:
  action_rate               | Scaled Avg:  -0.0214 | Raw Avg:   2.1374
  action_smoothness         | Scaled Avg:  -0.0007 | Raw Avg:   0.3481
  ang_vel_xy                | Scaled Avg:  -0.0034 | Raw Avg:   1.7166
  base_height               | Scaled Avg:  -0.9899 | Raw Avg:  49.4953
  collision                 | Scaled Avg:  -0.0001 | Raw Avg:   0.0051
  dof_acc                   | Scaled Avg:  -0.0010 | Raw Avg: 190605.4531
  dof_error                 | Scaled Avg:  -0.0034 | Raw Avg:   0.3407
  dof_vel                   | Scaled Avg:  -0.0096 | Raw Avg:  95.7609
  feet_contact_forces       | Scaled Avg:  -0.0000 | Raw Avg:   9.5129
  foot_clearance            | Scaled Avg:  -0.0001 | Raw Avg:   0.0087
  foot_mirror               | Scaled Avg:  -0.0001 | Raw Avg:   0.1068
  foot_slide                | Scaled Avg:  -0.0018 | Raw Avg:   1.7808
  has_contact               | Scaled Avg:   0.0004 | Raw Avg:   0.0217
  hip_pos                   | Scaled Avg:  -0.0034 | Raw Avg:   0.0336
  lin_vel_z                 | Scaled Avg:  -0.0189 | Raw Avg:   0.2359
  orientation               | Scaled Avg:  -0.0001 | Raw Avg:   0.0137
  powers                    | Scaled Avg:  -0.0001 | Raw Avg: 154.2358
  stand_still               | Scaled Avg:  -0.0005 | Raw Avg:   0.0046
  torques                   | Scaled Avg:  -0.0002 | Raw Avg: 1131.8446
  tracking_ang_vel          | Scaled Avg:   0.0146 | Raw Avg:   0.7302
  tracking_lin_vel          | Scaled Avg:   0.0314 | Raw Avg:   0.7844
  termination               | Scaled Avg:  -0.0000
  TOTAL REWARD              | Scaled Avg:  -0.0039
------------------------------

------------------------------
Step: 102000 - Reward Breakdown:
  action_rate               | Scaled Avg:  -0.0227 | Raw Avg:   2.2669
  action_smoothness         | Scaled Avg:  -0.0007 | Raw Avg:   0.3637
  ang_vel_xy                | Scaled Avg:  -0.0035 | Raw Avg:   1.7526
  base_height               | Scaled Avg:  -0.0000 | Raw Avg:   0.0005
  collision                 | Scaled Avg:  -0.0001 | Raw Avg:   0.0044
  dof_acc                   | Scaled Avg:  -0.0009 | Raw Avg: 184143.6562
  dof_error                 | Scaled Avg:  -0.0034 | Raw Avg:   0.3370
  dof_vel                   | Scaled Avg:  -0.0099 | Raw Avg:  98.7635
  feet_contact_forces       | Scaled Avg:  -0.0000 | Raw Avg:   9.4573
  foot_clearance            | Scaled Avg:  -0.0001 | Raw Avg:   0.0080
  foot_mirror               | Scaled Avg:  -0.0001 | Raw Avg:   0.1059
  foot_slide                | Scaled Avg:  -0.0018 | Raw Avg:   1.7953
  has_contact               | Scaled Avg:   0.0004 | Raw Avg:   0.0192
  hip_pos                   | Scaled Avg:  -0.0033 | Raw Avg:   0.0328
  lin_vel_z                 | Scaled Avg:  -0.0488 | Raw Avg:   0.6106
  orientation               | Scaled Avg:  -0.0001 | Raw Avg:   0.0133
  powers                    | Scaled Avg:  -0.0001 | Raw Avg: 158.9994
  stand_still               | Scaled Avg:  -0.0004 | Raw Avg:   0.0037
  torques                   | Scaled Avg:  -0.0002 | Raw Avg: 1180.7998
  tracking_ang_vel          | Scaled Avg:   0.0144 | Raw Avg:   0.7176
  tracking_lin_vel          | Scaled Avg:   0.0308 | Raw Avg:   0.7712
  termination               | Scaled Avg:  -0.0000
  TOTAL REWARD              | Scaled Avg:  -0.0051
------------------------------

------------------------------
Step: 102500 - Reward Breakdown:
  action_rate               | Scaled Avg:  -0.0199 | Raw Avg:   1.9905
  action_smoothness         | Scaled Avg:  -0.0006 | Raw Avg:   0.3162
  ang_vel_xy                | Scaled Avg:  -0.0031 | Raw Avg:   1.5703
  base_height               | Scaled Avg:  -0.0000 | Raw Avg:   0.0006
  collision                 | Scaled Avg:  -0.0001 | Raw Avg:   0.0049
  dof_acc                   | Scaled Avg:  -0.0007 | Raw Avg: 143096.6562
  dof_error                 | Scaled Avg:  -0.0032 | Raw Avg:   0.3207
  dof_vel                   | Scaled Avg:  -0.0091 | Raw Avg:  91.1438
  feet_contact_forces       | Scaled Avg:  -0.0000 | Raw Avg:   9.0098
  foot_clearance            | Scaled Avg:  -0.0001 | Raw Avg:   0.0072
  foot_mirror               | Scaled Avg:  -0.0001 | Raw Avg:   0.0974
  foot_slide                | Scaled Avg:  -0.0018 | Raw Avg:   1.7888
  has_contact               | Scaled Avg:   0.0004 | Raw Avg:   0.0181
  hip_pos                   | Scaled Avg:  -0.0032 | Raw Avg:   0.0320
  lin_vel_z                 | Scaled Avg:  -0.0019 | Raw Avg:   0.0241
  orientation               | Scaled Avg:  -0.0001 | Raw Avg:   0.0135
  powers                    | Scaled Avg:  -0.0001 | Raw Avg: 154.0951
  stand_still               | Scaled Avg:  -0.0003 | Raw Avg:   0.0030
  torques                   | Scaled Avg:  -0.0002 | Raw Avg: 1200.5079
  tracking_ang_vel          | Scaled Avg:   0.0148 | Raw Avg:   0.7401
  tracking_lin_vel          | Scaled Avg:   0.0315 | Raw Avg:   0.7883
  termination               | Scaled Avg:  -0.0001
  TOTAL REWARD              | Scaled Avg:   0.0020
------------------------------

------------------------------
Step: 103000 - Reward Breakdown:
  action_rate               | Scaled Avg:  -0.0205 | Raw Avg:   2.0530
  action_smoothness         | Scaled Avg:  -0.0007 | Raw Avg:   0.3301
  ang_vel_xy                | Scaled Avg:  -0.0034 | Raw Avg:   1.7218
  base_height               | Scaled Avg:  -0.0000 | Raw Avg:   0.0005
  collision                 | Scaled Avg:  -0.0001 | Raw Avg:   0.0061
  dof_acc                   | Scaled Avg:  -0.0008 | Raw Avg: 166011.7812
  dof_error                 | Scaled Avg:  -0.0032 | Raw Avg:   0.3226
  dof_vel                   | Scaled Avg:  -0.0095 | Raw Avg:  95.2276
  feet_contact_forces       | Scaled Avg:  -0.0000 | Raw Avg:  10.0403
  foot_clearance            | Scaled Avg:  -0.0001 | Raw Avg:   0.0079
  foot_mirror               | Scaled Avg:  -0.0001 | Raw Avg:   0.1023
  foot_slide                | Scaled Avg:  -0.0018 | Raw Avg:   1.7752
  has_contact               | Scaled Avg:   0.0004 | Raw Avg:   0.0192
  hip_pos                   | Scaled Avg:  -0.0032 | Raw Avg:   0.0325
  lin_vel_z                 | Scaled Avg:  -0.0411 | Raw Avg:   0.5138
  orientation               | Scaled Avg:  -0.0001 | Raw Avg:   0.0132
  powers                    | Scaled Avg:  -0.0001 | Raw Avg: 164.5235
  stand_still               | Scaled Avg:  -0.0003 | Raw Avg:   0.0035
  torques                   | Scaled Avg:  -0.0003 | Raw Avg: 1298.7620
  tracking_ang_vel          | Scaled Avg:   0.0150 | Raw Avg:   0.7485
  tracking_lin_vel          | Scaled Avg:   0.0319 | Raw Avg:   0.7968
  termination               | Scaled Avg:  -0.0000
  TOTAL REWARD              | Scaled Avg:  -0.0014
------------------------------
################################################################################
                    [1m Learning iteration 19300/20000 [0m                    

                       Computation: 81853 steps/s (collection: 1.319s, learning 0.468s)
                     surrogate_loss -0.0056
                         value_loss 0.0601
                            entropy -0.3308
                     estimator_loss 0.0000
                         total_loss 0.0512
             Mean action noise std: 0.25
                       Mean reward: -0.13
               Mean episode length: 535.38
      Mean episode rew_action_rate: -0.5685
Mean episode rew_frame_action_rate: -0.0249
Mean episode rew_action_smoothness: -0.0181
Mean episode rew_frame_action_smoothness: -0.0007
       Mean episode rew_ang_vel_xy: -0.0909
 Mean episode rew_frame_ang_vel_xy: -0.0085
      Mean episode rew_base_height: -0.0003
Mean episode rew_frame_base_height: -0.0001
        Mean episode rew_collision: -0.0023
  Mean episode rew_frame_collision: -0.0007
          Mean episode rew_dof_acc: -0.0213
    Mean episode rew_frame_dof_acc: -0.0016
        Mean episode rew_dof_error: -0.0880
  Mean episode rew_frame_dof_error: -0.0083
          Mean episode rew_dof_vel: -0.2585
    Mean episode rew_frame_dof_vel: -0.0153
    Mean episode rew_feet_air_time: 0.0001
Mean episode rew_frame_feet_air_time: 0.0000
Mean episode rew_feet_contact_forces: -0.0008
Mean episode rew_frame_feet_contact_forces: -0.0000
   Mean episode rew_foot_clearance: -0.0021
Mean episode rew_frame_foot_clearance: -0.0001
      Mean episode rew_foot_mirror: -0.0028
Mean episode rew_frame_foot_mirror: -0.0003
       Mean episode rew_foot_slide: -0.0493
 Mean episode rew_frame_foot_slide: -0.0018
      Mean episode rew_has_contact: 0.0104
Mean episode rew_frame_has_contact: 0.0003
          Mean episode rew_hip_pos: -0.0869
    Mean episode rew_frame_hip_pos: -0.0115
        Mean episode rew_lin_vel_z: -0.0568
  Mean episode rew_frame_lin_vel_z: -0.0110
      Mean episode rew_orientation: -0.0014
Mean episode rew_frame_orientation: -0.0003
           Mean episode rew_powers: -0.0017
     Mean episode rew_frame_powers: -0.0001
      Mean episode rew_stand_still: -0.0105
Mean episode rew_frame_stand_still: -0.0002
          Mean episode rew_stumble: -0.0000
    Mean episode rew_frame_stumble: -0.0000
      Mean episode rew_termination: -0.0016
Mean episode rew_frame_termination: -0.0010
          Mean episode rew_torques: -0.0068
    Mean episode rew_frame_torques: -0.0003
 Mean episode rew_tracking_ang_vel: 0.4117
Mean episode rew_frame_tracking_ang_vel: 0.0112
 Mean episode rew_tracking_lin_vel: 0.8744
Mean episode rew_frame_tracking_lin_vel: 0.0215
Mean episode max_power_throughout_episode: 3363.1331
            Mean episode max_pos_x: 4.7521
            Mean episode min_pos_x: -2.9791
            Mean episode max_pos_y: 4.2715
            Mean episode min_pos_y: -4.2196
        Mean episode timeout_ratio: 0.4710
       Mean episode num_terminated: 11.2500
--------------------------------------------------------------------------------
                   Total timesteps: 6437376
                    Iteration time: 1.79s
                        Total time: 7657.59s
                               ETA: 1246.3s


------------------------------
Step: 103500 - Reward Breakdown:
  action_rate               | Scaled Avg:  -0.0198 | Raw Avg:   1.9767
  action_smoothness         | Scaled Avg:  -0.0006 | Raw Avg:   0.3144
  ang_vel_xy                | Scaled Avg:  -0.0032 | Raw Avg:   1.5881
  base_height               | Scaled Avg:  -0.0000 | Raw Avg:   0.0005
  collision                 | Scaled Avg:  -0.0001 | Raw Avg:   0.0051
  dof_acc                   | Scaled Avg:  -0.0008 | Raw Avg: 150184.0625
  dof_error                 | Scaled Avg:  -0.0031 | Raw Avg:   0.3081
  dof_vel                   | Scaled Avg:  -0.0091 | Raw Avg:  91.4636
  feet_contact_forces       | Scaled Avg:  -0.0000 | Raw Avg:   8.8946
  foot_clearance            | Scaled Avg:  -0.0001 | Raw Avg:   0.0072
  foot_mirror               | Scaled Avg:  -0.0001 | Raw Avg:   0.0976
  foot_slide                | Scaled Avg:  -0.0018 | Raw Avg:   1.7578
  has_contact               | Scaled Avg:   0.0004 | Raw Avg:   0.0185
  hip_pos                   | Scaled Avg:  -0.0031 | Raw Avg:   0.0305
  lin_vel_z                 | Scaled Avg:  -0.0020 | Raw Avg:   0.0251
  orientation               | Scaled Avg:  -0.0001 | Raw Avg:   0.0132
  powers                    | Scaled Avg:  -0.0001 | Raw Avg: 158.2444
  stand_still               | Scaled Avg:  -0.0002 | Raw Avg:   0.0025
  torques                   | Scaled Avg:  -0.0002 | Raw Avg: 1245.3259
  tracking_ang_vel          | Scaled Avg:   0.0152 | Raw Avg:   0.7580
  tracking_lin_vel          | Scaled Avg:   0.0319 | Raw Avg:   0.7983
  termination               | Scaled Avg:  -0.0000
  TOTAL REWARD              | Scaled Avg:   0.0031
------------------------------

------------------------------
Step: 104000 - Reward Breakdown:
  action_rate               | Scaled Avg:  -0.0189 | Raw Avg:   1.8921
  action_smoothness         | Scaled Avg:  -0.0006 | Raw Avg:   0.3018
  ang_vel_xy                | Scaled Avg:  -0.0031 | Raw Avg:   1.5413
  base_height               | Scaled Avg:  -0.0000 | Raw Avg:   0.0007
  collision                 | Scaled Avg:  -0.0001 | Raw Avg:   0.0066
  dof_acc                   | Scaled Avg:  -0.0007 | Raw Avg: 139807.2500
  dof_error                 | Scaled Avg:  -0.0031 | Raw Avg:   0.3087
  dof_vel                   | Scaled Avg:  -0.0088 | Raw Avg:  88.1316
  feet_contact_forces       | Scaled Avg:  -0.0000 | Raw Avg:   8.3446
  foot_clearance            | Scaled Avg:  -0.0001 | Raw Avg:   0.0068
  foot_mirror               | Scaled Avg:  -0.0001 | Raw Avg:   0.0927
  foot_slide                | Scaled Avg:  -0.0017 | Raw Avg:   1.7290
  has_contact               | Scaled Avg:   0.0004 | Raw Avg:   0.0205
  hip_pos                   | Scaled Avg:  -0.0031 | Raw Avg:   0.0307
  lin_vel_z                 | Scaled Avg:  -0.0021 | Raw Avg:   0.0258
  orientation               | Scaled Avg:  -0.0001 | Raw Avg:   0.0135
  powers                    | Scaled Avg:  -0.0001 | Raw Avg: 158.6941
  stand_still               | Scaled Avg:  -0.0004 | Raw Avg:   0.0036
  torques                   | Scaled Avg:  -0.0003 | Raw Avg: 1280.7841
  tracking_ang_vel          | Scaled Avg:   0.0150 | Raw Avg:   0.7522
  tracking_lin_vel          | Scaled Avg:   0.0318 | Raw Avg:   0.7950
  termination               | Scaled Avg:  -0.0000
  TOTAL REWARD              | Scaled Avg:   0.0041
------------------------------

------------------------------
Step: 104500 - Reward Breakdown:
  action_rate               | Scaled Avg:  -0.0169 | Raw Avg:   1.6872
  action_smoothness         | Scaled Avg:  -0.0005 | Raw Avg:   0.2689
  ang_vel_xy                | Scaled Avg:  -0.0029 | Raw Avg:   1.4501
  collision                 | Scaled Avg:  -0.0001 | Raw Avg:   0.0041
  dof_acc                   | Scaled Avg:  -0.0007 | Raw Avg: 140539.0156
  dof_error                 | Scaled Avg:  -0.0027 | Raw Avg:   0.2746
  dof_vel                   | Scaled Avg:  -0.0084 | Raw Avg:  84.3952
  feet_contact_forces       | Scaled Avg:  -0.0000 | Raw Avg:   8.2621
  foot_clearance            | Scaled Avg:  -0.0001 | Raw Avg:   0.0074
  foot_mirror               | Scaled Avg:  -0.0001 | Raw Avg:   0.0777
  foot_slide                | Scaled Avg:  -0.0017 | Raw Avg:   1.7399
  has_contact               | Scaled Avg:   0.0004 | Raw Avg:   0.0189
  hip_pos                   | Scaled Avg:  -0.0028 | Raw Avg:   0.0275
  lin_vel_z                 | Scaled Avg:  -0.0019 | Raw Avg:   0.0231
  orientation               | Scaled Avg:  -0.0000 | Raw Avg:   0.0108
  powers                    | Scaled Avg:  -0.0001 | Raw Avg: 157.0563
  stand_still               | Scaled Avg:  -0.0002 | Raw Avg:   0.0021
  torques                   | Scaled Avg:  -0.0003 | Raw Avg: 1283.7069
  tracking_ang_vel          | Scaled Avg:   0.0156 | Raw Avg:   0.7788
  tracking_lin_vel          | Scaled Avg:   0.0328 | Raw Avg:   0.8194
  termination               | Scaled Avg:  -0.0000
  TOTAL REWARD              | Scaled Avg:   0.0093
------------------------------

------------------------------
Step: 105000 - Reward Breakdown:
  action_rate               | Scaled Avg:  -0.0164 | Raw Avg:   1.6354
  action_smoothness         | Scaled Avg:  -0.0005 | Raw Avg:   0.2549
  ang_vel_xy                | Scaled Avg:  -0.0027 | Raw Avg:   1.3494
  collision                 | Scaled Avg:  -0.0000 | Raw Avg:   0.0023
  dof_acc                   | Scaled Avg:  -0.0006 | Raw Avg: 126458.0547
  dof_error                 | Scaled Avg:  -0.0026 | Raw Avg:   0.2639
  dof_vel                   | Scaled Avg:  -0.0079 | Raw Avg:  79.3195
  feet_contact_forces       | Scaled Avg:  -0.0000 | Raw Avg:   8.1900
  foot_clearance            | Scaled Avg:  -0.0001 | Raw Avg:   0.0071
  foot_mirror               | Scaled Avg:  -0.0001 | Raw Avg:   0.0753
  foot_slide                | Scaled Avg:  -0.0017 | Raw Avg:   1.7189
  has_contact               | Scaled Avg:   0.0004 | Raw Avg:   0.0187
  hip_pos                   | Scaled Avg:  -0.0027 | Raw Avg:   0.0271
  lin_vel_z                 | Scaled Avg:  -0.0016 | Raw Avg:   0.0205
  orientation               | Scaled Avg:  -0.0000 | Raw Avg:   0.0092
  powers                    | Scaled Avg:  -0.0001 | Raw Avg: 153.0277
  stand_still               | Scaled Avg:  -0.0002 | Raw Avg:   0.0021
  torques                   | Scaled Avg:  -0.0003 | Raw Avg: 1282.3081
  tracking_ang_vel          | Scaled Avg:   0.0157 | Raw Avg:   0.7861
  tracking_lin_vel          | Scaled Avg:   0.0328 | Raw Avg:   0.8210
  termination               | Scaled Avg:  -0.0000
  TOTAL REWARD              | Scaled Avg:   0.0113
------------------------------

------------------------------
Step: 105500 - Reward Breakdown:
  action_rate               | Scaled Avg:  -0.0163 | Raw Avg:   1.6305
  action_smoothness         | Scaled Avg:  -0.0005 | Raw Avg:   0.2526
  ang_vel_xy                | Scaled Avg:  -0.0026 | Raw Avg:   1.2992
  collision                 | Scaled Avg:  -0.0001 | Raw Avg:   0.0041
  dof_acc                   | Scaled Avg:  -0.0006 | Raw Avg: 126262.3594
  dof_error                 | Scaled Avg:  -0.0027 | Raw Avg:   0.2651
  dof_vel                   | Scaled Avg:  -0.0079 | Raw Avg:  78.6115
  feet_contact_forces       | Scaled Avg:  -0.0000 | Raw Avg:   8.2373
  foot_clearance            | Scaled Avg:  -0.0001 | Raw Avg:   0.0073
  foot_mirror               | Scaled Avg:  -0.0001 | Raw Avg:   0.0773
  foot_slide                | Scaled Avg:  -0.0018 | Raw Avg:   1.7517
  has_contact               | Scaled Avg:   0.0004 | Raw Avg:   0.0190
  hip_pos                   | Scaled Avg:  -0.0026 | Raw Avg:   0.0260
  lin_vel_z                 | Scaled Avg:  -0.0016 | Raw Avg:   0.0199
  orientation               | Scaled Avg:  -0.0000 | Raw Avg:   0.0095
  powers                    | Scaled Avg:  -0.0001 | Raw Avg: 147.7357
  stand_still               | Scaled Avg:  -0.0002 | Raw Avg:   0.0021
  torques                   | Scaled Avg:  -0.0002 | Raw Avg: 1224.6125
  tracking_ang_vel          | Scaled Avg:   0.0157 | Raw Avg:   0.7847
  tracking_lin_vel          | Scaled Avg:   0.0326 | Raw Avg:   0.8159
  termination               | Scaled Avg:  -0.0000
  TOTAL REWARD              | Scaled Avg:   0.0114
------------------------------
################################################################################
                    [1m Learning iteration 19400/20000 [0m                    

                       Computation: 82970 steps/s (collection: 1.295s, learning 0.469s)
                     surrogate_loss -0.0046
                         value_loss 0.0636
                            entropy 2.2551
                     estimator_loss 0.0000
                         total_loss 0.0815
             Mean action noise std: 0.20
                       Mean reward: 8.97
               Mean episode length: 748.57
      Mean episode rew_action_rate: -0.5713
Mean episode rew_frame_action_rate: -0.0184
Mean episode rew_action_smoothness: -0.0179
Mean episode rew_frame_action_smoothness: -0.0006
       Mean episode rew_ang_vel_xy: -0.0959
 Mean episode rew_frame_ang_vel_xy: -0.0062
      Mean episode rew_base_height: -0.0003
Mean episode rew_frame_base_height: -0.0001
        Mean episode rew_collision: -0.0028
  Mean episode rew_frame_collision: -0.0007
          Mean episode rew_dof_acc: -0.0231
    Mean episode rew_frame_dof_acc: -0.0012
        Mean episode rew_dof_error: -0.0957
  Mean episode rew_frame_dof_error: -0.0059
          Mean episode rew_dof_vel: -0.2763
    Mean episode rew_frame_dof_vel: -0.0111
    Mean episode rew_feet_air_time: 0.0002
Mean episode rew_frame_feet_air_time: 0.0000
Mean episode rew_feet_contact_forces: -0.0008
Mean episode rew_frame_feet_contact_forces: -0.0000
   Mean episode rew_foot_clearance: -0.0026
Mean episode rew_frame_foot_clearance: -0.0001
      Mean episode rew_foot_mirror: -0.0028
Mean episode rew_frame_foot_mirror: -0.0002
       Mean episode rew_foot_slide: -0.0588
 Mean episode rew_frame_foot_slide: -0.0017
      Mean episode rew_has_contact: 0.0162
Mean episode rew_frame_has_contact: 0.0004
          Mean episode rew_hip_pos: -0.0980
    Mean episode rew_frame_hip_pos: -0.0077
        Mean episode rew_lin_vel_z: -0.0848
  Mean episode rew_frame_lin_vel_z: -0.0085
      Mean episode rew_orientation: -0.0016
Mean episode rew_frame_orientation: -0.0003
           Mean episode rew_powers: -0.0021
     Mean episode rew_frame_powers: -0.0001
      Mean episode rew_stand_still: -0.0100
Mean episode rew_frame_stand_still: -0.0002
          Mean episode rew_stumble: -0.0000
    Mean episode rew_frame_stumble: -0.0000
      Mean episode rew_termination: -0.0011
Mean episode rew_frame_termination: -0.0006
          Mean episode rew_torques: -0.0089
    Mean episode rew_frame_torques: -0.0003
 Mean episode rew_tracking_ang_vel: 0.5477
Mean episode rew_frame_tracking_ang_vel: 0.0129
 Mean episode rew_tracking_lin_vel: 1.1442
Mean episode rew_frame_tracking_lin_vel: 0.0259
Mean episode max_power_throughout_episode: 2917.7703
            Mean episode max_pos_x: 3.5217
            Mean episode min_pos_x: -3.2103
            Mean episode max_pos_y: 3.9472
            Mean episode min_pos_y: -3.8106
        Mean episode timeout_ratio: 0.6263
       Mean episode num_terminated: 7.6250
--------------------------------------------------------------------------------
                   Total timesteps: 6583680
                    Iteration time: 1.76s
                        Total time: 7835.27s
                               ETA: 1068.2s


------------------------------
Step: 106000 - Reward Breakdown:
  action_rate               | Scaled Avg:  -0.0162 | Raw Avg:   1.6215
  action_smoothness         | Scaled Avg:  -0.0005 | Raw Avg:   0.2523
  ang_vel_xy                | Scaled Avg:  -0.0025 | Raw Avg:   1.2609
  collision                 | Scaled Avg:  -0.0001 | Raw Avg:   0.0039
  dof_acc                   | Scaled Avg:  -0.0006 | Raw Avg: 114588.3906
  dof_error                 | Scaled Avg:  -0.0027 | Raw Avg:   0.2711
  dof_vel                   | Scaled Avg:  -0.0078 | Raw Avg:  78.3929
  feet_contact_forces       | Scaled Avg:  -0.0000 | Raw Avg:   7.5273
  foot_clearance            | Scaled Avg:  -0.0001 | Raw Avg:   0.0071
  foot_mirror               | Scaled Avg:  -0.0001 | Raw Avg:   0.0798
  foot_slide                | Scaled Avg:  -0.0018 | Raw Avg:   1.7726
  has_contact               | Scaled Avg:   0.0004 | Raw Avg:   0.0192
  hip_pos                   | Scaled Avg:  -0.0027 | Raw Avg:   0.0273
  lin_vel_z                 | Scaled Avg:  -0.0015 | Raw Avg:   0.0188
  orientation               | Scaled Avg:  -0.0000 | Raw Avg:   0.0097
  powers                    | Scaled Avg:  -0.0001 | Raw Avg: 145.8199
  stand_still               | Scaled Avg:  -0.0002 | Raw Avg:   0.0022
  torques                   | Scaled Avg:  -0.0002 | Raw Avg: 1185.3351
  tracking_ang_vel          | Scaled Avg:   0.0157 | Raw Avg:   0.7865
  tracking_lin_vel          | Scaled Avg:   0.0329 | Raw Avg:   0.8217
  termination               | Scaled Avg:  -0.0000
  TOTAL REWARD              | Scaled Avg:   0.0118
------------------------------

------------------------------
Step: 106500 - Reward Breakdown:
  action_rate               | Scaled Avg:  -0.0163 | Raw Avg:   1.6333
  action_smoothness         | Scaled Avg:  -0.0005 | Raw Avg:   0.2530
  ang_vel_xy                | Scaled Avg:  -0.0026 | Raw Avg:   1.3166
  collision                 | Scaled Avg:  -0.0001 | Raw Avg:   0.0034
  dof_acc                   | Scaled Avg:  -0.0007 | Raw Avg: 133063.6562
  dof_error                 | Scaled Avg:  -0.0028 | Raw Avg:   0.2805
  dof_vel                   | Scaled Avg:  -0.0080 | Raw Avg:  80.1987
  feet_contact_forces       | Scaled Avg:  -0.0000 | Raw Avg:   7.6907
  foot_clearance            | Scaled Avg:  -0.0001 | Raw Avg:   0.0073
  foot_mirror               | Scaled Avg:  -0.0001 | Raw Avg:   0.0820
  foot_slide                | Scaled Avg:  -0.0018 | Raw Avg:   1.7690
  has_contact               | Scaled Avg:   0.0004 | Raw Avg:   0.0184
  hip_pos                   | Scaled Avg:  -0.0029 | Raw Avg:   0.0286
  lin_vel_z                 | Scaled Avg:  -0.0016 | Raw Avg:   0.0205
  orientation               | Scaled Avg:  -0.0000 | Raw Avg:   0.0095
  powers                    | Scaled Avg:  -0.0001 | Raw Avg: 147.7833
  stand_still               | Scaled Avg:  -0.0002 | Raw Avg:   0.0016
  torques                   | Scaled Avg:  -0.0002 | Raw Avg: 1192.5897
  tracking_ang_vel          | Scaled Avg:   0.0156 | Raw Avg:   0.7817
  tracking_lin_vel          | Scaled Avg:   0.0327 | Raw Avg:   0.8187
  termination               | Scaled Avg:  -0.0001
  TOTAL REWARD              | Scaled Avg:   0.0107
------------------------------

------------------------------
Step: 107000 - Reward Breakdown:
  action_rate               | Scaled Avg:  -0.0163 | Raw Avg:   1.6278
  action_smoothness         | Scaled Avg:  -0.0005 | Raw Avg:   0.2538
  ang_vel_xy                | Scaled Avg:  -0.0026 | Raw Avg:   1.3055
  collision                 | Scaled Avg:  -0.0001 | Raw Avg:   0.0062
  dof_acc                   | Scaled Avg:  -0.0007 | Raw Avg: 141697.1875
  dof_error                 | Scaled Avg:  -0.0028 | Raw Avg:   0.2808
  dof_vel                   | Scaled Avg:  -0.0080 | Raw Avg:  79.5658
  feet_contact_forces       | Scaled Avg:  -0.0000 | Raw Avg:   7.9505
  foot_clearance            | Scaled Avg:  -0.0001 | Raw Avg:   0.0080
  foot_mirror               | Scaled Avg:  -0.0001 | Raw Avg:   0.0799
  foot_slide                | Scaled Avg:  -0.0018 | Raw Avg:   1.7504
  has_contact               | Scaled Avg:   0.0004 | Raw Avg:   0.0183
  hip_pos                   | Scaled Avg:  -0.0028 | Raw Avg:   0.0280
  lin_vel_z                 | Scaled Avg:  -0.0016 | Raw Avg:   0.0201
  orientation               | Scaled Avg:  -0.0000 | Raw Avg:   0.0101
  powers                    | Scaled Avg:  -0.0001 | Raw Avg: 144.6826
  stand_still               | Scaled Avg:  -0.0003 | Raw Avg:   0.0029
  torques                   | Scaled Avg:  -0.0002 | Raw Avg: 1143.6940
  tracking_ang_vel          | Scaled Avg:   0.0159 | Raw Avg:   0.7933
  tracking_lin_vel          | Scaled Avg:   0.0331 | Raw Avg:   0.8280
  termination               | Scaled Avg:  -0.0000
  TOTAL REWARD              | Scaled Avg:   0.0114
------------------------------

------------------------------
Step: 107500 - Reward Breakdown:
  action_rate               | Scaled Avg:  -0.0167 | Raw Avg:   1.6652
  action_smoothness         | Scaled Avg:  -0.0005 | Raw Avg:   0.2563
  ang_vel_xy                | Scaled Avg:  -0.0025 | Raw Avg:   1.2609
  collision                 | Scaled Avg:  -0.0001 | Raw Avg:   0.0046
  dof_acc                   | Scaled Avg:  -0.0008 | Raw Avg: 150825.7344
  dof_error                 | Scaled Avg:  -0.0029 | Raw Avg:   0.2859
  dof_vel                   | Scaled Avg:  -0.0082 | Raw Avg:  82.0373
  feet_contact_forces       | Scaled Avg:  -0.0000 | Raw Avg:   8.4022
  foot_clearance            | Scaled Avg:  -0.0001 | Raw Avg:   0.0084
  foot_mirror               | Scaled Avg:  -0.0001 | Raw Avg:   0.0806
  foot_slide                | Scaled Avg:  -0.0017 | Raw Avg:   1.7449
  has_contact               | Scaled Avg:   0.0004 | Raw Avg:   0.0194
  hip_pos                   | Scaled Avg:  -0.0029 | Raw Avg:   0.0287
  lin_vel_z                 | Scaled Avg:  -0.0016 | Raw Avg:   0.0195
  orientation               | Scaled Avg:  -0.0000 | Raw Avg:   0.0114
  powers                    | Scaled Avg:  -0.0001 | Raw Avg: 140.1358
  stand_still               | Scaled Avg:  -0.0004 | Raw Avg:   0.0035
  torques                   | Scaled Avg:  -0.0002 | Raw Avg: 1071.8076
  tracking_ang_vel          | Scaled Avg:   0.0158 | Raw Avg:   0.7911
  tracking_lin_vel          | Scaled Avg:   0.0332 | Raw Avg:   0.8304
  termination               | Scaled Avg:  -0.0001
  TOTAL REWARD              | Scaled Avg:   0.0107
------------------------------

------------------------------
Step: 108000 - Reward Breakdown:
  action_rate               | Scaled Avg:  -0.0165 | Raw Avg:   1.6543
  action_smoothness         | Scaled Avg:  -0.0005 | Raw Avg:   0.2580
  ang_vel_xy                | Scaled Avg:  -0.0026 | Raw Avg:   1.2854
  collision                 | Scaled Avg:  -0.0001 | Raw Avg:   0.0044
  dof_acc                   | Scaled Avg:  -0.0007 | Raw Avg: 136234.2812
  dof_error                 | Scaled Avg:  -0.0028 | Raw Avg:   0.2758
  dof_vel                   | Scaled Avg:  -0.0081 | Raw Avg:  81.4896
  feet_contact_forces       | Scaled Avg:  -0.0000 | Raw Avg:   7.8318
  foot_clearance            | Scaled Avg:  -0.0001 | Raw Avg:   0.0077
  foot_mirror               | Scaled Avg:  -0.0001 | Raw Avg:   0.0777
  foot_slide                | Scaled Avg:  -0.0018 | Raw Avg:   1.7626
  has_contact               | Scaled Avg:   0.0003 | Raw Avg:   0.0169
  hip_pos                   | Scaled Avg:  -0.0029 | Raw Avg:   0.0291
  lin_vel_z                 | Scaled Avg:  -0.0018 | Raw Avg:   0.0219
  orientation               | Scaled Avg:  -0.0000 | Raw Avg:   0.0100
  powers                    | Scaled Avg:  -0.0001 | Raw Avg: 141.8997
  stand_still               | Scaled Avg:  -0.0003 | Raw Avg:   0.0028
  torques                   | Scaled Avg:  -0.0002 | Raw Avg: 1091.0424
  tracking_ang_vel          | Scaled Avg:   0.0158 | Raw Avg:   0.7879
  tracking_lin_vel          | Scaled Avg:   0.0332 | Raw Avg:   0.8312
  termination               | Scaled Avg:  -0.0001
  TOTAL REWARD              | Scaled Avg:   0.0108
------------------------------
################################################################################
                    [1m Learning iteration 19500/20000 [0m                    

                       Computation: 82515 steps/s (collection: 1.306s, learning 0.467s)
                     surrogate_loss -0.0019
                         value_loss 0.1411
                            entropy 2.1821
                     estimator_loss 0.0000
                         total_loss 0.1610
             Mean action noise std: 0.20
                       Mean reward: 8.10
               Mean episode length: 723.63
      Mean episode rew_action_rate: -0.5714
Mean episode rew_frame_action_rate: -0.0184
Mean episode rew_action_smoothness: -0.0179
Mean episode rew_frame_action_smoothness: -0.0006
       Mean episode rew_ang_vel_xy: -0.0893
 Mean episode rew_frame_ang_vel_xy: -0.0053
      Mean episode rew_base_height: -0.0003
Mean episode rew_frame_base_height: -0.0001
        Mean episode rew_collision: -0.0034
  Mean episode rew_frame_collision: -0.0006
          Mean episode rew_dof_acc: -0.0247
    Mean episode rew_frame_dof_acc: -0.0012
        Mean episode rew_dof_error: -0.1013
  Mean episode rew_frame_dof_error: -0.0057
          Mean episode rew_dof_vel: -0.2804
    Mean episode rew_frame_dof_vel: -0.0108
    Mean episode rew_feet_air_time: 0.0002
Mean episode rew_frame_feet_air_time: 0.0000
Mean episode rew_feet_contact_forces: -0.0009
Mean episode rew_frame_feet_contact_forces: -0.0000
   Mean episode rew_foot_clearance: -0.0028
Mean episode rew_frame_foot_clearance: -0.0001
      Mean episode rew_foot_mirror: -0.0029
Mean episode rew_frame_foot_mirror: -0.0002
       Mean episode rew_foot_slide: -0.0615
 Mean episode rew_frame_foot_slide: -0.0018
      Mean episode rew_has_contact: 0.0134
Mean episode rew_frame_has_contact: 0.0004
          Mean episode rew_hip_pos: -0.1037
    Mean episode rew_frame_hip_pos: -0.0082
        Mean episode rew_lin_vel_z: -0.0576
  Mean episode rew_frame_lin_vel_z: -0.0059
      Mean episode rew_orientation: -0.0015
Mean episode rew_frame_orientation: -0.0002
           Mean episode rew_powers: -0.0020
     Mean episode rew_frame_powers: -0.0001
      Mean episode rew_stand_still: -0.0115
Mean episode rew_frame_stand_still: -0.0002
          Mean episode rew_stumble: -0.0000
    Mean episode rew_frame_stumble: -0.0000
      Mean episode rew_termination: -0.0011
Mean episode rew_frame_termination: -0.0005
          Mean episode rew_torques: -0.0075
    Mean episode rew_frame_torques: -0.0002
 Mean episode rew_tracking_ang_vel: 0.5499
Mean episode rew_frame_tracking_ang_vel: 0.0131
 Mean episode rew_tracking_lin_vel: 1.1378
Mean episode rew_frame_tracking_lin_vel: 0.0261
Mean episode max_power_throughout_episode: 3173.2363
            Mean episode max_pos_x: 3.4732
            Mean episode min_pos_x: -3.7491
            Mean episode max_pos_y: 3.0081
            Mean episode min_pos_y: -3.5159
        Mean episode timeout_ratio: 0.6180
       Mean episode num_terminated: 8.2500
--------------------------------------------------------------------------------
                   Total timesteps: 6729984
                    Iteration time: 1.77s
                        Total time: 8011.82s
                               ETA: 890.0s


------------------------------
Step: 108500 - Reward Breakdown:
  action_rate               | Scaled Avg:  -0.0166 | Raw Avg:   1.6589
  action_smoothness         | Scaled Avg:  -0.0005 | Raw Avg:   0.2559
  ang_vel_xy                | Scaled Avg:  -0.0025 | Raw Avg:   1.2545
  collision                 | Scaled Avg:  -0.0001 | Raw Avg:   0.0038
  dof_acc                   | Scaled Avg:  -0.0006 | Raw Avg: 122130.4141
  dof_error                 | Scaled Avg:  -0.0027 | Raw Avg:   0.2704
  dof_vel                   | Scaled Avg:  -0.0083 | Raw Avg:  82.6338
  feet_contact_forces       | Scaled Avg:  -0.0000 | Raw Avg:   7.1979
  foot_clearance            | Scaled Avg:  -0.0001 | Raw Avg:   0.0069
  foot_mirror               | Scaled Avg:  -0.0001 | Raw Avg:   0.0780
  foot_slide                | Scaled Avg:  -0.0018 | Raw Avg:   1.7613
  has_contact               | Scaled Avg:   0.0004 | Raw Avg:   0.0185
  hip_pos                   | Scaled Avg:  -0.0028 | Raw Avg:   0.0285
  lin_vel_z                 | Scaled Avg:  -0.0016 | Raw Avg:   0.0198
  orientation               | Scaled Avg:  -0.0000 | Raw Avg:   0.0092
  powers                    | Scaled Avg:  -0.0001 | Raw Avg: 145.9932
  stand_still               | Scaled Avg:  -0.0002 | Raw Avg:   0.0020
  torques                   | Scaled Avg:  -0.0002 | Raw Avg: 1127.8018
  tracking_ang_vel          | Scaled Avg:   0.0157 | Raw Avg:   0.7839
  tracking_lin_vel          | Scaled Avg:   0.0332 | Raw Avg:   0.8298
  termination               | Scaled Avg:  -0.0000
  TOTAL REWARD              | Scaled Avg:   0.0111
------------------------------

------------------------------
Step: 109000 - Reward Breakdown:
  action_rate               | Scaled Avg:  -0.0179 | Raw Avg:   1.7939
  action_smoothness         | Scaled Avg:  -0.0006 | Raw Avg:   0.2814
  ang_vel_xy                | Scaled Avg:  -0.0027 | Raw Avg:   1.3694
  collision                 | Scaled Avg:  -0.0001 | Raw Avg:   0.0041
  dof_acc                   | Scaled Avg:  -0.0007 | Raw Avg: 130824.7344
  dof_error                 | Scaled Avg:  -0.0028 | Raw Avg:   0.2838
  dof_vel                   | Scaled Avg:  -0.0084 | Raw Avg:  84.3230
  feet_contact_forces       | Scaled Avg:  -0.0000 | Raw Avg:   7.9800
  foot_clearance            | Scaled Avg:  -0.0001 | Raw Avg:   0.0072
  foot_mirror               | Scaled Avg:  -0.0001 | Raw Avg:   0.0868
  foot_slide                | Scaled Avg:  -0.0018 | Raw Avg:   1.7932
  has_contact               | Scaled Avg:   0.0003 | Raw Avg:   0.0164
  hip_pos                   | Scaled Avg:  -0.0029 | Raw Avg:   0.0295
  lin_vel_z                 | Scaled Avg:  -0.0017 | Raw Avg:   0.0217
  orientation               | Scaled Avg:  -0.0000 | Raw Avg:   0.0099
  powers                    | Scaled Avg:  -0.0001 | Raw Avg: 145.9147
  stand_still               | Scaled Avg:  -0.0001 | Raw Avg:   0.0014
  torques                   | Scaled Avg:  -0.0002 | Raw Avg: 1113.6011
  tracking_ang_vel          | Scaled Avg:   0.0154 | Raw Avg:   0.7692
  tracking_lin_vel          | Scaled Avg:   0.0324 | Raw Avg:   0.8111
  termination               | Scaled Avg:  -0.0000
  TOTAL REWARD              | Scaled Avg:   0.0078
------------------------------

------------------------------
Step: 109500 - Reward Breakdown:
  action_rate               | Scaled Avg:  -0.0175 | Raw Avg:   1.7488
  action_smoothness         | Scaled Avg:  -0.0006 | Raw Avg:   0.2775
  ang_vel_xy                | Scaled Avg:  -0.0027 | Raw Avg:   1.3434
  collision                 | Scaled Avg:  -0.0001 | Raw Avg:   0.0034
  dof_acc                   | Scaled Avg:  -0.0007 | Raw Avg: 130745.4922
  dof_error                 | Scaled Avg:  -0.0029 | Raw Avg:   0.2871
  dof_vel                   | Scaled Avg:  -0.0084 | Raw Avg:  84.1840
  feet_contact_forces       | Scaled Avg:  -0.0000 | Raw Avg:   8.3108
  foot_clearance            | Scaled Avg:  -0.0001 | Raw Avg:   0.0072
  foot_mirror               | Scaled Avg:  -0.0001 | Raw Avg:   0.0891
  foot_slide                | Scaled Avg:  -0.0018 | Raw Avg:   1.7819
  has_contact               | Scaled Avg:   0.0004 | Raw Avg:   0.0213
  hip_pos                   | Scaled Avg:  -0.0030 | Raw Avg:   0.0299
  lin_vel_z                 | Scaled Avg:  -0.0025 | Raw Avg:   0.0318
  orientation               | Scaled Avg:  -0.0000 | Raw Avg:   0.0101
  powers                    | Scaled Avg:  -0.0001 | Raw Avg: 141.6008
  stand_still               | Scaled Avg:  -0.0002 | Raw Avg:   0.0024
  torques                   | Scaled Avg:  -0.0002 | Raw Avg: 1077.3448
  tracking_ang_vel          | Scaled Avg:   0.0158 | Raw Avg:   0.7880
  tracking_lin_vel          | Scaled Avg:   0.0326 | Raw Avg:   0.8156
  termination               | Scaled Avg:  -0.0000
  TOTAL REWARD              | Scaled Avg:   0.0080
------------------------------

------------------------------
Step: 110000 - Reward Breakdown:
  action_rate               | Scaled Avg:  -0.0175 | Raw Avg:   1.7487
  action_smoothness         | Scaled Avg:  -0.0006 | Raw Avg:   0.2792
  ang_vel_xy                | Scaled Avg:  -0.0027 | Raw Avg:   1.3435
  collision                 | Scaled Avg:  -0.0000 | Raw Avg:   0.0021
  dof_acc                   | Scaled Avg:  -0.0007 | Raw Avg: 136443.9531
  dof_error                 | Scaled Avg:  -0.0029 | Raw Avg:   0.2870
  dof_vel                   | Scaled Avg:  -0.0083 | Raw Avg:  82.6197
  feet_contact_forces       | Scaled Avg:  -0.0000 | Raw Avg:   8.5017
  foot_clearance            | Scaled Avg:  -0.0001 | Raw Avg:   0.0076
  foot_mirror               | Scaled Avg:  -0.0001 | Raw Avg:   0.0847
  foot_slide                | Scaled Avg:  -0.0017 | Raw Avg:   1.7489
  has_contact               | Scaled Avg:   0.0004 | Raw Avg:   0.0188
  hip_pos                   | Scaled Avg:  -0.0029 | Raw Avg:   0.0291
  lin_vel_z                 | Scaled Avg:  -0.0019 | Raw Avg:   0.0234
  orientation               | Scaled Avg:  -0.0000 | Raw Avg:   0.0096
  powers                    | Scaled Avg:  -0.0001 | Raw Avg: 142.7058
  stand_still               | Scaled Avg:  -0.0002 | Raw Avg:   0.0024
  torques                   | Scaled Avg:  -0.0002 | Raw Avg: 1092.2427
  tracking_ang_vel          | Scaled Avg:   0.0157 | Raw Avg:   0.7834
  tracking_lin_vel          | Scaled Avg:   0.0328 | Raw Avg:   0.8194
  termination               | Scaled Avg:  -0.0000
  TOTAL REWARD              | Scaled Avg:   0.0089
------------------------------
################################################################################
                    [1m Learning iteration 19600/20000 [0m                    

                       Computation: 83245 steps/s (collection: 1.290s, learning 0.467s)
                     surrogate_loss -0.0028
                         value_loss 0.1438
                            entropy 1.6469
                     estimator_loss 0.0000
                         total_loss 0.1574
             Mean action noise std: 0.21
                       Mean reward: 6.66
               Mean episode length: 744.28
      Mean episode rew_action_rate: -0.6534
Mean episode rew_frame_action_rate: -0.0191
Mean episode rew_action_smoothness: -0.0209
Mean episode rew_frame_action_smoothness: -0.0006
       Mean episode rew_ang_vel_xy: -0.1020
 Mean episode rew_frame_ang_vel_xy: -0.0050
      Mean episode rew_base_height: -0.0003
Mean episode rew_frame_base_height: -0.0000
        Mean episode rew_collision: -0.0023
  Mean episode rew_frame_collision: -0.0004
          Mean episode rew_dof_acc: -0.0253
    Mean episode rew_frame_dof_acc: -0.0011
        Mean episode rew_dof_error: -0.1049
  Mean episode rew_frame_dof_error: -0.0051
          Mean episode rew_dof_vel: -0.3120
    Mean episode rew_frame_dof_vel: -0.0108
    Mean episode rew_feet_air_time: 0.0002
Mean episode rew_frame_feet_air_time: 0.0000
Mean episode rew_feet_contact_forces: -0.0009
Mean episode rew_frame_feet_contact_forces: -0.0000
   Mean episode rew_foot_clearance: -0.0028
Mean episode rew_frame_foot_clearance: -0.0001
      Mean episode rew_foot_mirror: -0.0032
Mean episode rew_frame_foot_mirror: -0.0002
       Mean episode rew_foot_slide: -0.0648
 Mean episode rew_frame_foot_slide: -0.0017
      Mean episode rew_has_contact: 0.0180
Mean episode rew_frame_has_contact: 0.0004
          Mean episode rew_hip_pos: -0.1051
    Mean episode rew_frame_hip_pos: -0.0073
        Mean episode rew_lin_vel_z: -0.0636
  Mean episode rew_frame_lin_vel_z: -0.0048
      Mean episode rew_orientation: -0.0015
Mean episode rew_frame_orientation: -0.0002
           Mean episode rew_powers: -0.0021
     Mean episode rew_frame_powers: -0.0001
      Mean episode rew_stand_still: -0.0001
Mean episode rew_frame_stand_still: -0.0000
          Mean episode rew_stumble: -0.0000
    Mean episode rew_frame_stumble: -0.0000
      Mean episode rew_termination: -0.0010
Mean episode rew_frame_termination: -0.0005
          Mean episode rew_torques: -0.0082
    Mean episode rew_frame_torques: -0.0002
 Mean episode rew_tracking_ang_vel: 0.5835
Mean episode rew_frame_tracking_ang_vel: 0.0136
 Mean episode rew_tracking_lin_vel: 1.2249
Mean episode rew_frame_tracking_lin_vel: 0.0278
Mean episode max_power_throughout_episode: 3059.4314
            Mean episode max_pos_x: 4.2083
            Mean episode min_pos_x: -3.0867
            Mean episode max_pos_y: 3.6085
            Mean episode min_pos_y: -3.6928
        Mean episode timeout_ratio: 0.6810
       Mean episode num_terminated: 7.4167
--------------------------------------------------------------------------------
                   Total timesteps: 6876288
                    Iteration time: 1.76s
                        Total time: 8188.56s
                               ETA: 711.9s


------------------------------
Step: 110500 - Reward Breakdown:
  action_rate               | Scaled Avg:  -0.0175 | Raw Avg:   1.7506
  action_smoothness         | Scaled Avg:  -0.0006 | Raw Avg:   0.2757
  ang_vel_xy                | Scaled Avg:  -0.0028 | Raw Avg:   1.4177
  collision                 | Scaled Avg:  -0.0001 | Raw Avg:   0.0033
  dof_acc                   | Scaled Avg:  -0.0007 | Raw Avg: 148928.7812
  dof_error                 | Scaled Avg:  -0.0028 | Raw Avg:   0.2834
  dof_vel                   | Scaled Avg:  -0.0084 | Raw Avg:  84.0175
  feet_contact_forces       | Scaled Avg:  -0.0000 | Raw Avg:   8.7041
  foot_clearance            | Scaled Avg:  -0.0001 | Raw Avg:   0.0080
  foot_mirror               | Scaled Avg:  -0.0001 | Raw Avg:   0.0819
  foot_slide                | Scaled Avg:  -0.0018 | Raw Avg:   1.7518
  has_contact               | Scaled Avg:   0.0004 | Raw Avg:   0.0195
  hip_pos                   | Scaled Avg:  -0.0029 | Raw Avg:   0.0286
  lin_vel_z                 | Scaled Avg:  -0.0025 | Raw Avg:   0.0309
  orientation               | Scaled Avg:  -0.0000 | Raw Avg:   0.0094
  powers                    | Scaled Avg:  -0.0001 | Raw Avg: 146.2329
  stand_still               | Scaled Avg:  -0.0004 | Raw Avg:   0.0039
  torques                   | Scaled Avg:  -0.0002 | Raw Avg: 1130.8522
  tracking_ang_vel          | Scaled Avg:   0.0157 | Raw Avg:   0.7843
  tracking_lin_vel          | Scaled Avg:   0.0327 | Raw Avg:   0.8186
  termination               | Scaled Avg:  -0.0000
  TOTAL REWARD              | Scaled Avg:   0.0079
------------------------------

------------------------------
Step: 111000 - Reward Breakdown:
  action_rate               | Scaled Avg:  -0.0186 | Raw Avg:   1.8648
  action_smoothness         | Scaled Avg:  -0.0006 | Raw Avg:   0.2921
  ang_vel_xy                | Scaled Avg:  -0.0028 | Raw Avg:   1.4228
  collision                 | Scaled Avg:  -0.0001 | Raw Avg:   0.0046
  dof_acc                   | Scaled Avg:  -0.0008 | Raw Avg: 156912.5781
  dof_error                 | Scaled Avg:  -0.0029 | Raw Avg:   0.2904
  dof_vel                   | Scaled Avg:  -0.0087 | Raw Avg:  87.3941
  feet_contact_forces       | Scaled Avg:  -0.0000 | Raw Avg:   8.7756
  foot_clearance            | Scaled Avg:  -0.0001 | Raw Avg:   0.0078
  foot_mirror               | Scaled Avg:  -0.0001 | Raw Avg:   0.0858
  foot_slide                | Scaled Avg:  -0.0018 | Raw Avg:   1.7520
  has_contact               | Scaled Avg:   0.0003 | Raw Avg:   0.0169
  hip_pos                   | Scaled Avg:  -0.0030 | Raw Avg:   0.0295
  lin_vel_z                 | Scaled Avg:  -0.0018 | Raw Avg:   0.0220
  orientation               | Scaled Avg:  -0.0000 | Raw Avg:   0.0108
  powers                    | Scaled Avg:  -0.0001 | Raw Avg: 151.4203
  stand_still               | Scaled Avg:  -0.0003 | Raw Avg:   0.0032
  torques                   | Scaled Avg:  -0.0002 | Raw Avg: 1179.0465
  tracking_ang_vel          | Scaled Avg:   0.0154 | Raw Avg:   0.7716
  tracking_lin_vel          | Scaled Avg:   0.0323 | Raw Avg:   0.8081
  termination               | Scaled Avg:  -0.0000
  TOTAL REWARD              | Scaled Avg:   0.0061
------------------------------

------------------------------
Step: 111500 - Reward Breakdown:
  action_rate               | Scaled Avg:  -0.0186 | Raw Avg:   1.8595
  action_smoothness         | Scaled Avg:  -0.0006 | Raw Avg:   0.2934
  ang_vel_xy                | Scaled Avg:  -0.0029 | Raw Avg:   1.4508
  base_height               | Scaled Avg:  -0.0000 | Raw Avg:   0.0005
  collision                 | Scaled Avg:  -0.0001 | Raw Avg:   0.0031
  dof_acc                   | Scaled Avg:  -0.0007 | Raw Avg: 134750.7031
  dof_error                 | Scaled Avg:  -0.0027 | Raw Avg:   0.2717
  dof_vel                   | Scaled Avg:  -0.0087 | Raw Avg:  87.4650
  feet_contact_forces       | Scaled Avg:  -0.0000 | Raw Avg:   8.6019
  foot_clearance            | Scaled Avg:  -0.0001 | Raw Avg:   0.0068
  foot_mirror               | Scaled Avg:  -0.0001 | Raw Avg:   0.0820
  foot_slide                | Scaled Avg:  -0.0018 | Raw Avg:   1.7839
  has_contact               | Scaled Avg:   0.0004 | Raw Avg:   0.0182
  hip_pos                   | Scaled Avg:  -0.0027 | Raw Avg:   0.0275
  lin_vel_z                 | Scaled Avg:  -0.0017 | Raw Avg:   0.0214
  orientation               | Scaled Avg:  -0.0000 | Raw Avg:   0.0100
  powers                    | Scaled Avg:  -0.0001 | Raw Avg: 150.9864
  stand_still               | Scaled Avg:  -0.0002 | Raw Avg:   0.0019
  torques                   | Scaled Avg:  -0.0002 | Raw Avg: 1185.2195
  tracking_ang_vel          | Scaled Avg:   0.0154 | Raw Avg:   0.7689
  tracking_lin_vel          | Scaled Avg:   0.0326 | Raw Avg:   0.8160
  termination               | Scaled Avg:  -0.0000
  TOTAL REWARD              | Scaled Avg:   0.0071
------------------------------

------------------------------
Step: 112000 - Reward Breakdown:
  action_rate               | Scaled Avg:  -0.0181 | Raw Avg:   1.8058
  action_smoothness         | Scaled Avg:  -0.0006 | Raw Avg:   0.2832
  ang_vel_xy                | Scaled Avg:  -0.0027 | Raw Avg:   1.3708
  collision                 | Scaled Avg:  -0.0001 | Raw Avg:   0.0034
  dof_acc                   | Scaled Avg:  -0.0007 | Raw Avg: 141252.6875
  dof_error                 | Scaled Avg:  -0.0028 | Raw Avg:   0.2754
  dof_vel                   | Scaled Avg:  -0.0085 | Raw Avg:  84.7848
  feet_contact_forces       | Scaled Avg:  -0.0000 | Raw Avg:   8.4551
  foot_clearance            | Scaled Avg:  -0.0001 | Raw Avg:   0.0075
  foot_mirror               | Scaled Avg:  -0.0001 | Raw Avg:   0.0802
  foot_slide                | Scaled Avg:  -0.0018 | Raw Avg:   1.7710
  has_contact               | Scaled Avg:   0.0003 | Raw Avg:   0.0173
  hip_pos                   | Scaled Avg:  -0.0028 | Raw Avg:   0.0279
  lin_vel_z                 | Scaled Avg:  -0.0102 | Raw Avg:   0.1272
  orientation               | Scaled Avg:  -0.0000 | Raw Avg:   0.0090
  powers                    | Scaled Avg:  -0.0001 | Raw Avg: 143.6695
  stand_still               | Scaled Avg:  -0.0002 | Raw Avg:   0.0024
  torques                   | Scaled Avg:  -0.0002 | Raw Avg: 1114.2744
  tracking_ang_vel          | Scaled Avg:   0.0155 | Raw Avg:   0.7733
  tracking_lin_vel          | Scaled Avg:   0.0326 | Raw Avg:   0.8159
  termination               | Scaled Avg:  -0.0000
  TOTAL REWARD              | Scaled Avg:   0.0072
------------------------------

------------------------------
Step: 112500 - Reward Breakdown:
  action_rate               | Scaled Avg:  -0.0179 | Raw Avg:   1.7926
  action_smoothness         | Scaled Avg:  -0.0006 | Raw Avg:   0.2870
  ang_vel_xy                | Scaled Avg:  -0.0029 | Raw Avg:   1.4608
  collision                 | Scaled Avg:  -0.0001 | Raw Avg:   0.0033
  dof_acc                   | Scaled Avg:  -0.0007 | Raw Avg: 139880.7500
  dof_error                 | Scaled Avg:  -0.0028 | Raw Avg:   0.2766
  dof_vel                   | Scaled Avg:  -0.0084 | Raw Avg:  84.2356
  feet_air_time             | Scaled Avg:   0.0000 | Raw Avg:   0.0003
  feet_contact_forces       | Scaled Avg:  -0.0000 | Raw Avg:   8.6262
  foot_clearance            | Scaled Avg:  -0.0001 | Raw Avg:   0.0073
  foot_mirror               | Scaled Avg:  -0.0001 | Raw Avg:   0.0836
  foot_slide                | Scaled Avg:  -0.0018 | Raw Avg:   1.7601
  has_contact               | Scaled Avg:   0.0003 | Raw Avg:   0.0157
  hip_pos                   | Scaled Avg:  -0.0028 | Raw Avg:   0.0280
  lin_vel_z                 | Scaled Avg:  -0.0017 | Raw Avg:   0.0212
  orientation               | Scaled Avg:  -0.0000 | Raw Avg:   0.0103
  powers                    | Scaled Avg:  -0.0001 | Raw Avg: 148.3705
  stand_still               | Scaled Avg:  -0.0002 | Raw Avg:   0.0025
  torques                   | Scaled Avg:  -0.0002 | Raw Avg: 1166.6152
  tracking_ang_vel          | Scaled Avg:   0.0154 | Raw Avg:   0.7680
  tracking_lin_vel          | Scaled Avg:   0.0325 | Raw Avg:   0.8114
  termination               | Scaled Avg:  -0.0000
  TOTAL REWARD              | Scaled Avg:   0.0077
------------------------------
################################################################################
                    [1m Learning iteration 19700/20000 [0m                    

                       Computation: 82402 steps/s (collection: 1.307s, learning 0.469s)
                     surrogate_loss 0.0010
                         value_loss 0.0874
                            entropy 1.5780
                     estimator_loss 0.0000
                         total_loss 0.1041
             Mean action noise std: 0.21
                       Mean reward: 5.55
               Mean episode length: 690.28
      Mean episode rew_action_rate: -0.6466
Mean episode rew_frame_action_rate: -0.0203
Mean episode rew_action_smoothness: -0.0205
Mean episode rew_frame_action_smoothness: -0.0006
       Mean episode rew_ang_vel_xy: -0.1014
 Mean episode rew_frame_ang_vel_xy: -0.0063
      Mean episode rew_base_height: -0.0003
Mean episode rew_frame_base_height: -0.0000
        Mean episode rew_collision: -0.0020
  Mean episode rew_frame_collision: -0.0005
          Mean episode rew_dof_acc: -0.0255
    Mean episode rew_frame_dof_acc: -0.0013
        Mean episode rew_dof_error: -0.0966
  Mean episode rew_frame_dof_error: -0.0055
          Mean episode rew_dof_vel: -0.2985
    Mean episode rew_frame_dof_vel: -0.0116
    Mean episode rew_feet_air_time: 0.0002
Mean episode rew_frame_feet_air_time: 0.0000
Mean episode rew_feet_contact_forces: -0.0009
Mean episode rew_frame_feet_contact_forces: -0.0000
   Mean episode rew_foot_clearance: -0.0026
Mean episode rew_frame_foot_clearance: -0.0001
      Mean episode rew_foot_mirror: -0.0028
Mean episode rew_frame_foot_mirror: -0.0002
       Mean episode rew_foot_slide: -0.0624
 Mean episode rew_frame_foot_slide: -0.0018
      Mean episode rew_has_contact: 0.0161
Mean episode rew_frame_has_contact: 0.0003
          Mean episode rew_hip_pos: -0.0968
    Mean episode rew_frame_hip_pos: -0.0066
        Mean episode rew_lin_vel_z: -0.0621
  Mean episode rew_frame_lin_vel_z: -0.0068
      Mean episode rew_orientation: -0.0013
Mean episode rew_frame_orientation: -0.0002
           Mean episode rew_powers: -0.0021
     Mean episode rew_frame_powers: -0.0001
      Mean episode rew_stand_still: -0.0053
Mean episode rew_frame_stand_still: -0.0001
          Mean episode rew_stumble: -0.0000
    Mean episode rew_frame_stumble: -0.0000
      Mean episode rew_termination: -0.0010
Mean episode rew_frame_termination: -0.0006
          Mean episode rew_torques: -0.0082
    Mean episode rew_frame_torques: -0.0002
 Mean episode rew_tracking_ang_vel: 0.5480
Mean episode rew_frame_tracking_ang_vel: 0.0131
 Mean episode rew_tracking_lin_vel: 1.1581
Mean episode rew_frame_tracking_lin_vel: 0.0264
Mean episode max_power_throughout_episode: 3148.2930
            Mean episode max_pos_x: 5.3185
            Mean episode min_pos_x: -3.9339
            Mean episode max_pos_y: 3.7706
            Mean episode min_pos_y: -4.1071
        Mean episode timeout_ratio: 0.6509
       Mean episode num_terminated: 9.1250
--------------------------------------------------------------------------------
                   Total timesteps: 7022592
                    Iteration time: 1.78s
                        Total time: 8366.19s
                               ETA: 533.9s


------------------------------
Step: 113000 - Reward Breakdown:
  action_rate               | Scaled Avg:  -0.0170 | Raw Avg:   1.7021
  action_smoothness         | Scaled Avg:  -0.0005 | Raw Avg:   0.2708
  ang_vel_xy                | Scaled Avg:  -0.0027 | Raw Avg:   1.3678
  collision                 | Scaled Avg:  -0.0001 | Raw Avg:   0.0046
  dof_acc                   | Scaled Avg:  -0.0007 | Raw Avg: 133114.9219
  dof_error                 | Scaled Avg:  -0.0029 | Raw Avg:   0.2913
  dof_vel                   | Scaled Avg:  -0.0082 | Raw Avg:  81.7548
  feet_contact_forces       | Scaled Avg:  -0.0000 | Raw Avg:   8.8065
  foot_clearance            | Scaled Avg:  -0.0001 | Raw Avg:   0.0076
  foot_mirror               | Scaled Avg:  -0.0001 | Raw Avg:   0.0830
  foot_slide                | Scaled Avg:  -0.0017 | Raw Avg:   1.7157
  has_contact               | Scaled Avg:   0.0003 | Raw Avg:   0.0171
  hip_pos                   | Scaled Avg:  -0.0030 | Raw Avg:   0.0304
  lin_vel_z                 | Scaled Avg:  -0.0017 | Raw Avg:   0.0210
  orientation               | Scaled Avg:  -0.0000 | Raw Avg:   0.0102
  powers                    | Scaled Avg:  -0.0001 | Raw Avg: 151.5205
  stand_still               | Scaled Avg:  -0.0002 | Raw Avg:   0.0017
  torques                   | Scaled Avg:  -0.0002 | Raw Avg: 1221.0625
  tracking_ang_vel          | Scaled Avg:   0.0157 | Raw Avg:   0.7843
  tracking_lin_vel          | Scaled Avg:   0.0326 | Raw Avg:   0.8159
  termination               | Scaled Avg:  -0.0000
  TOTAL REWARD              | Scaled Avg:   0.0093
------------------------------

------------------------------
Step: 113500 - Reward Breakdown:
  action_rate               | Scaled Avg:  -0.0166 | Raw Avg:   1.6555
  action_smoothness         | Scaled Avg:  -0.0005 | Raw Avg:   0.2598
  ang_vel_xy                | Scaled Avg:  -0.0028 | Raw Avg:   1.3907
  collision                 | Scaled Avg:  -0.0001 | Raw Avg:   0.0033
  dof_acc                   | Scaled Avg:  -0.0006 | Raw Avg: 121932.0547
  dof_error                 | Scaled Avg:  -0.0028 | Raw Avg:   0.2818
  dof_vel                   | Scaled Avg:  -0.0079 | Raw Avg:  79.4542
  feet_contact_forces       | Scaled Avg:  -0.0000 | Raw Avg:   7.7936
  foot_clearance            | Scaled Avg:  -0.0001 | Raw Avg:   0.0069
  foot_mirror               | Scaled Avg:  -0.0001 | Raw Avg:   0.0850
  foot_slide                | Scaled Avg:  -0.0017 | Raw Avg:   1.7282
  has_contact               | Scaled Avg:   0.0004 | Raw Avg:   0.0221
  hip_pos                   | Scaled Avg:  -0.0029 | Raw Avg:   0.0285
  lin_vel_z                 | Scaled Avg:  -0.0017 | Raw Avg:   0.0211
  orientation               | Scaled Avg:  -0.0000 | Raw Avg:   0.0106
  powers                    | Scaled Avg:  -0.0001 | Raw Avg: 156.6006
  stand_still               | Scaled Avg:  -0.0003 | Raw Avg:   0.0032
  torques                   | Scaled Avg:  -0.0003 | Raw Avg: 1329.4930
  tracking_ang_vel          | Scaled Avg:   0.0156 | Raw Avg:   0.7787
  tracking_lin_vel          | Scaled Avg:   0.0325 | Raw Avg:   0.8128
  termination               | Scaled Avg:  -0.0000
  TOTAL REWARD              | Scaled Avg:   0.0101
------------------------------

------------------------------
Step: 114000 - Reward Breakdown:
  action_rate               | Scaled Avg:  -0.0163 | Raw Avg:   1.6339
  action_smoothness         | Scaled Avg:  -0.0005 | Raw Avg:   0.2551
  ang_vel_xy                | Scaled Avg:  -0.0027 | Raw Avg:   1.3536
  collision                 | Scaled Avg:  -0.0001 | Raw Avg:   0.0028
  dof_acc                   | Scaled Avg:  -0.0007 | Raw Avg: 130696.3750
  dof_error                 | Scaled Avg:  -0.0027 | Raw Avg:   0.2749
  dof_vel                   | Scaled Avg:  -0.0078 | Raw Avg:  78.1684
  feet_contact_forces       | Scaled Avg:  -0.0000 | Raw Avg:   7.7918
  foot_clearance            | Scaled Avg:  -0.0001 | Raw Avg:   0.0076
  foot_mirror               | Scaled Avg:  -0.0001 | Raw Avg:   0.0798
  foot_slide                | Scaled Avg:  -0.0018 | Raw Avg:   1.7517
  has_contact               | Scaled Avg:   0.0003 | Raw Avg:   0.0169
  hip_pos                   | Scaled Avg:  -0.0028 | Raw Avg:   0.0278
  lin_vel_z                 | Scaled Avg:  -0.0016 | Raw Avg:   0.0201
  orientation               | Scaled Avg:  -0.0000 | Raw Avg:   0.0097
  powers                    | Scaled Avg:  -0.0001 | Raw Avg: 153.7266
  stand_still               | Scaled Avg:  -0.0003 | Raw Avg:   0.0025
  torques                   | Scaled Avg:  -0.0003 | Raw Avg: 1280.6211
  tracking_ang_vel          | Scaled Avg:   0.0157 | Raw Avg:   0.7873
  tracking_lin_vel          | Scaled Avg:   0.0325 | Raw Avg:   0.8135
  termination               | Scaled Avg:  -0.0000
  TOTAL REWARD              | Scaled Avg:   0.0108
------------------------------

------------------------------
Step: 114500 - Reward Breakdown:
  action_rate               | Scaled Avg:  -0.0164 | Raw Avg:   1.6432
  action_smoothness         | Scaled Avg:  -0.0005 | Raw Avg:   0.2587
  ang_vel_xy                | Scaled Avg:  -0.0027 | Raw Avg:   1.3359
  collision                 | Scaled Avg:  -0.0001 | Raw Avg:   0.0046
  dof_acc                   | Scaled Avg:  -0.0007 | Raw Avg: 135220.6406
  dof_error                 | Scaled Avg:  -0.0028 | Raw Avg:   0.2751
  dof_vel                   | Scaled Avg:  -0.0078 | Raw Avg:  78.2787
  feet_contact_forces       | Scaled Avg:  -0.0000 | Raw Avg:   7.4574
  foot_clearance            | Scaled Avg:  -0.0001 | Raw Avg:   0.0075
  foot_mirror               | Scaled Avg:  -0.0001 | Raw Avg:   0.0784
  foot_slide                | Scaled Avg:  -0.0017 | Raw Avg:   1.7395
  has_contact               | Scaled Avg:   0.0005 | Raw Avg:   0.0234
  hip_pos                   | Scaled Avg:  -0.0028 | Raw Avg:   0.0275
  lin_vel_z                 | Scaled Avg:  -0.0016 | Raw Avg:   0.0204
  orientation               | Scaled Avg:  -0.0000 | Raw Avg:   0.0097
  powers                    | Scaled Avg:  -0.0001 | Raw Avg: 145.5064
  stand_still               | Scaled Avg:  -0.0002 | Raw Avg:   0.0024
  torques                   | Scaled Avg:  -0.0002 | Raw Avg: 1183.2401
  tracking_ang_vel          | Scaled Avg:   0.0157 | Raw Avg:   0.7828
  tracking_lin_vel          | Scaled Avg:   0.0327 | Raw Avg:   0.8174
  termination               | Scaled Avg:  -0.0000
  TOTAL REWARD              | Scaled Avg:   0.0109
------------------------------

------------------------------
Step: 115000 - Reward Breakdown:
  action_rate               | Scaled Avg:  -0.0173 | Raw Avg:   1.7317
  action_smoothness         | Scaled Avg:  -0.0005 | Raw Avg:   0.2711
  ang_vel_xy                | Scaled Avg:  -0.0026 | Raw Avg:   1.3170
  collision                 | Scaled Avg:  -0.0001 | Raw Avg:   0.0043
  dof_acc                   | Scaled Avg:  -0.0007 | Raw Avg: 145054.7812
  dof_error                 | Scaled Avg:  -0.0028 | Raw Avg:   0.2810
  dof_vel                   | Scaled Avg:  -0.0082 | Raw Avg:  81.7080
  feet_contact_forces       | Scaled Avg:  -0.0000 | Raw Avg:   8.2066
  foot_clearance            | Scaled Avg:  -0.0001 | Raw Avg:   0.0076
  foot_mirror               | Scaled Avg:  -0.0001 | Raw Avg:   0.0813
  foot_slide                | Scaled Avg:  -0.0018 | Raw Avg:   1.7567
  has_contact               | Scaled Avg:   0.0004 | Raw Avg:   0.0192
  hip_pos                   | Scaled Avg:  -0.0028 | Raw Avg:   0.0284
  lin_vel_z                 | Scaled Avg:  -0.0016 | Raw Avg:   0.0196
  orientation               | Scaled Avg:  -0.0000 | Raw Avg:   0.0098
  powers                    | Scaled Avg:  -0.0001 | Raw Avg: 146.1845
  stand_still               | Scaled Avg:  -0.0003 | Raw Avg:   0.0027
  torques                   | Scaled Avg:  -0.0002 | Raw Avg: 1158.9308
  tracking_ang_vel          | Scaled Avg:   0.0156 | Raw Avg:   0.7814
  tracking_lin_vel          | Scaled Avg:   0.0327 | Raw Avg:   0.8178
  termination               | Scaled Avg:   0.0000
  TOTAL REWARD              | Scaled Avg:   0.0095
------------------------------
################################################################################
                    [1m Learning iteration 19800/20000 [0m                    

                       Computation: 83435 steps/s (collection: 1.286s, learning 0.468s)
                     surrogate_loss -0.0022
                         value_loss 0.2259
                            entropy 1.4693
                     estimator_loss 0.0000
                         total_loss 0.2384
             Mean action noise std: 0.21
                       Mean reward: 8.84
               Mean episode length: 799.39
      Mean episode rew_action_rate: -0.6400
Mean episode rew_frame_action_rate: -0.0190
Mean episode rew_action_smoothness: -0.0201
Mean episode rew_frame_action_smoothness: -0.0006
       Mean episode rew_ang_vel_xy: -0.1034
 Mean episode rew_frame_ang_vel_xy: -0.0058
      Mean episode rew_base_height: -0.0003
Mean episode rew_frame_base_height: -0.0000
        Mean episode rew_collision: -0.0020
  Mean episode rew_frame_collision: -0.0004
          Mean episode rew_dof_acc: -0.0253
    Mean episode rew_frame_dof_acc: -0.0009
        Mean episode rew_dof_error: -0.1057
  Mean episode rew_frame_dof_error: -0.0052
          Mean episode rew_dof_vel: -0.3068
    Mean episode rew_frame_dof_vel: -0.0103
    Mean episode rew_feet_air_time: 0.0001
Mean episode rew_frame_feet_air_time: 0.0000
Mean episode rew_feet_contact_forces: -0.0009
Mean episode rew_frame_feet_contact_forces: -0.0000
   Mean episode rew_foot_clearance: -0.0029
Mean episode rew_frame_foot_clearance: -0.0001
      Mean episode rew_foot_mirror: -0.0031
Mean episode rew_frame_foot_mirror: -0.0002
       Mean episode rew_foot_slide: -0.0670
 Mean episode rew_frame_foot_slide: -0.0017
      Mean episode rew_has_contact: 0.0148
Mean episode rew_frame_has_contact: 0.0004
          Mean episode rew_hip_pos: -0.1081
    Mean episode rew_frame_hip_pos: -0.0067
        Mean episode rew_lin_vel_z: -0.0620
  Mean episode rew_frame_lin_vel_z: -0.0054
      Mean episode rew_orientation: -0.0014
Mean episode rew_frame_orientation: -0.0002
           Mean episode rew_powers: -0.0023
     Mean episode rew_frame_powers: -0.0001
      Mean episode rew_stand_still: -0.0093
Mean episode rew_frame_stand_still: -0.0002
          Mean episode rew_stumble: -0.0000
    Mean episode rew_frame_stumble: -0.0000
      Mean episode rew_termination: -0.0010
Mean episode rew_frame_termination: -0.0004
          Mean episode rew_torques: -0.0091
    Mean episode rew_frame_torques: -0.0003
 Mean episode rew_tracking_ang_vel: 0.6014
Mean episode rew_frame_tracking_ang_vel: 0.0136
 Mean episode rew_tracking_lin_vel: 1.2365
Mean episode rew_frame_tracking_lin_vel: 0.0277
Mean episode max_power_throughout_episode: 3094.5178
            Mean episode max_pos_x: 4.7739
            Mean episode min_pos_x: -3.2225
            Mean episode max_pos_y: 3.9833
            Mean episode min_pos_y: -3.5942
        Mean episode timeout_ratio: 0.6754
       Mean episode num_terminated: 7.7500
--------------------------------------------------------------------------------
                   Total timesteps: 7168896
                    Iteration time: 1.75s
                        Total time: 8542.84s
                               ETA: 355.9s


------------------------------
Step: 115500 - Reward Breakdown:
  action_rate               | Scaled Avg:  -0.0174 | Raw Avg:   1.7403
  action_smoothness         | Scaled Avg:  -0.0005 | Raw Avg:   0.2750
  ang_vel_xy                | Scaled Avg:  -0.0027 | Raw Avg:   1.3396
  collision                 | Scaled Avg:  -0.0001 | Raw Avg:   0.0048
  dof_acc                   | Scaled Avg:  -0.0008 | Raw Avg: 150338.1250
  dof_error                 | Scaled Avg:  -0.0029 | Raw Avg:   0.2945
  dof_vel                   | Scaled Avg:  -0.0083 | Raw Avg:  82.5693
  feet_air_time             | Scaled Avg:   0.0000 | Raw Avg:   0.0003
  feet_contact_forces       | Scaled Avg:  -0.0000 | Raw Avg:   8.2751
  foot_clearance            | Scaled Avg:  -0.0001 | Raw Avg:   0.0084
  foot_mirror               | Scaled Avg:  -0.0001 | Raw Avg:   0.0835
  foot_slide                | Scaled Avg:  -0.0018 | Raw Avg:   1.7651
  has_contact               | Scaled Avg:   0.0003 | Raw Avg:   0.0158
  hip_pos                   | Scaled Avg:  -0.0028 | Raw Avg:   0.0283
  lin_vel_z                 | Scaled Avg:  -0.0016 | Raw Avg:   0.0205
  orientation               | Scaled Avg:  -0.0000 | Raw Avg:   0.0100
  powers                    | Scaled Avg:  -0.0001 | Raw Avg: 145.0874
  stand_still               | Scaled Avg:  -0.0001 | Raw Avg:   0.0014
  torques                   | Scaled Avg:  -0.0002 | Raw Avg: 1132.8480
  tracking_ang_vel          | Scaled Avg:   0.0156 | Raw Avg:   0.7780
  tracking_lin_vel          | Scaled Avg:   0.0323 | Raw Avg:   0.8064
  termination               | Scaled Avg:  -0.0000
  TOTAL REWARD              | Scaled Avg:   0.0085
------------------------------

------------------------------
Step: 116000 - Reward Breakdown:
  action_rate               | Scaled Avg:  -0.0167 | Raw Avg:   1.6679
  action_smoothness         | Scaled Avg:  -0.0005 | Raw Avg:   0.2653
  ang_vel_xy                | Scaled Avg:  -0.0026 | Raw Avg:   1.2925
  collision                 | Scaled Avg:  -0.0001 | Raw Avg:   0.0052
  dof_acc                   | Scaled Avg:  -0.0006 | Raw Avg: 129997.2500
  dof_error                 | Scaled Avg:  -0.0028 | Raw Avg:   0.2775
  dof_vel                   | Scaled Avg:  -0.0079 | Raw Avg:  78.5320
  feet_contact_forces       | Scaled Avg:  -0.0000 | Raw Avg:   7.8813
  foot_clearance            | Scaled Avg:  -0.0001 | Raw Avg:   0.0078
  foot_mirror               | Scaled Avg:  -0.0001 | Raw Avg:   0.0805
  foot_slide                | Scaled Avg:  -0.0017 | Raw Avg:   1.7400
  has_contact               | Scaled Avg:   0.0004 | Raw Avg:   0.0188
  hip_pos                   | Scaled Avg:  -0.0027 | Raw Avg:   0.0268
  lin_vel_z                 | Scaled Avg:  -0.0016 | Raw Avg:   0.0196
  orientation               | Scaled Avg:  -0.0000 | Raw Avg:   0.0099
  powers                    | Scaled Avg:  -0.0001 | Raw Avg: 141.4657
  stand_still               | Scaled Avg:  -0.0002 | Raw Avg:   0.0016
  torques                   | Scaled Avg:  -0.0002 | Raw Avg: 1119.6720
  tracking_ang_vel          | Scaled Avg:   0.0156 | Raw Avg:   0.7810
  tracking_lin_vel          | Scaled Avg:   0.0326 | Raw Avg:   0.8139
  termination               | Scaled Avg:  -0.0000
  TOTAL REWARD              | Scaled Avg:   0.0107
------------------------------

------------------------------
Step: 116500 - Reward Breakdown:
  action_rate               | Scaled Avg:  -0.0167 | Raw Avg:   1.6672
  action_smoothness         | Scaled Avg:  -0.0005 | Raw Avg:   0.2595
  ang_vel_xy                | Scaled Avg:  -0.0025 | Raw Avg:   1.2749
  collision                 | Scaled Avg:  -0.0001 | Raw Avg:   0.0028
  dof_acc                   | Scaled Avg:  -0.0007 | Raw Avg: 136193.9062
  dof_error                 | Scaled Avg:  -0.0027 | Raw Avg:   0.2740
  dof_vel                   | Scaled Avg:  -0.0081 | Raw Avg:  81.4484
  feet_contact_forces       | Scaled Avg:  -0.0000 | Raw Avg:   8.3546
  foot_clearance            | Scaled Avg:  -0.0001 | Raw Avg:   0.0080
  foot_mirror               | Scaled Avg:  -0.0001 | Raw Avg:   0.0784
  foot_slide                | Scaled Avg:  -0.0017 | Raw Avg:   1.7265
  has_contact               | Scaled Avg:   0.0004 | Raw Avg:   0.0178
  hip_pos                   | Scaled Avg:  -0.0027 | Raw Avg:   0.0266
  lin_vel_z                 | Scaled Avg:  -0.0015 | Raw Avg:   0.0192
  orientation               | Scaled Avg:  -0.0000 | Raw Avg:   0.0089
  powers                    | Scaled Avg:  -0.0001 | Raw Avg: 148.9251
  stand_still               | Scaled Avg:  -0.0003 | Raw Avg:   0.0029
  torques                   | Scaled Avg:  -0.0002 | Raw Avg: 1195.0056
  tracking_ang_vel          | Scaled Avg:   0.0159 | Raw Avg:   0.7936
  tracking_lin_vel          | Scaled Avg:   0.0331 | Raw Avg:   0.8272
  termination               | Scaled Avg:  -0.0000
  TOTAL REWARD              | Scaled Avg:   0.0112
------------------------------

------------------------------
Step: 117000 - Reward Breakdown:
  action_rate               | Scaled Avg:  -0.0167 | Raw Avg:   1.6724
  action_smoothness         | Scaled Avg:  -0.0005 | Raw Avg:   0.2596
  ang_vel_xy                | Scaled Avg:  -0.0026 | Raw Avg:   1.2856
  collision                 | Scaled Avg:  -0.0001 | Raw Avg:   0.0028
  dof_acc                   | Scaled Avg:  -0.0006 | Raw Avg: 129749.0156
  dof_error                 | Scaled Avg:  -0.0028 | Raw Avg:   0.2760
  dof_vel                   | Scaled Avg:  -0.0082 | Raw Avg:  82.2763
  feet_contact_forces       | Scaled Avg:  -0.0000 | Raw Avg:   7.4706
  foot_clearance            | Scaled Avg:  -0.0001 | Raw Avg:   0.0076
  foot_mirror               | Scaled Avg:  -0.0001 | Raw Avg:   0.0795
  foot_slide                | Scaled Avg:  -0.0018 | Raw Avg:   1.7729
  has_contact               | Scaled Avg:   0.0004 | Raw Avg:   0.0181
  hip_pos                   | Scaled Avg:  -0.0027 | Raw Avg:   0.0266
  lin_vel_z                 | Scaled Avg:  -0.0015 | Raw Avg:   0.0193
  orientation               | Scaled Avg:  -0.0000 | Raw Avg:   0.0091
  powers                    | Scaled Avg:  -0.0001 | Raw Avg: 150.3120
  stand_still               | Scaled Avg:  -0.0003 | Raw Avg:   0.0031
  torques                   | Scaled Avg:  -0.0002 | Raw Avg: 1212.4045
  tracking_ang_vel          | Scaled Avg:   0.0158 | Raw Avg:   0.7896
  tracking_lin_vel          | Scaled Avg:   0.0329 | Raw Avg:   0.8236
  termination               | Scaled Avg:  -0.0000
  TOTAL REWARD              | Scaled Avg:   0.0107
------------------------------

------------------------------
Step: 117500 - Reward Breakdown:
  action_rate               | Scaled Avg:  -0.0164 | Raw Avg:   1.6421
  action_smoothness         | Scaled Avg:  -0.0005 | Raw Avg:   0.2531
  ang_vel_xy                | Scaled Avg:  -0.0025 | Raw Avg:   1.2742
  collision                 | Scaled Avg:  -0.0001 | Raw Avg:   0.0031
  dof_acc                   | Scaled Avg:  -0.0007 | Raw Avg: 134576.5938
  dof_error                 | Scaled Avg:  -0.0028 | Raw Avg:   0.2804
  dof_vel                   | Scaled Avg:  -0.0079 | Raw Avg:  78.6318
  feet_air_time             | Scaled Avg:   0.0000 | Raw Avg:   0.0003
  feet_contact_forces       | Scaled Avg:  -0.0000 | Raw Avg:   8.2545
  foot_clearance            | Scaled Avg:  -0.0001 | Raw Avg:   0.0084
  foot_mirror               | Scaled Avg:  -0.0001 | Raw Avg:   0.0737
  foot_slide                | Scaled Avg:  -0.0017 | Raw Avg:   1.7338
  has_contact               | Scaled Avg:   0.0004 | Raw Avg:   0.0222
  hip_pos                   | Scaled Avg:  -0.0028 | Raw Avg:   0.0279
  lin_vel_z                 | Scaled Avg:  -0.0015 | Raw Avg:   0.0193
  orientation               | Scaled Avg:  -0.0000 | Raw Avg:   0.0083
  powers                    | Scaled Avg:  -0.0001 | Raw Avg: 149.1917
  stand_still               | Scaled Avg:  -0.0004 | Raw Avg:   0.0040
  torques                   | Scaled Avg:  -0.0002 | Raw Avg: 1224.1887
  tracking_ang_vel          | Scaled Avg:   0.0159 | Raw Avg:   0.7975
  tracking_lin_vel          | Scaled Avg:   0.0328 | Raw Avg:   0.8189
  termination               | Scaled Avg:  -0.0000
  TOTAL REWARD              | Scaled Avg:   0.0112
------------------------------
################################################################################
                    [1m Learning iteration 19900/20000 [0m                    

                       Computation: 83244 steps/s (collection: 1.289s, learning 0.468s)
                     surrogate_loss -0.0056
                         value_loss 0.0494
                            entropy 2.2854
                     estimator_loss 0.0000
                         total_loss 0.0666
             Mean action noise std: 0.20
                       Mean reward: 6.51
               Mean episode length: 713.36
      Mean episode rew_action_rate: -0.5843
Mean episode rew_frame_action_rate: -0.0190
Mean episode rew_action_smoothness: -0.0181
Mean episode rew_frame_action_smoothness: -0.0006
       Mean episode rew_ang_vel_xy: -0.0921
 Mean episode rew_frame_ang_vel_xy: -0.0062
      Mean episode rew_base_height: -0.0002
Mean episode rew_frame_base_height: -0.0000
        Mean episode rew_collision: -0.0028
  Mean episode rew_frame_collision: -0.0007
          Mean episode rew_dof_acc: -0.0241
    Mean episode rew_frame_dof_acc: -0.0010
        Mean episode rew_dof_error: -0.0981
  Mean episode rew_frame_dof_error: -0.0058
          Mean episode rew_dof_vel: -0.2881
    Mean episode rew_frame_dof_vel: -0.0109
    Mean episode rew_feet_air_time: 0.0002
Mean episode rew_frame_feet_air_time: 0.0000
Mean episode rew_feet_contact_forces: -0.0009
Mean episode rew_frame_feet_contact_forces: -0.0000
   Mean episode rew_foot_clearance: -0.0028
Mean episode rew_frame_foot_clearance: -0.0001
      Mean episode rew_foot_mirror: -0.0027
Mean episode rew_frame_foot_mirror: -0.0002
       Mean episode rew_foot_slide: -0.0620
 Mean episode rew_frame_foot_slide: -0.0018
      Mean episode rew_has_contact: 0.0138
Mean episode rew_frame_has_contact: 0.0003
          Mean episode rew_hip_pos: -0.0947
    Mean episode rew_frame_hip_pos: -0.0076
        Mean episode rew_lin_vel_z: -0.0591
  Mean episode rew_frame_lin_vel_z: -0.0069
      Mean episode rew_orientation: -0.0014
Mean episode rew_frame_orientation: -0.0002
           Mean episode rew_powers: -0.0021
     Mean episode rew_frame_powers: -0.0001
      Mean episode rew_stand_still: -0.0249
Mean episode rew_frame_stand_still: -0.0005
          Mean episode rew_stumble: -0.0000
    Mean episode rew_frame_stumble: -0.0000
      Mean episode rew_termination: -0.0011
Mean episode rew_frame_termination: -0.0006
          Mean episode rew_torques: -0.0084
    Mean episode rew_frame_torques: -0.0003
 Mean episode rew_tracking_ang_vel: 0.5597
Mean episode rew_frame_tracking_ang_vel: 0.0135
 Mean episode rew_tracking_lin_vel: 1.1494
Mean episode rew_frame_tracking_lin_vel: 0.0261
Mean episode max_power_throughout_episode: 3256.3945
            Mean episode max_pos_x: 5.5665
            Mean episode min_pos_x: -3.9003
            Mean episode max_pos_y: 4.5403
            Mean episode min_pos_y: -3.5284
        Mean episode timeout_ratio: 0.6319
       Mean episode num_terminated: 9.5833
--------------------------------------------------------------------------------
                   Total timesteps: 7315200
                    Iteration time: 1.76s
                        Total time: 8719.48s
                               ETA: 177.9s


------------------------------
Step: 118000 - Reward Breakdown:
  action_rate               | Scaled Avg:  -0.0162 | Raw Avg:   1.6175
  action_smoothness         | Scaled Avg:  -0.0005 | Raw Avg:   0.2527
  ang_vel_xy                | Scaled Avg:  -0.0028 | Raw Avg:   1.3907
  collision                 | Scaled Avg:  -0.0001 | Raw Avg:   0.0043
  dof_acc                   | Scaled Avg:  -0.0007 | Raw Avg: 142503.5312
  dof_error                 | Scaled Avg:  -0.0028 | Raw Avg:   0.2765
  dof_vel                   | Scaled Avg:  -0.0080 | Raw Avg:  79.5950
  feet_contact_forces       | Scaled Avg:  -0.0000 | Raw Avg:   8.0548
  foot_clearance            | Scaled Avg:  -0.0001 | Raw Avg:   0.0082
  foot_mirror               | Scaled Avg:  -0.0001 | Raw Avg:   0.0765
  foot_slide                | Scaled Avg:  -0.0017 | Raw Avg:   1.7473
  has_contact               | Scaled Avg:   0.0004 | Raw Avg:   0.0184
  hip_pos                   | Scaled Avg:  -0.0027 | Raw Avg:   0.0273
  lin_vel_z                 | Scaled Avg:  -0.0016 | Raw Avg:   0.0199
  orientation               | Scaled Avg:  -0.0000 | Raw Avg:   0.0096
  powers                    | Scaled Avg:  -0.0001 | Raw Avg: 149.5235
  stand_still               | Scaled Avg:  -0.0002 | Raw Avg:   0.0017
  torques                   | Scaled Avg:  -0.0002 | Raw Avg: 1216.2361
  tracking_ang_vel          | Scaled Avg:   0.0158 | Raw Avg:   0.7879
  tracking_lin_vel          | Scaled Avg:   0.0328 | Raw Avg:   0.8201
  termination               | Scaled Avg:  -0.0000
  TOTAL REWARD              | Scaled Avg:   0.0111
------------------------------

------------------------------
Step: 118500 - Reward Breakdown:
  action_rate               | Scaled Avg:  -0.0162 | Raw Avg:   1.6227
  action_smoothness         | Scaled Avg:  -0.0005 | Raw Avg:   0.2556
  ang_vel_xy                | Scaled Avg:  -0.0025 | Raw Avg:   1.2622
  collision                 | Scaled Avg:  -0.0001 | Raw Avg:   0.0039
  dof_acc                   | Scaled Avg:  -0.0007 | Raw Avg: 137298.7031
  dof_error                 | Scaled Avg:  -0.0027 | Raw Avg:   0.2747
  dof_vel                   | Scaled Avg:  -0.0078 | Raw Avg:  78.3146
  feet_air_time             | Scaled Avg:   0.0000 | Raw Avg:   0.0007
  feet_contact_forces       | Scaled Avg:  -0.0000 | Raw Avg:   8.1030
  foot_clearance            | Scaled Avg:  -0.0001 | Raw Avg:   0.0082
  foot_mirror               | Scaled Avg:  -0.0001 | Raw Avg:   0.0788
  foot_slide                | Scaled Avg:  -0.0018 | Raw Avg:   1.7539
  has_contact               | Scaled Avg:   0.0003 | Raw Avg:   0.0173
  hip_pos                   | Scaled Avg:  -0.0027 | Raw Avg:   0.0274
  lin_vel_z                 | Scaled Avg:  -0.0015 | Raw Avg:   0.0190
  orientation               | Scaled Avg:  -0.0000 | Raw Avg:   0.0092
  powers                    | Scaled Avg:  -0.0001 | Raw Avg: 146.9152
  stand_still               | Scaled Avg:  -0.0001 | Raw Avg:   0.0011
  torques                   | Scaled Avg:  -0.0002 | Raw Avg: 1191.8451
  tracking_ang_vel          | Scaled Avg:   0.0158 | Raw Avg:   0.7907
  tracking_lin_vel          | Scaled Avg:   0.0327 | Raw Avg:   0.8179
  termination               | Scaled Avg:  -0.0000
  TOTAL REWARD              | Scaled Avg:   0.0116
------------------------------

------------------------------
Step: 119000 - Reward Breakdown:
  action_rate               | Scaled Avg:  -0.0163 | Raw Avg:   1.6298
  action_smoothness         | Scaled Avg:  -0.0005 | Raw Avg:   0.2539
  ang_vel_xy                | Scaled Avg:  -0.0027 | Raw Avg:   1.3324
  collision                 | Scaled Avg:  -0.0001 | Raw Avg:   0.0041
  dof_acc                   | Scaled Avg:  -0.0007 | Raw Avg: 147119.1406
  dof_error                 | Scaled Avg:  -0.0028 | Raw Avg:   0.2839
  dof_vel                   | Scaled Avg:  -0.0079 | Raw Avg:  78.5021
  feet_contact_forces       | Scaled Avg:  -0.0000 | Raw Avg:   8.3998
  foot_clearance            | Scaled Avg:  -0.0001 | Raw Avg:   0.0086
  foot_mirror               | Scaled Avg:  -0.0001 | Raw Avg:   0.0801
  foot_slide                | Scaled Avg:  -0.0017 | Raw Avg:   1.7363
  has_contact               | Scaled Avg:   0.0004 | Raw Avg:   0.0175
  hip_pos                   | Scaled Avg:  -0.0028 | Raw Avg:   0.0280
  lin_vel_z                 | Scaled Avg:  -0.0016 | Raw Avg:   0.0203
  orientation               | Scaled Avg:  -0.0000 | Raw Avg:   0.0101
  powers                    | Scaled Avg:  -0.0001 | Raw Avg: 147.7093
  stand_still               | Scaled Avg:  -0.0002 | Raw Avg:   0.0019
  torques                   | Scaled Avg:  -0.0002 | Raw Avg: 1204.1494
  tracking_ang_vel          | Scaled Avg:   0.0158 | Raw Avg:   0.7882
  tracking_lin_vel          | Scaled Avg:   0.0326 | Raw Avg:   0.8160
  termination               | Scaled Avg:   0.0000
  TOTAL REWARD              | Scaled Avg:   0.0109
------------------------------

------------------------------
Step: 119500 - Reward Breakdown:
  action_rate               | Scaled Avg:  -0.0168 | Raw Avg:   1.6799
  action_smoothness         | Scaled Avg:  -0.0005 | Raw Avg:   0.2629
  ang_vel_xy                | Scaled Avg:  -0.0027 | Raw Avg:   1.3705
  collision                 | Scaled Avg:  -0.0001 | Raw Avg:   0.0028
  dof_acc                   | Scaled Avg:  -0.0008 | Raw Avg: 150409.7031
  dof_error                 | Scaled Avg:  -0.0029 | Raw Avg:   0.2885
  dof_vel                   | Scaled Avg:  -0.0080 | Raw Avg:  79.7215
  feet_contact_forces       | Scaled Avg:  -0.0000 | Raw Avg:   8.0133
  foot_clearance            | Scaled Avg:  -0.0001 | Raw Avg:   0.0086
  foot_mirror               | Scaled Avg:  -0.0001 | Raw Avg:   0.0789
  foot_slide                | Scaled Avg:  -0.0017 | Raw Avg:   1.7418
  has_contact               | Scaled Avg:   0.0004 | Raw Avg:   0.0193
  hip_pos                   | Scaled Avg:  -0.0030 | Raw Avg:   0.0297
  lin_vel_z                 | Scaled Avg:  -0.0022 | Raw Avg:   0.0270
  orientation               | Scaled Avg:  -0.0000 | Raw Avg:   0.0093
  powers                    | Scaled Avg:  -0.0001 | Raw Avg: 147.6141
  stand_still               | Scaled Avg:  -0.0002 | Raw Avg:   0.0022
  torques                   | Scaled Avg:  -0.0002 | Raw Avg: 1199.6854
  tracking_ang_vel          | Scaled Avg:   0.0157 | Raw Avg:   0.7868
  tracking_lin_vel          | Scaled Avg:   0.0326 | Raw Avg:   0.8161
  termination               | Scaled Avg:  -0.0000
  TOTAL REWARD              | Scaled Avg:   0.0094
------------------------------

------------------------------
Step: 120000 - Reward Breakdown:
  action_rate               | Scaled Avg:  -0.0184 | Raw Avg:   1.8365
  action_smoothness         | Scaled Avg:  -0.0006 | Raw Avg:   0.2938
  ang_vel_xy                | Scaled Avg:  -0.0029 | Raw Avg:   1.4390
  collision                 | Scaled Avg:  -0.0001 | Raw Avg:   0.0049
  dof_acc                   | Scaled Avg:  -0.0008 | Raw Avg: 157432.5000
  dof_error                 | Scaled Avg:  -0.0030 | Raw Avg:   0.2989
  dof_vel                   | Scaled Avg:  -0.0086 | Raw Avg:  86.3038
  feet_contact_forces       | Scaled Avg:  -0.0000 | Raw Avg:   8.7585
  foot_clearance            | Scaled Avg:  -0.0001 | Raw Avg:   0.0082
  foot_mirror               | Scaled Avg:  -0.0001 | Raw Avg:   0.0848
  foot_slide                | Scaled Avg:  -0.0018 | Raw Avg:   1.7858
  has_contact               | Scaled Avg:   0.0004 | Raw Avg:   0.0182
  hip_pos                   | Scaled Avg:  -0.0030 | Raw Avg:   0.0299
  lin_vel_z                 | Scaled Avg:  -0.0018 | Raw Avg:   0.0220
  orientation               | Scaled Avg:  -0.0000 | Raw Avg:   0.0116
  powers                    | Scaled Avg:  -0.0001 | Raw Avg: 152.9790
  stand_still               | Scaled Avg:  -0.0001 | Raw Avg:   0.0014
  torques                   | Scaled Avg:  -0.0002 | Raw Avg: 1227.2797
  tracking_ang_vel          | Scaled Avg:   0.0153 | Raw Avg:   0.7637
  tracking_lin_vel          | Scaled Avg:   0.0320 | Raw Avg:   0.8005
  termination               | Scaled Avg:  -0.0000
  TOTAL REWARD              | Scaled Avg:   0.0061
------------------------------
