Importing module 'gym_38' (/data/run01/scxi678/Workspace/isaacgym/python/isaacgym/_bindings/linux-x86_64/gym_38.so)
Setting GYM_USD_PLUG_INFO_PATH to /data/run01/scxi678/Workspace/isaacgym/python/isaacgym/_bindings/linux-x86_64/usd/plugInfo.json
PyTorch version 2.4.1+cu121
Device count 1
/data/run01/scxi678/Workspace/isaacgym/python/isaacgym/_bindings/src/gymtorch
Using /data/run01/scxi678/.cache/torch_extensions/py38_cu121 as PyTorch extensions root...
Emitting ninja build file /data/run01/scxi678/.cache/torch_extensions/py38_cu121/gymtorch/build.ninja...
Building extension module gymtorch...
Allowing ninja to set a default number of workers... (overridable by setting the environment variable MAX_JOBS=N)
ninja: no work to do.
Loading extension module gymtorch...
Setting seed: 1
Not connected to PVD
+++ Using GPU PhysX
Physics Engine: PhysX
Physics Device: cuda:0
GPU Pipeline: enabled
Terrain heightsamples shape:  (2560, 2560)
Terrain heightsamples stat:  0.005 0.075 0.04117176818847656 0.011099462386507998 0.04
/data/home/scxi678/run/parkour_env/lib/python3.8/site-packages/torch/functional.py:513: UserWarning: torch.meshgrid: in an upcoming release, it will be required to pass the indexing argument. (Triggered internally at ../aten/src/ATen/native/TensorShape.cpp:3609.)
  return _VF.meshgrid(tensors, **kwargs)  # type: ignore[attr-defined]
Total number of volume estimation points for each robot is: 1028
Actor MLP: Sequential(
  (0): Linear(in_features=256, out_features=512, bias=True)
  (1): ELU(alpha=1.0)
  (2): Linear(in_features=512, out_features=256, bias=True)
  (3): ELU(alpha=1.0)
  (4): Linear(in_features=256, out_features=128, bias=True)
  (5): ELU(alpha=1.0)
  (6): Linear(in_features=128, out_features=12, bias=True)
)
Critic MLP: Sequential(
  (0): Linear(in_features=256, out_features=512, bias=True)
  (1): ELU(alpha=1.0)
  (2): Linear(in_features=512, out_features=256, bias=True)
  (3): ELU(alpha=1.0)
  (4): Linear(in_features=256, out_features=128, bias=True)
  (5): ELU(alpha=1.0)
  (6): Linear(in_features=128, out_features=1, bias=True)
)
Actor RNN: Memory(
  (rnn): GRU(80, 256)
)
Critic RNN: Memory(
  (rnn): GRU(80, 256)
)
Loading load_run as absolute path: /data/home/scxi678/run/Workspace/parkour_sfy-0313master/parkour_sfy-0313master/legged_gym/logs/rough_ddog/Mar18_15-01-37_DdogRough
Loading model from: /data/home/scxi678/run/Workspace/parkour_sfy-0313master/parkour_sfy-0313master/legged_gym/logs/rough_ddog/Mar18_15-01-37_DdogRough/model_5000.pt
/data/run01/scxi678/Workspace/parkour_sfy-0313master/parkour_sfy-0313master/rsl_rl/rsl_rl/runners/on_policy_runner.py:259: FutureWarning: You are using `torch.load` with `weights_only=False` (the current default value), which uses the default pickle module implicitly. It is possible to construct malicious pickle data which will execute arbitrary code during unpickling (See https://github.com/pytorch/pytorch/blob/main/SECURITY.md#untrusted-models for more details). In a future release, the default value for `weights_only` will be flipped to `True`. This limits the functions that could be executed during unpickling. Arbitrary objects will no longer be allowed to be loaded via this mode unless they are explicitly allowlisted by the user via `torch.serialization.add_safe_globals`. We recommend you start setting `weights_only=True` for any use case where you don't have full control of the loaded file. Please open an issue on GitHub for any issues related to this experimental feature.
  loaded_dict = torch.load(path)
Initialization done, start learning.
NOTE: you may see a bunch of `NaN or Inf found in input tensor` once and appears in the log. Just ignore it if it does not affect the performance.
################################################################################
                    [1m Learning iteration 5000/10000 [0m                     

                       Computation: 28701 steps/s (collection: 2.774s, learning 2.324s)
                     surrogate_loss -0.0002
                         value_loss 0.4359
                            entropy 2.2483
                     estimator_loss 0.0000
                         total_loss 0.4582
             Mean action noise std: 0.20
                       Mean reward: -3.36
               Mean episode length: 23.59
      Mean episode rew_action_rate: -0.0153
Mean episode rew_frame_action_rate: -0.0011
Mean episode rew_action_smoothness: -0.0004
Mean episode rew_frame_action_smoothness: -0.0000
       Mean episode rew_ang_vel_xy: -0.0110
 Mean episode rew_frame_ang_vel_xy: -0.0009
      Mean episode rew_base_height: -0.0001
Mean episode rew_frame_base_height: -0.0000
        Mean episode rew_collision: -0.0014
  Mean episode rew_frame_collision: -0.0001
          Mean episode rew_dof_acc: -0.0031
    Mean episode rew_frame_dof_acc: -0.0002
        Mean episode rew_dof_error: -0.0037
  Mean episode rew_frame_dof_error: -0.0003
          Mean episode rew_dof_vel: -0.0215
    Mean episode rew_frame_dof_vel: -0.0017
    Mean episode rew_feet_air_time: 0.0000
Mean episode rew_frame_feet_air_time: 0.0000
Mean episode rew_feet_contact_forces: -0.0000
Mean episode rew_frame_feet_contact_forces: -0.0000
   Mean episode rew_foot_clearance: -0.0002
Mean episode rew_frame_foot_clearance: -0.0000
      Mean episode rew_foot_mirror: -0.0006
Mean episode rew_frame_foot_mirror: -0.0001
       Mean episode rew_foot_slide: -0.0007
 Mean episode rew_frame_foot_slide: -0.0001
      Mean episode rew_has_contact: 0.0001
Mean episode rew_frame_has_contact: 0.0000
          Mean episode rew_hip_pos: -0.0260
    Mean episode rew_frame_hip_pos: -0.0021
        Mean episode rew_lin_vel_z: -0.0324
  Mean episode rew_frame_lin_vel_z: -0.0028
      Mean episode rew_orientation: -0.0006
Mean episode rew_frame_orientation: -0.0000
           Mean episode rew_powers: -0.0001
     Mean episode rew_frame_powers: -0.0000
      Mean episode rew_stand_still: -0.0013
Mean episode rew_frame_stand_still: -0.0001
          Mean episode rew_stumble: -0.0000
    Mean episode rew_frame_stumble: -0.0000
          Mean episode rew_torques: -0.0003
    Mean episode rew_frame_torques: -0.0000
 Mean episode rew_tracking_ang_vel: 0.0031
Mean episode rew_frame_tracking_ang_vel: 0.0002
 Mean episode rew_tracking_lin_vel: 0.0036
Mean episode rew_frame_tracking_lin_vel: 0.0003
Mean episode max_power_throughout_episode: 3394.0945
            Mean episode max_pos_x: 0.8166
            Mean episode min_pos_x: 0.0294
            Mean episode max_pos_y: 0.3352
            Mean episode min_pos_y: -0.3058
        Mean episode timeout_ratio: 0.3911
       Mean episode num_terminated: 326.0417
--------------------------------------------------------------------------------
                   Total timesteps: 146304
                    Iteration time: 5.10s
                        Total time: 5.10s
                               ETA: 25486.9s


------------------------------
Step: 500 - Reward Breakdown:
  action_rate               | Scaled Avg:  -0.0166 | Raw Avg:   1.6647
  action_smoothness         | Scaled Avg:  -0.0005 | Raw Avg:   0.2508
  ang_vel_xy                | Scaled Avg:  -0.0024 | Raw Avg:   1.1987
  base_height               | Scaled Avg:  -0.0000 | Raw Avg:   0.0005
  collision                 | Scaled Avg:  -0.0001 | Raw Avg:   0.0051
  dof_acc                   | Scaled Avg:  -0.0009 | Raw Avg: 175602.1250
  dof_error                 | Scaled Avg:  -0.0009 | Raw Avg:   0.4641
  dof_vel                   | Scaled Avg:  -0.0105 | Raw Avg: 105.0023
  feet_contact_forces       | Scaled Avg:  -0.0000 | Raw Avg:   7.6649
  foot_clearance            | Scaled Avg:  -0.0001 | Raw Avg:   0.0090
  foot_mirror               | Scaled Avg:  -0.0001 | Raw Avg:   0.1236
  foot_slide                | Scaled Avg:  -0.0018 | Raw Avg:   1.7715
  has_contact               | Scaled Avg:   0.0003 | Raw Avg:   0.0170
  hip_pos                   | Scaled Avg:  -0.0031 | Raw Avg:   0.0313
  lin_vel_z                 | Scaled Avg:  -0.0021 | Raw Avg:   0.0259
  orientation               | Scaled Avg:  -0.0000 | Raw Avg:   0.0110
  powers                    | Scaled Avg:  -0.0001 | Raw Avg: 131.1038
  stand_still               | Scaled Avg:  -0.0005 | Raw Avg:   0.0050
  torques                   | Scaled Avg:  -0.0002 | Raw Avg: 821.5177
  tracking_ang_vel          | Scaled Avg:   0.0155 | Raw Avg:   0.7771
  tracking_lin_vel          | Scaled Avg:   0.0318 | Raw Avg:   0.7938
  TOTAL REWARD              | Scaled Avg:   0.0077
------------------------------

------------------------------
Step: 1000 - Reward Breakdown:
  action_rate               | Scaled Avg:  -0.0165 | Raw Avg:   1.6502
  action_smoothness         | Scaled Avg:  -0.0005 | Raw Avg:   0.2514
  ang_vel_xy                | Scaled Avg:  -0.0026 | Raw Avg:   1.3071
  base_height               | Scaled Avg:  -0.0000 | Raw Avg:   0.0005
  collision                 | Scaled Avg:  -0.0001 | Raw Avg:   0.0056
  dof_acc                   | Scaled Avg:  -0.0008 | Raw Avg: 165276.4375
  dof_error                 | Scaled Avg:  -0.0009 | Raw Avg:   0.4461
  dof_vel                   | Scaled Avg:  -0.0099 | Raw Avg:  99.3524
  feet_contact_forces       | Scaled Avg:  -0.0000 | Raw Avg:   7.2995
  foot_clearance            | Scaled Avg:  -0.0001 | Raw Avg:   0.0089
  foot_mirror               | Scaled Avg:  -0.0001 | Raw Avg:   0.1195
  foot_slide                | Scaled Avg:  -0.0018 | Raw Avg:   1.7569
  has_contact               | Scaled Avg:   0.0004 | Raw Avg:   0.0187
  hip_pos                   | Scaled Avg:  -0.0031 | Raw Avg:   0.0309
  lin_vel_z                 | Scaled Avg:  -0.0022 | Raw Avg:   0.0270
  orientation               | Scaled Avg:  -0.0000 | Raw Avg:   0.0117
  powers                    | Scaled Avg:  -0.0001 | Raw Avg: 128.4142
  stand_still               | Scaled Avg:  -0.0004 | Raw Avg:   0.0044
  torques                   | Scaled Avg:  -0.0002 | Raw Avg: 806.7202
  tracking_ang_vel          | Scaled Avg:   0.0154 | Raw Avg:   0.7680
  tracking_lin_vel          | Scaled Avg:   0.0316 | Raw Avg:   0.7888
  TOTAL REWARD              | Scaled Avg:   0.0079
------------------------------

------------------------------
Step: 1500 - Reward Breakdown:
  action_rate               | Scaled Avg:  -0.0165 | Raw Avg:   1.6460
  action_smoothness         | Scaled Avg:  -0.0005 | Raw Avg:   0.2513
  ang_vel_xy                | Scaled Avg:  -0.0024 | Raw Avg:   1.1887
  base_height               | Scaled Avg:  -0.0000 | Raw Avg:   0.0006
  collision                 | Scaled Avg:  -0.0001 | Raw Avg:   0.0074
  dof_acc                   | Scaled Avg:  -0.0007 | Raw Avg: 138687.4062
  dof_error                 | Scaled Avg:  -0.0009 | Raw Avg:   0.4277
  dof_vel                   | Scaled Avg:  -0.0093 | Raw Avg:  92.6486
  feet_contact_forces       | Scaled Avg:  -0.0000 | Raw Avg:   7.2848
  foot_clearance            | Scaled Avg:  -0.0001 | Raw Avg:   0.0084
  foot_mirror               | Scaled Avg:  -0.0001 | Raw Avg:   0.1157
  foot_slide                | Scaled Avg:  -0.0017 | Raw Avg:   1.6981
  has_contact               | Scaled Avg:   0.0004 | Raw Avg:   0.0178
  hip_pos                   | Scaled Avg:  -0.0031 | Raw Avg:   0.0305
  lin_vel_z                 | Scaled Avg:  -0.0019 | Raw Avg:   0.0238
  orientation               | Scaled Avg:  -0.0000 | Raw Avg:   0.0110
  powers                    | Scaled Avg:  -0.0000 | Raw Avg: 122.7726
  stand_still               | Scaled Avg:  -0.0004 | Raw Avg:   0.0042
  torques                   | Scaled Avg:  -0.0002 | Raw Avg: 802.4330
  tracking_ang_vel          | Scaled Avg:   0.0154 | Raw Avg:   0.7691
  tracking_lin_vel          | Scaled Avg:   0.0308 | Raw Avg:   0.7690
  TOTAL REWARD              | Scaled Avg:   0.0086
------------------------------

------------------------------
Step: 2000 - Reward Breakdown:
  action_rate               | Scaled Avg:  -0.0164 | Raw Avg:   1.6449
  action_smoothness         | Scaled Avg:  -0.0005 | Raw Avg:   0.2532
  ang_vel_xy                | Scaled Avg:  -0.0025 | Raw Avg:   1.2385
  base_height               | Scaled Avg:  -0.0000 | Raw Avg:   0.0005
  collision                 | Scaled Avg:  -0.0001 | Raw Avg:   0.0069
  dof_acc                   | Scaled Avg:  -0.0007 | Raw Avg: 141375.1875
  dof_error                 | Scaled Avg:  -0.0008 | Raw Avg:   0.4234
  dof_vel                   | Scaled Avg:  -0.0091 | Raw Avg:  91.3423
  feet_contact_forces       | Scaled Avg:  -0.0000 | Raw Avg:   7.6287
  foot_clearance            | Scaled Avg:  -0.0001 | Raw Avg:   0.0085
  foot_mirror               | Scaled Avg:  -0.0001 | Raw Avg:   0.1136
  foot_slide                | Scaled Avg:  -0.0017 | Raw Avg:   1.7301
  has_contact               | Scaled Avg:   0.0004 | Raw Avg:   0.0192
  hip_pos                   | Scaled Avg:  -0.0031 | Raw Avg:   0.0311
  lin_vel_z                 | Scaled Avg:  -0.0020 | Raw Avg:   0.0251
  orientation               | Scaled Avg:  -0.0001 | Raw Avg:   0.0127
  powers                    | Scaled Avg:  -0.0000 | Raw Avg: 124.8376
  stand_still               | Scaled Avg:  -0.0004 | Raw Avg:   0.0036
  torques                   | Scaled Avg:  -0.0002 | Raw Avg: 814.7755
  tracking_ang_vel          | Scaled Avg:   0.0154 | Raw Avg:   0.7698
  tracking_lin_vel          | Scaled Avg:   0.0310 | Raw Avg:   0.7749
  TOTAL REWARD              | Scaled Avg:   0.0088
------------------------------
################################################################################
                    [1m Learning iteration 5100/10000 [0m                     

                       Computation: 82234 steps/s (collection: 1.309s, learning 0.470s)
                     surrogate_loss -0.0033
                         value_loss 0.0457
                            entropy 2.3094
                     estimator_loss 0.0000
                         total_loss 0.0655
             Mean action noise std: 0.20
                       Mean reward: 2.23
               Mean episode length: 406.89
      Mean episode rew_action_rate: -0.3544
Mean episode rew_frame_action_rate: -0.0218
Mean episode rew_action_smoothness: -0.0110
Mean episode rew_frame_action_smoothness: -0.0006
       Mean episode rew_ang_vel_xy: -0.0585
 Mean episode rew_frame_ang_vel_xy: -0.0102
      Mean episode rew_base_height: -0.0003
Mean episode rew_frame_base_height: -0.0001
        Mean episode rew_collision: -0.0040
  Mean episode rew_frame_collision: -0.0013
          Mean episode rew_dof_acc: -0.0153
    Mean episode rew_frame_dof_acc: -0.0015
        Mean episode rew_dof_error: -0.0199
  Mean episode rew_frame_dof_error: -0.0042
          Mean episode rew_dof_vel: -0.2013
    Mean episode rew_frame_dof_vel: -0.0217
    Mean episode rew_feet_air_time: 0.0002
Mean episode rew_frame_feet_air_time: 0.0000
Mean episode rew_feet_contact_forces: -0.0005
Mean episode rew_frame_feet_contact_forces: -0.0000
   Mean episode rew_foot_clearance: -0.0019
Mean episode rew_frame_foot_clearance: -0.0002
      Mean episode rew_foot_mirror: -0.0027
Mean episode rew_frame_foot_mirror: -0.0006
       Mean episode rew_foot_slide: -0.0373
 Mean episode rew_frame_foot_slide: -0.0016
      Mean episode rew_has_contact: 0.0076
Mean episode rew_frame_has_contact: 0.0002
          Mean episode rew_hip_pos: -0.0701
    Mean episode rew_frame_hip_pos: -0.0158
        Mean episode rew_lin_vel_z: -0.0503
  Mean episode rew_frame_lin_vel_z: -0.0175
      Mean episode rew_orientation: -0.0013
Mean episode rew_frame_orientation: -0.0005
           Mean episode rew_powers: -0.0011
     Mean episode rew_frame_powers: -0.0001
      Mean episode rew_stand_still: -0.0059
Mean episode rew_frame_stand_still: -0.0001
          Mean episode rew_stumble: -0.0000
    Mean episode rew_frame_stumble: -0.0000
          Mean episode rew_torques: -0.0036
    Mean episode rew_frame_torques: -0.0003
 Mean episode rew_tracking_ang_vel: 0.3323
Mean episode rew_frame_tracking_ang_vel: 0.0101
 Mean episode rew_tracking_lin_vel: 0.6528
Mean episode rew_frame_tracking_lin_vel: 0.0175
Mean episode max_power_throughout_episode: 4523.7480
            Mean episode max_pos_x: 3.6765
            Mean episode min_pos_x: -3.3694
            Mean episode max_pos_y: 3.4342
            Mean episode min_pos_y: -3.9376
        Mean episode timeout_ratio: 0.3859
       Mean episode num_terminated: 9.9167
--------------------------------------------------------------------------------
                   Total timesteps: 292608
                    Iteration time: 1.78s
                        Total time: 182.89s
                               ETA: 8873.1s


------------------------------
Step: 2500 - Reward Breakdown:
  action_rate               | Scaled Avg:  -0.0164 | Raw Avg:   1.6379
  action_smoothness         | Scaled Avg:  -0.0005 | Raw Avg:   0.2501
  ang_vel_xy                | Scaled Avg:  -0.0024 | Raw Avg:   1.2244
  base_height               | Scaled Avg:  -0.0000 | Raw Avg:   0.0006
  collision                 | Scaled Avg:  -0.0001 | Raw Avg:   0.0064
  dof_acc                   | Scaled Avg:  -0.0007 | Raw Avg: 146068.5781
  dof_error                 | Scaled Avg:  -0.0009 | Raw Avg:   0.4289
  dof_vel                   | Scaled Avg:  -0.0092 | Raw Avg:  91.9716
  feet_contact_forces       | Scaled Avg:  -0.0000 | Raw Avg:   7.5271
  foot_clearance            | Scaled Avg:  -0.0001 | Raw Avg:   0.0086
  foot_mirror               | Scaled Avg:  -0.0001 | Raw Avg:   0.1171
  foot_slide                | Scaled Avg:  -0.0017 | Raw Avg:   1.7334
  has_contact               | Scaled Avg:   0.0003 | Raw Avg:   0.0167
  hip_pos                   | Scaled Avg:  -0.0033 | Raw Avg:   0.0326
  lin_vel_z                 | Scaled Avg:  -0.0020 | Raw Avg:   0.0248
  orientation               | Scaled Avg:  -0.0000 | Raw Avg:   0.0118
  powers                    | Scaled Avg:  -0.0000 | Raw Avg: 124.8226
  stand_still               | Scaled Avg:  -0.0002 | Raw Avg:   0.0025
  torques                   | Scaled Avg:  -0.0002 | Raw Avg: 808.8854
  tracking_ang_vel          | Scaled Avg:   0.0154 | Raw Avg:   0.7717
  tracking_lin_vel          | Scaled Avg:   0.0311 | Raw Avg:   0.7782
  TOTAL REWARD              | Scaled Avg:   0.0089
------------------------------

------------------------------
Step: 3000 - Reward Breakdown:
  action_rate               | Scaled Avg:  -0.0164 | Raw Avg:   1.6383
  action_smoothness         | Scaled Avg:  -0.0005 | Raw Avg:   0.2518
  ang_vel_xy                | Scaled Avg:  -0.0025 | Raw Avg:   1.2662
  base_height               | Scaled Avg:  -0.0000 | Raw Avg:   0.0006
  collision                 | Scaled Avg:  -0.0001 | Raw Avg:   0.0057
  dof_acc                   | Scaled Avg:  -0.0008 | Raw Avg: 163672.4375
  dof_error                 | Scaled Avg:  -0.0009 | Raw Avg:   0.4405
  dof_vel                   | Scaled Avg:  -0.0091 | Raw Avg:  90.9995
  feet_contact_forces       | Scaled Avg:  -0.0000 | Raw Avg:   7.5226
  foot_clearance            | Scaled Avg:  -0.0001 | Raw Avg:   0.0090
  foot_mirror               | Scaled Avg:  -0.0001 | Raw Avg:   0.1132
  foot_slide                | Scaled Avg:  -0.0017 | Raw Avg:   1.7436
  has_contact               | Scaled Avg:   0.0004 | Raw Avg:   0.0178
  hip_pos                   | Scaled Avg:  -0.0033 | Raw Avg:   0.0333
  lin_vel_z                 | Scaled Avg:  -0.0021 | Raw Avg:   0.0265
  orientation               | Scaled Avg:  -0.0000 | Raw Avg:   0.0119
  powers                    | Scaled Avg:  -0.0001 | Raw Avg: 126.4510
  stand_still               | Scaled Avg:  -0.0005 | Raw Avg:   0.0045
  torques                   | Scaled Avg:  -0.0002 | Raw Avg: 824.5831
  tracking_ang_vel          | Scaled Avg:   0.0153 | Raw Avg:   0.7673
  tracking_lin_vel          | Scaled Avg:   0.0310 | Raw Avg:   0.7754
  TOTAL REWARD              | Scaled Avg:   0.0082
------------------------------

------------------------------
Step: 3500 - Reward Breakdown:
  action_rate               | Scaled Avg:  -0.0162 | Raw Avg:   1.6243
  action_smoothness         | Scaled Avg:  -0.0005 | Raw Avg:   0.2526
  ang_vel_xy                | Scaled Avg:  -0.0025 | Raw Avg:   1.2619
  base_height               | Scaled Avg:  -0.0000 | Raw Avg:   0.0006
  collision                 | Scaled Avg:  -0.0001 | Raw Avg:   0.0057
  dof_acc                   | Scaled Avg:  -0.0007 | Raw Avg: 136056.8125
  dof_error                 | Scaled Avg:  -0.0009 | Raw Avg:   0.4261
  dof_vel                   | Scaled Avg:  -0.0087 | Raw Avg:  87.0681
  feet_contact_forces       | Scaled Avg:  -0.0000 | Raw Avg:   7.3767
  foot_clearance            | Scaled Avg:  -0.0001 | Raw Avg:   0.0086
  foot_mirror               | Scaled Avg:  -0.0001 | Raw Avg:   0.1136
  foot_slide                | Scaled Avg:  -0.0017 | Raw Avg:   1.7245
  has_contact               | Scaled Avg:   0.0004 | Raw Avg:   0.0182
  hip_pos                   | Scaled Avg:  -0.0032 | Raw Avg:   0.0321
  lin_vel_z                 | Scaled Avg:  -0.0020 | Raw Avg:   0.0251
  orientation               | Scaled Avg:  -0.0000 | Raw Avg:   0.0104
  powers                    | Scaled Avg:  -0.0000 | Raw Avg: 123.2122
  stand_still               | Scaled Avg:  -0.0004 | Raw Avg:   0.0041
  torques                   | Scaled Avg:  -0.0002 | Raw Avg: 814.7213
  tracking_ang_vel          | Scaled Avg:   0.0154 | Raw Avg:   0.7691
  tracking_lin_vel          | Scaled Avg:   0.0311 | Raw Avg:   0.7784
  TOTAL REWARD              | Scaled Avg:   0.0094
------------------------------

------------------------------
Step: 4000 - Reward Breakdown:
  action_rate               | Scaled Avg:  -0.0165 | Raw Avg:   1.6477
  action_smoothness         | Scaled Avg:  -0.0005 | Raw Avg:   0.2570
  ang_vel_xy                | Scaled Avg:  -0.0025 | Raw Avg:   1.2321
  collision                 | Scaled Avg:  -0.0001 | Raw Avg:   0.0054
  dof_acc                   | Scaled Avg:  -0.0008 | Raw Avg: 153083.9219
  dof_error                 | Scaled Avg:  -0.0008 | Raw Avg:   0.3977
  dof_vel                   | Scaled Avg:  -0.0091 | Raw Avg:  90.9267
  feet_contact_forces       | Scaled Avg:  -0.0000 | Raw Avg:   7.7730
  foot_clearance            | Scaled Avg:  -0.0001 | Raw Avg:   0.0086
  foot_mirror               | Scaled Avg:  -0.0001 | Raw Avg:   0.1097
  foot_slide                | Scaled Avg:  -0.0017 | Raw Avg:   1.7404
  has_contact               | Scaled Avg:   0.0004 | Raw Avg:   0.0187
  hip_pos                   | Scaled Avg:  -0.0030 | Raw Avg:   0.0300
  lin_vel_z                 | Scaled Avg:  -0.0021 | Raw Avg:   0.0266
  orientation               | Scaled Avg:  -0.0000 | Raw Avg:   0.0116
  powers                    | Scaled Avg:  -0.0000 | Raw Avg: 124.2520
  stand_still               | Scaled Avg:  -0.0002 | Raw Avg:   0.0023
  torques                   | Scaled Avg:  -0.0002 | Raw Avg: 810.0113
  tracking_ang_vel          | Scaled Avg:   0.0155 | Raw Avg:   0.7741
  tracking_lin_vel          | Scaled Avg:   0.0313 | Raw Avg:   0.7816
  TOTAL REWARD              | Scaled Avg:   0.0093
------------------------------

------------------------------
Step: 4500 - Reward Breakdown:
  action_rate               | Scaled Avg:  -0.0165 | Raw Avg:   1.6501
  action_smoothness         | Scaled Avg:  -0.0005 | Raw Avg:   0.2536
  ang_vel_xy                | Scaled Avg:  -0.0025 | Raw Avg:   1.2388
  base_height               | Scaled Avg:  -0.0000 | Raw Avg:   0.0005
  collision                 | Scaled Avg:  -0.0001 | Raw Avg:   0.0044
  dof_acc                   | Scaled Avg:  -0.0006 | Raw Avg: 123766.3438
  dof_error                 | Scaled Avg:  -0.0008 | Raw Avg:   0.4058
  dof_vel                   | Scaled Avg:  -0.0090 | Raw Avg:  89.8261
  feet_contact_forces       | Scaled Avg:  -0.0000 | Raw Avg:   7.7987
  foot_clearance            | Scaled Avg:  -0.0001 | Raw Avg:   0.0082
  foot_mirror               | Scaled Avg:  -0.0001 | Raw Avg:   0.1126
  foot_slide                | Scaled Avg:  -0.0017 | Raw Avg:   1.7330
  has_contact               | Scaled Avg:   0.0004 | Raw Avg:   0.0185
  hip_pos                   | Scaled Avg:  -0.0031 | Raw Avg:   0.0315
  lin_vel_z                 | Scaled Avg:  -0.0022 | Raw Avg:   0.0278
  orientation               | Scaled Avg:  -0.0000 | Raw Avg:   0.0120
  powers                    | Scaled Avg:  -0.0000 | Raw Avg: 123.6334
  stand_still               | Scaled Avg:  -0.0003 | Raw Avg:   0.0034
  torques                   | Scaled Avg:  -0.0002 | Raw Avg: 823.1826
  tracking_ang_vel          | Scaled Avg:   0.0156 | Raw Avg:   0.7795
  tracking_lin_vel          | Scaled Avg:   0.0316 | Raw Avg:   0.7893
  TOTAL REWARD              | Scaled Avg:   0.0096
------------------------------
################################################################################
                    [1m Learning iteration 5200/10000 [0m                     

                       Computation: 83140 steps/s (collection: 1.289s, learning 0.470s)
                     surrogate_loss -0.0040
                         value_loss 0.0651
                            entropy 2.3034
                     estimator_loss 0.0000
                         total_loss 0.0841
             Mean action noise std: 0.20
                       Mean reward: 2.17
               Mean episode length: 464.06
      Mean episode rew_action_rate: -0.3533
Mean episode rew_frame_action_rate: -0.0219
Mean episode rew_action_smoothness: -0.0109
Mean episode rew_frame_action_smoothness: -0.0006
       Mean episode rew_ang_vel_xy: -0.0567
 Mean episode rew_frame_ang_vel_xy: -0.0100
      Mean episode rew_base_height: -0.0003
Mean episode rew_frame_base_height: -0.0001
        Mean episode rew_collision: -0.0037
  Mean episode rew_frame_collision: -0.0012
          Mean episode rew_dof_acc: -0.0150
    Mean episode rew_frame_dof_acc: -0.0014
        Mean episode rew_dof_error: -0.0212
  Mean episode rew_frame_dof_error: -0.0037
          Mean episode rew_dof_vel: -0.1992
    Mean episode rew_frame_dof_vel: -0.0209
    Mean episode rew_feet_air_time: 0.0003
Mean episode rew_frame_feet_air_time: 0.0000
Mean episode rew_feet_contact_forces: -0.0005
Mean episode rew_frame_feet_contact_forces: -0.0000
   Mean episode rew_foot_clearance: -0.0018
Mean episode rew_frame_foot_clearance: -0.0002
      Mean episode rew_foot_mirror: -0.0029
Mean episode rew_frame_foot_mirror: -0.0005
       Mean episode rew_foot_slide: -0.0367
 Mean episode rew_frame_foot_slide: -0.0017
      Mean episode rew_has_contact: 0.0073
Mean episode rew_frame_has_contact: 0.0002
          Mean episode rew_hip_pos: -0.0861
    Mean episode rew_frame_hip_pos: -0.0157
        Mean episode rew_lin_vel_z: -0.0503
  Mean episode rew_frame_lin_vel_z: -0.0174
      Mean episode rew_orientation: -0.0012
Mean episode rew_frame_orientation: -0.0005
           Mean episode rew_powers: -0.0011
     Mean episode rew_frame_powers: -0.0001
      Mean episode rew_stand_still: -0.0161
Mean episode rew_frame_stand_still: -0.0003
          Mean episode rew_stumble: -0.0000
    Mean episode rew_frame_stumble: -0.0000
          Mean episode rew_torques: -0.0036
    Mean episode rew_frame_torques: -0.0003
 Mean episode rew_tracking_ang_vel: 0.3223
Mean episode rew_frame_tracking_ang_vel: 0.0101
 Mean episode rew_tracking_lin_vel: 0.6347
Mean episode rew_frame_tracking_lin_vel: 0.0171
Mean episode max_power_throughout_episode: 4217.9116
            Mean episode max_pos_x: 3.4727
            Mean episode min_pos_x: -3.5633
            Mean episode max_pos_y: 3.5767
            Mean episode min_pos_y: -2.8271
        Mean episode timeout_ratio: 0.3687
       Mean episode num_terminated: 10.6667
--------------------------------------------------------------------------------
                   Total timesteps: 438912
                    Iteration time: 1.76s
                        Total time: 358.04s
                               ETA: 8550.3s


------------------------------
Step: 5000 - Reward Breakdown:
  action_rate               | Scaled Avg:  -0.0162 | Raw Avg:   1.6216
  action_smoothness         | Scaled Avg:  -0.0005 | Raw Avg:   0.2542
  ang_vel_xy                | Scaled Avg:  -0.0026 | Raw Avg:   1.3173
  base_height               | Scaled Avg:  -0.0000 | Raw Avg:   0.0008
  collision                 | Scaled Avg:  -0.0001 | Raw Avg:   0.0056
  dof_acc                   | Scaled Avg:  -0.0006 | Raw Avg: 112952.8594
  dof_error                 | Scaled Avg:  -0.0008 | Raw Avg:   0.4198
  dof_vel                   | Scaled Avg:  -0.0087 | Raw Avg:  86.8582
  feet_contact_forces       | Scaled Avg:  -0.0000 | Raw Avg:   6.5685
  foot_clearance            | Scaled Avg:  -0.0001 | Raw Avg:   0.0067
  foot_mirror               | Scaled Avg:  -0.0001 | Raw Avg:   0.1200
  foot_slide                | Scaled Avg:  -0.0017 | Raw Avg:   1.7461
  has_contact               | Scaled Avg:   0.0004 | Raw Avg:   0.0183
  hip_pos                   | Scaled Avg:  -0.0030 | Raw Avg:   0.0298
  lin_vel_z                 | Scaled Avg:  -0.0019 | Raw Avg:   0.0234
  orientation               | Scaled Avg:  -0.0000 | Raw Avg:   0.0117
  powers                    | Scaled Avg:  -0.0000 | Raw Avg: 122.4191
  stand_still               | Scaled Avg:  -0.0004 | Raw Avg:   0.0038
  torques                   | Scaled Avg:  -0.0002 | Raw Avg: 843.7231
  tracking_ang_vel          | Scaled Avg:   0.0153 | Raw Avg:   0.7639
  tracking_lin_vel          | Scaled Avg:   0.0302 | Raw Avg:   0.7544
  TOTAL REWARD              | Scaled Avg:   0.0088
------------------------------

------------------------------
Step: 5500 - Reward Breakdown:
  action_rate               | Scaled Avg:  -0.0162 | Raw Avg:   1.6188
  action_smoothness         | Scaled Avg:  -0.0005 | Raw Avg:   0.2540
  ang_vel_xy                | Scaled Avg:  -0.0026 | Raw Avg:   1.2827
  base_height               | Scaled Avg:  -0.0000 | Raw Avg:   0.0006
  collision                 | Scaled Avg:  -0.0001 | Raw Avg:   0.0059
  dof_acc                   | Scaled Avg:  -0.0007 | Raw Avg: 132398.1562
  dof_error                 | Scaled Avg:  -0.0009 | Raw Avg:   0.4350
  dof_vel                   | Scaled Avg:  -0.0086 | Raw Avg:  86.4255
  feet_contact_forces       | Scaled Avg:  -0.0000 | Raw Avg:   6.3416
  foot_clearance            | Scaled Avg:  -0.0001 | Raw Avg:   0.0076
  foot_mirror               | Scaled Avg:  -0.0001 | Raw Avg:   0.1160
  foot_slide                | Scaled Avg:  -0.0018 | Raw Avg:   1.7505
  has_contact               | Scaled Avg:   0.0003 | Raw Avg:   0.0174
  hip_pos                   | Scaled Avg:  -0.0031 | Raw Avg:   0.0313
  lin_vel_z                 | Scaled Avg:  -0.0020 | Raw Avg:   0.0244
  orientation               | Scaled Avg:  -0.0000 | Raw Avg:   0.0119
  powers                    | Scaled Avg:  -0.0000 | Raw Avg: 123.3018
  stand_still               | Scaled Avg:  -0.0004 | Raw Avg:   0.0043
  torques                   | Scaled Avg:  -0.0002 | Raw Avg: 840.2254
  tracking_ang_vel          | Scaled Avg:   0.0153 | Raw Avg:   0.7671
  tracking_lin_vel          | Scaled Avg:   0.0299 | Raw Avg:   0.7487
  TOTAL REWARD              | Scaled Avg:   0.0083
------------------------------

------------------------------
Step: 6000 - Reward Breakdown:
  action_rate               | Scaled Avg:  -0.0163 | Raw Avg:   1.6316
  action_smoothness         | Scaled Avg:  -0.0005 | Raw Avg:   0.2553
  ang_vel_xy                | Scaled Avg:  -0.0026 | Raw Avg:   1.2948
  base_height               | Scaled Avg:  -0.0000 | Raw Avg:   0.0005
  collision                 | Scaled Avg:  -0.0001 | Raw Avg:   0.0041
  dof_acc                   | Scaled Avg:  -0.0007 | Raw Avg: 131917.0156
  dof_error                 | Scaled Avg:  -0.0009 | Raw Avg:   0.4255
  dof_vel                   | Scaled Avg:  -0.0088 | Raw Avg:  87.5488
  feet_contact_forces       | Scaled Avg:  -0.0000 | Raw Avg:   6.9835
  foot_clearance            | Scaled Avg:  -0.0001 | Raw Avg:   0.0080
  foot_mirror               | Scaled Avg:  -0.0001 | Raw Avg:   0.1127
  foot_slide                | Scaled Avg:  -0.0017 | Raw Avg:   1.7372
  has_contact               | Scaled Avg:   0.0003 | Raw Avg:   0.0166
  hip_pos                   | Scaled Avg:  -0.0030 | Raw Avg:   0.0300
  lin_vel_z                 | Scaled Avg:  -0.0019 | Raw Avg:   0.0239
  orientation               | Scaled Avg:  -0.0000 | Raw Avg:   0.0117
  powers                    | Scaled Avg:  -0.0000 | Raw Avg: 123.9409
  stand_still               | Scaled Avg:  -0.0004 | Raw Avg:   0.0036
  torques                   | Scaled Avg:  -0.0002 | Raw Avg: 835.8464
  tracking_ang_vel          | Scaled Avg:   0.0154 | Raw Avg:   0.7700
  tracking_lin_vel          | Scaled Avg:   0.0309 | Raw Avg:   0.7729
  TOTAL REWARD              | Scaled Avg:   0.0094
------------------------------

------------------------------
Step: 6500 - Reward Breakdown:
  action_rate               | Scaled Avg:  -0.0167 | Raw Avg:   1.6710
  action_smoothness         | Scaled Avg:  -0.0005 | Raw Avg:   0.2549
  ang_vel_xy                | Scaled Avg:  -0.0026 | Raw Avg:   1.2947
  collision                 | Scaled Avg:  -0.0001 | Raw Avg:   0.0034
  dof_acc                   | Scaled Avg:  -0.0008 | Raw Avg: 160569.4219
  dof_error                 | Scaled Avg:  -0.0009 | Raw Avg:   0.4296
  dof_vel                   | Scaled Avg:  -0.0089 | Raw Avg:  89.3295
  feet_contact_forces       | Scaled Avg:  -0.0000 | Raw Avg:   7.5988
  foot_clearance            | Scaled Avg:  -0.0001 | Raw Avg:   0.0089
  foot_mirror               | Scaled Avg:  -0.0001 | Raw Avg:   0.1199
  foot_slide                | Scaled Avg:  -0.0018 | Raw Avg:   1.7681
  has_contact               | Scaled Avg:   0.0004 | Raw Avg:   0.0197
  hip_pos                   | Scaled Avg:  -0.0030 | Raw Avg:   0.0305
  lin_vel_z                 | Scaled Avg:  -0.0021 | Raw Avg:   0.0267
  orientation               | Scaled Avg:  -0.0000 | Raw Avg:   0.0118
  powers                    | Scaled Avg:  -0.0001 | Raw Avg: 126.7309
  stand_still               | Scaled Avg:  -0.0003 | Raw Avg:   0.0033
  torques                   | Scaled Avg:  -0.0002 | Raw Avg: 836.4384
  tracking_ang_vel          | Scaled Avg:   0.0155 | Raw Avg:   0.7749
  tracking_lin_vel          | Scaled Avg:   0.0312 | Raw Avg:   0.7808
  TOTAL REWARD              | Scaled Avg:   0.0089
------------------------------

------------------------------
Step: 7000 - Reward Breakdown:
  action_rate               | Scaled Avg:  -0.0162 | Raw Avg:   1.6230
  action_smoothness         | Scaled Avg:  -0.0005 | Raw Avg:   0.2540
  ang_vel_xy                | Scaled Avg:  -0.0025 | Raw Avg:   1.2333
  collision                 | Scaled Avg:  -0.0001 | Raw Avg:   0.0048
  dof_acc                   | Scaled Avg:  -0.0008 | Raw Avg: 161658.7656
  dof_error                 | Scaled Avg:  -0.0008 | Raw Avg:   0.4166
  dof_vel                   | Scaled Avg:  -0.0087 | Raw Avg:  86.5218
  feet_contact_forces       | Scaled Avg:  -0.0000 | Raw Avg:   7.3848
  foot_clearance            | Scaled Avg:  -0.0001 | Raw Avg:   0.0088
  foot_mirror               | Scaled Avg:  -0.0001 | Raw Avg:   0.1136
  foot_slide                | Scaled Avg:  -0.0017 | Raw Avg:   1.7375
  has_contact               | Scaled Avg:   0.0004 | Raw Avg:   0.0181
  hip_pos                   | Scaled Avg:  -0.0030 | Raw Avg:   0.0303
  lin_vel_z                 | Scaled Avg:  -0.0019 | Raw Avg:   0.0243
  orientation               | Scaled Avg:  -0.0000 | Raw Avg:   0.0116
  powers                    | Scaled Avg:  -0.0000 | Raw Avg: 124.9977
  stand_still               | Scaled Avg:  -0.0003 | Raw Avg:   0.0029
  torques                   | Scaled Avg:  -0.0002 | Raw Avg: 829.8913
  tracking_ang_vel          | Scaled Avg:   0.0156 | Raw Avg:   0.7797
  tracking_lin_vel          | Scaled Avg:   0.0309 | Raw Avg:   0.7737
  TOTAL REWARD              | Scaled Avg:   0.0098
------------------------------
################################################################################
                    [1m Learning iteration 5300/10000 [0m                     

                       Computation: 84428 steps/s (collection: 1.263s, learning 0.469s)
                     surrogate_loss -0.0037
                         value_loss 0.0501
                            entropy 2.2967
                     estimator_loss 0.0000
                         total_loss 0.0693
             Mean action noise std: 0.20
                       Mean reward: 3.57
               Mean episode length: 531.13
      Mean episode rew_action_rate: -0.4138
Mean episode rew_frame_action_rate: -0.0207
Mean episode rew_action_smoothness: -0.0129
Mean episode rew_frame_action_smoothness: -0.0006
       Mean episode rew_ang_vel_xy: -0.0658
 Mean episode rew_frame_ang_vel_xy: -0.0090
      Mean episode rew_base_height: -0.0003
Mean episode rew_frame_base_height: -0.0001
        Mean episode rew_collision: -0.0030
  Mean episode rew_frame_collision: -0.0013
          Mean episode rew_dof_acc: -0.0195
    Mean episode rew_frame_dof_acc: -0.0014
        Mean episode rew_dof_error: -0.0219
  Mean episode rew_frame_dof_error: -0.0033
          Mean episode rew_dof_vel: -0.2195
    Mean episode rew_frame_dof_vel: -0.0172
    Mean episode rew_feet_air_time: 0.0002
Mean episode rew_frame_feet_air_time: 0.0000
Mean episode rew_feet_contact_forces: -0.0005
Mean episode rew_frame_feet_contact_forces: -0.0000
   Mean episode rew_foot_clearance: -0.0022
Mean episode rew_frame_foot_clearance: -0.0002
      Mean episode rew_foot_mirror: -0.0031
Mean episode rew_frame_foot_mirror: -0.0005
       Mean episode rew_foot_slide: -0.0433
 Mean episode rew_frame_foot_slide: -0.0016
      Mean episode rew_has_contact: 0.0075
Mean episode rew_frame_has_contact: 0.0002
          Mean episode rew_hip_pos: -0.0765
    Mean episode rew_frame_hip_pos: -0.0120
        Mean episode rew_lin_vel_z: -0.0517
  Mean episode rew_frame_lin_vel_z: -0.0139
      Mean episode rew_orientation: -0.0012
Mean episode rew_frame_orientation: -0.0004
           Mean episode rew_powers: -0.0013
     Mean episode rew_frame_powers: -0.0001
      Mean episode rew_stand_still: -0.0106
Mean episode rew_frame_stand_still: -0.0002
          Mean episode rew_stumble: -0.0000
    Mean episode rew_frame_stumble: -0.0000
          Mean episode rew_torques: -0.0042
    Mean episode rew_frame_torques: -0.0002
 Mean episode rew_tracking_ang_vel: 0.3882
Mean episode rew_frame_tracking_ang_vel: 0.0109
 Mean episode rew_tracking_lin_vel: 0.7741
Mean episode rew_frame_tracking_lin_vel: 0.0192
Mean episode max_power_throughout_episode: 4124.2896
            Mean episode max_pos_x: 4.1561
            Mean episode min_pos_x: -2.5656
            Mean episode max_pos_y: 3.6373
            Mean episode min_pos_y: -3.9451
        Mean episode timeout_ratio: 0.4610
       Mean episode num_terminated: 11.5417
--------------------------------------------------------------------------------
                   Total timesteps: 585216
                    Iteration time: 1.73s
                        Total time: 533.23s
                               ETA: 8326.1s


------------------------------
Step: 7500 - Reward Breakdown:
  action_rate               | Scaled Avg:  -0.0166 | Raw Avg:   1.6582
  action_smoothness         | Scaled Avg:  -0.0005 | Raw Avg:   0.2564
  ang_vel_xy                | Scaled Avg:  -0.0025 | Raw Avg:   1.2534
  collision                 | Scaled Avg:  -0.0001 | Raw Avg:   0.0057
  dof_acc                   | Scaled Avg:  -0.0010 | Raw Avg: 190886.4062
  dof_error                 | Scaled Avg:  -0.0008 | Raw Avg:   0.4129
  dof_vel                   | Scaled Avg:  -0.0089 | Raw Avg:  88.5829
  feet_contact_forces       | Scaled Avg:  -0.0000 | Raw Avg:   7.5014
  foot_clearance            | Scaled Avg:  -0.0001 | Raw Avg:   0.0094
  foot_mirror               | Scaled Avg:  -0.0001 | Raw Avg:   0.1107
  foot_slide                | Scaled Avg:  -0.0017 | Raw Avg:   1.7372
  has_contact               | Scaled Avg:   0.0004 | Raw Avg:   0.0182
  hip_pos                   | Scaled Avg:  -0.0029 | Raw Avg:   0.0294
  lin_vel_z                 | Scaled Avg:  -0.0020 | Raw Avg:   0.0250
  orientation               | Scaled Avg:  -0.0000 | Raw Avg:   0.0118
  powers                    | Scaled Avg:  -0.0001 | Raw Avg: 126.3133
  stand_still               | Scaled Avg:  -0.0003 | Raw Avg:   0.0033
  torques                   | Scaled Avg:  -0.0002 | Raw Avg: 816.6109
  tracking_ang_vel          | Scaled Avg:   0.0155 | Raw Avg:   0.7757
  tracking_lin_vel          | Scaled Avg:   0.0312 | Raw Avg:   0.7803
  TOTAL REWARD              | Scaled Avg:   0.0092
------------------------------

------------------------------
Step: 8000 - Reward Breakdown:
  action_rate               | Scaled Avg:  -0.0164 | Raw Avg:   1.6409
  action_smoothness         | Scaled Avg:  -0.0005 | Raw Avg:   0.2543
  ang_vel_xy                | Scaled Avg:  -0.0025 | Raw Avg:   1.2403
  collision                 | Scaled Avg:  -0.0001 | Raw Avg:   0.0061
  dof_acc                   | Scaled Avg:  -0.0008 | Raw Avg: 160772.0625
  dof_error                 | Scaled Avg:  -0.0008 | Raw Avg:   0.4228
  dof_vel                   | Scaled Avg:  -0.0087 | Raw Avg:  86.8525
  feet_contact_forces       | Scaled Avg:  -0.0000 | Raw Avg:   7.6779
  foot_clearance            | Scaled Avg:  -0.0001 | Raw Avg:   0.0093
  foot_mirror               | Scaled Avg:  -0.0001 | Raw Avg:   0.1115
  foot_slide                | Scaled Avg:  -0.0017 | Raw Avg:   1.7251
  has_contact               | Scaled Avg:   0.0003 | Raw Avg:   0.0152
  hip_pos                   | Scaled Avg:  -0.0031 | Raw Avg:   0.0306
  lin_vel_z                 | Scaled Avg:  -0.0020 | Raw Avg:   0.0253
  orientation               | Scaled Avg:  -0.0000 | Raw Avg:   0.0118
  powers                    | Scaled Avg:  -0.0000 | Raw Avg: 123.9538
  stand_still               | Scaled Avg:  -0.0004 | Raw Avg:   0.0042
  torques                   | Scaled Avg:  -0.0002 | Raw Avg: 819.4761
  tracking_ang_vel          | Scaled Avg:   0.0156 | Raw Avg:   0.7796
  tracking_lin_vel          | Scaled Avg:   0.0311 | Raw Avg:   0.7779
  TOTAL REWARD              | Scaled Avg:   0.0094
------------------------------

------------------------------
Step: 8500 - Reward Breakdown:
  action_rate               | Scaled Avg:  -0.0163 | Raw Avg:   1.6256
  action_smoothness         | Scaled Avg:  -0.0005 | Raw Avg:   0.2522
  ang_vel_xy                | Scaled Avg:  -0.0024 | Raw Avg:   1.2250
  collision                 | Scaled Avg:  -0.0001 | Raw Avg:   0.0048
  dof_acc                   | Scaled Avg:  -0.0008 | Raw Avg: 159960.6094
  dof_error                 | Scaled Avg:  -0.0008 | Raw Avg:   0.4127
  dof_vel                   | Scaled Avg:  -0.0087 | Raw Avg:  86.6331
  feet_contact_forces       | Scaled Avg:  -0.0000 | Raw Avg:   7.7633
  foot_clearance            | Scaled Avg:  -0.0001 | Raw Avg:   0.0092
  foot_mirror               | Scaled Avg:  -0.0001 | Raw Avg:   0.1127
  foot_slide                | Scaled Avg:  -0.0017 | Raw Avg:   1.7165
  has_contact               | Scaled Avg:   0.0003 | Raw Avg:   0.0152
  hip_pos                   | Scaled Avg:  -0.0029 | Raw Avg:   0.0292
  lin_vel_z                 | Scaled Avg:  -0.0019 | Raw Avg:   0.0237
  orientation               | Scaled Avg:  -0.0001 | Raw Avg:   0.0130
  powers                    | Scaled Avg:  -0.0000 | Raw Avg: 122.2105
  stand_still               | Scaled Avg:  -0.0004 | Raw Avg:   0.0037
  torques                   | Scaled Avg:  -0.0002 | Raw Avg: 807.2756
  tracking_ang_vel          | Scaled Avg:   0.0155 | Raw Avg:   0.7729
  tracking_lin_vel          | Scaled Avg:   0.0309 | Raw Avg:   0.7735
  TOTAL REWARD              | Scaled Avg:   0.0097
------------------------------

------------------------------
Step: 9000 - Reward Breakdown:
  action_rate               | Scaled Avg:  -0.0162 | Raw Avg:   1.6234
  action_smoothness         | Scaled Avg:  -0.0005 | Raw Avg:   0.2556
  ang_vel_xy                | Scaled Avg:  -0.0025 | Raw Avg:   1.2281
  collision                 | Scaled Avg:  -0.0001 | Raw Avg:   0.0039
  dof_acc                   | Scaled Avg:  -0.0009 | Raw Avg: 171008.0156
  dof_error                 | Scaled Avg:  -0.0008 | Raw Avg:   0.4205
  dof_vel                   | Scaled Avg:  -0.0086 | Raw Avg:  86.0253
  feet_contact_forces       | Scaled Avg:  -0.0000 | Raw Avg:   7.5272
  foot_clearance            | Scaled Avg:  -0.0001 | Raw Avg:   0.0096
  foot_mirror               | Scaled Avg:  -0.0001 | Raw Avg:   0.1186
  foot_slide                | Scaled Avg:  -0.0017 | Raw Avg:   1.7178
  has_contact               | Scaled Avg:   0.0004 | Raw Avg:   0.0195
  hip_pos                   | Scaled Avg:  -0.0030 | Raw Avg:   0.0298
  lin_vel_z                 | Scaled Avg:  -0.0019 | Raw Avg:   0.0236
  orientation               | Scaled Avg:  -0.0000 | Raw Avg:   0.0118
  powers                    | Scaled Avg:  -0.0000 | Raw Avg: 123.1421
  stand_still               | Scaled Avg:  -0.0006 | Raw Avg:   0.0057
  torques                   | Scaled Avg:  -0.0002 | Raw Avg: 802.5115
  tracking_ang_vel          | Scaled Avg:   0.0154 | Raw Avg:   0.7705
  tracking_lin_vel          | Scaled Avg:   0.0308 | Raw Avg:   0.7689
  TOTAL REWARD              | Scaled Avg:   0.0093
------------------------------

------------------------------
Step: 9500 - Reward Breakdown:
  action_rate               | Scaled Avg:  -0.0162 | Raw Avg:   1.6233
  action_smoothness         | Scaled Avg:  -0.0005 | Raw Avg:   0.2549
  ang_vel_xy                | Scaled Avg:  -0.0025 | Raw Avg:   1.2418
  collision                 | Scaled Avg:  -0.0001 | Raw Avg:   0.0056
  dof_acc                   | Scaled Avg:  -0.0008 | Raw Avg: 152092.2344
  dof_error                 | Scaled Avg:  -0.0008 | Raw Avg:   0.4165
  dof_vel                   | Scaled Avg:  -0.0085 | Raw Avg:  84.5531
  feet_contact_forces       | Scaled Avg:  -0.0000 | Raw Avg:   7.6069
  foot_clearance            | Scaled Avg:  -0.0001 | Raw Avg:   0.0091
  foot_mirror               | Scaled Avg:  -0.0001 | Raw Avg:   0.1198
  foot_slide                | Scaled Avg:  -0.0017 | Raw Avg:   1.7138
  has_contact               | Scaled Avg:   0.0003 | Raw Avg:   0.0160
  hip_pos                   | Scaled Avg:  -0.0032 | Raw Avg:   0.0317
  lin_vel_z                 | Scaled Avg:  -0.0022 | Raw Avg:   0.0281
  orientation               | Scaled Avg:  -0.0000 | Raw Avg:   0.0118
  powers                    | Scaled Avg:  -0.0000 | Raw Avg: 121.3726
  stand_still               | Scaled Avg:  -0.0003 | Raw Avg:   0.0029
  torques                   | Scaled Avg:  -0.0002 | Raw Avg: 802.0463
  tracking_ang_vel          | Scaled Avg:   0.0154 | Raw Avg:   0.7698
  tracking_lin_vel          | Scaled Avg:   0.0310 | Raw Avg:   0.7753
  TOTAL REWARD              | Scaled Avg:   0.0094
------------------------------
################################################################################
                    [1m Learning iteration 5400/10000 [0m                     

                       Computation: 82674 steps/s (collection: 1.296s, learning 0.474s)
                     surrogate_loss -0.0043
                         value_loss 0.0521
                            entropy 2.3136
                     estimator_loss 0.0000
                         total_loss 0.0710
             Mean action noise std: 0.20
                       Mean reward: 3.28
               Mean episode length: 403.63
      Mean episode rew_action_rate: -0.3480
Mean episode rew_frame_action_rate: -0.0224
Mean episode rew_action_smoothness: -0.0109
Mean episode rew_frame_action_smoothness: -0.0006
       Mean episode rew_ang_vel_xy: -0.0567
 Mean episode rew_frame_ang_vel_xy: -0.0105
      Mean episode rew_base_height: -0.0002
Mean episode rew_frame_base_height: -0.0001
        Mean episode rew_collision: -0.0030
  Mean episode rew_frame_collision: -0.0016
          Mean episode rew_dof_acc: -0.0179
    Mean episode rew_frame_dof_acc: -0.0017
        Mean episode rew_dof_error: -0.0186
  Mean episode rew_frame_dof_error: -0.0037
          Mean episode rew_dof_vel: -0.1846
    Mean episode rew_frame_dof_vel: -0.0200
    Mean episode rew_feet_air_time: 0.0001
Mean episode rew_frame_feet_air_time: 0.0000
Mean episode rew_feet_contact_forces: -0.0005
Mean episode rew_frame_feet_contact_forces: -0.0000
   Mean episode rew_foot_clearance: -0.0020
Mean episode rew_frame_foot_clearance: -0.0002
      Mean episode rew_foot_mirror: -0.0026
Mean episode rew_frame_foot_mirror: -0.0005
       Mean episode rew_foot_slide: -0.0363
 Mean episode rew_frame_foot_slide: -0.0016
      Mean episode rew_has_contact: 0.0088
Mean episode rew_frame_has_contact: 0.0005
          Mean episode rew_hip_pos: -0.0684
    Mean episode rew_frame_hip_pos: -0.0159
        Mean episode rew_lin_vel_z: -0.0488
  Mean episode rew_frame_lin_vel_z: -0.0180
      Mean episode rew_orientation: -0.0012
Mean episode rew_frame_orientation: -0.0006
           Mean episode rew_powers: -0.0011
     Mean episode rew_frame_powers: -0.0001
      Mean episode rew_stand_still: -0.0042
Mean episode rew_frame_stand_still: -0.0001
          Mean episode rew_stumble: -0.0000
    Mean episode rew_frame_stumble: -0.0000
          Mean episode rew_torques: -0.0034
    Mean episode rew_frame_torques: -0.0003
 Mean episode rew_tracking_ang_vel: 0.3256
Mean episode rew_frame_tracking_ang_vel: 0.0101
 Mean episode rew_tracking_lin_vel: 0.6500
Mean episode rew_frame_tracking_lin_vel: 0.0171
Mean episode max_power_throughout_episode: 3929.1472
            Mean episode max_pos_x: 4.3394
            Mean episode min_pos_x: -3.1520
            Mean episode max_pos_y: 3.6869
            Mean episode min_pos_y: -3.4322
        Mean episode timeout_ratio: 0.3902
       Mean episode num_terminated: 11.2500
--------------------------------------------------------------------------------
                   Total timesteps: 731520
                    Iteration time: 1.77s
                        Total time: 707.99s
                               ETA: 8121.6s


------------------------------
Step: 10000 - Reward Breakdown:
  action_rate               | Scaled Avg:  -0.0161 | Raw Avg:   1.6080
  action_smoothness         | Scaled Avg:  -0.0005 | Raw Avg:   0.2527
  ang_vel_xy                | Scaled Avg:  -0.0025 | Raw Avg:   1.2414
  collision                 | Scaled Avg:  -0.0001 | Raw Avg:   0.0048
  dof_acc                   | Scaled Avg:  -0.0008 | Raw Avg: 150120.8906
  dof_error                 | Scaled Avg:  -0.0008 | Raw Avg:   0.4177
  dof_vel                   | Scaled Avg:  -0.0084 | Raw Avg:  83.8623
  feet_contact_forces       | Scaled Avg:  -0.0000 | Raw Avg:   6.7684
  foot_clearance            | Scaled Avg:  -0.0001 | Raw Avg:   0.0093
  foot_mirror               | Scaled Avg:  -0.0001 | Raw Avg:   0.1155
  foot_slide                | Scaled Avg:  -0.0017 | Raw Avg:   1.7418
  has_contact               | Scaled Avg:   0.0003 | Raw Avg:   0.0170
  hip_pos                   | Scaled Avg:  -0.0030 | Raw Avg:   0.0303
  lin_vel_z                 | Scaled Avg:  -0.0020 | Raw Avg:   0.0250
  orientation               | Scaled Avg:  -0.0000 | Raw Avg:   0.0115
  powers                    | Scaled Avg:  -0.0000 | Raw Avg: 121.5179
  stand_still               | Scaled Avg:  -0.0004 | Raw Avg:   0.0043
  torques                   | Scaled Avg:  -0.0002 | Raw Avg: 799.9041
  tracking_ang_vel          | Scaled Avg:   0.0154 | Raw Avg:   0.7721
  tracking_lin_vel          | Scaled Avg:   0.0305 | Raw Avg:   0.7634
  TOTAL REWARD              | Scaled Avg:   0.0095
------------------------------

------------------------------
Step: 10500 - Reward Breakdown:
  action_rate               | Scaled Avg:  -0.0161 | Raw Avg:   1.6096
  action_smoothness         | Scaled Avg:  -0.0005 | Raw Avg:   0.2530
  ang_vel_xy                | Scaled Avg:  -0.0024 | Raw Avg:   1.2095
  collision                 | Scaled Avg:  -0.0001 | Raw Avg:   0.0069
  dof_acc                   | Scaled Avg:  -0.0009 | Raw Avg: 175928.2656
  dof_error                 | Scaled Avg:  -0.0008 | Raw Avg:   0.4075
  dof_vel                   | Scaled Avg:  -0.0084 | Raw Avg:  84.0714
  feet_contact_forces       | Scaled Avg:  -0.0000 | Raw Avg:   7.2930
  foot_clearance            | Scaled Avg:  -0.0001 | Raw Avg:   0.0095
  foot_mirror               | Scaled Avg:  -0.0001 | Raw Avg:   0.1093
  foot_slide                | Scaled Avg:  -0.0017 | Raw Avg:   1.7258
  has_contact               | Scaled Avg:   0.0003 | Raw Avg:   0.0171
  hip_pos                   | Scaled Avg:  -0.0030 | Raw Avg:   0.0299
  lin_vel_z                 | Scaled Avg:  -0.0018 | Raw Avg:   0.0230
  orientation               | Scaled Avg:  -0.0000 | Raw Avg:   0.0115
  powers                    | Scaled Avg:  -0.0000 | Raw Avg: 121.7866
  stand_still               | Scaled Avg:  -0.0003 | Raw Avg:   0.0026
  torques                   | Scaled Avg:  -0.0002 | Raw Avg: 799.7689
  tracking_ang_vel          | Scaled Avg:   0.0154 | Raw Avg:   0.7683
  tracking_lin_vel          | Scaled Avg:   0.0308 | Raw Avg:   0.7689
  TOTAL REWARD              | Scaled Avg:   0.0099
------------------------------

------------------------------
Step: 11000 - Reward Breakdown:
  action_rate               | Scaled Avg:  -0.0162 | Raw Avg:   1.6216
  action_smoothness         | Scaled Avg:  -0.0005 | Raw Avg:   0.2536
  ang_vel_xy                | Scaled Avg:  -0.0026 | Raw Avg:   1.2827
  base_height               | Scaled Avg:  -0.0000 | Raw Avg:   0.0005
  collision                 | Scaled Avg:  -0.0001 | Raw Avg:   0.0049
  dof_acc                   | Scaled Avg:  -0.0008 | Raw Avg: 163571.5312
  dof_error                 | Scaled Avg:  -0.0008 | Raw Avg:   0.3986
  dof_vel                   | Scaled Avg:  -0.0083 | Raw Avg:  82.5263
  feet_contact_forces       | Scaled Avg:  -0.0000 | Raw Avg:   6.7866
  foot_clearance            | Scaled Avg:  -0.0001 | Raw Avg:   0.0088
  foot_mirror               | Scaled Avg:  -0.0001 | Raw Avg:   0.1109
  foot_slide                | Scaled Avg:  -0.0018 | Raw Avg:   1.7590
  has_contact               | Scaled Avg:   0.0004 | Raw Avg:   0.0184
  hip_pos                   | Scaled Avg:  -0.0030 | Raw Avg:   0.0296
  lin_vel_z                 | Scaled Avg:  -0.0018 | Raw Avg:   0.0224
  orientation               | Scaled Avg:  -0.0000 | Raw Avg:   0.0111
  powers                    | Scaled Avg:  -0.0000 | Raw Avg: 120.0916
  stand_still               | Scaled Avg:  -0.0004 | Raw Avg:   0.0038
  torques                   | Scaled Avg:  -0.0002 | Raw Avg: 800.9530
  tracking_ang_vel          | Scaled Avg:   0.0152 | Raw Avg:   0.7616
  tracking_lin_vel          | Scaled Avg:   0.0304 | Raw Avg:   0.7601
  TOTAL REWARD              | Scaled Avg:   0.0094
------------------------------

------------------------------
Step: 11500 - Reward Breakdown:
  action_rate               | Scaled Avg:  -0.0161 | Raw Avg:   1.6064
  action_smoothness         | Scaled Avg:  -0.0005 | Raw Avg:   0.2547
  ang_vel_xy                | Scaled Avg:  -0.0025 | Raw Avg:   1.2363
  collision                 | Scaled Avg:  -0.0001 | Raw Avg:   0.0046
  dof_acc                   | Scaled Avg:  -0.0007 | Raw Avg: 148470.0312
  dof_error                 | Scaled Avg:  -0.0008 | Raw Avg:   0.3860
  dof_vel                   | Scaled Avg:  -0.0081 | Raw Avg:  80.8071
  feet_contact_forces       | Scaled Avg:  -0.0000 | Raw Avg:   6.4650
  foot_clearance            | Scaled Avg:  -0.0001 | Raw Avg:   0.0086
  foot_mirror               | Scaled Avg:  -0.0001 | Raw Avg:   0.1084
  foot_slide                | Scaled Avg:  -0.0018 | Raw Avg:   1.7618
  has_contact               | Scaled Avg:   0.0004 | Raw Avg:   0.0211
  hip_pos                   | Scaled Avg:  -0.0030 | Raw Avg:   0.0299
  lin_vel_z                 | Scaled Avg:  -0.0017 | Raw Avg:   0.0211
  orientation               | Scaled Avg:  -0.0000 | Raw Avg:   0.0108
  powers                    | Scaled Avg:  -0.0000 | Raw Avg: 119.4790
  stand_still               | Scaled Avg:  -0.0006 | Raw Avg:   0.0063
  torques                   | Scaled Avg:  -0.0002 | Raw Avg: 809.5391
  tracking_ang_vel          | Scaled Avg:   0.0153 | Raw Avg:   0.7633
  tracking_lin_vel          | Scaled Avg:   0.0303 | Raw Avg:   0.7572
  TOTAL REWARD              | Scaled Avg:   0.0097
------------------------------

------------------------------
Step: 12000 - Reward Breakdown:
  action_rate               | Scaled Avg:  -0.0161 | Raw Avg:   1.6053
  action_smoothness         | Scaled Avg:  -0.0005 | Raw Avg:   0.2538
  ang_vel_xy                | Scaled Avg:  -0.0025 | Raw Avg:   1.2661
  collision                 | Scaled Avg:  -0.0001 | Raw Avg:   0.0048
  dof_acc                   | Scaled Avg:  -0.0008 | Raw Avg: 152155.7812
  dof_error                 | Scaled Avg:  -0.0008 | Raw Avg:   0.3982
  dof_vel                   | Scaled Avg:  -0.0083 | Raw Avg:  82.5528
  feet_contact_forces       | Scaled Avg:  -0.0000 | Raw Avg:   7.2408
  foot_clearance            | Scaled Avg:  -0.0001 | Raw Avg:   0.0088
  foot_mirror               | Scaled Avg:  -0.0001 | Raw Avg:   0.1100
  foot_slide                | Scaled Avg:  -0.0017 | Raw Avg:   1.7286
  has_contact               | Scaled Avg:   0.0004 | Raw Avg:   0.0182
  hip_pos                   | Scaled Avg:  -0.0031 | Raw Avg:   0.0313
  lin_vel_z                 | Scaled Avg:  -0.0018 | Raw Avg:   0.0228
  orientation               | Scaled Avg:  -0.0000 | Raw Avg:   0.0121
  powers                    | Scaled Avg:  -0.0000 | Raw Avg: 120.3016
  stand_still               | Scaled Avg:  -0.0004 | Raw Avg:   0.0041
  torques                   | Scaled Avg:  -0.0002 | Raw Avg: 807.2920
  tracking_ang_vel          | Scaled Avg:   0.0154 | Raw Avg:   0.7678
  tracking_lin_vel          | Scaled Avg:   0.0304 | Raw Avg:   0.7595
  TOTAL REWARD              | Scaled Avg:   0.0095
------------------------------
################################################################################
                    [1m Learning iteration 5500/10000 [0m                     

                       Computation: 84158 steps/s (collection: 1.266s, learning 0.473s)
                     surrogate_loss -0.0027
                         value_loss 0.0426
                            entropy 2.2995
                     estimator_loss 0.0000
                         total_loss 0.0629
             Mean action noise std: 0.20
                       Mean reward: 2.20
               Mean episode length: 405.50
      Mean episode rew_action_rate: -0.3421
Mean episode rew_frame_action_rate: -0.0217
Mean episode rew_action_smoothness: -0.0108
Mean episode rew_frame_action_smoothness: -0.0006
       Mean episode rew_ang_vel_xy: -0.0588
 Mean episode rew_frame_ang_vel_xy: -0.0104
      Mean episode rew_base_height: -0.0003
Mean episode rew_frame_base_height: -0.0001
        Mean episode rew_collision: -0.0033
  Mean episode rew_frame_collision: -0.0017
          Mean episode rew_dof_acc: -0.0164
    Mean episode rew_frame_dof_acc: -0.0015
        Mean episode rew_dof_error: -0.0186
  Mean episode rew_frame_dof_error: -0.0038
          Mean episode rew_dof_vel: -0.1805
    Mean episode rew_frame_dof_vel: -0.0181
    Mean episode rew_feet_air_time: 0.0001
Mean episode rew_frame_feet_air_time: 0.0000
Mean episode rew_feet_contact_forces: -0.0005
Mean episode rew_frame_feet_contact_forces: -0.0000
   Mean episode rew_foot_clearance: -0.0019
Mean episode rew_frame_foot_clearance: -0.0002
      Mean episode rew_foot_mirror: -0.0026
Mean episode rew_frame_foot_mirror: -0.0006
       Mean episode rew_foot_slide: -0.0365
 Mean episode rew_frame_foot_slide: -0.0016
      Mean episode rew_has_contact: 0.0091
Mean episode rew_frame_has_contact: 0.0003
          Mean episode rew_hip_pos: -0.0707
    Mean episode rew_frame_hip_pos: -0.0155
        Mean episode rew_lin_vel_z: -0.0468
  Mean episode rew_frame_lin_vel_z: -0.0159
      Mean episode rew_orientation: -0.0013
Mean episode rew_frame_orientation: -0.0005
           Mean episode rew_powers: -0.0010
     Mean episode rew_frame_powers: -0.0001
      Mean episode rew_stand_still: -0.0123
Mean episode rew_frame_stand_still: -0.0005
          Mean episode rew_stumble: -0.0000
    Mean episode rew_frame_stumble: -0.0000
          Mean episode rew_torques: -0.0035
    Mean episode rew_frame_torques: -0.0003
 Mean episode rew_tracking_ang_vel: 0.3185
Mean episode rew_frame_tracking_ang_vel: 0.0102
 Mean episode rew_tracking_lin_vel: 0.6150
Mean episode rew_frame_tracking_lin_vel: 0.0170
Mean episode max_power_throughout_episode: 3843.8210
            Mean episode max_pos_x: 3.0977
            Mean episode min_pos_x: -3.0213
            Mean episode max_pos_y: 3.3625
            Mean episode min_pos_y: -2.9835
        Mean episode timeout_ratio: 0.3780
       Mean episode num_terminated: 9.7083
--------------------------------------------------------------------------------
                   Total timesteps: 877824
                    Iteration time: 1.74s
                        Total time: 882.29s
                               ETA: 7924.8s


------------------------------
Step: 12500 - Reward Breakdown:
  action_rate               | Scaled Avg:  -0.0161 | Raw Avg:   1.6133
  action_smoothness         | Scaled Avg:  -0.0005 | Raw Avg:   0.2565
  ang_vel_xy                | Scaled Avg:  -0.0026 | Raw Avg:   1.2789
  collision                 | Scaled Avg:  -0.0001 | Raw Avg:   0.0054
  dof_acc                   | Scaled Avg:  -0.0007 | Raw Avg: 144826.6406
  dof_error                 | Scaled Avg:  -0.0008 | Raw Avg:   0.4073
  dof_vel                   | Scaled Avg:  -0.0083 | Raw Avg:  83.0736
  feet_air_time             | Scaled Avg:   0.0000 | Raw Avg:   0.0003
  feet_contact_forces       | Scaled Avg:  -0.0000 | Raw Avg:   7.3917
  foot_clearance            | Scaled Avg:  -0.0001 | Raw Avg:   0.0088
  foot_mirror               | Scaled Avg:  -0.0001 | Raw Avg:   0.1143
  foot_slide                | Scaled Avg:  -0.0017 | Raw Avg:   1.7306
  has_contact               | Scaled Avg:   0.0004 | Raw Avg:   0.0203
  hip_pos                   | Scaled Avg:  -0.0031 | Raw Avg:   0.0314
  lin_vel_z                 | Scaled Avg:  -0.0020 | Raw Avg:   0.0245
  orientation               | Scaled Avg:  -0.0000 | Raw Avg:   0.0117
  powers                    | Scaled Avg:  -0.0000 | Raw Avg: 120.1391
  stand_still               | Scaled Avg:  -0.0003 | Raw Avg:   0.0027
  torques                   | Scaled Avg:  -0.0002 | Raw Avg: 807.3282
  tracking_ang_vel          | Scaled Avg:   0.0154 | Raw Avg:   0.7688
  tracking_lin_vel          | Scaled Avg:   0.0304 | Raw Avg:   0.7599
  TOTAL REWARD              | Scaled Avg:   0.0094
------------------------------

------------------------------
Step: 13000 - Reward Breakdown:
  action_rate               | Scaled Avg:  -0.0163 | Raw Avg:   1.6308
  action_smoothness         | Scaled Avg:  -0.0005 | Raw Avg:   0.2558
  ang_vel_xy                | Scaled Avg:  -0.0026 | Raw Avg:   1.3045
  collision                 | Scaled Avg:  -0.0001 | Raw Avg:   0.0049
  dof_acc                   | Scaled Avg:  -0.0008 | Raw Avg: 169538.1875
  dof_error                 | Scaled Avg:  -0.0008 | Raw Avg:   0.4040
  dof_vel                   | Scaled Avg:  -0.0086 | Raw Avg:  85.6992
  feet_contact_forces       | Scaled Avg:  -0.0000 | Raw Avg:   7.5346
  foot_clearance            | Scaled Avg:  -0.0001 | Raw Avg:   0.0092
  foot_mirror               | Scaled Avg:  -0.0001 | Raw Avg:   0.1097
  foot_slide                | Scaled Avg:  -0.0017 | Raw Avg:   1.7468
  has_contact               | Scaled Avg:   0.0004 | Raw Avg:   0.0176
  hip_pos                   | Scaled Avg:  -0.0030 | Raw Avg:   0.0304
  lin_vel_z                 | Scaled Avg:  -0.0021 | Raw Avg:   0.0258
  orientation               | Scaled Avg:  -0.0000 | Raw Avg:   0.0120
  powers                    | Scaled Avg:  -0.0000 | Raw Avg: 122.8305
  stand_still               | Scaled Avg:  -0.0002 | Raw Avg:   0.0022
  torques                   | Scaled Avg:  -0.0002 | Raw Avg: 796.2623
  tracking_ang_vel          | Scaled Avg:   0.0155 | Raw Avg:   0.7743
  tracking_lin_vel          | Scaled Avg:   0.0310 | Raw Avg:   0.7745
  TOTAL REWARD              | Scaled Avg:   0.0095
------------------------------

------------------------------
Step: 13500 - Reward Breakdown:
  action_rate               | Scaled Avg:  -0.0163 | Raw Avg:   1.6319
  action_smoothness         | Scaled Avg:  -0.0005 | Raw Avg:   0.2585
  ang_vel_xy                | Scaled Avg:  -0.0026 | Raw Avg:   1.3034
  collision                 | Scaled Avg:  -0.0001 | Raw Avg:   0.0061
  dof_acc                   | Scaled Avg:  -0.0007 | Raw Avg: 146672.6094
  dof_error                 | Scaled Avg:  -0.0008 | Raw Avg:   0.4112
  dof_vel                   | Scaled Avg:  -0.0082 | Raw Avg:  82.1365
  feet_contact_forces       | Scaled Avg:  -0.0000 | Raw Avg:   6.9165
  foot_clearance            | Scaled Avg:  -0.0001 | Raw Avg:   0.0087
  foot_mirror               | Scaled Avg:  -0.0001 | Raw Avg:   0.1145
  foot_slide                | Scaled Avg:  -0.0018 | Raw Avg:   1.7509
  has_contact               | Scaled Avg:   0.0004 | Raw Avg:   0.0193
  hip_pos                   | Scaled Avg:  -0.0031 | Raw Avg:   0.0306
  lin_vel_z                 | Scaled Avg:  -0.0019 | Raw Avg:   0.0243
  orientation               | Scaled Avg:  -0.0000 | Raw Avg:   0.0108
  powers                    | Scaled Avg:  -0.0000 | Raw Avg: 120.8289
  stand_still               | Scaled Avg:  -0.0004 | Raw Avg:   0.0041
  torques                   | Scaled Avg:  -0.0002 | Raw Avg: 804.3976
  tracking_ang_vel          | Scaled Avg:   0.0153 | Raw Avg:   0.7651
  tracking_lin_vel          | Scaled Avg:   0.0309 | Raw Avg:   0.7733
  TOTAL REWARD              | Scaled Avg:   0.0096
------------------------------

------------------------------
Step: 14000 - Reward Breakdown:
  action_rate               | Scaled Avg:  -0.0162 | Raw Avg:   1.6159
  action_smoothness         | Scaled Avg:  -0.0005 | Raw Avg:   0.2570
  ang_vel_xy                | Scaled Avg:  -0.0025 | Raw Avg:   1.2629
  collision                 | Scaled Avg:  -0.0001 | Raw Avg:   0.0066
  dof_acc                   | Scaled Avg:  -0.0008 | Raw Avg: 164224.8750
  dof_error                 | Scaled Avg:  -0.0008 | Raw Avg:   0.4149
  dof_vel                   | Scaled Avg:  -0.0084 | Raw Avg:  84.1316
  feet_contact_forces       | Scaled Avg:  -0.0000 | Raw Avg:   7.6090
  foot_clearance            | Scaled Avg:  -0.0001 | Raw Avg:   0.0092
  foot_mirror               | Scaled Avg:  -0.0001 | Raw Avg:   0.1083
  foot_slide                | Scaled Avg:  -0.0017 | Raw Avg:   1.7238
  has_contact               | Scaled Avg:   0.0004 | Raw Avg:   0.0189
  hip_pos                   | Scaled Avg:  -0.0032 | Raw Avg:   0.0316
  lin_vel_z                 | Scaled Avg:  -0.0022 | Raw Avg:   0.0272
  orientation               | Scaled Avg:  -0.0000 | Raw Avg:   0.0123
  powers                    | Scaled Avg:  -0.0000 | Raw Avg: 122.4236
  stand_still               | Scaled Avg:  -0.0004 | Raw Avg:   0.0039
  torques                   | Scaled Avg:  -0.0002 | Raw Avg: 805.1237
  tracking_ang_vel          | Scaled Avg:   0.0154 | Raw Avg:   0.7678
  tracking_lin_vel          | Scaled Avg:   0.0312 | Raw Avg:   0.7806
  TOTAL REWARD              | Scaled Avg:   0.0096
------------------------------
################################################################################
                    [1m Learning iteration 5600/10000 [0m                     

                       Computation: 83535 steps/s (collection: 1.279s, learning 0.472s)
                     surrogate_loss -0.0029
                         value_loss 0.0513
                            entropy 2.3017
                     estimator_loss 0.0000
                         total_loss 0.0715
             Mean action noise std: 0.20
                       Mean reward: 3.35
               Mean episode length: 454.09
      Mean episode rew_action_rate: -0.3682
Mean episode rew_frame_action_rate: -0.0221
Mean episode rew_action_smoothness: -0.0117
Mean episode rew_frame_action_smoothness: -0.0006
       Mean episode rew_ang_vel_xy: -0.0600
 Mean episode rew_frame_ang_vel_xy: -0.0104
      Mean episode rew_base_height: -0.0002
Mean episode rew_frame_base_height: -0.0001
        Mean episode rew_collision: -0.0024
  Mean episode rew_frame_collision: -0.0011
          Mean episode rew_dof_acc: -0.0183
    Mean episode rew_frame_dof_acc: -0.0017
        Mean episode rew_dof_error: -0.0190
  Mean episode rew_frame_dof_error: -0.0032
          Mean episode rew_dof_vel: -0.1902
    Mean episode rew_frame_dof_vel: -0.0182
    Mean episode rew_feet_air_time: 0.0001
Mean episode rew_frame_feet_air_time: 0.0000
Mean episode rew_feet_contact_forces: -0.0005
Mean episode rew_frame_feet_contact_forces: -0.0000
   Mean episode rew_foot_clearance: -0.0020
Mean episode rew_frame_foot_clearance: -0.0002
      Mean episode rew_foot_mirror: -0.0025
Mean episode rew_frame_foot_mirror: -0.0005
       Mean episode rew_foot_slide: -0.0391
 Mean episode rew_frame_foot_slide: -0.0016
      Mean episode rew_has_contact: 0.0098
Mean episode rew_frame_has_contact: 0.0003
          Mean episode rew_hip_pos: -0.0728
    Mean episode rew_frame_hip_pos: -0.0146
        Mean episode rew_lin_vel_z: -0.0499
  Mean episode rew_frame_lin_vel_z: -0.0171
      Mean episode rew_orientation: -0.0012
Mean episode rew_frame_orientation: -0.0005
           Mean episode rew_powers: -0.0011
     Mean episode rew_frame_powers: -0.0001
      Mean episode rew_stand_still: -0.0224
Mean episode rew_frame_stand_still: -0.0004
          Mean episode rew_stumble: -0.0000
    Mean episode rew_frame_stumble: -0.0000
          Mean episode rew_torques: -0.0037
    Mean episode rew_frame_torques: -0.0003
 Mean episode rew_tracking_ang_vel: 0.3455
Mean episode rew_frame_tracking_ang_vel: 0.0103
 Mean episode rew_tracking_lin_vel: 0.6917
Mean episode rew_frame_tracking_lin_vel: 0.0185
Mean episode max_power_throughout_episode: 3886.3010
            Mean episode max_pos_x: 3.1175
            Mean episode min_pos_x: -1.8949
            Mean episode max_pos_y: 3.5658
            Mean episode min_pos_y: -3.2218
        Mean episode timeout_ratio: 0.4174
       Mean episode num_terminated: 10.6250
--------------------------------------------------------------------------------
                   Total timesteps: 1024128
                    Iteration time: 1.75s
                        Total time: 1056.98s
                               ETA: 7738.3s


------------------------------
Step: 14500 - Reward Breakdown:
  action_rate               | Scaled Avg:  -0.0159 | Raw Avg:   1.5941
  action_smoothness         | Scaled Avg:  -0.0005 | Raw Avg:   0.2576
  ang_vel_xy                | Scaled Avg:  -0.0024 | Raw Avg:   1.2106
  collision                 | Scaled Avg:  -0.0001 | Raw Avg:   0.0054
  dof_acc                   | Scaled Avg:  -0.0008 | Raw Avg: 160136.6562
  dof_error                 | Scaled Avg:  -0.0008 | Raw Avg:   0.4059
  dof_vel                   | Scaled Avg:  -0.0082 | Raw Avg:  81.5525
  feet_contact_forces       | Scaled Avg:  -0.0000 | Raw Avg:   7.1387
  foot_clearance            | Scaled Avg:  -0.0001 | Raw Avg:   0.0091
  foot_mirror               | Scaled Avg:  -0.0001 | Raw Avg:   0.1065
  foot_slide                | Scaled Avg:  -0.0017 | Raw Avg:   1.7357
  has_contact               | Scaled Avg:   0.0004 | Raw Avg:   0.0181
  hip_pos                   | Scaled Avg:  -0.0031 | Raw Avg:   0.0308
  lin_vel_z                 | Scaled Avg:  -0.0018 | Raw Avg:   0.0225
  orientation               | Scaled Avg:  -0.0000 | Raw Avg:   0.0113
  powers                    | Scaled Avg:  -0.0000 | Raw Avg: 120.9666
  stand_still               | Scaled Avg:  -0.0004 | Raw Avg:   0.0036
  torques                   | Scaled Avg:  -0.0002 | Raw Avg: 801.0196
  tracking_ang_vel          | Scaled Avg:   0.0153 | Raw Avg:   0.7671
  tracking_lin_vel          | Scaled Avg:   0.0310 | Raw Avg:   0.7740
  TOTAL REWARD              | Scaled Avg:   0.0105
------------------------------

------------------------------
Step: 15000 - Reward Breakdown:
  action_rate               | Scaled Avg:  -0.0164 | Raw Avg:   1.6375
  action_smoothness         | Scaled Avg:  -0.0005 | Raw Avg:   0.2571
  ang_vel_xy                | Scaled Avg:  -0.0026 | Raw Avg:   1.3012
  collision                 | Scaled Avg:  -0.0001 | Raw Avg:   0.0044
  dof_acc                   | Scaled Avg:  -0.0008 | Raw Avg: 161401.0625
  dof_error                 | Scaled Avg:  -0.0008 | Raw Avg:   0.4131
  dof_vel                   | Scaled Avg:  -0.0081 | Raw Avg:  81.0688
  feet_contact_forces       | Scaled Avg:  -0.0000 | Raw Avg:   7.3925
  foot_clearance            | Scaled Avg:  -0.0001 | Raw Avg:   0.0094
  foot_mirror               | Scaled Avg:  -0.0001 | Raw Avg:   0.1069
  foot_slide                | Scaled Avg:  -0.0017 | Raw Avg:   1.7367
  has_contact               | Scaled Avg:   0.0004 | Raw Avg:   0.0184
  hip_pos                   | Scaled Avg:  -0.0032 | Raw Avg:   0.0325
  lin_vel_z                 | Scaled Avg:  -0.0021 | Raw Avg:   0.0258
  orientation               | Scaled Avg:  -0.0000 | Raw Avg:   0.0122
  powers                    | Scaled Avg:  -0.0000 | Raw Avg: 121.4821
  stand_still               | Scaled Avg:  -0.0004 | Raw Avg:   0.0040
  torques                   | Scaled Avg:  -0.0002 | Raw Avg: 813.9167
  tracking_ang_vel          | Scaled Avg:   0.0153 | Raw Avg:   0.7646
  tracking_lin_vel          | Scaled Avg:   0.0310 | Raw Avg:   0.7756
  TOTAL REWARD              | Scaled Avg:   0.0094
------------------------------

------------------------------
Step: 15500 - Reward Breakdown:
  action_rate               | Scaled Avg:  -0.0161 | Raw Avg:   1.6150
  action_smoothness         | Scaled Avg:  -0.0005 | Raw Avg:   0.2572
  ang_vel_xy                | Scaled Avg:  -0.0025 | Raw Avg:   1.2368
  collision                 | Scaled Avg:  -0.0001 | Raw Avg:   0.0056
  dof_acc                   | Scaled Avg:  -0.0008 | Raw Avg: 161598.2656
  dof_error                 | Scaled Avg:  -0.0008 | Raw Avg:   0.3934
  dof_vel                   | Scaled Avg:  -0.0080 | Raw Avg:  80.4663
  feet_contact_forces       | Scaled Avg:  -0.0000 | Raw Avg:   7.1092
  foot_clearance            | Scaled Avg:  -0.0001 | Raw Avg:   0.0089
  foot_mirror               | Scaled Avg:  -0.0001 | Raw Avg:   0.1078
  foot_slide                | Scaled Avg:  -0.0018 | Raw Avg:   1.7510
  has_contact               | Scaled Avg:   0.0004 | Raw Avg:   0.0203
  hip_pos                   | Scaled Avg:  -0.0030 | Raw Avg:   0.0296
  lin_vel_z                 | Scaled Avg:  -0.0018 | Raw Avg:   0.0225
  orientation               | Scaled Avg:  -0.0000 | Raw Avg:   0.0122
  powers                    | Scaled Avg:  -0.0000 | Raw Avg: 120.6676
  stand_still               | Scaled Avg:  -0.0003 | Raw Avg:   0.0030
  torques                   | Scaled Avg:  -0.0002 | Raw Avg: 802.6124
  tracking_ang_vel          | Scaled Avg:   0.0152 | Raw Avg:   0.7608
  tracking_lin_vel          | Scaled Avg:   0.0303 | Raw Avg:   0.7585
  TOTAL REWARD              | Scaled Avg:   0.0098
------------------------------

------------------------------
Step: 16000 - Reward Breakdown:
  action_rate               | Scaled Avg:  -0.0161 | Raw Avg:   1.6146
  action_smoothness         | Scaled Avg:  -0.0005 | Raw Avg:   0.2553
  ang_vel_xy                | Scaled Avg:  -0.0025 | Raw Avg:   1.2544
  collision                 | Scaled Avg:  -0.0001 | Raw Avg:   0.0056
  dof_acc                   | Scaled Avg:  -0.0008 | Raw Avg: 152245.6875
  dof_error                 | Scaled Avg:  -0.0008 | Raw Avg:   0.3946
  dof_vel                   | Scaled Avg:  -0.0081 | Raw Avg:  80.8428
  feet_contact_forces       | Scaled Avg:  -0.0000 | Raw Avg:   7.2337
  foot_clearance            | Scaled Avg:  -0.0001 | Raw Avg:   0.0088
  foot_mirror               | Scaled Avg:  -0.0001 | Raw Avg:   0.1073
  foot_slide                | Scaled Avg:  -0.0017 | Raw Avg:   1.7299
  has_contact               | Scaled Avg:   0.0004 | Raw Avg:   0.0177
  hip_pos                   | Scaled Avg:  -0.0031 | Raw Avg:   0.0311
  lin_vel_z                 | Scaled Avg:  -0.0018 | Raw Avg:   0.0230
  orientation               | Scaled Avg:  -0.0000 | Raw Avg:   0.0119
  powers                    | Scaled Avg:  -0.0000 | Raw Avg: 119.6100
  stand_still               | Scaled Avg:  -0.0004 | Raw Avg:   0.0035
  torques                   | Scaled Avg:  -0.0002 | Raw Avg: 796.2582
  tracking_ang_vel          | Scaled Avg:   0.0154 | Raw Avg:   0.7712
  tracking_lin_vel          | Scaled Avg:   0.0303 | Raw Avg:   0.7566
  TOTAL REWARD              | Scaled Avg:   0.0096
------------------------------

------------------------------
Step: 16500 - Reward Breakdown:
  action_rate               | Scaled Avg:  -0.0162 | Raw Avg:   1.6236
  action_smoothness         | Scaled Avg:  -0.0005 | Raw Avg:   0.2548
  ang_vel_xy                | Scaled Avg:  -0.0024 | Raw Avg:   1.2192
  base_height               | Scaled Avg:  -0.0000 | Raw Avg:   0.0005
  collision                 | Scaled Avg:  -0.0001 | Raw Avg:   0.0061
  dof_acc                   | Scaled Avg:  -0.0007 | Raw Avg: 142025.6719
  dof_error                 | Scaled Avg:  -0.0008 | Raw Avg:   0.3936
  dof_vel                   | Scaled Avg:  -0.0084 | Raw Avg:  83.8682
  feet_contact_forces       | Scaled Avg:  -0.0000 | Raw Avg:   6.5857
  foot_clearance            | Scaled Avg:  -0.0001 | Raw Avg:   0.0081
  foot_mirror               | Scaled Avg:  -0.0001 | Raw Avg:   0.1102
  foot_slide                | Scaled Avg:  -0.0018 | Raw Avg:   1.7621
  has_contact               | Scaled Avg:   0.0004 | Raw Avg:   0.0204
  hip_pos                   | Scaled Avg:  -0.0030 | Raw Avg:   0.0299
  lin_vel_z                 | Scaled Avg:  -0.0018 | Raw Avg:   0.0230
  orientation               | Scaled Avg:  -0.0000 | Raw Avg:   0.0120
  powers                    | Scaled Avg:  -0.0000 | Raw Avg: 120.8399
  stand_still               | Scaled Avg:  -0.0004 | Raw Avg:   0.0037
  torques                   | Scaled Avg:  -0.0002 | Raw Avg: 803.4487
  tracking_ang_vel          | Scaled Avg:   0.0153 | Raw Avg:   0.7666
  tracking_lin_vel          | Scaled Avg:   0.0308 | Raw Avg:   0.7696
  TOTAL REWARD              | Scaled Avg:   0.0099
------------------------------
################################################################################
                    [1m Learning iteration 5700/10000 [0m                     

                       Computation: 85338 steps/s (collection: 1.241s, learning 0.473s)
                     surrogate_loss -0.0033
                         value_loss 0.0551
                            entropy 2.3136
                     estimator_loss 0.0000
                         total_loss 0.0749
             Mean action noise std: 0.20
                       Mean reward: 4.59
               Mean episode length: 530.84
      Mean episode rew_action_rate: -0.4148
Mean episode rew_frame_action_rate: -0.0205
Mean episode rew_action_smoothness: -0.0132
Mean episode rew_frame_action_smoothness: -0.0006
       Mean episode rew_ang_vel_xy: -0.0658
 Mean episode rew_frame_ang_vel_xy: -0.0093
      Mean episode rew_base_height: -0.0003
Mean episode rew_frame_base_height: -0.0001
        Mean episode rew_collision: -0.0030
  Mean episode rew_frame_collision: -0.0012
          Mean episode rew_dof_acc: -0.0183
    Mean episode rew_frame_dof_acc: -0.0014
        Mean episode rew_dof_error: -0.0209
  Mean episode rew_frame_dof_error: -0.0032
          Mean episode rew_dof_vel: -0.2074
    Mean episode rew_frame_dof_vel: -0.0165
    Mean episode rew_feet_air_time: 0.0001
Mean episode rew_frame_feet_air_time: 0.0000
Mean episode rew_feet_contact_forces: -0.0005
Mean episode rew_frame_feet_contact_forces: -0.0000
   Mean episode rew_foot_clearance: -0.0022
Mean episode rew_frame_foot_clearance: -0.0002
      Mean episode rew_foot_mirror: -0.0030
Mean episode rew_frame_foot_mirror: -0.0005
       Mean episode rew_foot_slide: -0.0445
 Mean episode rew_frame_foot_slide: -0.0016
      Mean episode rew_has_contact: 0.0103
Mean episode rew_frame_has_contact: 0.0004
          Mean episode rew_hip_pos: -0.0799
    Mean episode rew_frame_hip_pos: -0.0138
        Mean episode rew_lin_vel_z: -0.0497
  Mean episode rew_frame_lin_vel_z: -0.0145
      Mean episode rew_orientation: -0.0013
Mean episode rew_frame_orientation: -0.0005
           Mean episode rew_powers: -0.0012
     Mean episode rew_frame_powers: -0.0001
      Mean episode rew_stand_still: -0.0210
Mean episode rew_frame_stand_still: -0.0029
          Mean episode rew_stumble: -0.0000
    Mean episode rew_frame_stumble: -0.0000
          Mean episode rew_torques: -0.0042
    Mean episode rew_frame_torques: -0.0002
 Mean episode rew_tracking_ang_vel: 0.3948
Mean episode rew_frame_tracking_ang_vel: 0.0108
 Mean episode rew_tracking_lin_vel: 0.7895
Mean episode rew_frame_tracking_lin_vel: 0.0199
Mean episode max_power_throughout_episode: 3901.8711
            Mean episode max_pos_x: 3.7079
            Mean episode min_pos_x: -2.8482
            Mean episode max_pos_y: 3.3991
            Mean episode min_pos_y: -3.2622
        Mean episode timeout_ratio: 0.4803
       Mean episode num_terminated: 10.6250
--------------------------------------------------------------------------------
                   Total timesteps: 1170432
                    Iteration time: 1.71s
                        Total time: 1231.67s
                               ETA: 7555.2s


------------------------------
Step: 17000 - Reward Breakdown:
  action_rate               | Scaled Avg:  -0.0164 | Raw Avg:   1.6395
  action_smoothness         | Scaled Avg:  -0.0005 | Raw Avg:   0.2609
  ang_vel_xy                | Scaled Avg:  -0.0024 | Raw Avg:   1.2158
  collision                 | Scaled Avg:  -0.0001 | Raw Avg:   0.0051
  dof_acc                   | Scaled Avg:  -0.0006 | Raw Avg: 129933.6484
  dof_error                 | Scaled Avg:  -0.0008 | Raw Avg:   0.3848
  dof_vel                   | Scaled Avg:  -0.0083 | Raw Avg:  82.7780
  feet_contact_forces       | Scaled Avg:  -0.0000 | Raw Avg:   6.8649
  foot_clearance            | Scaled Avg:  -0.0001 | Raw Avg:   0.0079
  foot_mirror               | Scaled Avg:  -0.0001 | Raw Avg:   0.1108
  foot_slide                | Scaled Avg:  -0.0018 | Raw Avg:   1.7683
  has_contact               | Scaled Avg:   0.0004 | Raw Avg:   0.0192
  hip_pos                   | Scaled Avg:  -0.0029 | Raw Avg:   0.0295
  lin_vel_z                 | Scaled Avg:  -0.0019 | Raw Avg:   0.0244
  orientation               | Scaled Avg:  -0.0000 | Raw Avg:   0.0124
  powers                    | Scaled Avg:  -0.0000 | Raw Avg: 120.3327
  stand_still               | Scaled Avg:  -0.0003 | Raw Avg:   0.0034
  torques                   | Scaled Avg:  -0.0002 | Raw Avg: 817.8495
  tracking_ang_vel          | Scaled Avg:   0.0152 | Raw Avg:   0.7586
  tracking_lin_vel          | Scaled Avg:   0.0310 | Raw Avg:   0.7752
  TOTAL REWARD              | Scaled Avg:   0.0099
------------------------------

------------------------------
Step: 17500 - Reward Breakdown:
  action_rate               | Scaled Avg:  -0.0164 | Raw Avg:   1.6389
  action_smoothness         | Scaled Avg:  -0.0005 | Raw Avg:   0.2561
  ang_vel_xy                | Scaled Avg:  -0.0026 | Raw Avg:   1.2977
  base_height               | Scaled Avg:  -0.0000 | Raw Avg:   0.0005
  collision                 | Scaled Avg:  -0.0001 | Raw Avg:   0.0059
  dof_acc                   | Scaled Avg:  -0.0007 | Raw Avg: 141856.6562
  dof_error                 | Scaled Avg:  -0.0008 | Raw Avg:   0.4077
  dof_vel                   | Scaled Avg:  -0.0082 | Raw Avg:  81.9591
  feet_contact_forces       | Scaled Avg:  -0.0000 | Raw Avg:   6.7623
  foot_clearance            | Scaled Avg:  -0.0001 | Raw Avg:   0.0084
  foot_mirror               | Scaled Avg:  -0.0001 | Raw Avg:   0.1102
  foot_slide                | Scaled Avg:  -0.0017 | Raw Avg:   1.7457
  has_contact               | Scaled Avg:   0.0004 | Raw Avg:   0.0185
  hip_pos                   | Scaled Avg:  -0.0030 | Raw Avg:   0.0295
  lin_vel_z                 | Scaled Avg:  -0.0019 | Raw Avg:   0.0237
  orientation               | Scaled Avg:  -0.0000 | Raw Avg:   0.0123
  powers                    | Scaled Avg:  -0.0000 | Raw Avg: 119.7773
  stand_still               | Scaled Avg:  -0.0004 | Raw Avg:   0.0037
  torques                   | Scaled Avg:  -0.0002 | Raw Avg: 811.1179
  tracking_ang_vel          | Scaled Avg:   0.0151 | Raw Avg:   0.7547
  tracking_lin_vel          | Scaled Avg:   0.0308 | Raw Avg:   0.7688
  TOTAL REWARD              | Scaled Avg:   0.0094
------------------------------

------------------------------
Step: 18000 - Reward Breakdown:
  action_rate               | Scaled Avg:  -0.0163 | Raw Avg:   1.6311
  action_smoothness         | Scaled Avg:  -0.0005 | Raw Avg:   0.2574
  ang_vel_xy                | Scaled Avg:  -0.0024 | Raw Avg:   1.2218
  collision                 | Scaled Avg:  -0.0001 | Raw Avg:   0.0072
  dof_acc                   | Scaled Avg:  -0.0008 | Raw Avg: 159968.5312
  dof_error                 | Scaled Avg:  -0.0008 | Raw Avg:   0.4081
  dof_vel                   | Scaled Avg:  -0.0082 | Raw Avg:  82.0519
  feet_contact_forces       | Scaled Avg:  -0.0000 | Raw Avg:   7.1261
  foot_clearance            | Scaled Avg:  -0.0001 | Raw Avg:   0.0091
  foot_mirror               | Scaled Avg:  -0.0001 | Raw Avg:   0.1063
  foot_slide                | Scaled Avg:  -0.0017 | Raw Avg:   1.7225
  has_contact               | Scaled Avg:   0.0004 | Raw Avg:   0.0184
  hip_pos                   | Scaled Avg:  -0.0031 | Raw Avg:   0.0310
  lin_vel_z                 | Scaled Avg:  -0.0019 | Raw Avg:   0.0232
  orientation               | Scaled Avg:  -0.0000 | Raw Avg:   0.0118
  powers                    | Scaled Avg:  -0.0000 | Raw Avg: 120.4636
  stand_still               | Scaled Avg:  -0.0003 | Raw Avg:   0.0028
  torques                   | Scaled Avg:  -0.0002 | Raw Avg: 806.9349
  tracking_ang_vel          | Scaled Avg:   0.0153 | Raw Avg:   0.7655
  tracking_lin_vel          | Scaled Avg:   0.0308 | Raw Avg:   0.7711
  TOTAL REWARD              | Scaled Avg:   0.0098
------------------------------

------------------------------
Step: 18500 - Reward Breakdown:
  action_rate               | Scaled Avg:  -0.0163 | Raw Avg:   1.6342
  action_smoothness         | Scaled Avg:  -0.0005 | Raw Avg:   0.2560
  ang_vel_xy                | Scaled Avg:  -0.0024 | Raw Avg:   1.2189
  base_height               | Scaled Avg:  -0.0000 | Raw Avg:   0.0005
  collision                 | Scaled Avg:  -0.0001 | Raw Avg:   0.0067
  dof_acc                   | Scaled Avg:  -0.0008 | Raw Avg: 150027.2969
  dof_error                 | Scaled Avg:  -0.0008 | Raw Avg:   0.4165
  dof_vel                   | Scaled Avg:  -0.0084 | Raw Avg:  83.6925
  feet_air_time             | Scaled Avg:   0.0000 | Raw Avg:   0.0003
  feet_contact_forces       | Scaled Avg:  -0.0000 | Raw Avg:   7.1636
  foot_clearance            | Scaled Avg:  -0.0001 | Raw Avg:   0.0084
  foot_mirror               | Scaled Avg:  -0.0001 | Raw Avg:   0.1145
  foot_slide                | Scaled Avg:  -0.0018 | Raw Avg:   1.7525
  has_contact               | Scaled Avg:   0.0003 | Raw Avg:   0.0167
  hip_pos                   | Scaled Avg:  -0.0031 | Raw Avg:   0.0312
  lin_vel_z                 | Scaled Avg:  -0.0019 | Raw Avg:   0.0240
  orientation               | Scaled Avg:  -0.0001 | Raw Avg:   0.0131
  powers                    | Scaled Avg:  -0.0000 | Raw Avg: 123.3209
  stand_still               | Scaled Avg:  -0.0002 | Raw Avg:   0.0021
  torques                   | Scaled Avg:  -0.0002 | Raw Avg: 830.1697
  tracking_ang_vel          | Scaled Avg:   0.0154 | Raw Avg:   0.7683
  tracking_lin_vel          | Scaled Avg:   0.0310 | Raw Avg:   0.7738
  TOTAL REWARD              | Scaled Avg:   0.0098
------------------------------

------------------------------
Step: 19000 - Reward Breakdown:
  action_rate               | Scaled Avg:  -0.0162 | Raw Avg:   1.6242
  action_smoothness         | Scaled Avg:  -0.0005 | Raw Avg:   0.2563
  ang_vel_xy                | Scaled Avg:  -0.0025 | Raw Avg:   1.2319
  collision                 | Scaled Avg:  -0.0001 | Raw Avg:   0.0064
  dof_acc                   | Scaled Avg:  -0.0008 | Raw Avg: 169192.3594
  dof_error                 | Scaled Avg:  -0.0008 | Raw Avg:   0.4000
  dof_vel                   | Scaled Avg:  -0.0082 | Raw Avg:  82.3283
  feet_air_time             | Scaled Avg:   0.0000 | Raw Avg:   0.0003
  feet_contact_forces       | Scaled Avg:  -0.0000 | Raw Avg:   7.6752
  foot_clearance            | Scaled Avg:  -0.0001 | Raw Avg:   0.0093
  foot_mirror               | Scaled Avg:  -0.0001 | Raw Avg:   0.1104
  foot_slide                | Scaled Avg:  -0.0017 | Raw Avg:   1.7310
  has_contact               | Scaled Avg:   0.0004 | Raw Avg:   0.0192
  hip_pos                   | Scaled Avg:  -0.0031 | Raw Avg:   0.0315
  lin_vel_z                 | Scaled Avg:  -0.0020 | Raw Avg:   0.0250
  orientation               | Scaled Avg:  -0.0000 | Raw Avg:   0.0124
  powers                    | Scaled Avg:  -0.0000 | Raw Avg: 121.7819
  stand_still               | Scaled Avg:  -0.0005 | Raw Avg:   0.0052
  torques                   | Scaled Avg:  -0.0002 | Raw Avg: 804.9294
  tracking_ang_vel          | Scaled Avg:   0.0155 | Raw Avg:   0.7727
  tracking_lin_vel          | Scaled Avg:   0.0312 | Raw Avg:   0.7804
  TOTAL REWARD              | Scaled Avg:   0.0099
------------------------------
################################################################################
                    [1m Learning iteration 5800/10000 [0m                     

                       Computation: 82847 steps/s (collection: 1.292s, learning 0.474s)
                     surrogate_loss -0.0029
                         value_loss 0.0614
                            entropy 2.2798
                     estimator_loss 0.0000
                         total_loss 0.0813
             Mean action noise std: 0.20
                       Mean reward: 4.14
               Mean episode length: 481.62
      Mean episode rew_action_rate: -0.4452
Mean episode rew_frame_action_rate: -0.0199
Mean episode rew_action_smoothness: -0.0141
Mean episode rew_frame_action_smoothness: -0.0006
       Mean episode rew_ang_vel_xy: -0.0677
 Mean episode rew_frame_ang_vel_xy: -0.0076
      Mean episode rew_base_height: -0.0003
Mean episode rew_frame_base_height: -0.0001
        Mean episode rew_collision: -0.0025
  Mean episode rew_frame_collision: -0.0009
          Mean episode rew_dof_acc: -0.0217
    Mean episode rew_frame_dof_acc: -0.0014
        Mean episode rew_dof_error: -0.0221
  Mean episode rew_frame_dof_error: -0.0029
          Mean episode rew_dof_vel: -0.2233
    Mean episode rew_frame_dof_vel: -0.0146
    Mean episode rew_feet_air_time: 0.0002
Mean episode rew_frame_feet_air_time: 0.0000
Mean episode rew_feet_contact_forces: -0.0006
Mean episode rew_frame_feet_contact_forces: -0.0000
   Mean episode rew_foot_clearance: -0.0024
Mean episode rew_frame_foot_clearance: -0.0002
      Mean episode rew_foot_mirror: -0.0030
Mean episode rew_frame_foot_mirror: -0.0004
       Mean episode rew_foot_slide: -0.0471
 Mean episode rew_frame_foot_slide: -0.0016
      Mean episode rew_has_contact: 0.0055
Mean episode rew_frame_has_contact: 0.0002
          Mean episode rew_hip_pos: -0.0860
    Mean episode rew_frame_hip_pos: -0.0124
        Mean episode rew_lin_vel_z: -0.0535
  Mean episode rew_frame_lin_vel_z: -0.0131
      Mean episode rew_orientation: -0.0013
Mean episode rew_frame_orientation: -0.0004
           Mean episode rew_powers: -0.0013
     Mean episode rew_frame_powers: -0.0001
      Mean episode rew_stand_still: -0.0103
Mean episode rew_frame_stand_still: -0.0002
          Mean episode rew_stumble: -0.0000
    Mean episode rew_frame_stumble: -0.0000
          Mean episode rew_torques: -0.0045
    Mean episode rew_frame_torques: -0.0002
 Mean episode rew_tracking_ang_vel: 0.4242
Mean episode rew_frame_tracking_ang_vel: 0.0112
 Mean episode rew_tracking_lin_vel: 0.8473
Mean episode rew_frame_tracking_lin_vel: 0.0204
Mean episode max_power_throughout_episode: 4004.1328
            Mean episode max_pos_x: 5.0182
            Mean episode min_pos_x: -3.7012
            Mean episode max_pos_y: 3.8737
            Mean episode min_pos_y: -4.2788
        Mean episode timeout_ratio: 0.5140
       Mean episode num_terminated: 14.0417
--------------------------------------------------------------------------------
                   Total timesteps: 1316736
                    Iteration time: 1.77s
                        Total time: 1406.65s
                               ETA: 7375.7s


------------------------------
Step: 19500 - Reward Breakdown:
  action_rate               | Scaled Avg:  -0.0161 | Raw Avg:   1.6091
  action_smoothness         | Scaled Avg:  -0.0005 | Raw Avg:   0.2560
  ang_vel_xy                | Scaled Avg:  -0.0025 | Raw Avg:   1.2371
  collision                 | Scaled Avg:  -0.0001 | Raw Avg:   0.0052
  dof_acc                   | Scaled Avg:  -0.0008 | Raw Avg: 156892.6875
  dof_error                 | Scaled Avg:  -0.0008 | Raw Avg:   0.4156
  dof_vel                   | Scaled Avg:  -0.0082 | Raw Avg:  82.3313
  feet_contact_forces       | Scaled Avg:  -0.0000 | Raw Avg:   7.9497
  foot_clearance            | Scaled Avg:  -0.0001 | Raw Avg:   0.0095
  foot_mirror               | Scaled Avg:  -0.0001 | Raw Avg:   0.1116
  foot_slide                | Scaled Avg:  -0.0017 | Raw Avg:   1.7330
  has_contact               | Scaled Avg:   0.0004 | Raw Avg:   0.0176
  hip_pos                   | Scaled Avg:  -0.0033 | Raw Avg:   0.0331
  lin_vel_z                 | Scaled Avg:  -0.0020 | Raw Avg:   0.0248
  orientation               | Scaled Avg:  -0.0000 | Raw Avg:   0.0118
  powers                    | Scaled Avg:  -0.0000 | Raw Avg: 120.8451
  stand_still               | Scaled Avg:  -0.0005 | Raw Avg:   0.0047
  torques                   | Scaled Avg:  -0.0002 | Raw Avg: 802.5428
  tracking_ang_vel          | Scaled Avg:   0.0155 | Raw Avg:   0.7727
  tracking_lin_vel          | Scaled Avg:   0.0307 | Raw Avg:   0.7683
  TOTAL REWARD              | Scaled Avg:   0.0095
------------------------------

------------------------------
Step: 20000 - Reward Breakdown:
  action_rate               | Scaled Avg:  -0.0160 | Raw Avg:   1.6045
  action_smoothness         | Scaled Avg:  -0.0005 | Raw Avg:   0.2573
  ang_vel_xy                | Scaled Avg:  -0.0025 | Raw Avg:   1.2303
  collision                 | Scaled Avg:  -0.0001 | Raw Avg:   0.0057
  dof_acc                   | Scaled Avg:  -0.0008 | Raw Avg: 150766.3750
  dof_error                 | Scaled Avg:  -0.0008 | Raw Avg:   0.3856
  dof_vel                   | Scaled Avg:  -0.0083 | Raw Avg:  83.2596
  feet_contact_forces       | Scaled Avg:  -0.0000 | Raw Avg:   7.6656
  foot_clearance            | Scaled Avg:  -0.0001 | Raw Avg:   0.0091
  foot_mirror               | Scaled Avg:  -0.0001 | Raw Avg:   0.1073
  foot_slide                | Scaled Avg:  -0.0017 | Raw Avg:   1.7359
  has_contact               | Scaled Avg:   0.0004 | Raw Avg:   0.0175
  hip_pos                   | Scaled Avg:  -0.0031 | Raw Avg:   0.0310
  lin_vel_z                 | Scaled Avg:  -0.0020 | Raw Avg:   0.0245
  orientation               | Scaled Avg:  -0.0000 | Raw Avg:   0.0116
  powers                    | Scaled Avg:  -0.0000 | Raw Avg: 119.8638
  stand_still               | Scaled Avg:  -0.0003 | Raw Avg:   0.0031
  torques                   | Scaled Avg:  -0.0002 | Raw Avg: 789.3357
  tracking_ang_vel          | Scaled Avg:   0.0155 | Raw Avg:   0.7763
  tracking_lin_vel          | Scaled Avg:   0.0314 | Raw Avg:   0.7851
  TOTAL REWARD              | Scaled Avg:   0.0107
------------------------------

------------------------------
Step: 20500 - Reward Breakdown:
  action_rate               | Scaled Avg:  -0.0166 | Raw Avg:   1.6640
  action_smoothness         | Scaled Avg:  -0.0005 | Raw Avg:   0.2607
  ang_vel_xy                | Scaled Avg:  -0.0025 | Raw Avg:   1.2289
  collision                 | Scaled Avg:  -0.0001 | Raw Avg:   0.0056
  dof_acc                   | Scaled Avg:  -0.0009 | Raw Avg: 170379.0000
  dof_error                 | Scaled Avg:  -0.0008 | Raw Avg:   0.4086
  dof_vel                   | Scaled Avg:  -0.0085 | Raw Avg:  85.3027
  feet_contact_forces       | Scaled Avg:  -0.0000 | Raw Avg:   7.7562
  foot_clearance            | Scaled Avg:  -0.0001 | Raw Avg:   0.0095
  foot_mirror               | Scaled Avg:  -0.0001 | Raw Avg:   0.1066
  foot_slide                | Scaled Avg:  -0.0017 | Raw Avg:   1.7230
  has_contact               | Scaled Avg:   0.0003 | Raw Avg:   0.0174
  hip_pos                   | Scaled Avg:  -0.0031 | Raw Avg:   0.0313
  lin_vel_z                 | Scaled Avg:  -0.0019 | Raw Avg:   0.0237
  orientation               | Scaled Avg:  -0.0000 | Raw Avg:   0.0122
  powers                    | Scaled Avg:  -0.0000 | Raw Avg: 121.7086
  stand_still               | Scaled Avg:  -0.0005 | Raw Avg:   0.0048
  torques                   | Scaled Avg:  -0.0002 | Raw Avg: 793.2814
  tracking_ang_vel          | Scaled Avg:   0.0154 | Raw Avg:   0.7705
  tracking_lin_vel          | Scaled Avg:   0.0312 | Raw Avg:   0.7791
  TOTAL REWARD              | Scaled Avg:   0.0093
------------------------------

------------------------------
Step: 21000 - Reward Breakdown:
  action_rate               | Scaled Avg:  -0.0163 | Raw Avg:   1.6262
  action_smoothness         | Scaled Avg:  -0.0005 | Raw Avg:   0.2575
  ang_vel_xy                | Scaled Avg:  -0.0025 | Raw Avg:   1.2295
  collision                 | Scaled Avg:  -0.0001 | Raw Avg:   0.0054
  dof_acc                   | Scaled Avg:  -0.0008 | Raw Avg: 163453.3750
  dof_error                 | Scaled Avg:  -0.0008 | Raw Avg:   0.4014
  dof_vel                   | Scaled Avg:  -0.0082 | Raw Avg:  82.2221
  feet_contact_forces       | Scaled Avg:  -0.0000 | Raw Avg:   7.3429
  foot_clearance            | Scaled Avg:  -0.0001 | Raw Avg:   0.0095
  foot_mirror               | Scaled Avg:  -0.0001 | Raw Avg:   0.1112
  foot_slide                | Scaled Avg:  -0.0017 | Raw Avg:   1.7372
  has_contact               | Scaled Avg:   0.0004 | Raw Avg:   0.0196
  hip_pos                   | Scaled Avg:  -0.0032 | Raw Avg:   0.0316
  lin_vel_z                 | Scaled Avg:  -0.0020 | Raw Avg:   0.0248
  orientation               | Scaled Avg:  -0.0000 | Raw Avg:   0.0119
  powers                    | Scaled Avg:  -0.0000 | Raw Avg: 120.5178
  stand_still               | Scaled Avg:  -0.0004 | Raw Avg:   0.0040
  torques                   | Scaled Avg:  -0.0002 | Raw Avg: 793.4852
  tracking_ang_vel          | Scaled Avg:   0.0153 | Raw Avg:   0.7654
  tracking_lin_vel          | Scaled Avg:   0.0311 | Raw Avg:   0.7780
  TOTAL REWARD              | Scaled Avg:   0.0099
------------------------------

------------------------------
Step: 21500 - Reward Breakdown:
  action_rate               | Scaled Avg:  -0.0161 | Raw Avg:   1.6120
  action_smoothness         | Scaled Avg:  -0.0005 | Raw Avg:   0.2557
  ang_vel_xy                | Scaled Avg:  -0.0025 | Raw Avg:   1.2657
  collision                 | Scaled Avg:  -0.0001 | Raw Avg:   0.0054
  dof_acc                   | Scaled Avg:  -0.0008 | Raw Avg: 154105.8750
  dof_error                 | Scaled Avg:  -0.0008 | Raw Avg:   0.4007
  dof_vel                   | Scaled Avg:  -0.0082 | Raw Avg:  81.6477
  feet_contact_forces       | Scaled Avg:  -0.0000 | Raw Avg:   6.6756
  foot_clearance            | Scaled Avg:  -0.0001 | Raw Avg:   0.0085
  foot_mirror               | Scaled Avg:  -0.0001 | Raw Avg:   0.1170
  foot_slide                | Scaled Avg:  -0.0018 | Raw Avg:   1.7551
  has_contact               | Scaled Avg:   0.0004 | Raw Avg:   0.0193
  hip_pos                   | Scaled Avg:  -0.0030 | Raw Avg:   0.0298
  lin_vel_z                 | Scaled Avg:  -0.0021 | Raw Avg:   0.0259
  orientation               | Scaled Avg:  -0.0000 | Raw Avg:   0.0122
  powers                    | Scaled Avg:  -0.0000 | Raw Avg: 120.7141
  stand_still               | Scaled Avg:  -0.0004 | Raw Avg:   0.0042
  torques                   | Scaled Avg:  -0.0002 | Raw Avg: 803.8337
  tracking_ang_vel          | Scaled Avg:   0.0155 | Raw Avg:   0.7744
  tracking_lin_vel          | Scaled Avg:   0.0310 | Raw Avg:   0.7746
  TOTAL REWARD              | Scaled Avg:   0.0101
------------------------------
################################################################################
                    [1m Learning iteration 5900/10000 [0m                     

                       Computation: 84456 steps/s (collection: 1.258s, learning 0.474s)
                     surrogate_loss -0.0036
                         value_loss 0.0501
                            entropy 2.3053
                     estimator_loss 0.0000
                         total_loss 0.0695
             Mean action noise std: 0.20
                       Mean reward: 4.46
               Mean episode length: 462.21
      Mean episode rew_action_rate: -0.4009
Mean episode rew_frame_action_rate: -0.0209
Mean episode rew_action_smoothness: -0.0127
Mean episode rew_frame_action_smoothness: -0.0006
       Mean episode rew_ang_vel_xy: -0.0637
 Mean episode rew_frame_ang_vel_xy: -0.0092
      Mean episode rew_base_height: -0.0003
Mean episode rew_frame_base_height: -0.0001
        Mean episode rew_collision: -0.0026
  Mean episode rew_frame_collision: -0.0012
          Mean episode rew_dof_acc: -0.0193
    Mean episode rew_frame_dof_acc: -0.0015
        Mean episode rew_dof_error: -0.0208
  Mean episode rew_frame_dof_error: -0.0031
          Mean episode rew_dof_vel: -0.2065
    Mean episode rew_frame_dof_vel: -0.0157
    Mean episode rew_feet_air_time: 0.0002
Mean episode rew_frame_feet_air_time: 0.0000
Mean episode rew_feet_contact_forces: -0.0006
Mean episode rew_frame_feet_contact_forces: -0.0000
   Mean episode rew_foot_clearance: -0.0022
Mean episode rew_frame_foot_clearance: -0.0002
      Mean episode rew_foot_mirror: -0.0030
Mean episode rew_frame_foot_mirror: -0.0004
       Mean episode rew_foot_slide: -0.0432
 Mean episode rew_frame_foot_slide: -0.0017
      Mean episode rew_has_contact: 0.0062
Mean episode rew_frame_has_contact: 0.0002
          Mean episode rew_hip_pos: -0.0787
    Mean episode rew_frame_hip_pos: -0.0139
        Mean episode rew_lin_vel_z: -0.0502
  Mean episode rew_frame_lin_vel_z: -0.0143
      Mean episode rew_orientation: -0.0013
Mean episode rew_frame_orientation: -0.0004
           Mean episode rew_powers: -0.0012
     Mean episode rew_frame_powers: -0.0001
      Mean episode rew_stand_still: 0.0000
Mean episode rew_frame_stand_still: 0.0000
          Mean episode rew_stumble: -0.0000
    Mean episode rew_frame_stumble: -0.0000
          Mean episode rew_torques: -0.0040
    Mean episode rew_frame_torques: -0.0002
 Mean episode rew_tracking_ang_vel: 0.3748
Mean episode rew_frame_tracking_ang_vel: 0.0103
 Mean episode rew_tracking_lin_vel: 0.7538
Mean episode rew_frame_tracking_lin_vel: 0.0194
Mean episode max_power_throughout_episode: 3563.0720
            Mean episode max_pos_x: 3.8880
            Mean episode min_pos_x: -3.3793
            Mean episode max_pos_y: 3.4921
            Mean episode min_pos_y: -3.0683
        Mean episode timeout_ratio: 0.4459
       Mean episode num_terminated: 11.1250
--------------------------------------------------------------------------------
                   Total timesteps: 1463040
                    Iteration time: 1.73s
                        Total time: 1581.86s
                               ETA: 7198.3s


------------------------------
Step: 22000 - Reward Breakdown:
  action_rate               | Scaled Avg:  -0.0158 | Raw Avg:   1.5794
  action_smoothness         | Scaled Avg:  -0.0005 | Raw Avg:   0.2526
  ang_vel_xy                | Scaled Avg:  -0.0024 | Raw Avg:   1.2223
  base_height               | Scaled Avg:  -0.0000 | Raw Avg:   0.0005
  collision                 | Scaled Avg:  -0.0001 | Raw Avg:   0.0064
  dof_acc                   | Scaled Avg:  -0.0008 | Raw Avg: 165445.7344
  dof_error                 | Scaled Avg:  -0.0008 | Raw Avg:   0.4115
  dof_vel                   | Scaled Avg:  -0.0082 | Raw Avg:  82.1974
  feet_contact_forces       | Scaled Avg:  -0.0000 | Raw Avg:   7.3363
  foot_clearance            | Scaled Avg:  -0.0001 | Raw Avg:   0.0092
  foot_mirror               | Scaled Avg:  -0.0001 | Raw Avg:   0.1116
  foot_slide                | Scaled Avg:  -0.0017 | Raw Avg:   1.7095
  has_contact               | Scaled Avg:   0.0003 | Raw Avg:   0.0157
  hip_pos                   | Scaled Avg:  -0.0031 | Raw Avg:   0.0309
  lin_vel_z                 | Scaled Avg:  -0.0019 | Raw Avg:   0.0233
  orientation               | Scaled Avg:  -0.0000 | Raw Avg:   0.0125
  powers                    | Scaled Avg:  -0.0000 | Raw Avg: 119.4030
  stand_still               | Scaled Avg:  -0.0004 | Raw Avg:   0.0039
  torques                   | Scaled Avg:  -0.0002 | Raw Avg: 787.0292
  tracking_ang_vel          | Scaled Avg:   0.0153 | Raw Avg:   0.7672
  tracking_lin_vel          | Scaled Avg:   0.0309 | Raw Avg:   0.7735
  TOTAL REWARD              | Scaled Avg:   0.0103
------------------------------

------------------------------
Step: 22500 - Reward Breakdown:
  action_rate               | Scaled Avg:  -0.0163 | Raw Avg:   1.6317
  action_smoothness         | Scaled Avg:  -0.0005 | Raw Avg:   0.2544
  ang_vel_xy                | Scaled Avg:  -0.0025 | Raw Avg:   1.2496
  collision                 | Scaled Avg:  -0.0001 | Raw Avg:   0.0048
  dof_acc                   | Scaled Avg:  -0.0008 | Raw Avg: 167856.3750
  dof_error                 | Scaled Avg:  -0.0008 | Raw Avg:   0.3986
  dof_vel                   | Scaled Avg:  -0.0085 | Raw Avg:  85.4552
  feet_contact_forces       | Scaled Avg:  -0.0000 | Raw Avg:   7.4137
  foot_clearance            | Scaled Avg:  -0.0001 | Raw Avg:   0.0092
  foot_mirror               | Scaled Avg:  -0.0001 | Raw Avg:   0.1085
  foot_slide                | Scaled Avg:  -0.0018 | Raw Avg:   1.7637
  has_contact               | Scaled Avg:   0.0004 | Raw Avg:   0.0185
  hip_pos                   | Scaled Avg:  -0.0032 | Raw Avg:   0.0320
  lin_vel_z                 | Scaled Avg:  -0.0021 | Raw Avg:   0.0259
  orientation               | Scaled Avg:  -0.0000 | Raw Avg:   0.0119
  powers                    | Scaled Avg:  -0.0000 | Raw Avg: 123.7780
  stand_still               | Scaled Avg:  -0.0002 | Raw Avg:   0.0019
  torques                   | Scaled Avg:  -0.0002 | Raw Avg: 813.5584
  tracking_ang_vel          | Scaled Avg:   0.0154 | Raw Avg:   0.7701
  tracking_lin_vel          | Scaled Avg:   0.0311 | Raw Avg:   0.7784
  TOTAL REWARD              | Scaled Avg:   0.0096
------------------------------

------------------------------
Step: 23000 - Reward Breakdown:
  action_rate               | Scaled Avg:  -0.0159 | Raw Avg:   1.5944
  action_smoothness         | Scaled Avg:  -0.0005 | Raw Avg:   0.2556
  ang_vel_xy                | Scaled Avg:  -0.0026 | Raw Avg:   1.2771
  collision                 | Scaled Avg:  -0.0001 | Raw Avg:   0.0051
  dof_acc                   | Scaled Avg:  -0.0008 | Raw Avg: 158387.3125
  dof_error                 | Scaled Avg:  -0.0008 | Raw Avg:   0.3901
  dof_vel                   | Scaled Avg:  -0.0083 | Raw Avg:  82.5076
  feet_contact_forces       | Scaled Avg:  -0.0000 | Raw Avg:   7.6639
  foot_clearance            | Scaled Avg:  -0.0001 | Raw Avg:   0.0091
  foot_mirror               | Scaled Avg:  -0.0001 | Raw Avg:   0.0988
  foot_slide                | Scaled Avg:  -0.0017 | Raw Avg:   1.7142
  has_contact               | Scaled Avg:   0.0004 | Raw Avg:   0.0179
  hip_pos                   | Scaled Avg:  -0.0032 | Raw Avg:   0.0318
  lin_vel_z                 | Scaled Avg:  -0.0019 | Raw Avg:   0.0244
  orientation               | Scaled Avg:  -0.0000 | Raw Avg:   0.0118
  powers                    | Scaled Avg:  -0.0000 | Raw Avg: 120.4609
  stand_still               | Scaled Avg:  -0.0003 | Raw Avg:   0.0028
  torques                   | Scaled Avg:  -0.0002 | Raw Avg: 800.1705
  tracking_ang_vel          | Scaled Avg:   0.0155 | Raw Avg:   0.7740
  tracking_lin_vel          | Scaled Avg:   0.0310 | Raw Avg:   0.7758
  TOTAL REWARD              | Scaled Avg:   0.0103
------------------------------

------------------------------
Step: 23500 - Reward Breakdown:
  action_rate               | Scaled Avg:  -0.0163 | Raw Avg:   1.6279
  action_smoothness         | Scaled Avg:  -0.0005 | Raw Avg:   0.2560
  ang_vel_xy                | Scaled Avg:  -0.0025 | Raw Avg:   1.2306
  collision                 | Scaled Avg:  -0.0001 | Raw Avg:   0.0061
  dof_acc                   | Scaled Avg:  -0.0008 | Raw Avg: 152997.2969
  dof_error                 | Scaled Avg:  -0.0008 | Raw Avg:   0.3847
  dof_vel                   | Scaled Avg:  -0.0082 | Raw Avg:  82.3023
  feet_contact_forces       | Scaled Avg:  -0.0000 | Raw Avg:   7.6803
  foot_clearance            | Scaled Avg:  -0.0001 | Raw Avg:   0.0086
  foot_mirror               | Scaled Avg:  -0.0001 | Raw Avg:   0.1061
  foot_slide                | Scaled Avg:  -0.0017 | Raw Avg:   1.6886
  has_contact               | Scaled Avg:   0.0003 | Raw Avg:   0.0167
  hip_pos                   | Scaled Avg:  -0.0031 | Raw Avg:   0.0306
  lin_vel_z                 | Scaled Avg:  -0.0019 | Raw Avg:   0.0241
  orientation               | Scaled Avg:  -0.0000 | Raw Avg:   0.0119
  powers                    | Scaled Avg:  -0.0000 | Raw Avg: 120.6122
  stand_still               | Scaled Avg:  -0.0002 | Raw Avg:   0.0022
  torques                   | Scaled Avg:  -0.0002 | Raw Avg: 810.0226
  tracking_ang_vel          | Scaled Avg:   0.0155 | Raw Avg:   0.7740
  tracking_lin_vel          | Scaled Avg:   0.0310 | Raw Avg:   0.7744
  TOTAL REWARD              | Scaled Avg:   0.0103
------------------------------

------------------------------
Step: 24000 - Reward Breakdown:
  action_rate               | Scaled Avg:  -0.0162 | Raw Avg:   1.6174
  action_smoothness         | Scaled Avg:  -0.0005 | Raw Avg:   0.2562
  ang_vel_xy                | Scaled Avg:  -0.0024 | Raw Avg:   1.2118
  collision                 | Scaled Avg:  -0.0001 | Raw Avg:   0.0048
  dof_acc                   | Scaled Avg:  -0.0008 | Raw Avg: 162431.8438
  dof_error                 | Scaled Avg:  -0.0008 | Raw Avg:   0.3765
  dof_vel                   | Scaled Avg:  -0.0084 | Raw Avg:  83.7924
  feet_contact_forces       | Scaled Avg:  -0.0000 | Raw Avg:   7.5953
  foot_clearance            | Scaled Avg:  -0.0001 | Raw Avg:   0.0089
  foot_mirror               | Scaled Avg:  -0.0001 | Raw Avg:   0.1057
  foot_slide                | Scaled Avg:  -0.0017 | Raw Avg:   1.7058
  has_contact               | Scaled Avg:   0.0003 | Raw Avg:   0.0165
  hip_pos                   | Scaled Avg:  -0.0030 | Raw Avg:   0.0298
  lin_vel_z                 | Scaled Avg:  -0.0018 | Raw Avg:   0.0227
  orientation               | Scaled Avg:  -0.0000 | Raw Avg:   0.0118
  powers                    | Scaled Avg:  -0.0000 | Raw Avg: 120.8036
  stand_still               | Scaled Avg:  -0.0004 | Raw Avg:   0.0045
  torques                   | Scaled Avg:  -0.0002 | Raw Avg: 803.4218
  tracking_ang_vel          | Scaled Avg:   0.0154 | Raw Avg:   0.7725
  tracking_lin_vel          | Scaled Avg:   0.0312 | Raw Avg:   0.7788
  TOTAL REWARD              | Scaled Avg:   0.0103
------------------------------
################################################################################
                    [1m Learning iteration 6000/10000 [0m                     

                       Computation: 85982 steps/s (collection: 1.233s, learning 0.469s)
                     surrogate_loss -0.0035
                         value_loss 0.0530
                            entropy 2.3023
                     estimator_loss 0.0000
                         total_loss 0.0725
             Mean action noise std: 0.20
                       Mean reward: 4.64
               Mean episode length: 472.83
      Mean episode rew_action_rate: -0.3845
Mean episode rew_frame_action_rate: -0.0214
Mean episode rew_action_smoothness: -0.0121
Mean episode rew_frame_action_smoothness: -0.0006
       Mean episode rew_ang_vel_xy: -0.0617
 Mean episode rew_frame_ang_vel_xy: -0.0095
      Mean episode rew_base_height: -0.0003
Mean episode rew_frame_base_height: -0.0001
        Mean episode rew_collision: -0.0026
  Mean episode rew_frame_collision: -0.0013
          Mean episode rew_dof_acc: -0.0184
    Mean episode rew_frame_dof_acc: -0.0017
        Mean episode rew_dof_error: -0.0188
  Mean episode rew_frame_dof_error: -0.0031
          Mean episode rew_dof_vel: -0.1986
    Mean episode rew_frame_dof_vel: -0.0167
    Mean episode rew_feet_air_time: 0.0002
Mean episode rew_frame_feet_air_time: 0.0000
Mean episode rew_feet_contact_forces: -0.0005
Mean episode rew_frame_feet_contact_forces: -0.0000
   Mean episode rew_foot_clearance: -0.0021
Mean episode rew_frame_foot_clearance: -0.0002
      Mean episode rew_foot_mirror: -0.0026
Mean episode rew_frame_foot_mirror: -0.0005
       Mean episode rew_foot_slide: -0.0404
 Mean episode rew_frame_foot_slide: -0.0017
      Mean episode rew_has_contact: 0.0126
Mean episode rew_frame_has_contact: 0.0003
          Mean episode rew_hip_pos: -0.0754
    Mean episode rew_frame_hip_pos: -0.0140
        Mean episode rew_lin_vel_z: -0.0506
  Mean episode rew_frame_lin_vel_z: -0.0151
      Mean episode rew_orientation: -0.0012
Mean episode rew_frame_orientation: -0.0005
           Mean episode rew_powers: -0.0012
     Mean episode rew_frame_powers: -0.0001
      Mean episode rew_stand_still: -0.0054
Mean episode rew_frame_stand_still: -0.0001
          Mean episode rew_stumble: -0.0000
    Mean episode rew_frame_stumble: -0.0000
          Mean episode rew_torques: -0.0039
    Mean episode rew_frame_torques: -0.0003
 Mean episode rew_tracking_ang_vel: 0.3654
Mean episode rew_frame_tracking_ang_vel: 0.0103
 Mean episode rew_tracking_lin_vel: 0.7279
Mean episode rew_frame_tracking_lin_vel: 0.0188
Mean episode max_power_throughout_episode: 3845.4182
            Mean episode max_pos_x: 3.3197
            Mean episode min_pos_x: -2.8961
            Mean episode max_pos_y: 3.0625
            Mean episode min_pos_y: -4.2240
        Mean episode timeout_ratio: 0.4252
       Mean episode num_terminated: 11.0000
--------------------------------------------------------------------------------
                   Total timesteps: 1609344
                    Iteration time: 1.70s
                        Total time: 1756.29s
                               ETA: 7018.1s


------------------------------
Step: 24500 - Reward Breakdown:
  action_rate               | Scaled Avg:  -0.0164 | Raw Avg:   1.6381
  action_smoothness         | Scaled Avg:  -0.0005 | Raw Avg:   0.2556
  ang_vel_xy                | Scaled Avg:  -0.0025 | Raw Avg:   1.2443
  collision                 | Scaled Avg:  -0.0001 | Raw Avg:   0.0061
  dof_acc                   | Scaled Avg:  -0.0008 | Raw Avg: 162931.6094
  dof_error                 | Scaled Avg:  -0.0008 | Raw Avg:   0.4043
  dof_vel                   | Scaled Avg:  -0.0085 | Raw Avg:  85.0148
  feet_contact_forces       | Scaled Avg:  -0.0000 | Raw Avg:   8.4993
  foot_clearance            | Scaled Avg:  -0.0001 | Raw Avg:   0.0096
  foot_mirror               | Scaled Avg:  -0.0001 | Raw Avg:   0.1100
  foot_slide                | Scaled Avg:  -0.0017 | Raw Avg:   1.6970
  has_contact               | Scaled Avg:   0.0003 | Raw Avg:   0.0162
  hip_pos                   | Scaled Avg:  -0.0032 | Raw Avg:   0.0316
  lin_vel_z                 | Scaled Avg:  -0.0021 | Raw Avg:   0.0257
  orientation               | Scaled Avg:  -0.0000 | Raw Avg:   0.0122
  powers                    | Scaled Avg:  -0.0000 | Raw Avg: 123.2318
  stand_still               | Scaled Avg:  -0.0003 | Raw Avg:   0.0030
  torques                   | Scaled Avg:  -0.0002 | Raw Avg: 812.4642
  tracking_ang_vel          | Scaled Avg:   0.0154 | Raw Avg:   0.7700
  tracking_lin_vel          | Scaled Avg:   0.0311 | Raw Avg:   0.7766
  TOTAL REWARD              | Scaled Avg:   0.0095
------------------------------

------------------------------
Step: 25000 - Reward Breakdown:
  action_rate               | Scaled Avg:  -0.0164 | Raw Avg:   1.6369
  action_smoothness         | Scaled Avg:  -0.0005 | Raw Avg:   0.2599
  ang_vel_xy                | Scaled Avg:  -0.0025 | Raw Avg:   1.2331
  collision                 | Scaled Avg:  -0.0001 | Raw Avg:   0.0064
  dof_acc                   | Scaled Avg:  -0.0009 | Raw Avg: 184297.2812
  dof_error                 | Scaled Avg:  -0.0008 | Raw Avg:   0.4230
  dof_vel                   | Scaled Avg:  -0.0084 | Raw Avg:  84.4159
  feet_contact_forces       | Scaled Avg:  -0.0000 | Raw Avg:   8.2161
  foot_clearance            | Scaled Avg:  -0.0001 | Raw Avg:   0.0103
  foot_mirror               | Scaled Avg:  -0.0001 | Raw Avg:   0.1075
  foot_slide                | Scaled Avg:  -0.0017 | Raw Avg:   1.7255
  has_contact               | Scaled Avg:   0.0003 | Raw Avg:   0.0160
  hip_pos                   | Scaled Avg:  -0.0032 | Raw Avg:   0.0315
  lin_vel_z                 | Scaled Avg:  -0.0020 | Raw Avg:   0.0249
  orientation               | Scaled Avg:  -0.0000 | Raw Avg:   0.0112
  powers                    | Scaled Avg:  -0.0001 | Raw Avg: 128.1170
  stand_still               | Scaled Avg:  -0.0003 | Raw Avg:   0.0031
  torques                   | Scaled Avg:  -0.0002 | Raw Avg: 860.9182
  tracking_ang_vel          | Scaled Avg:   0.0155 | Raw Avg:   0.7747
  tracking_lin_vel          | Scaled Avg:   0.0306 | Raw Avg:   0.7658
  TOTAL REWARD              | Scaled Avg:   0.0091
------------------------------

------------------------------
Step: 25500 - Reward Breakdown:
  action_rate               | Scaled Avg:  -0.0165 | Raw Avg:   1.6493
  action_smoothness         | Scaled Avg:  -0.0005 | Raw Avg:   0.2579
  ang_vel_xy                | Scaled Avg:  -0.0026 | Raw Avg:   1.3161
  collision                 | Scaled Avg:  -0.0001 | Raw Avg:   0.0061
  dof_acc                   | Scaled Avg:  -0.0008 | Raw Avg: 165809.4219
  dof_error                 | Scaled Avg:  -0.0008 | Raw Avg:   0.4202
  dof_vel                   | Scaled Avg:  -0.0083 | Raw Avg:  83.1201
  feet_air_time             | Scaled Avg:   0.0000 | Raw Avg:   0.0003
  feet_contact_forces       | Scaled Avg:  -0.0000 | Raw Avg:   7.8192
  foot_clearance            | Scaled Avg:  -0.0001 | Raw Avg:   0.0099
  foot_mirror               | Scaled Avg:  -0.0001 | Raw Avg:   0.1164
  foot_slide                | Scaled Avg:  -0.0017 | Raw Avg:   1.7260
  has_contact               | Scaled Avg:   0.0003 | Raw Avg:   0.0160
  hip_pos                   | Scaled Avg:  -0.0030 | Raw Avg:   0.0301
  lin_vel_z                 | Scaled Avg:  -0.0020 | Raw Avg:   0.0253
  orientation               | Scaled Avg:  -0.0000 | Raw Avg:   0.0114
  powers                    | Scaled Avg:  -0.0001 | Raw Avg: 126.8478
  stand_still               | Scaled Avg:  -0.0003 | Raw Avg:   0.0032
  torques                   | Scaled Avg:  -0.0002 | Raw Avg: 870.0305
  tracking_ang_vel          | Scaled Avg:   0.0154 | Raw Avg:   0.7698
  tracking_lin_vel          | Scaled Avg:   0.0305 | Raw Avg:   0.7633
  TOTAL REWARD              | Scaled Avg:   0.0089
------------------------------

------------------------------
Step: 26000 - Reward Breakdown:
  action_rate               | Scaled Avg:  -0.0163 | Raw Avg:   1.6319
  action_smoothness         | Scaled Avg:  -0.0005 | Raw Avg:   0.2539
  ang_vel_xy                | Scaled Avg:  -0.0025 | Raw Avg:   1.2297
  collision                 | Scaled Avg:  -0.0001 | Raw Avg:   0.0038
  dof_acc                   | Scaled Avg:  -0.0008 | Raw Avg: 165051.1875
  dof_error                 | Scaled Avg:  -0.0008 | Raw Avg:   0.3820
  dof_vel                   | Scaled Avg:  -0.0083 | Raw Avg:  83.4746
  feet_contact_forces       | Scaled Avg:  -0.0000 | Raw Avg:   7.2212
  foot_clearance            | Scaled Avg:  -0.0001 | Raw Avg:   0.0088
  foot_mirror               | Scaled Avg:  -0.0001 | Raw Avg:   0.1103
  foot_slide                | Scaled Avg:  -0.0018 | Raw Avg:   1.7605
  has_contact               | Scaled Avg:   0.0003 | Raw Avg:   0.0167
  hip_pos                   | Scaled Avg:  -0.0030 | Raw Avg:   0.0296
  lin_vel_z                 | Scaled Avg:  -0.0019 | Raw Avg:   0.0235
  orientation               | Scaled Avg:  -0.0000 | Raw Avg:   0.0118
  powers                    | Scaled Avg:  -0.0001 | Raw Avg: 125.9875
  stand_still               | Scaled Avg:  -0.0004 | Raw Avg:   0.0045
  torques                   | Scaled Avg:  -0.0002 | Raw Avg: 863.2510
  tracking_ang_vel          | Scaled Avg:   0.0152 | Raw Avg:   0.7608
  tracking_lin_vel          | Scaled Avg:   0.0307 | Raw Avg:   0.7685
  TOTAL REWARD              | Scaled Avg:   0.0094
------------------------------
################################################################################
                    [1m Learning iteration 6100/10000 [0m                     

                       Computation: 84256 steps/s (collection: 1.265s, learning 0.471s)
                     surrogate_loss -0.0017
                         value_loss 0.0600
                            entropy 2.2849
                     estimator_loss 0.0000
                         total_loss 0.0811
             Mean action noise std: 0.20
                       Mean reward: 4.17
               Mean episode length: 519.33
      Mean episode rew_action_rate: -0.4510
Mean episode rew_frame_action_rate: -0.0200
Mean episode rew_action_smoothness: -0.0142
Mean episode rew_frame_action_smoothness: -0.0006
       Mean episode rew_ang_vel_xy: -0.0697
 Mean episode rew_frame_ang_vel_xy: -0.0078
      Mean episode rew_base_height: -0.0002
Mean episode rew_frame_base_height: -0.0001
        Mean episode rew_collision: -0.0033
  Mean episode rew_frame_collision: -0.0011
          Mean episode rew_dof_acc: -0.0210
    Mean episode rew_frame_dof_acc: -0.0014
        Mean episode rew_dof_error: -0.0222
  Mean episode rew_frame_dof_error: -0.0026
          Mean episode rew_dof_vel: -0.2276
    Mean episode rew_frame_dof_vel: -0.0144
    Mean episode rew_feet_air_time: 0.0002
Mean episode rew_frame_feet_air_time: 0.0000
Mean episode rew_feet_contact_forces: -0.0006
Mean episode rew_frame_feet_contact_forces: -0.0000
   Mean episode rew_foot_clearance: -0.0024
Mean episode rew_frame_foot_clearance: -0.0002
      Mean episode rew_foot_mirror: -0.0031
Mean episode rew_frame_foot_mirror: -0.0004
       Mean episode rew_foot_slide: -0.0490
 Mean episode rew_frame_foot_slide: -0.0017
      Mean episode rew_has_contact: 0.0063
Mean episode rew_frame_has_contact: 0.0002
          Mean episode rew_hip_pos: -0.0789
    Mean episode rew_frame_hip_pos: -0.0117
        Mean episode rew_lin_vel_z: -0.0523
  Mean episode rew_frame_lin_vel_z: -0.0115
      Mean episode rew_orientation: -0.0013
Mean episode rew_frame_orientation: -0.0003
           Mean episode rew_powers: -0.0014
     Mean episode rew_frame_powers: -0.0001
      Mean episode rew_stand_still: -0.0139
Mean episode rew_frame_stand_still: -0.0003
          Mean episode rew_stumble: -0.0000
    Mean episode rew_frame_stumble: -0.0000
          Mean episode rew_torques: -0.0047
    Mean episode rew_frame_torques: -0.0002
 Mean episode rew_tracking_ang_vel: 0.4244
Mean episode rew_frame_tracking_ang_vel: 0.0114
 Mean episode rew_tracking_lin_vel: 0.8461
Mean episode rew_frame_tracking_lin_vel: 0.0208
Mean episode max_power_throughout_episode: 3736.8801
            Mean episode max_pos_x: 3.3454
            Mean episode min_pos_x: -3.8589
            Mean episode max_pos_y: 4.0747
            Mean episode min_pos_y: -3.7741
        Mean episode timeout_ratio: 0.4911
       Mean episode num_terminated: 10.5417
--------------------------------------------------------------------------------
                   Total timesteps: 1755648
                    Iteration time: 1.74s
                        Total time: 1931.37s
                               ETA: 6841.4s


------------------------------
Step: 26500 - Reward Breakdown:
  action_rate               | Scaled Avg:  -0.0159 | Raw Avg:   1.5932
  action_smoothness         | Scaled Avg:  -0.0005 | Raw Avg:   0.2514
  ang_vel_xy                | Scaled Avg:  -0.0025 | Raw Avg:   1.2258
  collision                 | Scaled Avg:  -0.0001 | Raw Avg:   0.0059
  dof_acc                   | Scaled Avg:  -0.0008 | Raw Avg: 152355.1875
  dof_error                 | Scaled Avg:  -0.0008 | Raw Avg:   0.3879
  dof_vel                   | Scaled Avg:  -0.0081 | Raw Avg:  80.8424
  feet_contact_forces       | Scaled Avg:  -0.0000 | Raw Avg:   7.1904
  foot_clearance            | Scaled Avg:  -0.0001 | Raw Avg:   0.0086
  foot_mirror               | Scaled Avg:  -0.0001 | Raw Avg:   0.1115
  foot_slide                | Scaled Avg:  -0.0017 | Raw Avg:   1.7422
  has_contact               | Scaled Avg:   0.0004 | Raw Avg:   0.0185
  hip_pos                   | Scaled Avg:  -0.0031 | Raw Avg:   0.0310
  lin_vel_z                 | Scaled Avg:  -0.0018 | Raw Avg:   0.0229
  orientation               | Scaled Avg:  -0.0000 | Raw Avg:   0.0119
  powers                    | Scaled Avg:  -0.0000 | Raw Avg: 122.4405
  stand_still               | Scaled Avg:  -0.0002 | Raw Avg:   0.0021
  torques                   | Scaled Avg:  -0.0002 | Raw Avg: 826.2527
  tracking_ang_vel          | Scaled Avg:   0.0152 | Raw Avg:   0.7587
  tracking_lin_vel          | Scaled Avg:   0.0308 | Raw Avg:   0.7703
  TOTAL REWARD              | Scaled Avg:   0.0104
------------------------------

------------------------------
Step: 27000 - Reward Breakdown:
  action_rate               | Scaled Avg:  -0.0163 | Raw Avg:   1.6320
  action_smoothness         | Scaled Avg:  -0.0005 | Raw Avg:   0.2554
  ang_vel_xy                | Scaled Avg:  -0.0025 | Raw Avg:   1.2659
  collision                 | Scaled Avg:  -0.0001 | Raw Avg:   0.0043
  dof_acc                   | Scaled Avg:  -0.0007 | Raw Avg: 140493.5156
  dof_error                 | Scaled Avg:  -0.0007 | Raw Avg:   0.3707
  dof_vel                   | Scaled Avg:  -0.0081 | Raw Avg:  81.3316
  feet_contact_forces       | Scaled Avg:  -0.0000 | Raw Avg:   7.5770
  foot_clearance            | Scaled Avg:  -0.0001 | Raw Avg:   0.0084
  foot_mirror               | Scaled Avg:  -0.0001 | Raw Avg:   0.1085
  foot_slide                | Scaled Avg:  -0.0018 | Raw Avg:   1.7669
  has_contact               | Scaled Avg:   0.0004 | Raw Avg:   0.0185
  hip_pos                   | Scaled Avg:  -0.0030 | Raw Avg:   0.0304
  lin_vel_z                 | Scaled Avg:  -0.0019 | Raw Avg:   0.0233
  orientation               | Scaled Avg:  -0.0000 | Raw Avg:   0.0120
  powers                    | Scaled Avg:  -0.0000 | Raw Avg: 123.0943
  stand_still               | Scaled Avg:  -0.0004 | Raw Avg:   0.0042
  torques                   | Scaled Avg:  -0.0002 | Raw Avg: 833.2944
  tracking_ang_vel          | Scaled Avg:   0.0154 | Raw Avg:   0.7692
  tracking_lin_vel          | Scaled Avg:   0.0310 | Raw Avg:   0.7745
  TOTAL REWARD              | Scaled Avg:   0.0101
------------------------------

------------------------------
Step: 27500 - Reward Breakdown:
  action_rate               | Scaled Avg:  -0.0165 | Raw Avg:   1.6474
  action_smoothness         | Scaled Avg:  -0.0005 | Raw Avg:   0.2557
  ang_vel_xy                | Scaled Avg:  -0.0025 | Raw Avg:   1.2494
  base_height               | Scaled Avg:  -0.0000 | Raw Avg:   0.0006
  collision                 | Scaled Avg:  -0.0001 | Raw Avg:   0.0067
  dof_acc                   | Scaled Avg:  -0.0006 | Raw Avg: 121628.4531
  dof_error                 | Scaled Avg:  -0.0008 | Raw Avg:   0.3853
  dof_vel                   | Scaled Avg:  -0.0082 | Raw Avg:  81.9411
  feet_contact_forces       | Scaled Avg:  -0.0000 | Raw Avg:   6.7519
  foot_clearance            | Scaled Avg:  -0.0001 | Raw Avg:   0.0072
  foot_mirror               | Scaled Avg:  -0.0001 | Raw Avg:   0.1201
  foot_slide                | Scaled Avg:  -0.0017 | Raw Avg:   1.7404
  has_contact               | Scaled Avg:   0.0003 | Raw Avg:   0.0161
  hip_pos                   | Scaled Avg:  -0.0031 | Raw Avg:   0.0315
  lin_vel_z                 | Scaled Avg:  -0.0019 | Raw Avg:   0.0244
  orientation               | Scaled Avg:  -0.0001 | Raw Avg:   0.0130
  powers                    | Scaled Avg:  -0.0000 | Raw Avg: 122.4749
  stand_still               | Scaled Avg:  -0.0002 | Raw Avg:   0.0023
  torques                   | Scaled Avg:  -0.0002 | Raw Avg: 842.0935
  tracking_ang_vel          | Scaled Avg:   0.0153 | Raw Avg:   0.7643
  tracking_lin_vel          | Scaled Avg:   0.0308 | Raw Avg:   0.7702
  TOTAL REWARD              | Scaled Avg:   0.0097
------------------------------

------------------------------
Step: 28000 - Reward Breakdown:
  action_rate               | Scaled Avg:  -0.0163 | Raw Avg:   1.6294
  action_smoothness         | Scaled Avg:  -0.0005 | Raw Avg:   0.2560
  ang_vel_xy                | Scaled Avg:  -0.0025 | Raw Avg:   1.2534
  base_height               | Scaled Avg:  -0.0000 | Raw Avg:   0.0006
  collision                 | Scaled Avg:  -0.0001 | Raw Avg:   0.0057
  dof_acc                   | Scaled Avg:  -0.0006 | Raw Avg: 123612.7344
  dof_error                 | Scaled Avg:  -0.0007 | Raw Avg:   0.3636
  dof_vel                   | Scaled Avg:  -0.0080 | Raw Avg:  80.3505
  feet_contact_forces       | Scaled Avg:  -0.0000 | Raw Avg:   6.8904
  foot_clearance            | Scaled Avg:  -0.0001 | Raw Avg:   0.0074
  foot_mirror               | Scaled Avg:  -0.0001 | Raw Avg:   0.1152
  foot_slide                | Scaled Avg:  -0.0017 | Raw Avg:   1.7395
  has_contact               | Scaled Avg:   0.0004 | Raw Avg:   0.0187
  hip_pos                   | Scaled Avg:  -0.0030 | Raw Avg:   0.0299
  lin_vel_z                 | Scaled Avg:  -0.0019 | Raw Avg:   0.0241
  orientation               | Scaled Avg:  -0.0000 | Raw Avg:   0.0118
  powers                    | Scaled Avg:  -0.0000 | Raw Avg: 120.6418
  stand_still               | Scaled Avg:  -0.0004 | Raw Avg:   0.0042
  torques                   | Scaled Avg:  -0.0002 | Raw Avg: 829.3591
  tracking_ang_vel          | Scaled Avg:   0.0153 | Raw Avg:   0.7625
  tracking_lin_vel          | Scaled Avg:   0.0309 | Raw Avg:   0.7726
  TOTAL REWARD              | Scaled Avg:   0.0102
------------------------------

------------------------------
Step: 28500 - Reward Breakdown:
  action_rate               | Scaled Avg:  -0.0166 | Raw Avg:   1.6597
  action_smoothness         | Scaled Avg:  -0.0005 | Raw Avg:   0.2547
  ang_vel_xy                | Scaled Avg:  -0.0027 | Raw Avg:   1.3331
  base_height               | Scaled Avg:  -0.0000 | Raw Avg:   0.0006
  collision                 | Scaled Avg:  -0.0001 | Raw Avg:   0.0054
  dof_acc                   | Scaled Avg:  -0.0006 | Raw Avg: 115425.1641
  dof_error                 | Scaled Avg:  -0.0008 | Raw Avg:   0.3799
  dof_vel                   | Scaled Avg:  -0.0082 | Raw Avg:  81.5248
  feet_air_time             | Scaled Avg:   0.0000 | Raw Avg:   0.0004
  feet_contact_forces       | Scaled Avg:  -0.0000 | Raw Avg:   7.2622
  foot_clearance            | Scaled Avg:  -0.0001 | Raw Avg:   0.0073
  foot_mirror               | Scaled Avg:  -0.0001 | Raw Avg:   0.1193
  foot_slide                | Scaled Avg:  -0.0017 | Raw Avg:   1.7216
  has_contact               | Scaled Avg:   0.0004 | Raw Avg:   0.0182
  hip_pos                   | Scaled Avg:  -0.0032 | Raw Avg:   0.0324
  lin_vel_z                 | Scaled Avg:  -0.0020 | Raw Avg:   0.0254
  orientation               | Scaled Avg:  -0.0000 | Raw Avg:   0.0124
  powers                    | Scaled Avg:  -0.0000 | Raw Avg: 122.3825
  stand_still               | Scaled Avg:  -0.0003 | Raw Avg:   0.0035
  torques                   | Scaled Avg:  -0.0002 | Raw Avg: 848.6520
  tracking_ang_vel          | Scaled Avg:   0.0153 | Raw Avg:   0.7665
  tracking_lin_vel          | Scaled Avg:   0.0306 | Raw Avg:   0.7645
  TOTAL REWARD              | Scaled Avg:   0.0091
------------------------------
################################################################################
                    [1m Learning iteration 6200/10000 [0m                     

                       Computation: 84717 steps/s (collection: 1.257s, learning 0.469s)
                     surrogate_loss -0.0049
                         value_loss 0.0558
                            entropy 2.3098
                     estimator_loss 0.0000
                         total_loss 0.0741
             Mean action noise std: 0.20
                       Mean reward: 3.34
               Mean episode length: 496.46
      Mean episode rew_action_rate: -0.4111
Mean episode rew_frame_action_rate: -0.0207
Mean episode rew_action_smoothness: -0.0129
Mean episode rew_frame_action_smoothness: -0.0006
       Mean episode rew_ang_vel_xy: -0.0654
 Mean episode rew_frame_ang_vel_xy: -0.0089
      Mean episode rew_base_height: -0.0003
Mean episode rew_frame_base_height: -0.0001
        Mean episode rew_collision: -0.0029
  Mean episode rew_frame_collision: -0.0011
          Mean episode rew_dof_acc: -0.0153
    Mean episode rew_frame_dof_acc: -0.0014
        Mean episode rew_dof_error: -0.0190
  Mean episode rew_frame_dof_error: -0.0028
          Mean episode rew_dof_vel: -0.2106
    Mean episode rew_frame_dof_vel: -0.0154
    Mean episode rew_feet_air_time: 0.0002
Mean episode rew_frame_feet_air_time: 0.0000
Mean episode rew_feet_contact_forces: -0.0006
Mean episode rew_frame_feet_contact_forces: -0.0000
   Mean episode rew_foot_clearance: -0.0018
Mean episode rew_frame_foot_clearance: -0.0002
      Mean episode rew_foot_mirror: -0.0030
Mean episode rew_frame_foot_mirror: -0.0004
       Mean episode rew_foot_slide: -0.0432
 Mean episode rew_frame_foot_slide: -0.0016
      Mean episode rew_has_contact: 0.0082
Mean episode rew_frame_has_contact: 0.0003
          Mean episode rew_hip_pos: -0.0809
    Mean episode rew_frame_hip_pos: -0.0129
        Mean episode rew_lin_vel_z: -0.0518
  Mean episode rew_frame_lin_vel_z: -0.0144
      Mean episode rew_orientation: -0.0013
Mean episode rew_frame_orientation: -0.0004
           Mean episode rew_powers: -0.0013
     Mean episode rew_frame_powers: -0.0001
      Mean episode rew_stand_still: -0.0272
Mean episode rew_frame_stand_still: -0.0020
          Mean episode rew_stumble: -0.0000
    Mean episode rew_frame_stumble: -0.0000
          Mean episode rew_torques: -0.0043
    Mean episode rew_frame_torques: -0.0002
 Mean episode rew_tracking_ang_vel: 0.3796
Mean episode rew_frame_tracking_ang_vel: 0.0107
 Mean episode rew_tracking_lin_vel: 0.7582
Mean episode rew_frame_tracking_lin_vel: 0.0197
Mean episode max_power_throughout_episode: 3637.3625
            Mean episode max_pos_x: 4.3186
            Mean episode min_pos_x: -2.2184
            Mean episode max_pos_y: 2.7431
            Mean episode min_pos_y: -3.2864
        Mean episode timeout_ratio: 0.4387
       Mean episode num_terminated: 10.9167
--------------------------------------------------------------------------------
                   Total timesteps: 1901952
                    Iteration time: 1.73s
                        Total time: 2105.75s
                               ETA: 6662.6s


------------------------------
Step: 29000 - Reward Breakdown:
  action_rate               | Scaled Avg:  -0.0166 | Raw Avg:   1.6621
  action_smoothness         | Scaled Avg:  -0.0005 | Raw Avg:   0.2574
  ang_vel_xy                | Scaled Avg:  -0.0026 | Raw Avg:   1.3185
  base_height               | Scaled Avg:  -0.0000 | Raw Avg:   0.0006
  collision                 | Scaled Avg:  -0.0001 | Raw Avg:   0.0046
  dof_acc                   | Scaled Avg:  -0.0006 | Raw Avg: 129182.4688
  dof_error                 | Scaled Avg:  -0.0008 | Raw Avg:   0.3923
  dof_vel                   | Scaled Avg:  -0.0085 | Raw Avg:  85.0823
  feet_contact_forces       | Scaled Avg:  -0.0000 | Raw Avg:   7.7907
  foot_clearance            | Scaled Avg:  -0.0001 | Raw Avg:   0.0077
  foot_mirror               | Scaled Avg:  -0.0001 | Raw Avg:   0.1145
  foot_slide                | Scaled Avg:  -0.0017 | Raw Avg:   1.7039
  has_contact               | Scaled Avg:   0.0004 | Raw Avg:   0.0176
  hip_pos                   | Scaled Avg:  -0.0033 | Raw Avg:   0.0332
  lin_vel_z                 | Scaled Avg:  -0.0021 | Raw Avg:   0.0259
  orientation               | Scaled Avg:  -0.0000 | Raw Avg:   0.0124
  powers                    | Scaled Avg:  -0.0001 | Raw Avg: 128.6362
  stand_still               | Scaled Avg:  -0.0003 | Raw Avg:   0.0025
  torques                   | Scaled Avg:  -0.0002 | Raw Avg: 886.5367
  tracking_ang_vel          | Scaled Avg:   0.0153 | Raw Avg:   0.7666
  tracking_lin_vel          | Scaled Avg:   0.0310 | Raw Avg:   0.7740
  TOTAL REWARD              | Scaled Avg:   0.0090
------------------------------

------------------------------
Step: 29500 - Reward Breakdown:
  action_rate               | Scaled Avg:  -0.0160 | Raw Avg:   1.6038
  action_smoothness         | Scaled Avg:  -0.0005 | Raw Avg:   0.2560
  ang_vel_xy                | Scaled Avg:  -0.0025 | Raw Avg:   1.2692
  base_height               | Scaled Avg:  -0.0000 | Raw Avg:   0.0005
  collision                 | Scaled Avg:  -0.0001 | Raw Avg:   0.0049
  dof_acc                   | Scaled Avg:  -0.0007 | Raw Avg: 132306.2031
  dof_error                 | Scaled Avg:  -0.0008 | Raw Avg:   0.3842
  dof_vel                   | Scaled Avg:  -0.0082 | Raw Avg:  81.6098
  feet_contact_forces       | Scaled Avg:  -0.0000 | Raw Avg:   6.8124
  foot_clearance            | Scaled Avg:  -0.0001 | Raw Avg:   0.0081
  foot_mirror               | Scaled Avg:  -0.0001 | Raw Avg:   0.1152
  foot_slide                | Scaled Avg:  -0.0017 | Raw Avg:   1.7356
  has_contact               | Scaled Avg:   0.0004 | Raw Avg:   0.0185
  hip_pos                   | Scaled Avg:  -0.0032 | Raw Avg:   0.0316
  lin_vel_z                 | Scaled Avg:  -0.0019 | Raw Avg:   0.0234
  orientation               | Scaled Avg:  -0.0000 | Raw Avg:   0.0114
  powers                    | Scaled Avg:  -0.0000 | Raw Avg: 123.1815
  stand_still               | Scaled Avg:  -0.0004 | Raw Avg:   0.0041
  torques                   | Scaled Avg:  -0.0002 | Raw Avg: 848.6549
  tracking_ang_vel          | Scaled Avg:   0.0153 | Raw Avg:   0.7633
  tracking_lin_vel          | Scaled Avg:   0.0307 | Raw Avg:   0.7675
  TOTAL REWARD              | Scaled Avg:   0.0099
------------------------------

------------------------------
Step: 30000 - Reward Breakdown:
  action_rate               | Scaled Avg:  -0.0163 | Raw Avg:   1.6323
  action_smoothness         | Scaled Avg:  -0.0005 | Raw Avg:   0.2559
  ang_vel_xy                | Scaled Avg:  -0.0025 | Raw Avg:   1.2434
  base_height               | Scaled Avg:  -0.0000 | Raw Avg:   0.0006
  collision                 | Scaled Avg:  -0.0001 | Raw Avg:   0.0038
  dof_acc                   | Scaled Avg:  -0.0007 | Raw Avg: 136315.5000
  dof_error                 | Scaled Avg:  -0.0007 | Raw Avg:   0.3660
  dof_vel                   | Scaled Avg:  -0.0082 | Raw Avg:  82.3281
  feet_contact_forces       | Scaled Avg:  -0.0000 | Raw Avg:   6.8239
  foot_clearance            | Scaled Avg:  -0.0001 | Raw Avg:   0.0078
  foot_mirror               | Scaled Avg:  -0.0001 | Raw Avg:   0.1081
  foot_slide                | Scaled Avg:  -0.0017 | Raw Avg:   1.7304
  has_contact               | Scaled Avg:   0.0003 | Raw Avg:   0.0171
  hip_pos                   | Scaled Avg:  -0.0030 | Raw Avg:   0.0302
  lin_vel_z                 | Scaled Avg:  -0.0018 | Raw Avg:   0.0230
  orientation               | Scaled Avg:  -0.0000 | Raw Avg:   0.0119
  powers                    | Scaled Avg:  -0.0000 | Raw Avg: 120.6810
  stand_still               | Scaled Avg:  -0.0002 | Raw Avg:   0.0020
  torques                   | Scaled Avg:  -0.0002 | Raw Avg: 820.8217
  tracking_ang_vel          | Scaled Avg:   0.0153 | Raw Avg:   0.7667
  tracking_lin_vel          | Scaled Avg:   0.0311 | Raw Avg:   0.7775
  TOTAL REWARD              | Scaled Avg:   0.0105
------------------------------

------------------------------
Step: 30500 - Reward Breakdown:
  action_rate               | Scaled Avg:  -0.0165 | Raw Avg:   1.6550
  action_smoothness         | Scaled Avg:  -0.0005 | Raw Avg:   0.2570
  ang_vel_xy                | Scaled Avg:  -0.0024 | Raw Avg:   1.2110
  base_height               | Scaled Avg:  -0.0000 | Raw Avg:   0.0005
  collision                 | Scaled Avg:  -0.0001 | Raw Avg:   0.0052
  dof_acc                   | Scaled Avg:  -0.0007 | Raw Avg: 135467.8594
  dof_error                 | Scaled Avg:  -0.0007 | Raw Avg:   0.3684
  dof_vel                   | Scaled Avg:  -0.0083 | Raw Avg:  83.0054
  feet_contact_forces       | Scaled Avg:  -0.0000 | Raw Avg:   7.4913
  foot_clearance            | Scaled Avg:  -0.0001 | Raw Avg:   0.0080
  foot_mirror               | Scaled Avg:  -0.0001 | Raw Avg:   0.1011
  foot_slide                | Scaled Avg:  -0.0017 | Raw Avg:   1.7217
  has_contact               | Scaled Avg:   0.0003 | Raw Avg:   0.0153
  hip_pos                   | Scaled Avg:  -0.0031 | Raw Avg:   0.0309
  lin_vel_z                 | Scaled Avg:  -0.0020 | Raw Avg:   0.0245
  orientation               | Scaled Avg:  -0.0000 | Raw Avg:   0.0113
  powers                    | Scaled Avg:  -0.0000 | Raw Avg: 120.6763
  stand_still               | Scaled Avg:  -0.0004 | Raw Avg:   0.0038
  torques                   | Scaled Avg:  -0.0002 | Raw Avg: 826.2523
  tracking_ang_vel          | Scaled Avg:   0.0155 | Raw Avg:   0.7747
  tracking_lin_vel          | Scaled Avg:   0.0308 | Raw Avg:   0.7696
  TOTAL REWARD              | Scaled Avg:   0.0097
------------------------------

------------------------------
Step: 31000 - Reward Breakdown:
  action_rate               | Scaled Avg:  -0.0163 | Raw Avg:   1.6301
  action_smoothness         | Scaled Avg:  -0.0005 | Raw Avg:   0.2579
  ang_vel_xy                | Scaled Avg:  -0.0026 | Raw Avg:   1.2977
  base_height               | Scaled Avg:  -0.0000 | Raw Avg:   0.0005
  collision                 | Scaled Avg:  -0.0001 | Raw Avg:   0.0046
  dof_acc                   | Scaled Avg:  -0.0007 | Raw Avg: 132520.5312
  dof_error                 | Scaled Avg:  -0.0007 | Raw Avg:   0.3711
  dof_vel                   | Scaled Avg:  -0.0083 | Raw Avg:  83.0485
  feet_contact_forces       | Scaled Avg:  -0.0000 | Raw Avg:   7.4761
  foot_clearance            | Scaled Avg:  -0.0001 | Raw Avg:   0.0080
  foot_mirror               | Scaled Avg:  -0.0001 | Raw Avg:   0.1041
  foot_slide                | Scaled Avg:  -0.0017 | Raw Avg:   1.7272
  has_contact               | Scaled Avg:   0.0004 | Raw Avg:   0.0188
  hip_pos                   | Scaled Avg:  -0.0031 | Raw Avg:   0.0312
  lin_vel_z                 | Scaled Avg:  -0.0021 | Raw Avg:   0.0257
  orientation               | Scaled Avg:  -0.0000 | Raw Avg:   0.0115
  powers                    | Scaled Avg:  -0.0000 | Raw Avg: 121.5475
  stand_still               | Scaled Avg:  -0.0004 | Raw Avg:   0.0037
  torques                   | Scaled Avg:  -0.0002 | Raw Avg: 823.2906
  tracking_ang_vel          | Scaled Avg:   0.0154 | Raw Avg:   0.7682
  tracking_lin_vel          | Scaled Avg:   0.0311 | Raw Avg:   0.7777
  TOTAL REWARD              | Scaled Avg:   0.0099
------------------------------
################################################################################
                    [1m Learning iteration 6300/10000 [0m                     

                       Computation: 78977 steps/s (collection: 1.257s, learning 0.595s)
                     surrogate_loss -0.0023
                         value_loss 0.0561
                            entropy 2.2949
                     estimator_loss 0.0000
                         total_loss 0.0768
             Mean action noise std: 0.20
                       Mean reward: 5.35
               Mean episode length: 578.08
      Mean episode rew_action_rate: -0.4710
Mean episode rew_frame_action_rate: -0.0200
Mean episode rew_action_smoothness: -0.0149
Mean episode rew_frame_action_smoothness: -0.0006
       Mean episode rew_ang_vel_xy: -0.0718
 Mean episode rew_frame_ang_vel_xy: -0.0080
      Mean episode rew_base_height: -0.0003
Mean episode rew_frame_base_height: -0.0001
        Mean episode rew_collision: -0.0029
  Mean episode rew_frame_collision: -0.0010
          Mean episode rew_dof_acc: -0.0189
    Mean episode rew_frame_dof_acc: -0.0015
        Mean episode rew_dof_error: -0.0209
  Mean episode rew_frame_dof_error: -0.0025
          Mean episode rew_dof_vel: -0.2359
    Mean episode rew_frame_dof_vel: -0.0150
    Mean episode rew_feet_air_time: 0.0001
Mean episode rew_frame_feet_air_time: 0.0000
Mean episode rew_feet_contact_forces: -0.0006
Mean episode rew_frame_feet_contact_forces: -0.0000
   Mean episode rew_foot_clearance: -0.0023
Mean episode rew_frame_foot_clearance: -0.0002
      Mean episode rew_foot_mirror: -0.0029
Mean episode rew_frame_foot_mirror: -0.0004
       Mean episode rew_foot_slide: -0.0498
 Mean episode rew_frame_foot_slide: -0.0016
      Mean episode rew_has_contact: 0.0073
Mean episode rew_frame_has_contact: 0.0003
          Mean episode rew_hip_pos: -0.0876
    Mean episode rew_frame_hip_pos: -0.0113
        Mean episode rew_lin_vel_z: -0.0543
  Mean episode rew_frame_lin_vel_z: -0.0129
      Mean episode rew_orientation: -0.0014
Mean episode rew_frame_orientation: -0.0004
           Mean episode rew_powers: -0.0014
     Mean episode rew_frame_powers: -0.0001
      Mean episode rew_stand_still: -0.0008
Mean episode rew_frame_stand_still: -0.0007
          Mean episode rew_stumble: -0.0000
    Mean episode rew_frame_stumble: -0.0000
          Mean episode rew_torques: -0.0048
    Mean episode rew_frame_torques: -0.0002
 Mean episode rew_tracking_ang_vel: 0.4480
Mean episode rew_frame_tracking_ang_vel: 0.0115
 Mean episode rew_tracking_lin_vel: 0.9041
Mean episode rew_frame_tracking_lin_vel: 0.0211
Mean episode max_power_throughout_episode: 3855.8193
            Mean episode max_pos_x: 4.7309
            Mean episode min_pos_x: -4.2529
            Mean episode max_pos_y: 4.0455
            Mean episode min_pos_y: -4.5785
        Mean episode timeout_ratio: 0.5456
       Mean episode num_terminated: 15.2500
--------------------------------------------------------------------------------
                   Total timesteps: 2048256
                    Iteration time: 1.85s
                        Total time: 2280.26s
                               ETA: 6485.0s


------------------------------
Step: 31500 - Reward Breakdown:
  action_rate               | Scaled Avg:  -0.0161 | Raw Avg:   1.6064
  action_smoothness         | Scaled Avg:  -0.0005 | Raw Avg:   0.2557
  ang_vel_xy                | Scaled Avg:  -0.0026 | Raw Avg:   1.2854
  base_height               | Scaled Avg:  -0.0000 | Raw Avg:   0.0006
  collision                 | Scaled Avg:  -0.0001 | Raw Avg:   0.0051
  dof_acc                   | Scaled Avg:  -0.0007 | Raw Avg: 145423.6094
  dof_error                 | Scaled Avg:  -0.0008 | Raw Avg:   0.3950
  dof_vel                   | Scaled Avg:  -0.0083 | Raw Avg:  83.4391
  feet_contact_forces       | Scaled Avg:  -0.0000 | Raw Avg:   7.0221
  foot_clearance            | Scaled Avg:  -0.0001 | Raw Avg:   0.0080
  foot_mirror               | Scaled Avg:  -0.0001 | Raw Avg:   0.1149
  foot_slide                | Scaled Avg:  -0.0017 | Raw Avg:   1.7110
  has_contact               | Scaled Avg:   0.0003 | Raw Avg:   0.0145
  hip_pos                   | Scaled Avg:  -0.0033 | Raw Avg:   0.0326
  lin_vel_z                 | Scaled Avg:  -0.0020 | Raw Avg:   0.0249
  orientation               | Scaled Avg:  -0.0000 | Raw Avg:   0.0124
  powers                    | Scaled Avg:  -0.0000 | Raw Avg: 123.2188
  stand_still               | Scaled Avg:  -0.0003 | Raw Avg:   0.0028
  torques                   | Scaled Avg:  -0.0002 | Raw Avg: 832.6258
  tracking_ang_vel          | Scaled Avg:   0.0153 | Raw Avg:   0.7674
  tracking_lin_vel          | Scaled Avg:   0.0310 | Raw Avg:   0.7744
  TOTAL REWARD              | Scaled Avg:   0.0098
------------------------------

------------------------------
Step: 32000 - Reward Breakdown:
  action_rate               | Scaled Avg:  -0.0162 | Raw Avg:   1.6200
  action_smoothness         | Scaled Avg:  -0.0005 | Raw Avg:   0.2554
  ang_vel_xy                | Scaled Avg:  -0.0024 | Raw Avg:   1.1970
  base_height               | Scaled Avg:  -0.0000 | Raw Avg:   0.0005
  collision                 | Scaled Avg:  -0.0001 | Raw Avg:   0.0049
  dof_acc                   | Scaled Avg:  -0.0007 | Raw Avg: 138846.4531
  dof_error                 | Scaled Avg:  -0.0008 | Raw Avg:   0.3786
  dof_vel                   | Scaled Avg:  -0.0082 | Raw Avg:  82.2141
  feet_contact_forces       | Scaled Avg:  -0.0000 | Raw Avg:   6.9541
  foot_clearance            | Scaled Avg:  -0.0001 | Raw Avg:   0.0081
  foot_mirror               | Scaled Avg:  -0.0001 | Raw Avg:   0.1106
  foot_slide                | Scaled Avg:  -0.0017 | Raw Avg:   1.7146
  has_contact               | Scaled Avg:   0.0004 | Raw Avg:   0.0183
  hip_pos                   | Scaled Avg:  -0.0032 | Raw Avg:   0.0317
  lin_vel_z                 | Scaled Avg:  -0.0018 | Raw Avg:   0.0223
  orientation               | Scaled Avg:  -0.0000 | Raw Avg:   0.0114
  powers                    | Scaled Avg:  -0.0000 | Raw Avg: 121.9809
  stand_still               | Scaled Avg:  -0.0003 | Raw Avg:   0.0029
  torques                   | Scaled Avg:  -0.0002 | Raw Avg: 838.8372
  tracking_ang_vel          | Scaled Avg:   0.0155 | Raw Avg:   0.7738
  tracking_lin_vel          | Scaled Avg:   0.0312 | Raw Avg:   0.7808
  TOTAL REWARD              | Scaled Avg:   0.0108
------------------------------

------------------------------
Step: 32500 - Reward Breakdown:
  action_rate               | Scaled Avg:  -0.0163 | Raw Avg:   1.6349
  action_smoothness         | Scaled Avg:  -0.0005 | Raw Avg:   0.2565
  ang_vel_xy                | Scaled Avg:  -0.0027 | Raw Avg:   1.3366
  base_height               | Scaled Avg:  -0.0000 | Raw Avg:   0.0005
  collision                 | Scaled Avg:  -0.0001 | Raw Avg:   0.0054
  dof_acc                   | Scaled Avg:  -0.0007 | Raw Avg: 132541.4062
  dof_error                 | Scaled Avg:  -0.0008 | Raw Avg:   0.3834
  dof_vel                   | Scaled Avg:  -0.0083 | Raw Avg:  83.3965
  feet_contact_forces       | Scaled Avg:  -0.0000 | Raw Avg:   7.6585
  foot_clearance            | Scaled Avg:  -0.0001 | Raw Avg:   0.0080
  foot_mirror               | Scaled Avg:  -0.0001 | Raw Avg:   0.1077
  foot_slide                | Scaled Avg:  -0.0017 | Raw Avg:   1.6894
  has_contact               | Scaled Avg:   0.0003 | Raw Avg:   0.0165
  hip_pos                   | Scaled Avg:  -0.0032 | Raw Avg:   0.0317
  lin_vel_z                 | Scaled Avg:  -0.0020 | Raw Avg:   0.0256
  orientation               | Scaled Avg:  -0.0001 | Raw Avg:   0.0127
  powers                    | Scaled Avg:  -0.0001 | Raw Avg: 127.4167
  stand_still               | Scaled Avg:  -0.0003 | Raw Avg:   0.0032
  torques                   | Scaled Avg:  -0.0002 | Raw Avg: 899.2793
  tracking_ang_vel          | Scaled Avg:   0.0153 | Raw Avg:   0.7665
  tracking_lin_vel          | Scaled Avg:   0.0307 | Raw Avg:   0.7684
  TOTAL REWARD              | Scaled Avg:   0.0092
------------------------------

------------------------------
Step: 33000 - Reward Breakdown:
  action_rate               | Scaled Avg:  -0.0164 | Raw Avg:   1.6383
  action_smoothness         | Scaled Avg:  -0.0005 | Raw Avg:   0.2601
  ang_vel_xy                | Scaled Avg:  -0.0026 | Raw Avg:   1.3040
  base_height               | Scaled Avg:  -0.0000 | Raw Avg:   0.0006
  collision                 | Scaled Avg:  -0.0001 | Raw Avg:   0.0056
  dof_acc                   | Scaled Avg:  -0.0008 | Raw Avg: 152072.9688
  dof_error                 | Scaled Avg:  -0.0008 | Raw Avg:   0.4019
  dof_vel                   | Scaled Avg:  -0.0084 | Raw Avg:  84.4677
  feet_contact_forces       | Scaled Avg:  -0.0000 | Raw Avg:   7.7279
  foot_clearance            | Scaled Avg:  -0.0001 | Raw Avg:   0.0083
  foot_mirror               | Scaled Avg:  -0.0001 | Raw Avg:   0.1166
  foot_slide                | Scaled Avg:  -0.0017 | Raw Avg:   1.7035
  has_contact               | Scaled Avg:   0.0004 | Raw Avg:   0.0176
  hip_pos                   | Scaled Avg:  -0.0031 | Raw Avg:   0.0314
  lin_vel_z                 | Scaled Avg:  -0.0021 | Raw Avg:   0.0267
  orientation               | Scaled Avg:  -0.0000 | Raw Avg:   0.0124
  powers                    | Scaled Avg:  -0.0001 | Raw Avg: 134.4502
  stand_still               | Scaled Avg:  -0.0003 | Raw Avg:   0.0027
  torques                   | Scaled Avg:  -0.0002 | Raw Avg: 992.9022
  tracking_ang_vel          | Scaled Avg:   0.0151 | Raw Avg:   0.7526
  tracking_lin_vel          | Scaled Avg:   0.0308 | Raw Avg:   0.7697
  TOTAL REWARD              | Scaled Avg:   0.0088
------------------------------

------------------------------
Step: 33500 - Reward Breakdown:
  action_rate               | Scaled Avg:  -0.0163 | Raw Avg:   1.6282
  action_smoothness         | Scaled Avg:  -0.0005 | Raw Avg:   0.2594
  ang_vel_xy                | Scaled Avg:  -0.0027 | Raw Avg:   1.3455
  base_height               | Scaled Avg:  -0.0000 | Raw Avg:   0.0006
  collision                 | Scaled Avg:  -0.0002 | Raw Avg:   0.0075
  dof_acc                   | Scaled Avg:  -0.0008 | Raw Avg: 152634.2031
  dof_error                 | Scaled Avg:  -0.0008 | Raw Avg:   0.4096
  dof_vel                   | Scaled Avg:  -0.0083 | Raw Avg:  83.1810
  feet_contact_forces       | Scaled Avg:  -0.0000 | Raw Avg:   7.6589
  foot_clearance            | Scaled Avg:  -0.0001 | Raw Avg:   0.0081
  foot_mirror               | Scaled Avg:  -0.0001 | Raw Avg:   0.1244
  foot_slide                | Scaled Avg:  -0.0017 | Raw Avg:   1.7026
  has_contact               | Scaled Avg:   0.0004 | Raw Avg:   0.0208
  hip_pos                   | Scaled Avg:  -0.0031 | Raw Avg:   0.0307
  lin_vel_z                 | Scaled Avg:  -0.0019 | Raw Avg:   0.0242
  orientation               | Scaled Avg:  -0.0001 | Raw Avg:   0.0145
  powers                    | Scaled Avg:  -0.0001 | Raw Avg: 135.0163
  stand_still               | Scaled Avg:  -0.0004 | Raw Avg:   0.0038
  torques                   | Scaled Avg:  -0.0002 | Raw Avg: 1008.1448
  tracking_ang_vel          | Scaled Avg:   0.0151 | Raw Avg:   0.7559
  tracking_lin_vel          | Scaled Avg:   0.0300 | Raw Avg:   0.7494
  TOTAL REWARD              | Scaled Avg:   0.0083
------------------------------
################################################################################
                    [1m Learning iteration 6400/10000 [0m                     

                       Computation: 82203 steps/s (collection: 1.309s, learning 0.470s)
                     surrogate_loss -0.0046
                         value_loss 0.0534
                            entropy 2.3048
                     estimator_loss 0.0000
                         total_loss 0.0719
             Mean action noise std: 0.20
                       Mean reward: 2.63
               Mean episode length: 409.00
      Mean episode rew_action_rate: -0.3403
Mean episode rew_frame_action_rate: -0.0215
Mean episode rew_action_smoothness: -0.0107
Mean episode rew_frame_action_smoothness: -0.0006
       Mean episode rew_ang_vel_xy: -0.0589
 Mean episode rew_frame_ang_vel_xy: -0.0094
      Mean episode rew_base_height: -0.0003
Mean episode rew_frame_base_height: -0.0001
        Mean episode rew_collision: -0.0033
  Mean episode rew_frame_collision: -0.0015
          Mean episode rew_dof_acc: -0.0146
    Mean episode rew_frame_dof_acc: -0.0015
        Mean episode rew_dof_error: -0.0171
  Mean episode rew_frame_dof_error: -0.0030
          Mean episode rew_dof_vel: -0.1699
    Mean episode rew_frame_dof_vel: -0.0160
    Mean episode rew_feet_air_time: 0.0002
Mean episode rew_frame_feet_air_time: 0.0000
Mean episode rew_feet_contact_forces: -0.0004
Mean episode rew_frame_feet_contact_forces: -0.0000
   Mean episode rew_foot_clearance: -0.0017
Mean episode rew_frame_foot_clearance: -0.0002
      Mean episode rew_foot_mirror: -0.0025
Mean episode rew_frame_foot_mirror: -0.0004
       Mean episode rew_foot_slide: -0.0347
 Mean episode rew_frame_foot_slide: -0.0016
      Mean episode rew_has_contact: 0.0056
Mean episode rew_frame_has_contact: 0.0002
          Mean episode rew_hip_pos: -0.0694
    Mean episode rew_frame_hip_pos: -0.0138
        Mean episode rew_lin_vel_z: -0.0470
  Mean episode rew_frame_lin_vel_z: -0.0152
      Mean episode rew_orientation: -0.0014
Mean episode rew_frame_orientation: -0.0005
           Mean episode rew_powers: -0.0011
     Mean episode rew_frame_powers: -0.0001
      Mean episode rew_stand_still: -0.0153
Mean episode rew_frame_stand_still: -0.0005
          Mean episode rew_stumble: -0.0000
    Mean episode rew_frame_stumble: -0.0000
          Mean episode rew_torques: -0.0041
    Mean episode rew_frame_torques: -0.0003
 Mean episode rew_tracking_ang_vel: 0.3101
Mean episode rew_frame_tracking_ang_vel: 0.0099
 Mean episode rew_tracking_lin_vel: 0.6175
Mean episode rew_frame_tracking_lin_vel: 0.0178
Mean episode max_power_throughout_episode: 3763.4456
            Mean episode max_pos_x: 3.6534
            Mean episode min_pos_x: -3.2808
            Mean episode max_pos_y: 2.8779
            Mean episode min_pos_y: -3.9083
        Mean episode timeout_ratio: 0.3575
       Mean episode num_terminated: 11.8333
--------------------------------------------------------------------------------
                   Total timesteps: 2194560
                    Iteration time: 1.78s
                        Total time: 2455.14s
                               ETA: 6308.7s


------------------------------
Step: 34000 - Reward Breakdown:
  action_rate               | Scaled Avg:  -0.0165 | Raw Avg:   1.6530
  action_smoothness         | Scaled Avg:  -0.0005 | Raw Avg:   0.2596
  ang_vel_xy                | Scaled Avg:  -0.0027 | Raw Avg:   1.3273
  collision                 | Scaled Avg:  -0.0001 | Raw Avg:   0.0046
  dof_acc                   | Scaled Avg:  -0.0008 | Raw Avg: 153491.8906
  dof_error                 | Scaled Avg:  -0.0008 | Raw Avg:   0.3951
  dof_vel                   | Scaled Avg:  -0.0082 | Raw Avg:  81.5190
  feet_contact_forces       | Scaled Avg:  -0.0000 | Raw Avg:   7.6036
  foot_clearance            | Scaled Avg:  -0.0001 | Raw Avg:   0.0083
  foot_mirror               | Scaled Avg:  -0.0001 | Raw Avg:   0.1186
  foot_slide                | Scaled Avg:  -0.0017 | Raw Avg:   1.7044
  has_contact               | Scaled Avg:   0.0003 | Raw Avg:   0.0157
  hip_pos                   | Scaled Avg:  -0.0030 | Raw Avg:   0.0301
  lin_vel_z                 | Scaled Avg:  -0.0020 | Raw Avg:   0.0244
  orientation               | Scaled Avg:  -0.0000 | Raw Avg:   0.0120
  powers                    | Scaled Avg:  -0.0001 | Raw Avg: 132.2635
  stand_still               | Scaled Avg:  -0.0003 | Raw Avg:   0.0030
  torques                   | Scaled Avg:  -0.0002 | Raw Avg: 991.6119
  tracking_ang_vel          | Scaled Avg:   0.0153 | Raw Avg:   0.7666
  tracking_lin_vel          | Scaled Avg:   0.0302 | Raw Avg:   0.7558
  TOTAL REWARD              | Scaled Avg:   0.0089
------------------------------

------------------------------
Step: 34500 - Reward Breakdown:
  action_rate               | Scaled Avg:  -0.0165 | Raw Avg:   1.6512
  action_smoothness         | Scaled Avg:  -0.0005 | Raw Avg:   0.2600
  ang_vel_xy                | Scaled Avg:  -0.0027 | Raw Avg:   1.3410
  collision                 | Scaled Avg:  -0.0001 | Raw Avg:   0.0067
  dof_acc                   | Scaled Avg:  -0.0008 | Raw Avg: 154388.1719
  dof_error                 | Scaled Avg:  -0.0008 | Raw Avg:   0.4051
  dof_vel                   | Scaled Avg:  -0.0083 | Raw Avg:  83.0165
  feet_contact_forces       | Scaled Avg:  -0.0000 | Raw Avg:   7.3437
  foot_clearance            | Scaled Avg:  -0.0001 | Raw Avg:   0.0090
  foot_mirror               | Scaled Avg:  -0.0001 | Raw Avg:   0.1228
  foot_slide                | Scaled Avg:  -0.0017 | Raw Avg:   1.7462
  has_contact               | Scaled Avg:   0.0004 | Raw Avg:   0.0176
  hip_pos                   | Scaled Avg:  -0.0030 | Raw Avg:   0.0303
  lin_vel_z                 | Scaled Avg:  -0.0018 | Raw Avg:   0.0224
  orientation               | Scaled Avg:  -0.0001 | Raw Avg:   0.0132
  powers                    | Scaled Avg:  -0.0001 | Raw Avg: 128.8294
  stand_still               | Scaled Avg:  -0.0004 | Raw Avg:   0.0036
  torques                   | Scaled Avg:  -0.0002 | Raw Avg: 921.2352
  tracking_ang_vel          | Scaled Avg:   0.0153 | Raw Avg:   0.7649
  tracking_lin_vel          | Scaled Avg:   0.0304 | Raw Avg:   0.7606
  TOTAL REWARD              | Scaled Avg:   0.0089
------------------------------

------------------------------
Step: 35000 - Reward Breakdown:
  action_rate               | Scaled Avg:  -0.0161 | Raw Avg:   1.6125
  action_smoothness         | Scaled Avg:  -0.0005 | Raw Avg:   0.2588
  ang_vel_xy                | Scaled Avg:  -0.0026 | Raw Avg:   1.2952
  collision                 | Scaled Avg:  -0.0001 | Raw Avg:   0.0067
  dof_acc                   | Scaled Avg:  -0.0007 | Raw Avg: 141955.8125
  dof_error                 | Scaled Avg:  -0.0008 | Raw Avg:   0.4005
  dof_vel                   | Scaled Avg:  -0.0080 | Raw Avg:  79.8838
  feet_contact_forces       | Scaled Avg:  -0.0000 | Raw Avg:   7.0708
  foot_clearance            | Scaled Avg:  -0.0001 | Raw Avg:   0.0086
  foot_mirror               | Scaled Avg:  -0.0001 | Raw Avg:   0.1232
  foot_slide                | Scaled Avg:  -0.0017 | Raw Avg:   1.7031
  has_contact               | Scaled Avg:   0.0004 | Raw Avg:   0.0200
  hip_pos                   | Scaled Avg:  -0.0030 | Raw Avg:   0.0301
  lin_vel_z                 | Scaled Avg:  -0.0019 | Raw Avg:   0.0234
  orientation               | Scaled Avg:  -0.0000 | Raw Avg:   0.0125
  powers                    | Scaled Avg:  -0.0000 | Raw Avg: 122.7160
  stand_still               | Scaled Avg:  -0.0005 | Raw Avg:   0.0051
  torques                   | Scaled Avg:  -0.0002 | Raw Avg: 869.7703
  tracking_ang_vel          | Scaled Avg:   0.0154 | Raw Avg:   0.7699
  tracking_lin_vel          | Scaled Avg:   0.0303 | Raw Avg:   0.7570
  TOTAL REWARD              | Scaled Avg:   0.0096
------------------------------

------------------------------
Step: 35500 - Reward Breakdown:
  action_rate               | Scaled Avg:  -0.0160 | Raw Avg:   1.5956
  action_smoothness         | Scaled Avg:  -0.0005 | Raw Avg:   0.2551
  ang_vel_xy                | Scaled Avg:  -0.0024 | Raw Avg:   1.2198
  collision                 | Scaled Avg:  -0.0001 | Raw Avg:   0.0048
  dof_acc                   | Scaled Avg:  -0.0007 | Raw Avg: 148452.7969
  dof_error                 | Scaled Avg:  -0.0008 | Raw Avg:   0.4015
  dof_vel                   | Scaled Avg:  -0.0081 | Raw Avg:  81.1766
  feet_contact_forces       | Scaled Avg:  -0.0000 | Raw Avg:   7.0311
  foot_clearance            | Scaled Avg:  -0.0001 | Raw Avg:   0.0085
  foot_mirror               | Scaled Avg:  -0.0001 | Raw Avg:   0.1241
  foot_slide                | Scaled Avg:  -0.0017 | Raw Avg:   1.6988
  has_contact               | Scaled Avg:   0.0004 | Raw Avg:   0.0179
  hip_pos                   | Scaled Avg:  -0.0030 | Raw Avg:   0.0304
  lin_vel_z                 | Scaled Avg:  -0.0018 | Raw Avg:   0.0230
  orientation               | Scaled Avg:  -0.0000 | Raw Avg:   0.0120
  powers                    | Scaled Avg:  -0.0000 | Raw Avg: 122.8130
  stand_still               | Scaled Avg:  -0.0005 | Raw Avg:   0.0046
  torques                   | Scaled Avg:  -0.0002 | Raw Avg: 854.0992
  tracking_ang_vel          | Scaled Avg:   0.0154 | Raw Avg:   0.7710
  tracking_lin_vel          | Scaled Avg:   0.0305 | Raw Avg:   0.7635
  TOTAL REWARD              | Scaled Avg:   0.0101
------------------------------

------------------------------
Step: 36000 - Reward Breakdown:
  action_rate               | Scaled Avg:  -0.0161 | Raw Avg:   1.6086
  action_smoothness         | Scaled Avg:  -0.0005 | Raw Avg:   0.2570
  ang_vel_xy                | Scaled Avg:  -0.0025 | Raw Avg:   1.2730
  collision                 | Scaled Avg:  -0.0001 | Raw Avg:   0.0059
  dof_acc                   | Scaled Avg:  -0.0007 | Raw Avg: 146793.3281
  dof_error                 | Scaled Avg:  -0.0008 | Raw Avg:   0.4013
  dof_vel                   | Scaled Avg:  -0.0082 | Raw Avg:  82.2905
  feet_contact_forces       | Scaled Avg:  -0.0000 | Raw Avg:   7.4752
  foot_clearance            | Scaled Avg:  -0.0001 | Raw Avg:   0.0086
  foot_mirror               | Scaled Avg:  -0.0001 | Raw Avg:   0.1243
  foot_slide                | Scaled Avg:  -0.0017 | Raw Avg:   1.7000
  has_contact               | Scaled Avg:   0.0003 | Raw Avg:   0.0171
  hip_pos                   | Scaled Avg:  -0.0032 | Raw Avg:   0.0316
  lin_vel_z                 | Scaled Avg:  -0.0019 | Raw Avg:   0.0240
  orientation               | Scaled Avg:  -0.0001 | Raw Avg:   0.0132
  powers                    | Scaled Avg:  -0.0001 | Raw Avg: 126.7283
  stand_still               | Scaled Avg:  -0.0003 | Raw Avg:   0.0034
  torques                   | Scaled Avg:  -0.0002 | Raw Avg: 878.9303
  tracking_ang_vel          | Scaled Avg:   0.0153 | Raw Avg:   0.7665
  tracking_lin_vel          | Scaled Avg:   0.0308 | Raw Avg:   0.7709
  TOTAL REWARD              | Scaled Avg:   0.0098
------------------------------
################################################################################
                    [1m Learning iteration 6500/10000 [0m                     

                       Computation: 79671 steps/s (collection: 1.247s, learning 0.589s)
                     surrogate_loss -0.0043
                         value_loss 0.0548
                            entropy 2.2944
                     estimator_loss 0.0000
                         total_loss 0.0734
             Mean action noise std: 0.20
                       Mean reward: 3.45
               Mean episode length: 465.54
      Mean episode rew_action_rate: -0.3789
Mean episode rew_frame_action_rate: -0.0214
Mean episode rew_action_smoothness: -0.0120
Mean episode rew_frame_action_smoothness: -0.0006
       Mean episode rew_ang_vel_xy: -0.0626
 Mean episode rew_frame_ang_vel_xy: -0.0096
      Mean episode rew_base_height: -0.0003
Mean episode rew_frame_base_height: -0.0001
        Mean episode rew_collision: -0.0038
  Mean episode rew_frame_collision: -0.0014
          Mean episode rew_dof_acc: -0.0172
    Mean episode rew_frame_dof_acc: -0.0015
        Mean episode rew_dof_error: -0.0198
  Mean episode rew_frame_dof_error: -0.0032
          Mean episode rew_dof_vel: -0.1964
    Mean episode rew_frame_dof_vel: -0.0167
    Mean episode rew_feet_air_time: 0.0002
Mean episode rew_frame_feet_air_time: 0.0000
Mean episode rew_feet_contact_forces: -0.0005
Mean episode rew_frame_feet_contact_forces: -0.0000
   Mean episode rew_foot_clearance: -0.0020
Mean episode rew_frame_foot_clearance: -0.0002
      Mean episode rew_foot_mirror: -0.0031
Mean episode rew_frame_foot_mirror: -0.0005
       Mean episode rew_foot_slide: -0.0404
 Mean episode rew_frame_foot_slide: -0.0016
      Mean episode rew_has_contact: 0.0058
Mean episode rew_frame_has_contact: 0.0002
          Mean episode rew_hip_pos: -0.0745
    Mean episode rew_frame_hip_pos: -0.0129
        Mean episode rew_lin_vel_z: -0.0491
  Mean episode rew_frame_lin_vel_z: -0.0143
      Mean episode rew_orientation: -0.0015
Mean episode rew_frame_orientation: -0.0005
           Mean episode rew_powers: -0.0012
     Mean episode rew_frame_powers: -0.0001
      Mean episode rew_stand_still: -0.0122
Mean episode rew_frame_stand_still: -0.0022
          Mean episode rew_stumble: -0.0000
    Mean episode rew_frame_stumble: -0.0000
          Mean episode rew_torques: -0.0040
    Mean episode rew_frame_torques: -0.0002
 Mean episode rew_tracking_ang_vel: 0.3546
Mean episode rew_frame_tracking_ang_vel: 0.0102
 Mean episode rew_tracking_lin_vel: 0.6924
Mean episode rew_frame_tracking_lin_vel: 0.0180
Mean episode max_power_throughout_episode: 3691.9485
            Mean episode max_pos_x: 3.6752
            Mean episode min_pos_x: -2.8690
            Mean episode max_pos_y: 3.2966
            Mean episode min_pos_y: -3.1912
        Mean episode timeout_ratio: 0.4076
       Mean episode num_terminated: 10.7500
--------------------------------------------------------------------------------
                   Total timesteps: 2340864
                    Iteration time: 1.84s
                        Total time: 2630.24s
                               ETA: 6133.1s


------------------------------
Step: 36500 - Reward Breakdown:
  action_rate               | Scaled Avg:  -0.0163 | Raw Avg:   1.6328
  action_smoothness         | Scaled Avg:  -0.0005 | Raw Avg:   0.2574
  ang_vel_xy                | Scaled Avg:  -0.0025 | Raw Avg:   1.2648
  collision                 | Scaled Avg:  -0.0001 | Raw Avg:   0.0066
  dof_acc                   | Scaled Avg:  -0.0007 | Raw Avg: 143004.8125
  dof_error                 | Scaled Avg:  -0.0008 | Raw Avg:   0.4001
  dof_vel                   | Scaled Avg:  -0.0082 | Raw Avg:  82.0877
  feet_contact_forces       | Scaled Avg:  -0.0000 | Raw Avg:   7.3655
  foot_clearance            | Scaled Avg:  -0.0001 | Raw Avg:   0.0085
  foot_mirror               | Scaled Avg:  -0.0001 | Raw Avg:   0.1242
  foot_slide                | Scaled Avg:  -0.0017 | Raw Avg:   1.7073
  has_contact               | Scaled Avg:   0.0004 | Raw Avg:   0.0188
  hip_pos                   | Scaled Avg:  -0.0031 | Raw Avg:   0.0310
  lin_vel_z                 | Scaled Avg:  -0.0020 | Raw Avg:   0.0244
  orientation               | Scaled Avg:  -0.0000 | Raw Avg:   0.0119
  powers                    | Scaled Avg:  -0.0000 | Raw Avg: 122.8218
  stand_still               | Scaled Avg:  -0.0005 | Raw Avg:   0.0054
  torques                   | Scaled Avg:  -0.0002 | Raw Avg: 849.9034
  tracking_ang_vel          | Scaled Avg:   0.0154 | Raw Avg:   0.7709
  tracking_lin_vel          | Scaled Avg:   0.0310 | Raw Avg:   0.7752
  TOTAL REWARD              | Scaled Avg:   0.0098
------------------------------

------------------------------
Step: 37000 - Reward Breakdown:
  action_rate               | Scaled Avg:  -0.0164 | Raw Avg:   1.6422
  action_smoothness         | Scaled Avg:  -0.0005 | Raw Avg:   0.2557
  ang_vel_xy                | Scaled Avg:  -0.0025 | Raw Avg:   1.2713
  collision                 | Scaled Avg:  -0.0001 | Raw Avg:   0.0043
  dof_acc                   | Scaled Avg:  -0.0007 | Raw Avg: 139190.5312
  dof_error                 | Scaled Avg:  -0.0008 | Raw Avg:   0.3912
  dof_vel                   | Scaled Avg:  -0.0083 | Raw Avg:  82.6459
  feet_contact_forces       | Scaled Avg:  -0.0000 | Raw Avg:   7.3005
  foot_clearance            | Scaled Avg:  -0.0001 | Raw Avg:   0.0083
  foot_mirror               | Scaled Avg:  -0.0001 | Raw Avg:   0.1155
  foot_slide                | Scaled Avg:  -0.0017 | Raw Avg:   1.7339
  has_contact               | Scaled Avg:   0.0004 | Raw Avg:   0.0201
  hip_pos                   | Scaled Avg:  -0.0031 | Raw Avg:   0.0313
  lin_vel_z                 | Scaled Avg:  -0.0019 | Raw Avg:   0.0233
  orientation               | Scaled Avg:  -0.0000 | Raw Avg:   0.0118
  powers                    | Scaled Avg:  -0.0000 | Raw Avg: 124.7723
  stand_still               | Scaled Avg:  -0.0004 | Raw Avg:   0.0038
  torques                   | Scaled Avg:  -0.0002 | Raw Avg: 860.7595
  tracking_ang_vel          | Scaled Avg:   0.0154 | Raw Avg:   0.7703
  tracking_lin_vel          | Scaled Avg:   0.0313 | Raw Avg:   0.7818
  TOTAL REWARD              | Scaled Avg:   0.0102
------------------------------

------------------------------
Step: 37500 - Reward Breakdown:
  action_rate               | Scaled Avg:  -0.0161 | Raw Avg:   1.6094
  action_smoothness         | Scaled Avg:  -0.0005 | Raw Avg:   0.2557
  ang_vel_xy                | Scaled Avg:  -0.0027 | Raw Avg:   1.3357
  collision                 | Scaled Avg:  -0.0001 | Raw Avg:   0.0041
  dof_acc                   | Scaled Avg:  -0.0007 | Raw Avg: 135345.3438
  dof_error                 | Scaled Avg:  -0.0008 | Raw Avg:   0.3822
  dof_vel                   | Scaled Avg:  -0.0084 | Raw Avg:  83.6881
  feet_contact_forces       | Scaled Avg:  -0.0000 | Raw Avg:   7.3984
  foot_clearance            | Scaled Avg:  -0.0001 | Raw Avg:   0.0083
  foot_mirror               | Scaled Avg:  -0.0001 | Raw Avg:   0.1165
  foot_slide                | Scaled Avg:  -0.0017 | Raw Avg:   1.7363
  has_contact               | Scaled Avg:   0.0004 | Raw Avg:   0.0196
  hip_pos                   | Scaled Avg:  -0.0031 | Raw Avg:   0.0314
  lin_vel_z                 | Scaled Avg:  -0.0019 | Raw Avg:   0.0233
  orientation               | Scaled Avg:  -0.0000 | Raw Avg:   0.0118
  powers                    | Scaled Avg:  -0.0001 | Raw Avg: 127.4926
  stand_still               | Scaled Avg:  -0.0004 | Raw Avg:   0.0040
  torques                   | Scaled Avg:  -0.0002 | Raw Avg: 889.6913
  tracking_ang_vel          | Scaled Avg:   0.0154 | Raw Avg:   0.7690
  tracking_lin_vel          | Scaled Avg:   0.0313 | Raw Avg:   0.7830
  TOTAL REWARD              | Scaled Avg:   0.0103
------------------------------

------------------------------
Step: 38000 - Reward Breakdown:
  action_rate               | Scaled Avg:  -0.0163 | Raw Avg:   1.6303
  action_smoothness         | Scaled Avg:  -0.0005 | Raw Avg:   0.2553
  ang_vel_xy                | Scaled Avg:  -0.0027 | Raw Avg:   1.3409
  collision                 | Scaled Avg:  -0.0001 | Raw Avg:   0.0048
  dof_acc                   | Scaled Avg:  -0.0008 | Raw Avg: 161993.2188
  dof_error                 | Scaled Avg:  -0.0008 | Raw Avg:   0.3823
  dof_vel                   | Scaled Avg:  -0.0084 | Raw Avg:  83.6768
  feet_contact_forces       | Scaled Avg:  -0.0000 | Raw Avg:   7.7211
  foot_clearance            | Scaled Avg:  -0.0001 | Raw Avg:   0.0087
  foot_mirror               | Scaled Avg:  -0.0001 | Raw Avg:   0.1151
  foot_slide                | Scaled Avg:  -0.0017 | Raw Avg:   1.7259
  has_contact               | Scaled Avg:   0.0004 | Raw Avg:   0.0178
  hip_pos                   | Scaled Avg:  -0.0030 | Raw Avg:   0.0302
  lin_vel_z                 | Scaled Avg:  -0.0020 | Raw Avg:   0.0248
  orientation               | Scaled Avg:  -0.0001 | Raw Avg:   0.0129
  powers                    | Scaled Avg:  -0.0001 | Raw Avg: 128.6624
  stand_still               | Scaled Avg:  -0.0004 | Raw Avg:   0.0038
  torques                   | Scaled Avg:  -0.0002 | Raw Avg: 887.2416
  tracking_ang_vel          | Scaled Avg:   0.0155 | Raw Avg:   0.7732
  tracking_lin_vel          | Scaled Avg:   0.0310 | Raw Avg:   0.7741
  TOTAL REWARD              | Scaled Avg:   0.0096
------------------------------
################################################################################
                    [1m Learning iteration 6600/10000 [0m                     

                       Computation: 83415 steps/s (collection: 1.279s, learning 0.475s)
                     surrogate_loss -0.0037
                         value_loss 0.0550
                            entropy 2.2752
                     estimator_loss 0.0000
                         total_loss 0.0741
             Mean action noise std: 0.20
                       Mean reward: 4.38
               Mean episode length: 509.12
      Mean episode rew_action_rate: -0.4189
Mean episode rew_frame_action_rate: -0.0209
Mean episode rew_action_smoothness: -0.0132
Mean episode rew_frame_action_smoothness: -0.0006
       Mean episode rew_ang_vel_xy: -0.0687
 Mean episode rew_frame_ang_vel_xy: -0.0096
      Mean episode rew_base_height: -0.0003
Mean episode rew_frame_base_height: -0.0001
        Mean episode rew_collision: -0.0032
  Mean episode rew_frame_collision: -0.0013
          Mean episode rew_dof_acc: -0.0192
    Mean episode rew_frame_dof_acc: -0.0016
        Mean episode rew_dof_error: -0.0206
  Mean episode rew_frame_dof_error: -0.0031
          Mean episode rew_dof_vel: -0.2136
    Mean episode rew_frame_dof_vel: -0.0167
    Mean episode rew_feet_air_time: 0.0002
Mean episode rew_frame_feet_air_time: 0.0000
Mean episode rew_feet_contact_forces: -0.0006
Mean episode rew_frame_feet_contact_forces: -0.0000
   Mean episode rew_foot_clearance: -0.0022
Mean episode rew_frame_foot_clearance: -0.0002
      Mean episode rew_foot_mirror: -0.0032
Mean episode rew_frame_foot_mirror: -0.0005
       Mean episode rew_foot_slide: -0.0441
 Mean episode rew_frame_foot_slide: -0.0016
      Mean episode rew_has_contact: 0.0115
Mean episode rew_frame_has_contact: 0.0004
          Mean episode rew_hip_pos: -0.0816
    Mean episode rew_frame_hip_pos: -0.0133
        Mean episode rew_lin_vel_z: -0.0508
  Mean episode rew_frame_lin_vel_z: -0.0140
      Mean episode rew_orientation: -0.0015
Mean episode rew_frame_orientation: -0.0005
           Mean episode rew_powers: -0.0013
     Mean episode rew_frame_powers: -0.0001
      Mean episode rew_stand_still: -0.0046
Mean episode rew_frame_stand_still: -0.0035
          Mean episode rew_stumble: -0.0000
    Mean episode rew_frame_stumble: -0.0000
          Mean episode rew_torques: -0.0046
    Mean episode rew_frame_torques: -0.0002
 Mean episode rew_tracking_ang_vel: 0.3959
Mean episode rew_frame_tracking_ang_vel: 0.0108
 Mean episode rew_tracking_lin_vel: 0.8042
Mean episode rew_frame_tracking_lin_vel: 0.0201
Mean episode max_power_throughout_episode: 4003.4680
            Mean episode max_pos_x: 4.0332
            Mean episode min_pos_x: -2.9969
            Mean episode max_pos_y: 4.3138
            Mean episode min_pos_y: -4.3879
        Mean episode timeout_ratio: 0.4738
       Mean episode num_terminated: 11.7500
--------------------------------------------------------------------------------
                   Total timesteps: 2487168
                    Iteration time: 1.75s
                        Total time: 2805.26s
                               ETA: 5957.5s


------------------------------
Step: 38500 - Reward Breakdown:
  action_rate               | Scaled Avg:  -0.0165 | Raw Avg:   1.6511
  action_smoothness         | Scaled Avg:  -0.0005 | Raw Avg:   0.2580
  ang_vel_xy                | Scaled Avg:  -0.0025 | Raw Avg:   1.2554
  collision                 | Scaled Avg:  -0.0001 | Raw Avg:   0.0051
  dof_acc                   | Scaled Avg:  -0.0007 | Raw Avg: 139511.6562
  dof_error                 | Scaled Avg:  -0.0008 | Raw Avg:   0.3768
  dof_vel                   | Scaled Avg:  -0.0083 | Raw Avg:  83.3084
  feet_contact_forces       | Scaled Avg:  -0.0000 | Raw Avg:   7.5357
  foot_clearance            | Scaled Avg:  -0.0001 | Raw Avg:   0.0084
  foot_mirror               | Scaled Avg:  -0.0001 | Raw Avg:   0.1132
  foot_slide                | Scaled Avg:  -0.0018 | Raw Avg:   1.7713
  has_contact               | Scaled Avg:   0.0004 | Raw Avg:   0.0178
  hip_pos                   | Scaled Avg:  -0.0031 | Raw Avg:   0.0311
  lin_vel_z                 | Scaled Avg:  -0.0020 | Raw Avg:   0.0245
  orientation               | Scaled Avg:  -0.0000 | Raw Avg:   0.0112
  powers                    | Scaled Avg:  -0.0001 | Raw Avg: 127.0558
  stand_still               | Scaled Avg:  -0.0003 | Raw Avg:   0.0026
  torques                   | Scaled Avg:  -0.0002 | Raw Avg: 870.4081
  tracking_ang_vel          | Scaled Avg:   0.0155 | Raw Avg:   0.7738
  tracking_lin_vel          | Scaled Avg:   0.0314 | Raw Avg:   0.7862
  TOTAL REWARD              | Scaled Avg:   0.0103
------------------------------

------------------------------
Step: 39000 - Reward Breakdown:
  action_rate               | Scaled Avg:  -0.0166 | Raw Avg:   1.6562
  action_smoothness         | Scaled Avg:  -0.0005 | Raw Avg:   0.2613
  ang_vel_xy                | Scaled Avg:  -0.0027 | Raw Avg:   1.3284
  base_height               | Scaled Avg:  -0.0000 | Raw Avg:   0.0005
  collision                 | Scaled Avg:  -0.0002 | Raw Avg:   0.0082
  dof_acc                   | Scaled Avg:  -0.0008 | Raw Avg: 162402.0000
  dof_error                 | Scaled Avg:  -0.0008 | Raw Avg:   0.4022
  dof_vel                   | Scaled Avg:  -0.0086 | Raw Avg:  85.5596
  feet_air_time             | Scaled Avg:   0.0000 | Raw Avg:   0.0003
  feet_contact_forces       | Scaled Avg:  -0.0000 | Raw Avg:   7.6673
  foot_clearance            | Scaled Avg:  -0.0001 | Raw Avg:   0.0090
  foot_mirror               | Scaled Avg:  -0.0001 | Raw Avg:   0.1138
  foot_slide                | Scaled Avg:  -0.0017 | Raw Avg:   1.7466
  has_contact               | Scaled Avg:   0.0003 | Raw Avg:   0.0173
  hip_pos                   | Scaled Avg:  -0.0031 | Raw Avg:   0.0312
  lin_vel_z                 | Scaled Avg:  -0.0020 | Raw Avg:   0.0252
  orientation               | Scaled Avg:  -0.0001 | Raw Avg:   0.0135
  powers                    | Scaled Avg:  -0.0001 | Raw Avg: 129.7489
  stand_still               | Scaled Avg:  -0.0004 | Raw Avg:   0.0040
  torques                   | Scaled Avg:  -0.0002 | Raw Avg: 892.6604
  tracking_ang_vel          | Scaled Avg:   0.0154 | Raw Avg:   0.7724
  tracking_lin_vel          | Scaled Avg:   0.0312 | Raw Avg:   0.7791
  TOTAL REWARD              | Scaled Avg:   0.0091
------------------------------

------------------------------
Step: 39500 - Reward Breakdown:
  action_rate               | Scaled Avg:  -0.0164 | Raw Avg:   1.6353
  action_smoothness         | Scaled Avg:  -0.0005 | Raw Avg:   0.2582
  ang_vel_xy                | Scaled Avg:  -0.0026 | Raw Avg:   1.3017
  collision                 | Scaled Avg:  -0.0001 | Raw Avg:   0.0059
  dof_acc                   | Scaled Avg:  -0.0009 | Raw Avg: 174693.8750
  dof_error                 | Scaled Avg:  -0.0008 | Raw Avg:   0.3991
  dof_vel                   | Scaled Avg:  -0.0087 | Raw Avg:  86.7611
  feet_contact_forces       | Scaled Avg:  -0.0000 | Raw Avg:   8.2206
  foot_clearance            | Scaled Avg:  -0.0001 | Raw Avg:   0.0091
  foot_mirror               | Scaled Avg:  -0.0001 | Raw Avg:   0.1117
  foot_slide                | Scaled Avg:  -0.0017 | Raw Avg:   1.7092
  has_contact               | Scaled Avg:   0.0004 | Raw Avg:   0.0192
  hip_pos                   | Scaled Avg:  -0.0030 | Raw Avg:   0.0303
  lin_vel_z                 | Scaled Avg:  -0.0020 | Raw Avg:   0.0246
  orientation               | Scaled Avg:  -0.0001 | Raw Avg:   0.0131
  powers                    | Scaled Avg:  -0.0001 | Raw Avg: 129.5143
  stand_still               | Scaled Avg:  -0.0005 | Raw Avg:   0.0048
  torques                   | Scaled Avg:  -0.0002 | Raw Avg: 861.0651
  tracking_ang_vel          | Scaled Avg:   0.0156 | Raw Avg:   0.7807
  tracking_lin_vel          | Scaled Avg:   0.0315 | Raw Avg:   0.7868
  TOTAL REWARD              | Scaled Avg:   0.0098
------------------------------

------------------------------
Step: 40000 - Reward Breakdown:
  action_rate               | Scaled Avg:  -0.0165 | Raw Avg:   1.6530
  action_smoothness         | Scaled Avg:  -0.0005 | Raw Avg:   0.2593
  ang_vel_xy                | Scaled Avg:  -0.0025 | Raw Avg:   1.2475
  collision                 | Scaled Avg:  -0.0001 | Raw Avg:   0.0041
  dof_acc                   | Scaled Avg:  -0.0009 | Raw Avg: 181551.1406
  dof_error                 | Scaled Avg:  -0.0008 | Raw Avg:   0.3970
  dof_vel                   | Scaled Avg:  -0.0086 | Raw Avg:  86.2190
  feet_contact_forces       | Scaled Avg:  -0.0000 | Raw Avg:   7.8295
  foot_clearance            | Scaled Avg:  -0.0001 | Raw Avg:   0.0096
  foot_mirror               | Scaled Avg:  -0.0001 | Raw Avg:   0.1088
  foot_slide                | Scaled Avg:  -0.0017 | Raw Avg:   1.6868
  has_contact               | Scaled Avg:   0.0003 | Raw Avg:   0.0162
  hip_pos                   | Scaled Avg:  -0.0031 | Raw Avg:   0.0314
  lin_vel_z                 | Scaled Avg:  -0.0022 | Raw Avg:   0.0269
  orientation               | Scaled Avg:  -0.0001 | Raw Avg:   0.0127
  powers                    | Scaled Avg:  -0.0001 | Raw Avg: 128.2128
  stand_still               | Scaled Avg:  -0.0005 | Raw Avg:   0.0050
  torques                   | Scaled Avg:  -0.0002 | Raw Avg: 846.6389
  tracking_ang_vel          | Scaled Avg:   0.0155 | Raw Avg:   0.7757
  tracking_lin_vel          | Scaled Avg:   0.0313 | Raw Avg:   0.7818
  TOTAL REWARD              | Scaled Avg:   0.0092
------------------------------

------------------------------
Step: 40500 - Reward Breakdown:
  action_rate               | Scaled Avg:  -0.0163 | Raw Avg:   1.6282
  action_smoothness         | Scaled Avg:  -0.0005 | Raw Avg:   0.2564
  ang_vel_xy                | Scaled Avg:  -0.0025 | Raw Avg:   1.2551
  collision                 | Scaled Avg:  -0.0001 | Raw Avg:   0.0054
  dof_acc                   | Scaled Avg:  -0.0007 | Raw Avg: 138002.8281
  dof_error                 | Scaled Avg:  -0.0008 | Raw Avg:   0.3904
  dof_vel                   | Scaled Avg:  -0.0080 | Raw Avg:  79.5311
  feet_contact_forces       | Scaled Avg:  -0.0000 | Raw Avg:   7.0359
  foot_clearance            | Scaled Avg:  -0.0001 | Raw Avg:   0.0085
  foot_mirror               | Scaled Avg:  -0.0001 | Raw Avg:   0.1113
  foot_slide                | Scaled Avg:  -0.0017 | Raw Avg:   1.7226
  has_contact               | Scaled Avg:   0.0004 | Raw Avg:   0.0204
  hip_pos                   | Scaled Avg:  -0.0031 | Raw Avg:   0.0313
  lin_vel_z                 | Scaled Avg:  -0.0019 | Raw Avg:   0.0234
  orientation               | Scaled Avg:  -0.0001 | Raw Avg:   0.0131
  powers                    | Scaled Avg:  -0.0000 | Raw Avg: 124.2695
  stand_still               | Scaled Avg:  -0.0004 | Raw Avg:   0.0043
  torques                   | Scaled Avg:  -0.0002 | Raw Avg: 853.0391
  tracking_ang_vel          | Scaled Avg:   0.0153 | Raw Avg:   0.7627
  tracking_lin_vel          | Scaled Avg:   0.0309 | Raw Avg:   0.7723
  TOTAL REWARD              | Scaled Avg:   0.0101
------------------------------
################################################################################
                    [1m Learning iteration 6700/10000 [0m                     

                       Computation: 85519 steps/s (collection: 1.240s, learning 0.470s)
                     surrogate_loss -0.0041
                         value_loss 0.0473
                            entropy 2.2919
                     estimator_loss 0.0000
                         total_loss 0.0661
             Mean action noise std: 0.20
                       Mean reward: 4.07
               Mean episode length: 450.78
      Mean episode rew_action_rate: -0.4166
Mean episode rew_frame_action_rate: -0.0207
Mean episode rew_action_smoothness: -0.0132
Mean episode rew_frame_action_smoothness: -0.0006
       Mean episode rew_ang_vel_xy: -0.0668
 Mean episode rew_frame_ang_vel_xy: -0.0092
      Mean episode rew_base_height: -0.0002
Mean episode rew_frame_base_height: -0.0001
        Mean episode rew_collision: -0.0027
  Mean episode rew_frame_collision: -0.0011
          Mean episode rew_dof_acc: -0.0198
    Mean episode rew_frame_dof_acc: -0.0014
        Mean episode rew_dof_error: -0.0203
  Mean episode rew_frame_dof_error: -0.0029
          Mean episode rew_dof_vel: -0.2090
    Mean episode rew_frame_dof_vel: -0.0154
    Mean episode rew_feet_air_time: 0.0001
Mean episode rew_frame_feet_air_time: 0.0000
Mean episode rew_feet_contact_forces: -0.0006
Mean episode rew_frame_feet_contact_forces: -0.0000
   Mean episode rew_foot_clearance: -0.0024
Mean episode rew_frame_foot_clearance: -0.0002
      Mean episode rew_foot_mirror: -0.0029
Mean episode rew_frame_foot_mirror: -0.0004
       Mean episode rew_foot_slide: -0.0440
 Mean episode rew_frame_foot_slide: -0.0016
      Mean episode rew_has_contact: 0.0115
Mean episode rew_frame_has_contact: 0.0004
          Mean episode rew_hip_pos: -0.0787
    Mean episode rew_frame_hip_pos: -0.0126
        Mean episode rew_lin_vel_z: -0.0521
  Mean episode rew_frame_lin_vel_z: -0.0141
      Mean episode rew_orientation: -0.0014
Mean episode rew_frame_orientation: -0.0004
           Mean episode rew_powers: -0.0013
     Mean episode rew_frame_powers: -0.0001
      Mean episode rew_stand_still: -0.0048
Mean episode rew_frame_stand_still: -0.0001
          Mean episode rew_stumble: -0.0000
    Mean episode rew_frame_stumble: -0.0000
          Mean episode rew_torques: -0.0043
    Mean episode rew_frame_torques: -0.0002
 Mean episode rew_tracking_ang_vel: 0.3947
Mean episode rew_frame_tracking_ang_vel: 0.0108
 Mean episode rew_tracking_lin_vel: 0.7942
Mean episode rew_frame_tracking_lin_vel: 0.0195
Mean episode max_power_throughout_episode: 3991.8948
            Mean episode max_pos_x: 4.0933
            Mean episode min_pos_x: -2.9585
            Mean episode max_pos_y: 4.3553
            Mean episode min_pos_y: -3.5018
        Mean episode timeout_ratio: 0.4634
       Mean episode num_terminated: 10.8333
--------------------------------------------------------------------------------
                   Total timesteps: 2633472
                    Iteration time: 1.71s
                        Total time: 2980.70s
                               ETA: 5782.7s


------------------------------
Step: 41000 - Reward Breakdown:
  action_rate               | Scaled Avg:  -0.0165 | Raw Avg:   1.6471
  action_smoothness         | Scaled Avg:  -0.0005 | Raw Avg:   0.2600
  ang_vel_xy                | Scaled Avg:  -0.0026 | Raw Avg:   1.2846
  collision                 | Scaled Avg:  -0.0001 | Raw Avg:   0.0052
  dof_acc                   | Scaled Avg:  -0.0007 | Raw Avg: 145555.1562
  dof_error                 | Scaled Avg:  -0.0008 | Raw Avg:   0.3930
  dof_vel                   | Scaled Avg:  -0.0083 | Raw Avg:  82.7094
  feet_contact_forces       | Scaled Avg:  -0.0000 | Raw Avg:   7.3861
  foot_clearance            | Scaled Avg:  -0.0001 | Raw Avg:   0.0089
  foot_mirror               | Scaled Avg:  -0.0001 | Raw Avg:   0.1145
  foot_slide                | Scaled Avg:  -0.0017 | Raw Avg:   1.7330
  has_contact               | Scaled Avg:   0.0004 | Raw Avg:   0.0211
  hip_pos                   | Scaled Avg:  -0.0032 | Raw Avg:   0.0320
  lin_vel_z                 | Scaled Avg:  -0.0019 | Raw Avg:   0.0242
  orientation               | Scaled Avg:  -0.0001 | Raw Avg:   0.0127
  powers                    | Scaled Avg:  -0.0001 | Raw Avg: 125.7733
  stand_still               | Scaled Avg:  -0.0004 | Raw Avg:   0.0042
  torques                   | Scaled Avg:  -0.0002 | Raw Avg: 844.4685
  tracking_ang_vel          | Scaled Avg:   0.0153 | Raw Avg:   0.7668
  tracking_lin_vel          | Scaled Avg:   0.0311 | Raw Avg:   0.7771
  TOTAL REWARD              | Scaled Avg:   0.0096
------------------------------

------------------------------
Step: 41500 - Reward Breakdown:
  action_rate               | Scaled Avg:  -0.0161 | Raw Avg:   1.6051
  action_smoothness         | Scaled Avg:  -0.0005 | Raw Avg:   0.2554
  ang_vel_xy                | Scaled Avg:  -0.0025 | Raw Avg:   1.2669
  base_height               | Scaled Avg:  -0.0000 | Raw Avg:   0.0006
  collision                 | Scaled Avg:  -0.0001 | Raw Avg:   0.0054
  dof_acc                   | Scaled Avg:  -0.0007 | Raw Avg: 144452.2969
  dof_error                 | Scaled Avg:  -0.0008 | Raw Avg:   0.4050
  dof_vel                   | Scaled Avg:  -0.0081 | Raw Avg:  81.3567
  feet_contact_forces       | Scaled Avg:  -0.0000 | Raw Avg:   7.6716
  foot_clearance            | Scaled Avg:  -0.0001 | Raw Avg:   0.0086
  foot_mirror               | Scaled Avg:  -0.0001 | Raw Avg:   0.1194
  foot_slide                | Scaled Avg:  -0.0017 | Raw Avg:   1.7441
  has_contact               | Scaled Avg:   0.0004 | Raw Avg:   0.0225
  hip_pos                   | Scaled Avg:  -0.0032 | Raw Avg:   0.0321
  lin_vel_z                 | Scaled Avg:  -0.0021 | Raw Avg:   0.0265
  orientation               | Scaled Avg:  -0.0000 | Raw Avg:   0.0124
  powers                    | Scaled Avg:  -0.0000 | Raw Avg: 124.9637
  stand_still               | Scaled Avg:  -0.0006 | Raw Avg:   0.0058
  torques                   | Scaled Avg:  -0.0002 | Raw Avg: 853.9320
  tracking_ang_vel          | Scaled Avg:   0.0154 | Raw Avg:   0.7689
  tracking_lin_vel          | Scaled Avg:   0.0314 | Raw Avg:   0.7845
  TOTAL REWARD              | Scaled Avg:   0.0102
------------------------------

------------------------------
Step: 42000 - Reward Breakdown:
  action_rate               | Scaled Avg:  -0.0162 | Raw Avg:   1.6175
  action_smoothness         | Scaled Avg:  -0.0005 | Raw Avg:   0.2553
  ang_vel_xy                | Scaled Avg:  -0.0026 | Raw Avg:   1.2929
  base_height               | Scaled Avg:  -0.0000 | Raw Avg:   0.0006
  collision                 | Scaled Avg:  -0.0001 | Raw Avg:   0.0056
  dof_acc                   | Scaled Avg:  -0.0007 | Raw Avg: 142238.2812
  dof_error                 | Scaled Avg:  -0.0008 | Raw Avg:   0.4025
  dof_vel                   | Scaled Avg:  -0.0083 | Raw Avg:  82.7403
  feet_air_time             | Scaled Avg:   0.0000 | Raw Avg:   0.0003
  feet_contact_forces       | Scaled Avg:  -0.0000 | Raw Avg:   7.4048
  foot_clearance            | Scaled Avg:  -0.0001 | Raw Avg:   0.0083
  foot_mirror               | Scaled Avg:  -0.0001 | Raw Avg:   0.1272
  foot_slide                | Scaled Avg:  -0.0017 | Raw Avg:   1.7256
  has_contact               | Scaled Avg:   0.0004 | Raw Avg:   0.0180
  hip_pos                   | Scaled Avg:  -0.0032 | Raw Avg:   0.0319
  lin_vel_z                 | Scaled Avg:  -0.0020 | Raw Avg:   0.0249
  orientation               | Scaled Avg:  -0.0001 | Raw Avg:   0.0141
  powers                    | Scaled Avg:  -0.0001 | Raw Avg: 125.8276
  stand_still               | Scaled Avg:  -0.0005 | Raw Avg:   0.0046
  torques                   | Scaled Avg:  -0.0002 | Raw Avg: 852.4667
  tracking_ang_vel          | Scaled Avg:   0.0153 | Raw Avg:   0.7648
  tracking_lin_vel          | Scaled Avg:   0.0309 | Raw Avg:   0.7735
  TOTAL REWARD              | Scaled Avg:   0.0095
------------------------------

------------------------------
Step: 42500 - Reward Breakdown:
  action_rate               | Scaled Avg:  -0.0162 | Raw Avg:   1.6219
  action_smoothness         | Scaled Avg:  -0.0005 | Raw Avg:   0.2547
  ang_vel_xy                | Scaled Avg:  -0.0024 | Raw Avg:   1.2209
  collision                 | Scaled Avg:  -0.0002 | Raw Avg:   0.0077
  dof_acc                   | Scaled Avg:  -0.0007 | Raw Avg: 145446.2188
  dof_error                 | Scaled Avg:  -0.0008 | Raw Avg:   0.4148
  dof_vel                   | Scaled Avg:  -0.0083 | Raw Avg:  83.1401
  feet_air_time             | Scaled Avg:   0.0000 | Raw Avg:   0.0003
  feet_contact_forces       | Scaled Avg:  -0.0000 | Raw Avg:   7.7172
  foot_clearance            | Scaled Avg:  -0.0001 | Raw Avg:   0.0089
  foot_mirror               | Scaled Avg:  -0.0001 | Raw Avg:   0.1225
  foot_slide                | Scaled Avg:  -0.0017 | Raw Avg:   1.7401
  has_contact               | Scaled Avg:   0.0004 | Raw Avg:   0.0208
  hip_pos                   | Scaled Avg:  -0.0035 | Raw Avg:   0.0348
  lin_vel_z                 | Scaled Avg:  -0.0020 | Raw Avg:   0.0256
  orientation               | Scaled Avg:  -0.0001 | Raw Avg:   0.0133
  powers                    | Scaled Avg:  -0.0001 | Raw Avg: 127.5404
  stand_still               | Scaled Avg:  -0.0006 | Raw Avg:   0.0063
  torques                   | Scaled Avg:  -0.0002 | Raw Avg: 856.0984
  tracking_ang_vel          | Scaled Avg:   0.0153 | Raw Avg:   0.7645
  tracking_lin_vel          | Scaled Avg:   0.0310 | Raw Avg:   0.7756
  TOTAL REWARD              | Scaled Avg:   0.0091
------------------------------

------------------------------
Step: 43000 - Reward Breakdown:
  action_rate               | Scaled Avg:  -0.0160 | Raw Avg:   1.5974
  action_smoothness         | Scaled Avg:  -0.0005 | Raw Avg:   0.2544
  ang_vel_xy                | Scaled Avg:  -0.0026 | Raw Avg:   1.3139
  collision                 | Scaled Avg:  -0.0001 | Raw Avg:   0.0072
  dof_acc                   | Scaled Avg:  -0.0007 | Raw Avg: 148975.4531
  dof_error                 | Scaled Avg:  -0.0008 | Raw Avg:   0.4143
  dof_vel                   | Scaled Avg:  -0.0081 | Raw Avg:  81.4644
  feet_contact_forces       | Scaled Avg:  -0.0000 | Raw Avg:   7.4545
  foot_clearance            | Scaled Avg:  -0.0001 | Raw Avg:   0.0088
  foot_mirror               | Scaled Avg:  -0.0001 | Raw Avg:   0.1250
  foot_slide                | Scaled Avg:  -0.0017 | Raw Avg:   1.7019
  has_contact               | Scaled Avg:   0.0004 | Raw Avg:   0.0187
  hip_pos                   | Scaled Avg:  -0.0034 | Raw Avg:   0.0344
  lin_vel_z                 | Scaled Avg:  -0.0021 | Raw Avg:   0.0256
  orientation               | Scaled Avg:  -0.0001 | Raw Avg:   0.0141
  powers                    | Scaled Avg:  -0.0001 | Raw Avg: 128.1927
  stand_still               | Scaled Avg:  -0.0004 | Raw Avg:   0.0042
  torques                   | Scaled Avg:  -0.0002 | Raw Avg: 874.7550
  tracking_ang_vel          | Scaled Avg:   0.0152 | Raw Avg:   0.7619
  tracking_lin_vel          | Scaled Avg:   0.0309 | Raw Avg:   0.7721
  TOTAL REWARD              | Scaled Avg:   0.0094
------------------------------
################################################################################
                    [1m Learning iteration 6800/10000 [0m                     

                       Computation: 81257 steps/s (collection: 1.327s, learning 0.473s)
                     surrogate_loss -0.0042
                         value_loss 0.0542
                            entropy 2.2911
                     estimator_loss 0.0000
                         total_loss 0.0729
             Mean action noise std: 0.20
                       Mean reward: 6.16
               Mean episode length: 560.66
      Mean episode rew_action_rate: -0.4346
Mean episode rew_frame_action_rate: -0.0200
Mean episode rew_action_smoothness: -0.0138
Mean episode rew_frame_action_smoothness: -0.0006
       Mean episode rew_ang_vel_xy: -0.0691
 Mean episode rew_frame_ang_vel_xy: -0.0082
      Mean episode rew_base_height: -0.0003
Mean episode rew_frame_base_height: -0.0001
        Mean episode rew_collision: -0.0059
  Mean episode rew_frame_collision: -0.0013
          Mean episode rew_dof_acc: -0.0199
    Mean episode rew_frame_dof_acc: -0.0014
        Mean episode rew_dof_error: -0.0236
  Mean episode rew_frame_dof_error: -0.0029
          Mean episode rew_dof_vel: -0.2215
    Mean episode rew_frame_dof_vel: -0.0150
    Mean episode rew_feet_air_time: 0.0002
Mean episode rew_frame_feet_air_time: 0.0000
Mean episode rew_feet_contact_forces: -0.0006
Mean episode rew_frame_feet_contact_forces: -0.0000
   Mean episode rew_foot_clearance: -0.0024
Mean episode rew_frame_foot_clearance: -0.0002
      Mean episode rew_foot_mirror: -0.0037
Mean episode rew_frame_foot_mirror: -0.0004
       Mean episode rew_foot_slide: -0.0464
 Mean episode rew_frame_foot_slide: -0.0016
      Mean episode rew_has_contact: 0.0114
Mean episode rew_frame_has_contact: 0.0003
          Mean episode rew_hip_pos: -0.0940
    Mean episode rew_frame_hip_pos: -0.0127
        Mean episode rew_lin_vel_z: -0.0517
  Mean episode rew_frame_lin_vel_z: -0.0111
      Mean episode rew_orientation: -0.0017
Mean episode rew_frame_orientation: -0.0005
           Mean episode rew_powers: -0.0014
     Mean episode rew_frame_powers: -0.0001
      Mean episode rew_stand_still: -0.0188
Mean episode rew_frame_stand_still: -0.0004
          Mean episode rew_stumble: -0.0000
    Mean episode rew_frame_stumble: -0.0000
          Mean episode rew_torques: -0.0047
    Mean episode rew_frame_torques: -0.0002
 Mean episode rew_tracking_ang_vel: 0.4158
Mean episode rew_frame_tracking_ang_vel: 0.0109
 Mean episode rew_tracking_lin_vel: 0.8450
Mean episode rew_frame_tracking_lin_vel: 0.0205
Mean episode max_power_throughout_episode: 4145.5625
            Mean episode max_pos_x: 5.0443
            Mean episode min_pos_x: -3.2609
            Mean episode max_pos_y: 3.8578
            Mean episode min_pos_y: -4.4532
        Mean episode timeout_ratio: 0.4809
       Mean episode num_terminated: 15.0000
--------------------------------------------------------------------------------
                   Total timesteps: 2779776
                    Iteration time: 1.80s
                        Total time: 3156.27s
                               ETA: 5608.0s


------------------------------
Step: 43500 - Reward Breakdown:
  action_rate               | Scaled Avg:  -0.0162 | Raw Avg:   1.6247
  action_smoothness         | Scaled Avg:  -0.0005 | Raw Avg:   0.2575
  ang_vel_xy                | Scaled Avg:  -0.0027 | Raw Avg:   1.3330
  collision                 | Scaled Avg:  -0.0001 | Raw Avg:   0.0049
  dof_acc                   | Scaled Avg:  -0.0009 | Raw Avg: 182273.2188
  dof_error                 | Scaled Avg:  -0.0009 | Raw Avg:   0.4311
  dof_vel                   | Scaled Avg:  -0.0082 | Raw Avg:  81.9613
  feet_contact_forces       | Scaled Avg:  -0.0000 | Raw Avg:   7.7351
  foot_clearance            | Scaled Avg:  -0.0001 | Raw Avg:   0.0096
  foot_mirror               | Scaled Avg:  -0.0001 | Raw Avg:   0.1173
  foot_slide                | Scaled Avg:  -0.0017 | Raw Avg:   1.6988
  has_contact               | Scaled Avg:   0.0003 | Raw Avg:   0.0161
  hip_pos                   | Scaled Avg:  -0.0035 | Raw Avg:   0.0348
  lin_vel_z                 | Scaled Avg:  -0.0019 | Raw Avg:   0.0241
  orientation               | Scaled Avg:  -0.0001 | Raw Avg:   0.0135
  powers                    | Scaled Avg:  -0.0001 | Raw Avg: 133.5085
  stand_still               | Scaled Avg:  -0.0003 | Raw Avg:   0.0028
  torques                   | Scaled Avg:  -0.0002 | Raw Avg: 928.9777
  tracking_ang_vel          | Scaled Avg:   0.0154 | Raw Avg:   0.7681
  tracking_lin_vel          | Scaled Avg:   0.0307 | Raw Avg:   0.7677
  TOTAL REWARD              | Scaled Avg:   0.0090
------------------------------

------------------------------
Step: 44000 - Reward Breakdown:
  action_rate               | Scaled Avg:  -0.0160 | Raw Avg:   1.6041
  action_smoothness         | Scaled Avg:  -0.0005 | Raw Avg:   0.2554
  ang_vel_xy                | Scaled Avg:  -0.0027 | Raw Avg:   1.3330
  base_height               | Scaled Avg:  -0.0000 | Raw Avg:   0.0006
  collision                 | Scaled Avg:  -0.0001 | Raw Avg:   0.0057
  dof_acc                   | Scaled Avg:  -0.0007 | Raw Avg: 143777.1562
  dof_error                 | Scaled Avg:  -0.0008 | Raw Avg:   0.4143
  dof_vel                   | Scaled Avg:  -0.0080 | Raw Avg:  79.7854
  feet_air_time             | Scaled Avg:   0.0000 | Raw Avg:   0.0003
  feet_contact_forces       | Scaled Avg:  -0.0000 | Raw Avg:   7.6263
  foot_clearance            | Scaled Avg:  -0.0001 | Raw Avg:   0.0090
  foot_mirror               | Scaled Avg:  -0.0001 | Raw Avg:   0.1167
  foot_slide                | Scaled Avg:  -0.0017 | Raw Avg:   1.6831
  has_contact               | Scaled Avg:   0.0004 | Raw Avg:   0.0207
  hip_pos                   | Scaled Avg:  -0.0034 | Raw Avg:   0.0340
  lin_vel_z                 | Scaled Avg:  -0.0021 | Raw Avg:   0.0260
  orientation               | Scaled Avg:  -0.0001 | Raw Avg:   0.0135
  powers                    | Scaled Avg:  -0.0001 | Raw Avg: 132.2526
  stand_still               | Scaled Avg:  -0.0004 | Raw Avg:   0.0045
  torques                   | Scaled Avg:  -0.0002 | Raw Avg: 973.6783
  tracking_ang_vel          | Scaled Avg:   0.0153 | Raw Avg:   0.7640
  tracking_lin_vel          | Scaled Avg:   0.0307 | Raw Avg:   0.7668
  TOTAL REWARD              | Scaled Avg:   0.0094
------------------------------

------------------------------
Step: 44500 - Reward Breakdown:
  action_rate               | Scaled Avg:  -0.0160 | Raw Avg:   1.5971
  action_smoothness         | Scaled Avg:  -0.0005 | Raw Avg:   0.2539
  ang_vel_xy                | Scaled Avg:  -0.0026 | Raw Avg:   1.2877
  base_height               | Scaled Avg:  -0.0000 | Raw Avg:   0.0006
  collision                 | Scaled Avg:  -0.0002 | Raw Avg:   0.0090
  dof_acc                   | Scaled Avg:  -0.0007 | Raw Avg: 137731.2188
  dof_error                 | Scaled Avg:  -0.0008 | Raw Avg:   0.4238
  dof_vel                   | Scaled Avg:  -0.0081 | Raw Avg:  80.6722
  feet_contact_forces       | Scaled Avg:  -0.0000 | Raw Avg:   7.3308
  foot_clearance            | Scaled Avg:  -0.0001 | Raw Avg:   0.0087
  foot_mirror               | Scaled Avg:  -0.0001 | Raw Avg:   0.1186
  foot_slide                | Scaled Avg:  -0.0017 | Raw Avg:   1.7203
  has_contact               | Scaled Avg:   0.0004 | Raw Avg:   0.0186
  hip_pos                   | Scaled Avg:  -0.0034 | Raw Avg:   0.0343
  lin_vel_z                 | Scaled Avg:  -0.0019 | Raw Avg:   0.0233
  orientation               | Scaled Avg:  -0.0001 | Raw Avg:   0.0131
  powers                    | Scaled Avg:  -0.0001 | Raw Avg: 128.9465
  stand_still               | Scaled Avg:  -0.0004 | Raw Avg:   0.0043
  torques                   | Scaled Avg:  -0.0002 | Raw Avg: 915.9014
  tracking_ang_vel          | Scaled Avg:   0.0151 | Raw Avg:   0.7533
  tracking_lin_vel          | Scaled Avg:   0.0304 | Raw Avg:   0.7606
  TOTAL REWARD              | Scaled Avg:   0.0091
------------------------------

------------------------------
Step: 45000 - Reward Breakdown:
  action_rate               | Scaled Avg:  -0.0163 | Raw Avg:   1.6347
  action_smoothness         | Scaled Avg:  -0.0005 | Raw Avg:   0.2587
  ang_vel_xy                | Scaled Avg:  -0.0026 | Raw Avg:   1.3156
  base_height               | Scaled Avg:  -0.0000 | Raw Avg:   0.0006
  collision                 | Scaled Avg:  -0.0001 | Raw Avg:   0.0066
  dof_acc                   | Scaled Avg:  -0.0007 | Raw Avg: 132313.1250
  dof_error                 | Scaled Avg:  -0.0008 | Raw Avg:   0.4054
  dof_vel                   | Scaled Avg:  -0.0083 | Raw Avg:  83.3280
  feet_contact_forces       | Scaled Avg:  -0.0000 | Raw Avg:   7.4335
  foot_clearance            | Scaled Avg:  -0.0001 | Raw Avg:   0.0078
  foot_mirror               | Scaled Avg:  -0.0001 | Raw Avg:   0.1250
  foot_slide                | Scaled Avg:  -0.0017 | Raw Avg:   1.7255
  has_contact               | Scaled Avg:   0.0003 | Raw Avg:   0.0169
  hip_pos                   | Scaled Avg:  -0.0032 | Raw Avg:   0.0324
  lin_vel_z                 | Scaled Avg:  -0.0020 | Raw Avg:   0.0249
  orientation               | Scaled Avg:  -0.0001 | Raw Avg:   0.0133
  powers                    | Scaled Avg:  -0.0001 | Raw Avg: 131.0033
  stand_still               | Scaled Avg:  -0.0004 | Raw Avg:   0.0037
  torques                   | Scaled Avg:  -0.0002 | Raw Avg: 917.7898
  tracking_ang_vel          | Scaled Avg:   0.0154 | Raw Avg:   0.7711
  tracking_lin_vel          | Scaled Avg:   0.0306 | Raw Avg:   0.7646
  TOTAL REWARD              | Scaled Avg:   0.0091
------------------------------

------------------------------
Step: 45500 - Reward Breakdown:
  action_rate               | Scaled Avg:  -0.0163 | Raw Avg:   1.6277
  action_smoothness         | Scaled Avg:  -0.0005 | Raw Avg:   0.2576
  ang_vel_xy                | Scaled Avg:  -0.0028 | Raw Avg:   1.3787
  base_height               | Scaled Avg:  -0.0000 | Raw Avg:   0.0007
  collision                 | Scaled Avg:  -0.0002 | Raw Avg:   0.0080
  dof_acc                   | Scaled Avg:  -0.0006 | Raw Avg: 126201.2188
  dof_error                 | Scaled Avg:  -0.0008 | Raw Avg:   0.4077
  dof_vel                   | Scaled Avg:  -0.0082 | Raw Avg:  81.6940
  feet_contact_forces       | Scaled Avg:  -0.0000 | Raw Avg:   7.7773
  foot_clearance            | Scaled Avg:  -0.0001 | Raw Avg:   0.0078
  foot_mirror               | Scaled Avg:  -0.0001 | Raw Avg:   0.1222
  foot_slide                | Scaled Avg:  -0.0017 | Raw Avg:   1.6985
  has_contact               | Scaled Avg:   0.0004 | Raw Avg:   0.0180
  hip_pos                   | Scaled Avg:  -0.0033 | Raw Avg:   0.0335
  lin_vel_z                 | Scaled Avg:  -0.0022 | Raw Avg:   0.0277
  orientation               | Scaled Avg:  -0.0001 | Raw Avg:   0.0145
  powers                    | Scaled Avg:  -0.0001 | Raw Avg: 137.1420
  stand_still               | Scaled Avg:  -0.0006 | Raw Avg:   0.0064
  torques                   | Scaled Avg:  -0.0002 | Raw Avg: 1003.9063
  tracking_ang_vel          | Scaled Avg:   0.0153 | Raw Avg:   0.7675
  tracking_lin_vel          | Scaled Avg:   0.0306 | Raw Avg:   0.7649
  TOTAL REWARD              | Scaled Avg:   0.0085
------------------------------
################################################################################
                    [1m Learning iteration 6900/10000 [0m                     

                       Computation: 84659 steps/s (collection: 1.257s, learning 0.471s)
                     surrogate_loss -0.0027
                         value_loss 0.0561
                            entropy 2.2914
                     estimator_loss 0.0000
                         total_loss 0.0763
             Mean action noise std: 0.20
                       Mean reward: 3.88
               Mean episode length: 482.72
      Mean episode rew_action_rate: -0.3987
Mean episode rew_frame_action_rate: -0.0207
Mean episode rew_action_smoothness: -0.0126
Mean episode rew_frame_action_smoothness: -0.0006
       Mean episode rew_ang_vel_xy: -0.0670
 Mean episode rew_frame_ang_vel_xy: -0.0095
      Mean episode rew_base_height: -0.0003
Mean episode rew_frame_base_height: -0.0001
        Mean episode rew_collision: -0.0033
  Mean episode rew_frame_collision: -0.0015
          Mean episode rew_dof_acc: -0.0162
    Mean episode rew_frame_dof_acc: -0.0013
        Mean episode rew_dof_error: -0.0196
  Mean episode rew_frame_dof_error: -0.0030
          Mean episode rew_dof_vel: -0.2004
    Mean episode rew_frame_dof_vel: -0.0155
    Mean episode rew_feet_air_time: 0.0002
Mean episode rew_frame_feet_air_time: 0.0000
Mean episode rew_feet_contact_forces: -0.0006
Mean episode rew_frame_feet_contact_forces: -0.0000
   Mean episode rew_foot_clearance: -0.0020
Mean episode rew_frame_foot_clearance: -0.0002
      Mean episode rew_foot_mirror: -0.0030
Mean episode rew_frame_foot_mirror: -0.0005
       Mean episode rew_foot_slide: -0.0412
 Mean episode rew_frame_foot_slide: -0.0015
      Mean episode rew_has_contact: 0.0064
Mean episode rew_frame_has_contact: 0.0002
          Mean episode rew_hip_pos: -0.0834
    Mean episode rew_frame_hip_pos: -0.0139
        Mean episode rew_lin_vel_z: -0.0520
  Mean episode rew_frame_lin_vel_z: -0.0147
      Mean episode rew_orientation: -0.0015
Mean episode rew_frame_orientation: -0.0005
           Mean episode rew_powers: -0.0013
     Mean episode rew_frame_powers: -0.0001
      Mean episode rew_stand_still: -0.0248
Mean episode rew_frame_stand_still: -0.0005
          Mean episode rew_stumble: -0.0000
    Mean episode rew_frame_stumble: -0.0000
          Mean episode rew_torques: -0.0046
    Mean episode rew_frame_torques: -0.0003
 Mean episode rew_tracking_ang_vel: 0.3758
Mean episode rew_frame_tracking_ang_vel: 0.0109
 Mean episode rew_tracking_lin_vel: 0.7513
Mean episode rew_frame_tracking_lin_vel: 0.0193
Mean episode max_power_throughout_episode: 4045.3806
            Mean episode max_pos_x: 4.4911
            Mean episode min_pos_x: -3.2920
            Mean episode max_pos_y: 3.1391
            Mean episode min_pos_y: -3.2159
        Mean episode timeout_ratio: 0.4156
       Mean episode num_terminated: 10.9583
--------------------------------------------------------------------------------
                   Total timesteps: 2926080
                    Iteration time: 1.73s
                        Total time: 3332.37s
                               ETA: 5434.2s


------------------------------
Step: 46000 - Reward Breakdown:
  action_rate               | Scaled Avg:  -0.0163 | Raw Avg:   1.6322
  action_smoothness         | Scaled Avg:  -0.0005 | Raw Avg:   0.2574
  ang_vel_xy                | Scaled Avg:  -0.0028 | Raw Avg:   1.3797
  base_height               | Scaled Avg:  -0.0000 | Raw Avg:   0.0006
  collision                 | Scaled Avg:  -0.0002 | Raw Avg:   0.0085
  dof_acc                   | Scaled Avg:  -0.0007 | Raw Avg: 136207.5156
  dof_error                 | Scaled Avg:  -0.0008 | Raw Avg:   0.4001
  dof_vel                   | Scaled Avg:  -0.0083 | Raw Avg:  82.5571
  feet_contact_forces       | Scaled Avg:  -0.0000 | Raw Avg:   8.0237
  foot_clearance            | Scaled Avg:  -0.0001 | Raw Avg:   0.0078
  foot_mirror               | Scaled Avg:  -0.0001 | Raw Avg:   0.1230
  foot_slide                | Scaled Avg:  -0.0017 | Raw Avg:   1.7106
  has_contact               | Scaled Avg:   0.0004 | Raw Avg:   0.0189
  hip_pos                   | Scaled Avg:  -0.0032 | Raw Avg:   0.0325
  lin_vel_z                 | Scaled Avg:  -0.0022 | Raw Avg:   0.0270
  orientation               | Scaled Avg:  -0.0001 | Raw Avg:   0.0139
  powers                    | Scaled Avg:  -0.0001 | Raw Avg: 137.7207
  stand_still               | Scaled Avg:  -0.0004 | Raw Avg:   0.0044
  torques                   | Scaled Avg:  -0.0002 | Raw Avg: 1009.0926
  tracking_ang_vel          | Scaled Avg:   0.0153 | Raw Avg:   0.7664
  tracking_lin_vel          | Scaled Avg:   0.0309 | Raw Avg:   0.7722
  TOTAL REWARD              | Scaled Avg:   0.0090
------------------------------

------------------------------
Step: 46500 - Reward Breakdown:
  action_rate               | Scaled Avg:  -0.0163 | Raw Avg:   1.6300
  action_smoothness         | Scaled Avg:  -0.0005 | Raw Avg:   0.2581
  ang_vel_xy                | Scaled Avg:  -0.0027 | Raw Avg:   1.3480
  base_height               | Scaled Avg:  -0.0000 | Raw Avg:   0.0006
  collision                 | Scaled Avg:  -0.0001 | Raw Avg:   0.0069
  dof_acc                   | Scaled Avg:  -0.0007 | Raw Avg: 147541.5156
  dof_error                 | Scaled Avg:  -0.0008 | Raw Avg:   0.4005
  dof_vel                   | Scaled Avg:  -0.0085 | Raw Avg:  84.7732
  feet_contact_forces       | Scaled Avg:  -0.0000 | Raw Avg:   7.9210
  foot_clearance            | Scaled Avg:  -0.0001 | Raw Avg:   0.0080
  foot_mirror               | Scaled Avg:  -0.0001 | Raw Avg:   0.1245
  foot_slide                | Scaled Avg:  -0.0017 | Raw Avg:   1.7125
  has_contact               | Scaled Avg:   0.0004 | Raw Avg:   0.0201
  hip_pos                   | Scaled Avg:  -0.0033 | Raw Avg:   0.0332
  lin_vel_z                 | Scaled Avg:  -0.0020 | Raw Avg:   0.0250
  orientation               | Scaled Avg:  -0.0001 | Raw Avg:   0.0151
  powers                    | Scaled Avg:  -0.0001 | Raw Avg: 137.7904
  stand_still               | Scaled Avg:  -0.0004 | Raw Avg:   0.0039
  torques                   | Scaled Avg:  -0.0002 | Raw Avg: 979.2258
  tracking_ang_vel          | Scaled Avg:   0.0155 | Raw Avg:   0.7754
  tracking_lin_vel          | Scaled Avg:   0.0314 | Raw Avg:   0.7852
  TOTAL REWARD              | Scaled Avg:   0.0097
------------------------------

------------------------------
Step: 47000 - Reward Breakdown:
  action_rate               | Scaled Avg:  -0.0165 | Raw Avg:   1.6472
  action_smoothness         | Scaled Avg:  -0.0005 | Raw Avg:   0.2587
  ang_vel_xy                | Scaled Avg:  -0.0027 | Raw Avg:   1.3576
  base_height               | Scaled Avg:  -0.0000 | Raw Avg:   0.0006
  collision                 | Scaled Avg:  -0.0002 | Raw Avg:   0.0085
  dof_acc                   | Scaled Avg:  -0.0007 | Raw Avg: 148510.1562
  dof_error                 | Scaled Avg:  -0.0008 | Raw Avg:   0.4083
  dof_vel                   | Scaled Avg:  -0.0084 | Raw Avg:  83.9168
  feet_contact_forces       | Scaled Avg:  -0.0000 | Raw Avg:   8.1063
  foot_clearance            | Scaled Avg:  -0.0001 | Raw Avg:   0.0085
  foot_mirror               | Scaled Avg:  -0.0001 | Raw Avg:   0.1264
  foot_slide                | Scaled Avg:  -0.0017 | Raw Avg:   1.6952
  has_contact               | Scaled Avg:   0.0004 | Raw Avg:   0.0208
  hip_pos                   | Scaled Avg:  -0.0034 | Raw Avg:   0.0335
  lin_vel_z                 | Scaled Avg:  -0.0021 | Raw Avg:   0.0261
  orientation               | Scaled Avg:  -0.0001 | Raw Avg:   0.0152
  powers                    | Scaled Avg:  -0.0001 | Raw Avg: 133.9899
  stand_still               | Scaled Avg:  -0.0003 | Raw Avg:   0.0034
  torques                   | Scaled Avg:  -0.0002 | Raw Avg: 957.4429
  tracking_ang_vel          | Scaled Avg:   0.0154 | Raw Avg:   0.7688
  tracking_lin_vel          | Scaled Avg:   0.0310 | Raw Avg:   0.7749
  TOTAL REWARD              | Scaled Avg:   0.0089
------------------------------

------------------------------
Step: 47500 - Reward Breakdown:
  action_rate               | Scaled Avg:  -0.0161 | Raw Avg:   1.6135
  action_smoothness         | Scaled Avg:  -0.0005 | Raw Avg:   0.2556
  ang_vel_xy                | Scaled Avg:  -0.0027 | Raw Avg:   1.3670
  base_height               | Scaled Avg:  -0.0000 | Raw Avg:   0.0005
  collision                 | Scaled Avg:  -0.0001 | Raw Avg:   0.0069
  dof_acc                   | Scaled Avg:  -0.0007 | Raw Avg: 147784.0781
  dof_error                 | Scaled Avg:  -0.0008 | Raw Avg:   0.3966
  dof_vel                   | Scaled Avg:  -0.0082 | Raw Avg:  82.0119
  feet_contact_forces       | Scaled Avg:  -0.0000 | Raw Avg:   7.8140
  foot_clearance            | Scaled Avg:  -0.0001 | Raw Avg:   0.0084
  foot_mirror               | Scaled Avg:  -0.0001 | Raw Avg:   0.1166
  foot_slide                | Scaled Avg:  -0.0017 | Raw Avg:   1.7233
  has_contact               | Scaled Avg:   0.0003 | Raw Avg:   0.0155
  hip_pos                   | Scaled Avg:  -0.0033 | Raw Avg:   0.0327
  lin_vel_z                 | Scaled Avg:  -0.0019 | Raw Avg:   0.0242
  orientation               | Scaled Avg:  -0.0001 | Raw Avg:   0.0136
  powers                    | Scaled Avg:  -0.0001 | Raw Avg: 134.2839
  stand_still               | Scaled Avg:  -0.0004 | Raw Avg:   0.0036
  torques                   | Scaled Avg:  -0.0002 | Raw Avg: 963.7188
  tracking_ang_vel          | Scaled Avg:   0.0153 | Raw Avg:   0.7626
  tracking_lin_vel          | Scaled Avg:   0.0305 | Raw Avg:   0.7624
  TOTAL REWARD              | Scaled Avg:   0.0090
------------------------------

------------------------------
Step: 48000 - Reward Breakdown:
  action_rate               | Scaled Avg:  -0.0162 | Raw Avg:   1.6245
  action_smoothness         | Scaled Avg:  -0.0005 | Raw Avg:   0.2574
  ang_vel_xy                | Scaled Avg:  -0.0027 | Raw Avg:   1.3298
  collision                 | Scaled Avg:  -0.0001 | Raw Avg:   0.0064
  dof_acc                   | Scaled Avg:  -0.0008 | Raw Avg: 152531.0469
  dof_error                 | Scaled Avg:  -0.0008 | Raw Avg:   0.3825
  dof_vel                   | Scaled Avg:  -0.0083 | Raw Avg:  82.8312
  feet_contact_forces       | Scaled Avg:  -0.0000 | Raw Avg:   7.8269
  foot_clearance            | Scaled Avg:  -0.0001 | Raw Avg:   0.0088
  foot_mirror               | Scaled Avg:  -0.0001 | Raw Avg:   0.1069
  foot_slide                | Scaled Avg:  -0.0017 | Raw Avg:   1.7330
  has_contact               | Scaled Avg:   0.0003 | Raw Avg:   0.0158
  hip_pos                   | Scaled Avg:  -0.0032 | Raw Avg:   0.0322
  lin_vel_z                 | Scaled Avg:  -0.0020 | Raw Avg:   0.0244
  orientation               | Scaled Avg:  -0.0001 | Raw Avg:   0.0132
  powers                    | Scaled Avg:  -0.0001 | Raw Avg: 130.4974
  stand_still               | Scaled Avg:  -0.0003 | Raw Avg:   0.0034
  torques                   | Scaled Avg:  -0.0002 | Raw Avg: 911.1709
  tracking_ang_vel          | Scaled Avg:   0.0155 | Raw Avg:   0.7734
  tracking_lin_vel          | Scaled Avg:   0.0310 | Raw Avg:   0.7747
  TOTAL REWARD              | Scaled Avg:   0.0097
------------------------------
################################################################################
                    [1m Learning iteration 7000/10000 [0m                     

                       Computation: 81169 steps/s (collection: 1.329s, learning 0.474s)
                     surrogate_loss -0.0020
                         value_loss 0.0678
                            entropy 2.2643
                     estimator_loss 0.0000
                         total_loss 0.0885
             Mean action noise std: 0.20
                       Mean reward: 4.24
               Mean episode length: 532.41
      Mean episode rew_action_rate: -0.4298
Mean episode rew_frame_action_rate: -0.0203
Mean episode rew_action_smoothness: -0.0135
Mean episode rew_frame_action_smoothness: -0.0006
       Mean episode rew_ang_vel_xy: -0.0690
 Mean episode rew_frame_ang_vel_xy: -0.0085
      Mean episode rew_base_height: -0.0003
Mean episode rew_frame_base_height: -0.0001
        Mean episode rew_collision: -0.0027
  Mean episode rew_frame_collision: -0.0011
          Mean episode rew_dof_acc: -0.0195
    Mean episode rew_frame_dof_acc: -0.0014
        Mean episode rew_dof_error: -0.0202
  Mean episode rew_frame_dof_error: -0.0025
          Mean episode rew_dof_vel: -0.2194
    Mean episode rew_frame_dof_vel: -0.0151
    Mean episode rew_feet_air_time: 0.0001
Mean episode rew_frame_feet_air_time: 0.0000
Mean episode rew_feet_contact_forces: -0.0006
Mean episode rew_frame_feet_contact_forces: -0.0000
   Mean episode rew_foot_clearance: -0.0022
Mean episode rew_frame_foot_clearance: -0.0002
      Mean episode rew_foot_mirror: -0.0029
Mean episode rew_frame_foot_mirror: -0.0004
       Mean episode rew_foot_slide: -0.0457
 Mean episode rew_frame_foot_slide: -0.0017
      Mean episode rew_has_contact: 0.0081
Mean episode rew_frame_has_contact: 0.0002
          Mean episode rew_hip_pos: -0.0826
    Mean episode rew_frame_hip_pos: -0.0128
        Mean episode rew_lin_vel_z: -0.0528
  Mean episode rew_frame_lin_vel_z: -0.0151
      Mean episode rew_orientation: -0.0014
Mean episode rew_frame_orientation: -0.0004
           Mean episode rew_powers: -0.0014
     Mean episode rew_frame_powers: -0.0001
      Mean episode rew_stand_still: -0.0109
Mean episode rew_frame_stand_still: -0.0002
          Mean episode rew_stumble: -0.0000
    Mean episode rew_frame_stumble: -0.0000
          Mean episode rew_torques: -0.0049
    Mean episode rew_frame_torques: -0.0002
 Mean episode rew_tracking_ang_vel: 0.4024
Mean episode rew_frame_tracking_ang_vel: 0.0109
 Mean episode rew_tracking_lin_vel: 0.8012
Mean episode rew_frame_tracking_lin_vel: 0.0201
Mean episode max_power_throughout_episode: 3871.0098
            Mean episode max_pos_x: 4.1218
            Mean episode min_pos_x: -3.3788
            Mean episode max_pos_y: 4.9517
            Mean episode min_pos_y: -2.9055
        Mean episode timeout_ratio: 0.4789
       Mean episode num_terminated: 11.5417
--------------------------------------------------------------------------------
                   Total timesteps: 3072384
                    Iteration time: 1.80s
                        Total time: 3507.88s
                               ETA: 5259.2s


------------------------------
Step: 48500 - Reward Breakdown:
  action_rate               | Scaled Avg:  -0.0162 | Raw Avg:   1.6187
  action_smoothness         | Scaled Avg:  -0.0005 | Raw Avg:   0.2587
  ang_vel_xy                | Scaled Avg:  -0.0028 | Raw Avg:   1.3937
  base_height               | Scaled Avg:  -0.0000 | Raw Avg:   0.0005
  collision                 | Scaled Avg:  -0.0002 | Raw Avg:   0.0080
  dof_acc                   | Scaled Avg:  -0.0008 | Raw Avg: 153732.0469
  dof_error                 | Scaled Avg:  -0.0008 | Raw Avg:   0.4031
  dof_vel                   | Scaled Avg:  -0.0082 | Raw Avg:  81.7320
  feet_contact_forces       | Scaled Avg:  -0.0000 | Raw Avg:   7.9857
  foot_clearance            | Scaled Avg:  -0.0001 | Raw Avg:   0.0091
  foot_mirror               | Scaled Avg:  -0.0001 | Raw Avg:   0.1101
  foot_slide                | Scaled Avg:  -0.0017 | Raw Avg:   1.7043
  has_contact               | Scaled Avg:   0.0003 | Raw Avg:   0.0173
  hip_pos                   | Scaled Avg:  -0.0033 | Raw Avg:   0.0331
  lin_vel_z                 | Scaled Avg:  -0.0021 | Raw Avg:   0.0262
  orientation               | Scaled Avg:  -0.0001 | Raw Avg:   0.0136
  powers                    | Scaled Avg:  -0.0001 | Raw Avg: 131.8093
  stand_still               | Scaled Avg:  -0.0002 | Raw Avg:   0.0022
  torques                   | Scaled Avg:  -0.0002 | Raw Avg: 923.4506
  tracking_ang_vel          | Scaled Avg:   0.0154 | Raw Avg:   0.7703
  tracking_lin_vel          | Scaled Avg:   0.0307 | Raw Avg:   0.7676
  TOTAL REWARD              | Scaled Avg:   0.0092
------------------------------

------------------------------
Step: 49000 - Reward Breakdown:
  action_rate               | Scaled Avg:  -0.0163 | Raw Avg:   1.6297
  action_smoothness         | Scaled Avg:  -0.0005 | Raw Avg:   0.2586
  ang_vel_xy                | Scaled Avg:  -0.0027 | Raw Avg:   1.3437
  collision                 | Scaled Avg:  -0.0002 | Raw Avg:   0.0079
  dof_acc                   | Scaled Avg:  -0.0009 | Raw Avg: 181376.7188
  dof_error                 | Scaled Avg:  -0.0008 | Raw Avg:   0.4109
  dof_vel                   | Scaled Avg:  -0.0084 | Raw Avg:  84.3974
  feet_contact_forces       | Scaled Avg:  -0.0000 | Raw Avg:   8.1336
  foot_clearance            | Scaled Avg:  -0.0001 | Raw Avg:   0.0094
  foot_mirror               | Scaled Avg:  -0.0001 | Raw Avg:   0.1115
  foot_slide                | Scaled Avg:  -0.0017 | Raw Avg:   1.7345
  has_contact               | Scaled Avg:   0.0004 | Raw Avg:   0.0183
  hip_pos                   | Scaled Avg:  -0.0032 | Raw Avg:   0.0320
  lin_vel_z                 | Scaled Avg:  -0.0021 | Raw Avg:   0.0264
  orientation               | Scaled Avg:  -0.0001 | Raw Avg:   0.0146
  powers                    | Scaled Avg:  -0.0001 | Raw Avg: 135.5612
  stand_still               | Scaled Avg:  -0.0003 | Raw Avg:   0.0030
  torques                   | Scaled Avg:  -0.0002 | Raw Avg: 948.3001
  tracking_ang_vel          | Scaled Avg:   0.0154 | Raw Avg:   0.7678
  tracking_lin_vel          | Scaled Avg:   0.0311 | Raw Avg:   0.7782
  TOTAL REWARD              | Scaled Avg:   0.0091
------------------------------

------------------------------
Step: 49500 - Reward Breakdown:
  action_rate               | Scaled Avg:  -0.0165 | Raw Avg:   1.6467
  action_smoothness         | Scaled Avg:  -0.0005 | Raw Avg:   0.2583
  ang_vel_xy                | Scaled Avg:  -0.0028 | Raw Avg:   1.4064
  base_height               | Scaled Avg:  -0.0000 | Raw Avg:   0.0005
  collision                 | Scaled Avg:  -0.0001 | Raw Avg:   0.0064
  dof_acc                   | Scaled Avg:  -0.0009 | Raw Avg: 182311.9844
  dof_error                 | Scaled Avg:  -0.0008 | Raw Avg:   0.4123
  dof_vel                   | Scaled Avg:  -0.0085 | Raw Avg:  85.0517
  feet_contact_forces       | Scaled Avg:  -0.0000 | Raw Avg:   8.2900
  foot_clearance            | Scaled Avg:  -0.0001 | Raw Avg:   0.0094
  foot_mirror               | Scaled Avg:  -0.0001 | Raw Avg:   0.1153
  foot_slide                | Scaled Avg:  -0.0017 | Raw Avg:   1.7021
  has_contact               | Scaled Avg:   0.0003 | Raw Avg:   0.0167
  hip_pos                   | Scaled Avg:  -0.0032 | Raw Avg:   0.0325
  lin_vel_z                 | Scaled Avg:  -0.0021 | Raw Avg:   0.0267
  orientation               | Scaled Avg:  -0.0001 | Raw Avg:   0.0144
  powers                    | Scaled Avg:  -0.0001 | Raw Avg: 142.9680
  stand_still               | Scaled Avg:  -0.0005 | Raw Avg:   0.0049
  torques                   | Scaled Avg:  -0.0002 | Raw Avg: 1050.1569
  tracking_ang_vel          | Scaled Avg:   0.0154 | Raw Avg:   0.7721
  tracking_lin_vel          | Scaled Avg:   0.0309 | Raw Avg:   0.7726
  TOTAL REWARD              | Scaled Avg:   0.0084
------------------------------

------------------------------
Step: 50000 - Reward Breakdown:
  action_rate               | Scaled Avg:  -0.0165 | Raw Avg:   1.6480
  action_smoothness         | Scaled Avg:  -0.0005 | Raw Avg:   0.2560
  ang_vel_xy                | Scaled Avg:  -0.0030 | Raw Avg:   1.5054
  base_height               | Scaled Avg:  -0.0000 | Raw Avg:   0.0006
  collision                 | Scaled Avg:  -0.0001 | Raw Avg:   0.0066
  dof_acc                   | Scaled Avg:  -0.0008 | Raw Avg: 151284.7500
  dof_error                 | Scaled Avg:  -0.0008 | Raw Avg:   0.4214
  dof_vel                   | Scaled Avg:  -0.0084 | Raw Avg:  83.9870
  feet_air_time             | Scaled Avg:   0.0000 | Raw Avg:   0.0003
  feet_contact_forces       | Scaled Avg:  -0.0000 | Raw Avg:   8.1918
  foot_clearance            | Scaled Avg:  -0.0001 | Raw Avg:   0.0087
  foot_mirror               | Scaled Avg:  -0.0001 | Raw Avg:   0.1258
  foot_slide                | Scaled Avg:  -0.0017 | Raw Avg:   1.6825
  has_contact               | Scaled Avg:   0.0003 | Raw Avg:   0.0161
  hip_pos                   | Scaled Avg:  -0.0034 | Raw Avg:   0.0343
  lin_vel_z                 | Scaled Avg:  -0.0021 | Raw Avg:   0.0265
  orientation               | Scaled Avg:  -0.0001 | Raw Avg:   0.0146
  powers                    | Scaled Avg:  -0.0001 | Raw Avg: 149.7245
  stand_still               | Scaled Avg:  -0.0005 | Raw Avg:   0.0049
  torques                   | Scaled Avg:  -0.0002 | Raw Avg: 1177.3894
  tracking_ang_vel          | Scaled Avg:   0.0153 | Raw Avg:   0.7660
  tracking_lin_vel          | Scaled Avg:   0.0306 | Raw Avg:   0.7644
  TOTAL REWARD              | Scaled Avg:   0.0078
------------------------------
################################################################################
                    [1m Learning iteration 7100/10000 [0m                     

                       Computation: 83266 steps/s (collection: 1.284s, learning 0.473s)
                     surrogate_loss -0.0048
                         value_loss 0.0597
                            entropy 2.3031
                     estimator_loss 0.0000
                         total_loss 0.0779
             Mean action noise std: 0.20
                       Mean reward: 4.70
               Mean episode length: 519.87
      Mean episode rew_action_rate: -0.4443
Mean episode rew_frame_action_rate: -0.0200
Mean episode rew_action_smoothness: -0.0139
Mean episode rew_frame_action_smoothness: -0.0006
       Mean episode rew_ang_vel_xy: -0.0747
 Mean episode rew_frame_ang_vel_xy: -0.0084
      Mean episode rew_base_height: -0.0002
Mean episode rew_frame_base_height: -0.0001
        Mean episode rew_collision: -0.0035
  Mean episode rew_frame_collision: -0.0016
          Mean episode rew_dof_acc: -0.0215
    Mean episode rew_frame_dof_acc: -0.0013
        Mean episode rew_dof_error: -0.0213
  Mean episode rew_frame_dof_error: -0.0025
          Mean episode rew_dof_vel: -0.2215
    Mean episode rew_frame_dof_vel: -0.0147
    Mean episode rew_feet_air_time: 0.0002
Mean episode rew_frame_feet_air_time: 0.0000
Mean episode rew_feet_contact_forces: -0.0007
Mean episode rew_frame_feet_contact_forces: -0.0000
   Mean episode rew_foot_clearance: -0.0023
Mean episode rew_frame_foot_clearance: -0.0002
      Mean episode rew_foot_mirror: -0.0031
Mean episode rew_frame_foot_mirror: -0.0004
       Mean episode rew_foot_slide: -0.0447
 Mean episode rew_frame_foot_slide: -0.0016
      Mean episode rew_has_contact: 0.0101
Mean episode rew_frame_has_contact: 0.0004
          Mean episode rew_hip_pos: -0.0874
    Mean episode rew_frame_hip_pos: -0.0125
        Mean episode rew_lin_vel_z: -0.0530
  Mean episode rew_frame_lin_vel_z: -0.0125
      Mean episode rew_orientation: -0.0015
Mean episode rew_frame_orientation: -0.0004
           Mean episode rew_powers: -0.0016
     Mean episode rew_frame_powers: -0.0001
      Mean episode rew_stand_still: -0.0173
Mean episode rew_frame_stand_still: -0.0003
          Mean episode rew_stumble: -0.0000
    Mean episode rew_frame_stumble: -0.0000
          Mean episode rew_torques: -0.0061
    Mean episode rew_frame_torques: -0.0003
 Mean episode rew_tracking_ang_vel: 0.4140
Mean episode rew_frame_tracking_ang_vel: 0.0111
 Mean episode rew_tracking_lin_vel: 0.8311
Mean episode rew_frame_tracking_lin_vel: 0.0203
Mean episode max_power_throughout_episode: 3740.7566
            Mean episode max_pos_x: 4.6530
            Mean episode min_pos_x: -3.6387
            Mean episode max_pos_y: 3.9423
            Mean episode min_pos_y: -3.8411
        Mean episode timeout_ratio: 0.4966
       Mean episode num_terminated: 12.2500
--------------------------------------------------------------------------------
                   Total timesteps: 3218688
                    Iteration time: 1.76s
                        Total time: 3684.75s
                               ETA: 5086.0s


------------------------------
Step: 50500 - Reward Breakdown:
  action_rate               | Scaled Avg:  -0.0163 | Raw Avg:   1.6315
  action_smoothness         | Scaled Avg:  -0.0005 | Raw Avg:   0.2595
  ang_vel_xy                | Scaled Avg:  -0.0028 | Raw Avg:   1.3918
  base_height               | Scaled Avg:  -0.0000 | Raw Avg:   0.0005
  collision                 | Scaled Avg:  -0.0001 | Raw Avg:   0.0072
  dof_acc                   | Scaled Avg:  -0.0008 | Raw Avg: 160841.4688
  dof_error                 | Scaled Avg:  -0.0008 | Raw Avg:   0.4151
  dof_vel                   | Scaled Avg:  -0.0082 | Raw Avg:  81.7192
  feet_contact_forces       | Scaled Avg:  -0.0000 | Raw Avg:   7.3473
  foot_clearance            | Scaled Avg:  -0.0001 | Raw Avg:   0.0085
  foot_mirror               | Scaled Avg:  -0.0001 | Raw Avg:   0.1248
  foot_slide                | Scaled Avg:  -0.0014 | Raw Avg:   1.3759
  has_contact               | Scaled Avg:   0.0003 | Raw Avg:   0.0171
  hip_pos                   | Scaled Avg:  -0.0032 | Raw Avg:   0.0319
  lin_vel_z                 | Scaled Avg:  -0.0019 | Raw Avg:   0.0242
  orientation               | Scaled Avg:  -0.0001 | Raw Avg:   0.0140
  powers                    | Scaled Avg:  -0.0001 | Raw Avg: 141.3780
  stand_still               | Scaled Avg:  -0.0003 | Raw Avg:   0.0035
  torques                   | Scaled Avg:  -0.0002 | Raw Avg: 1074.0690
  tracking_ang_vel          | Scaled Avg:   0.0153 | Raw Avg:   0.7637
  tracking_lin_vel          | Scaled Avg:   0.0307 | Raw Avg:   0.7675
  TOTAL REWARD              | Scaled Avg:   0.0093
------------------------------

------------------------------
Step: 51000 - Reward Breakdown:
  action_rate               | Scaled Avg:  -0.0162 | Raw Avg:   1.6170
  action_smoothness         | Scaled Avg:  -0.0005 | Raw Avg:   0.2605
  ang_vel_xy                | Scaled Avg:  -0.0026 | Raw Avg:   1.3107
  collision                 | Scaled Avg:  -0.0001 | Raw Avg:   0.0051
  dof_acc                   | Scaled Avg:  -0.0008 | Raw Avg: 158921.6094
  dof_error                 | Scaled Avg:  -0.0008 | Raw Avg:   0.3874
  dof_vel                   | Scaled Avg:  -0.0081 | Raw Avg:  81.3740
  feet_air_time             | Scaled Avg:   0.0000 | Raw Avg:   0.0004
  feet_contact_forces       | Scaled Avg:  -0.0000 | Raw Avg:   7.4829
  foot_clearance            | Scaled Avg:  -0.0001 | Raw Avg:   0.0091
  foot_mirror               | Scaled Avg:  -0.0001 | Raw Avg:   0.1104
  foot_slide                | Scaled Avg:  -0.0017 | Raw Avg:   1.7448
  has_contact               | Scaled Avg:   0.0003 | Raw Avg:   0.0166
  hip_pos                   | Scaled Avg:  -0.0031 | Raw Avg:   0.0309
  lin_vel_z                 | Scaled Avg:  -0.0019 | Raw Avg:   0.0244
  orientation               | Scaled Avg:  -0.0000 | Raw Avg:   0.0124
  powers                    | Scaled Avg:  -0.0001 | Raw Avg: 134.0500
  stand_still               | Scaled Avg:  -0.0005 | Raw Avg:   0.0052
  torques                   | Scaled Avg:  -0.0002 | Raw Avg: 949.8828
  tracking_ang_vel          | Scaled Avg:   0.0157 | Raw Avg:   0.7837
  tracking_lin_vel          | Scaled Avg:   0.0311 | Raw Avg:   0.7784
  TOTAL REWARD              | Scaled Avg:   0.0102
------------------------------

------------------------------
Step: 51500 - Reward Breakdown:
  action_rate               | Scaled Avg:  -0.0163 | Raw Avg:   1.6332
  action_smoothness         | Scaled Avg:  -0.0005 | Raw Avg:   0.2581
  ang_vel_xy                | Scaled Avg:  -0.0027 | Raw Avg:   1.3728
  collision                 | Scaled Avg:  -0.0001 | Raw Avg:   0.0057
  dof_acc                   | Scaled Avg:  -0.0008 | Raw Avg: 156455.1719
  dof_error                 | Scaled Avg:  -0.0008 | Raw Avg:   0.3935
  dof_vel                   | Scaled Avg:  -0.0081 | Raw Avg:  81.0787
  feet_contact_forces       | Scaled Avg:  -0.0000 | Raw Avg:   7.7165
  foot_clearance            | Scaled Avg:  -0.0001 | Raw Avg:   0.0088
  foot_mirror               | Scaled Avg:  -0.0001 | Raw Avg:   0.1115
  foot_slide                | Scaled Avg:  -0.0017 | Raw Avg:   1.7293
  has_contact               | Scaled Avg:   0.0004 | Raw Avg:   0.0179
  hip_pos                   | Scaled Avg:  -0.0030 | Raw Avg:   0.0301
  lin_vel_z                 | Scaled Avg:  -0.0020 | Raw Avg:   0.0245
  orientation               | Scaled Avg:  -0.0000 | Raw Avg:   0.0124
  powers                    | Scaled Avg:  -0.0001 | Raw Avg: 131.3024
  stand_still               | Scaled Avg:  -0.0004 | Raw Avg:   0.0043
  torques                   | Scaled Avg:  -0.0002 | Raw Avg: 944.0681
  tracking_ang_vel          | Scaled Avg:   0.0154 | Raw Avg:   0.7711
  tracking_lin_vel          | Scaled Avg:   0.0310 | Raw Avg:   0.7741
  TOTAL REWARD              | Scaled Avg:   0.0097
------------------------------

------------------------------
Step: 52000 - Reward Breakdown:
  action_rate               | Scaled Avg:  -0.0162 | Raw Avg:   1.6176
  action_smoothness         | Scaled Avg:  -0.0005 | Raw Avg:   0.2560
  ang_vel_xy                | Scaled Avg:  -0.0028 | Raw Avg:   1.4013
  base_height               | Scaled Avg:  -0.0000 | Raw Avg:   0.0005
  collision                 | Scaled Avg:  -0.0001 | Raw Avg:   0.0059
  dof_acc                   | Scaled Avg:  -0.0008 | Raw Avg: 152576.3906
  dof_error                 | Scaled Avg:  -0.0008 | Raw Avg:   0.3998
  dof_vel                   | Scaled Avg:  -0.0083 | Raw Avg:  82.9894
  feet_contact_forces       | Scaled Avg:  -0.0000 | Raw Avg:   7.3175
  foot_clearance            | Scaled Avg:  -0.0001 | Raw Avg:   0.0088
  foot_mirror               | Scaled Avg:  -0.0001 | Raw Avg:   0.1085
  foot_slide                | Scaled Avg:  -0.0017 | Raw Avg:   1.7251
  has_contact               | Scaled Avg:   0.0004 | Raw Avg:   0.0177
  hip_pos                   | Scaled Avg:  -0.0033 | Raw Avg:   0.0327
  lin_vel_z                 | Scaled Avg:  -0.0021 | Raw Avg:   0.0260
  orientation               | Scaled Avg:  -0.0001 | Raw Avg:   0.0134
  powers                    | Scaled Avg:  -0.0001 | Raw Avg: 135.3024
  stand_still               | Scaled Avg:  -0.0002 | Raw Avg:   0.0025
  torques                   | Scaled Avg:  -0.0002 | Raw Avg: 982.5837
  tracking_ang_vel          | Scaled Avg:   0.0155 | Raw Avg:   0.7731
  tracking_lin_vel          | Scaled Avg:   0.0315 | Raw Avg:   0.7866
  TOTAL REWARD              | Scaled Avg:   0.0100
------------------------------

------------------------------
Step: 52500 - Reward Breakdown:
  action_rate               | Scaled Avg:  -0.0164 | Raw Avg:   1.6417
  action_smoothness         | Scaled Avg:  -0.0005 | Raw Avg:   0.2576
  ang_vel_xy                | Scaled Avg:  -0.0028 | Raw Avg:   1.3817
  base_height               | Scaled Avg:  -0.0000 | Raw Avg:   0.0005
  collision                 | Scaled Avg:  -0.0001 | Raw Avg:   0.0056
  dof_acc                   | Scaled Avg:  -0.0008 | Raw Avg: 153861.5625
  dof_error                 | Scaled Avg:  -0.0008 | Raw Avg:   0.3914
  dof_vel                   | Scaled Avg:  -0.0082 | Raw Avg:  82.4181
  feet_contact_forces       | Scaled Avg:  -0.0000 | Raw Avg:   7.9020
  foot_clearance            | Scaled Avg:  -0.0001 | Raw Avg:   0.0088
  foot_mirror               | Scaled Avg:  -0.0001 | Raw Avg:   0.1067
  foot_slide                | Scaled Avg:  -0.0017 | Raw Avg:   1.7086
  has_contact               | Scaled Avg:   0.0003 | Raw Avg:   0.0173
  hip_pos                   | Scaled Avg:  -0.0032 | Raw Avg:   0.0321
  lin_vel_z                 | Scaled Avg:  -0.0019 | Raw Avg:   0.0239
  orientation               | Scaled Avg:  -0.0001 | Raw Avg:   0.0132
  powers                    | Scaled Avg:  -0.0001 | Raw Avg: 134.7428
  stand_still               | Scaled Avg:  -0.0004 | Raw Avg:   0.0035
  torques                   | Scaled Avg:  -0.0002 | Raw Avg: 977.6827
  tracking_ang_vel          | Scaled Avg:   0.0154 | Raw Avg:   0.7700
  tracking_lin_vel          | Scaled Avg:   0.0313 | Raw Avg:   0.7817
  TOTAL REWARD              | Scaled Avg:   0.0097
------------------------------
################################################################################
                    [1m Learning iteration 7200/10000 [0m                     

                       Computation: 82614 steps/s (collection: 1.302s, learning 0.468s)
                     surrogate_loss -0.0034
                         value_loss 0.0499
                            entropy 2.3041
                     estimator_loss 0.0000
                         total_loss 0.0695
             Mean action noise std: 0.20
                       Mean reward: 4.15
               Mean episode length: 479.64
      Mean episode rew_action_rate: -0.4203
Mean episode rew_frame_action_rate: -0.0210
Mean episode rew_action_smoothness: -0.0132
Mean episode rew_frame_action_smoothness: -0.0006
       Mean episode rew_ang_vel_xy: -0.0700
 Mean episode rew_frame_ang_vel_xy: -0.0089
      Mean episode rew_base_height: -0.0003
Mean episode rew_frame_base_height: -0.0001
        Mean episode rew_collision: -0.0028
  Mean episode rew_frame_collision: -0.0013
          Mean episode rew_dof_acc: -0.0209
    Mean episode rew_frame_dof_acc: -0.0017
        Mean episode rew_dof_error: -0.0202
  Mean episode rew_frame_dof_error: -0.0025
          Mean episode rew_dof_vel: -0.2203
    Mean episode rew_frame_dof_vel: -0.0159
    Mean episode rew_feet_air_time: 0.0001
Mean episode rew_frame_feet_air_time: 0.0000
Mean episode rew_feet_contact_forces: -0.0006
Mean episode rew_frame_feet_contact_forces: -0.0000
   Mean episode rew_foot_clearance: -0.0023
Mean episode rew_frame_foot_clearance: -0.0002
      Mean episode rew_foot_mirror: -0.0028
Mean episode rew_frame_foot_mirror: -0.0004
       Mean episode rew_foot_slide: -0.0449
 Mean episode rew_frame_foot_slide: -0.0016
      Mean episode rew_has_contact: 0.0094
Mean episode rew_frame_has_contact: 0.0003
          Mean episode rew_hip_pos: -0.0825
    Mean episode rew_frame_hip_pos: -0.0126
        Mean episode rew_lin_vel_z: -0.0518
  Mean episode rew_frame_lin_vel_z: -0.0131
      Mean episode rew_orientation: -0.0014
Mean episode rew_frame_orientation: -0.0005
           Mean episode rew_powers: -0.0014
     Mean episode rew_frame_powers: -0.0001
      Mean episode rew_stand_still: -0.0075
Mean episode rew_frame_stand_still: -0.0001
          Mean episode rew_stumble: -0.0000
    Mean episode rew_frame_stumble: -0.0000
          Mean episode rew_torques: -0.0050
    Mean episode rew_frame_torques: -0.0003
 Mean episode rew_tracking_ang_vel: 0.3891
Mean episode rew_frame_tracking_ang_vel: 0.0112
 Mean episode rew_tracking_lin_vel: 0.7897
Mean episode rew_frame_tracking_lin_vel: 0.0198
Mean episode max_power_throughout_episode: 3544.3691
            Mean episode max_pos_x: 4.4662
            Mean episode min_pos_x: -3.6501
            Mean episode max_pos_y: 3.1758
            Mean episode min_pos_y: -3.6554
        Mean episode timeout_ratio: 0.4375
       Mean episode num_terminated: 10.1667
--------------------------------------------------------------------------------
                   Total timesteps: 3364992
                    Iteration time: 1.77s
                        Total time: 3859.82s
                               ETA: 4910.3s


------------------------------
Step: 53000 - Reward Breakdown:
  action_rate               | Scaled Avg:  -0.0166 | Raw Avg:   1.6609
  action_smoothness         | Scaled Avg:  -0.0005 | Raw Avg:   0.2595
  ang_vel_xy                | Scaled Avg:  -0.0026 | Raw Avg:   1.3218
  collision                 | Scaled Avg:  -0.0001 | Raw Avg:   0.0044
  dof_acc                   | Scaled Avg:  -0.0009 | Raw Avg: 175432.0469
  dof_error                 | Scaled Avg:  -0.0008 | Raw Avg:   0.3888
  dof_vel                   | Scaled Avg:  -0.0083 | Raw Avg:  82.6996
  feet_contact_forces       | Scaled Avg:  -0.0000 | Raw Avg:   8.0491
  foot_clearance            | Scaled Avg:  -0.0001 | Raw Avg:   0.0093
  foot_mirror               | Scaled Avg:  -0.0001 | Raw Avg:   0.1042
  foot_slide                | Scaled Avg:  -0.0017 | Raw Avg:   1.7140
  has_contact               | Scaled Avg:   0.0003 | Raw Avg:   0.0158
  hip_pos                   | Scaled Avg:  -0.0032 | Raw Avg:   0.0321
  lin_vel_z                 | Scaled Avg:  -0.0020 | Raw Avg:   0.0251
  orientation               | Scaled Avg:  -0.0001 | Raw Avg:   0.0126
  powers                    | Scaled Avg:  -0.0001 | Raw Avg: 137.5021
  stand_still               | Scaled Avg:  -0.0005 | Raw Avg:   0.0052
  torques                   | Scaled Avg:  -0.0002 | Raw Avg: 1003.3563
  tracking_ang_vel          | Scaled Avg:   0.0155 | Raw Avg:   0.7770
  tracking_lin_vel          | Scaled Avg:   0.0316 | Raw Avg:   0.7909
  TOTAL REWARD              | Scaled Avg:   0.0097
------------------------------

------------------------------
Step: 53500 - Reward Breakdown:
  action_rate               | Scaled Avg:  -0.0162 | Raw Avg:   1.6198
  action_smoothness         | Scaled Avg:  -0.0005 | Raw Avg:   0.2555
  ang_vel_xy                | Scaled Avg:  -0.0027 | Raw Avg:   1.3687
  collision                 | Scaled Avg:  -0.0001 | Raw Avg:   0.0044
  dof_acc                   | Scaled Avg:  -0.0009 | Raw Avg: 175506.1719
  dof_error                 | Scaled Avg:  -0.0008 | Raw Avg:   0.4090
  dof_vel                   | Scaled Avg:  -0.0082 | Raw Avg:  81.6051
  feet_air_time             | Scaled Avg:   0.0000 | Raw Avg:   0.0004
  feet_contact_forces       | Scaled Avg:  -0.0000 | Raw Avg:   7.7580
  foot_clearance            | Scaled Avg:  -0.0001 | Raw Avg:   0.0102
  foot_mirror               | Scaled Avg:  -0.0001 | Raw Avg:   0.1094
  foot_slide                | Scaled Avg:  -0.0017 | Raw Avg:   1.7137
  has_contact               | Scaled Avg:   0.0003 | Raw Avg:   0.0165
  hip_pos                   | Scaled Avg:  -0.0033 | Raw Avg:   0.0328
  lin_vel_z                 | Scaled Avg:  -0.0020 | Raw Avg:   0.0245
  orientation               | Scaled Avg:  -0.0001 | Raw Avg:   0.0131
  powers                    | Scaled Avg:  -0.0001 | Raw Avg: 132.4161
  stand_still               | Scaled Avg:  -0.0002 | Raw Avg:   0.0021
  torques                   | Scaled Avg:  -0.0002 | Raw Avg: 945.3623
  tracking_ang_vel          | Scaled Avg:   0.0155 | Raw Avg:   0.7762
  tracking_lin_vel          | Scaled Avg:   0.0314 | Raw Avg:   0.7849
  TOTAL REWARD              | Scaled Avg:   0.0102
------------------------------

------------------------------
Step: 54000 - Reward Breakdown:
  action_rate               | Scaled Avg:  -0.0161 | Raw Avg:   1.6051
  action_smoothness         | Scaled Avg:  -0.0005 | Raw Avg:   0.2570
  ang_vel_xy                | Scaled Avg:  -0.0026 | Raw Avg:   1.2839
  collision                 | Scaled Avg:  -0.0001 | Raw Avg:   0.0052
  dof_acc                   | Scaled Avg:  -0.0007 | Raw Avg: 147831.6250
  dof_error                 | Scaled Avg:  -0.0008 | Raw Avg:   0.3796
  dof_vel                   | Scaled Avg:  -0.0079 | Raw Avg:  78.8078
  feet_contact_forces       | Scaled Avg:  -0.0000 | Raw Avg:   7.2338
  foot_clearance            | Scaled Avg:  -0.0001 | Raw Avg:   0.0090
  foot_mirror               | Scaled Avg:  -0.0001 | Raw Avg:   0.1043
  foot_slide                | Scaled Avg:  -0.0017 | Raw Avg:   1.7367
  has_contact               | Scaled Avg:   0.0003 | Raw Avg:   0.0171
  hip_pos                   | Scaled Avg:  -0.0032 | Raw Avg:   0.0317
  lin_vel_z                 | Scaled Avg:  -0.0019 | Raw Avg:   0.0236
  orientation               | Scaled Avg:  -0.0000 | Raw Avg:   0.0115
  powers                    | Scaled Avg:  -0.0001 | Raw Avg: 128.5625
  stand_still               | Scaled Avg:  -0.0003 | Raw Avg:   0.0025
  torques                   | Scaled Avg:  -0.0002 | Raw Avg: 923.0266
  tracking_ang_vel          | Scaled Avg:   0.0154 | Raw Avg:   0.7679
  tracking_lin_vel          | Scaled Avg:   0.0309 | Raw Avg:   0.7736
  TOTAL REWARD              | Scaled Avg:   0.0105
------------------------------

------------------------------
Step: 54500 - Reward Breakdown:
  action_rate               | Scaled Avg:  -0.0162 | Raw Avg:   1.6239
  action_smoothness         | Scaled Avg:  -0.0005 | Raw Avg:   0.2552
  ang_vel_xy                | Scaled Avg:  -0.0028 | Raw Avg:   1.3926
  base_height               | Scaled Avg:  -0.0000 | Raw Avg:   0.0005
  collision                 | Scaled Avg:  -0.0002 | Raw Avg:   0.0090
  dof_acc                   | Scaled Avg:  -0.0009 | Raw Avg: 170226.9219
  dof_error                 | Scaled Avg:  -0.0008 | Raw Avg:   0.4025
  dof_vel                   | Scaled Avg:  -0.0083 | Raw Avg:  83.1283
  feet_contact_forces       | Scaled Avg:  -0.0000 | Raw Avg:   7.7164
  foot_clearance            | Scaled Avg:  -0.0001 | Raw Avg:   0.0093
  foot_mirror               | Scaled Avg:  -0.0001 | Raw Avg:   0.1087
  foot_slide                | Scaled Avg:  -0.0017 | Raw Avg:   1.7218
  has_contact               | Scaled Avg:   0.0003 | Raw Avg:   0.0164
  hip_pos                   | Scaled Avg:  -0.0035 | Raw Avg:   0.0346
  lin_vel_z                 | Scaled Avg:  -0.0021 | Raw Avg:   0.0259
  orientation               | Scaled Avg:  -0.0001 | Raw Avg:   0.0147
  powers                    | Scaled Avg:  -0.0001 | Raw Avg: 135.2188
  stand_still               | Scaled Avg:  -0.0004 | Raw Avg:   0.0038
  torques                   | Scaled Avg:  -0.0002 | Raw Avg: 982.2996
  tracking_ang_vel          | Scaled Avg:   0.0154 | Raw Avg:   0.7682
  tracking_lin_vel          | Scaled Avg:   0.0309 | Raw Avg:   0.7724
  TOTAL REWARD              | Scaled Avg:   0.0087
------------------------------

------------------------------
Step: 55000 - Reward Breakdown:
  action_rate               | Scaled Avg:  -0.0160 | Raw Avg:   1.6034
  action_smoothness         | Scaled Avg:  -0.0005 | Raw Avg:   0.2556
  ang_vel_xy                | Scaled Avg:  -0.0026 | Raw Avg:   1.3090
  collision                 | Scaled Avg:  -0.0001 | Raw Avg:   0.0061
  dof_acc                   | Scaled Avg:  -0.0007 | Raw Avg: 147325.6094
  dof_error                 | Scaled Avg:  -0.0008 | Raw Avg:   0.3969
  dof_vel                   | Scaled Avg:  -0.0081 | Raw Avg:  80.6800
  feet_contact_forces       | Scaled Avg:  -0.0000 | Raw Avg:   7.6990
  foot_clearance            | Scaled Avg:  -0.0001 | Raw Avg:   0.0092
  foot_mirror               | Scaled Avg:  -0.0001 | Raw Avg:   0.1063
  foot_slide                | Scaled Avg:  -0.0017 | Raw Avg:   1.7252
  has_contact               | Scaled Avg:   0.0003 | Raw Avg:   0.0163
  hip_pos                   | Scaled Avg:  -0.0032 | Raw Avg:   0.0323
  lin_vel_z                 | Scaled Avg:  -0.0019 | Raw Avg:   0.0233
  orientation               | Scaled Avg:  -0.0000 | Raw Avg:   0.0122
  powers                    | Scaled Avg:  -0.0001 | Raw Avg: 132.4335
  stand_still               | Scaled Avg:  -0.0002 | Raw Avg:   0.0021
  torques                   | Scaled Avg:  -0.0002 | Raw Avg: 960.7758
  tracking_ang_vel          | Scaled Avg:   0.0155 | Raw Avg:   0.7764
  tracking_lin_vel          | Scaled Avg:   0.0312 | Raw Avg:   0.7810
  TOTAL REWARD              | Scaled Avg:   0.0107
------------------------------
################################################################################
                    [1m Learning iteration 7300/10000 [0m                     

                       Computation: 84151 steps/s (collection: 1.265s, learning 0.473s)
                     surrogate_loss -0.0057
                         value_loss 0.0476
                            entropy 2.3095
                     estimator_loss 0.0000
                         total_loss 0.0650
             Mean action noise std: 0.20
                       Mean reward: 5.24
               Mean episode length: 576.27
      Mean episode rew_action_rate: -0.4373
Mean episode rew_frame_action_rate: -0.0199
Mean episode rew_action_smoothness: -0.0138
Mean episode rew_frame_action_smoothness: -0.0006
       Mean episode rew_ang_vel_xy: -0.0728
 Mean episode rew_frame_ang_vel_xy: -0.0092
      Mean episode rew_base_height: -0.0003
Mean episode rew_frame_base_height: -0.0001
        Mean episode rew_collision: -0.0041
  Mean episode rew_frame_collision: -0.0015
          Mean episode rew_dof_acc: -0.0220
    Mean episode rew_frame_dof_acc: -0.0015
        Mean episode rew_dof_error: -0.0208
  Mean episode rew_frame_dof_error: -0.0025
          Mean episode rew_dof_vel: -0.2264
    Mean episode rew_frame_dof_vel: -0.0148
    Mean episode rew_feet_air_time: 0.0002
Mean episode rew_frame_feet_air_time: 0.0000
Mean episode rew_feet_contact_forces: -0.0006
Mean episode rew_frame_feet_contact_forces: -0.0000
   Mean episode rew_foot_clearance: -0.0025
Mean episode rew_frame_foot_clearance: -0.0002
      Mean episode rew_foot_mirror: -0.0028
Mean episode rew_frame_foot_mirror: -0.0004
       Mean episode rew_foot_slide: -0.0476
 Mean episode rew_frame_foot_slide: -0.0017
      Mean episode rew_has_contact: 0.0047
Mean episode rew_frame_has_contact: 0.0003
          Mean episode rew_hip_pos: -0.0881
    Mean episode rew_frame_hip_pos: -0.0135
        Mean episode rew_lin_vel_z: -0.0532
  Mean episode rew_frame_lin_vel_z: -0.0126
      Mean episode rew_orientation: -0.0015
Mean episode rew_frame_orientation: -0.0005
           Mean episode rew_powers: -0.0015
     Mean episode rew_frame_powers: -0.0001
      Mean episode rew_stand_still: 0.0000
Mean episode rew_frame_stand_still: 0.0000
          Mean episode rew_stumble: -0.0000
    Mean episode rew_frame_stumble: -0.0000
          Mean episode rew_torques: -0.0053
    Mean episode rew_frame_torques: -0.0003
 Mean episode rew_tracking_ang_vel: 0.4110
Mean episode rew_frame_tracking_ang_vel: 0.0111
 Mean episode rew_tracking_lin_vel: 0.8327
Mean episode rew_frame_tracking_lin_vel: 0.0202
Mean episode max_power_throughout_episode: 3803.3562
            Mean episode max_pos_x: 4.6355
            Mean episode min_pos_x: -3.3894
            Mean episode max_pos_y: 4.5500
            Mean episode min_pos_y: -4.5832
        Mean episode timeout_ratio: 0.4847
       Mean episode num_terminated: 11.2500
--------------------------------------------------------------------------------
                   Total timesteps: 3511296
                    Iteration time: 1.74s
                        Total time: 4035.15s
                               ETA: 4734.9s


------------------------------
Step: 55500 - Reward Breakdown:
  action_rate               | Scaled Avg:  -0.0163 | Raw Avg:   1.6259
  action_smoothness         | Scaled Avg:  -0.0005 | Raw Avg:   0.2601
  ang_vel_xy                | Scaled Avg:  -0.0027 | Raw Avg:   1.3449
  base_height               | Scaled Avg:  -0.0000 | Raw Avg:   0.0005
  collision                 | Scaled Avg:  -0.0001 | Raw Avg:   0.0061
  dof_acc                   | Scaled Avg:  -0.0009 | Raw Avg: 174762.8906
  dof_error                 | Scaled Avg:  -0.0008 | Raw Avg:   0.4091
  dof_vel                   | Scaled Avg:  -0.0084 | Raw Avg:  84.3129
  feet_contact_forces       | Scaled Avg:  -0.0000 | Raw Avg:   7.6000
  foot_clearance            | Scaled Avg:  -0.0001 | Raw Avg:   0.0094
  foot_mirror               | Scaled Avg:  -0.0001 | Raw Avg:   0.1175
  foot_slide                | Scaled Avg:  -0.0017 | Raw Avg:   1.7316
  has_contact               | Scaled Avg:   0.0003 | Raw Avg:   0.0175
  hip_pos                   | Scaled Avg:  -0.0033 | Raw Avg:   0.0329
  lin_vel_z                 | Scaled Avg:  -0.0020 | Raw Avg:   0.0249
  orientation               | Scaled Avg:  -0.0001 | Raw Avg:   0.0136
  powers                    | Scaled Avg:  -0.0001 | Raw Avg: 134.0164
  stand_still               | Scaled Avg:  -0.0004 | Raw Avg:   0.0036
  torques                   | Scaled Avg:  -0.0002 | Raw Avg: 930.5154
  tracking_ang_vel          | Scaled Avg:   0.0155 | Raw Avg:   0.7740
  tracking_lin_vel          | Scaled Avg:   0.0314 | Raw Avg:   0.7856
  TOTAL REWARD              | Scaled Avg:   0.0096
------------------------------

------------------------------
Step: 56000 - Reward Breakdown:
  action_rate               | Scaled Avg:  -0.0163 | Raw Avg:   1.6285
  action_smoothness         | Scaled Avg:  -0.0005 | Raw Avg:   0.2578
  ang_vel_xy                | Scaled Avg:  -0.0026 | Raw Avg:   1.3105
  collision                 | Scaled Avg:  -0.0001 | Raw Avg:   0.0067
  dof_acc                   | Scaled Avg:  -0.0008 | Raw Avg: 151039.1562
  dof_error                 | Scaled Avg:  -0.0008 | Raw Avg:   0.3909
  dof_vel                   | Scaled Avg:  -0.0082 | Raw Avg:  82.1282
  feet_contact_forces       | Scaled Avg:  -0.0000 | Raw Avg:   7.9710
  foot_clearance            | Scaled Avg:  -0.0001 | Raw Avg:   0.0089
  foot_mirror               | Scaled Avg:  -0.0001 | Raw Avg:   0.1149
  foot_slide                | Scaled Avg:  -0.0017 | Raw Avg:   1.7212
  has_contact               | Scaled Avg:   0.0004 | Raw Avg:   0.0179
  hip_pos                   | Scaled Avg:  -0.0031 | Raw Avg:   0.0314
  lin_vel_z                 | Scaled Avg:  -0.0020 | Raw Avg:   0.0244
  orientation               | Scaled Avg:  -0.0001 | Raw Avg:   0.0136
  powers                    | Scaled Avg:  -0.0001 | Raw Avg: 132.7128
  stand_still               | Scaled Avg:  -0.0003 | Raw Avg:   0.0031
  torques                   | Scaled Avg:  -0.0002 | Raw Avg: 961.9475
  tracking_ang_vel          | Scaled Avg:   0.0154 | Raw Avg:   0.7705
  tracking_lin_vel          | Scaled Avg:   0.0312 | Raw Avg:   0.7800
  TOTAL REWARD              | Scaled Avg:   0.0100
------------------------------

------------------------------
Step: 56500 - Reward Breakdown:
  action_rate               | Scaled Avg:  -0.0163 | Raw Avg:   1.6315
  action_smoothness         | Scaled Avg:  -0.0005 | Raw Avg:   0.2561
  ang_vel_xy                | Scaled Avg:  -0.0028 | Raw Avg:   1.3988
  base_height               | Scaled Avg:  -0.0000 | Raw Avg:   0.0005
  collision                 | Scaled Avg:  -0.0002 | Raw Avg:   0.0095
  dof_acc                   | Scaled Avg:  -0.0008 | Raw Avg: 156143.6094
  dof_error                 | Scaled Avg:  -0.0008 | Raw Avg:   0.4089
  dof_vel                   | Scaled Avg:  -0.0082 | Raw Avg:  81.7347
  feet_air_time             | Scaled Avg:   0.0000 | Raw Avg:   0.0003
  feet_contact_forces       | Scaled Avg:  -0.0000 | Raw Avg:   7.4905
  foot_clearance            | Scaled Avg:  -0.0001 | Raw Avg:   0.0091
  foot_mirror               | Scaled Avg:  -0.0001 | Raw Avg:   0.1170
  foot_slide                | Scaled Avg:  -0.0017 | Raw Avg:   1.7154
  has_contact               | Scaled Avg:   0.0003 | Raw Avg:   0.0165
  hip_pos                   | Scaled Avg:  -0.0032 | Raw Avg:   0.0324
  lin_vel_z                 | Scaled Avg:  -0.0022 | Raw Avg:   0.0279
  orientation               | Scaled Avg:  -0.0001 | Raw Avg:   0.0150
  powers                    | Scaled Avg:  -0.0001 | Raw Avg: 131.4736
  stand_still               | Scaled Avg:  -0.0003 | Raw Avg:   0.0034
  torques                   | Scaled Avg:  -0.0002 | Raw Avg: 949.3502
  tracking_ang_vel          | Scaled Avg:   0.0154 | Raw Avg:   0.7725
  tracking_lin_vel          | Scaled Avg:   0.0307 | Raw Avg:   0.7684
  TOTAL REWARD              | Scaled Avg:   0.0089
------------------------------

------------------------------
Step: 57000 - Reward Breakdown:
  action_rate               | Scaled Avg:  -0.0163 | Raw Avg:   1.6258
  action_smoothness         | Scaled Avg:  -0.0005 | Raw Avg:   0.2571
  ang_vel_xy                | Scaled Avg:  -0.0028 | Raw Avg:   1.3949
  base_height               | Scaled Avg:  -0.0000 | Raw Avg:   0.0005
  collision                 | Scaled Avg:  -0.0001 | Raw Avg:   0.0064
  dof_acc                   | Scaled Avg:  -0.0008 | Raw Avg: 163981.0938
  dof_error                 | Scaled Avg:  -0.0008 | Raw Avg:   0.3898
  dof_vel                   | Scaled Avg:  -0.0084 | Raw Avg:  83.5884
  feet_contact_forces       | Scaled Avg:  -0.0000 | Raw Avg:   8.0130
  foot_clearance            | Scaled Avg:  -0.0001 | Raw Avg:   0.0088
  foot_mirror               | Scaled Avg:  -0.0001 | Raw Avg:   0.1100
  foot_slide                | Scaled Avg:  -0.0017 | Raw Avg:   1.7092
  has_contact               | Scaled Avg:   0.0004 | Raw Avg:   0.0182
  hip_pos                   | Scaled Avg:  -0.0031 | Raw Avg:   0.0314
  lin_vel_z                 | Scaled Avg:  -0.0024 | Raw Avg:   0.0298
  orientation               | Scaled Avg:  -0.0001 | Raw Avg:   0.0138
  powers                    | Scaled Avg:  -0.0001 | Raw Avg: 133.1362
  stand_still               | Scaled Avg:  -0.0004 | Raw Avg:   0.0042
  torques                   | Scaled Avg:  -0.0002 | Raw Avg: 966.6746
  tracking_ang_vel          | Scaled Avg:   0.0154 | Raw Avg:   0.7683
  tracking_lin_vel          | Scaled Avg:   0.0314 | Raw Avg:   0.7845
  TOTAL REWARD              | Scaled Avg:   0.0093
------------------------------

------------------------------
Step: 57500 - Reward Breakdown:
  action_rate               | Scaled Avg:  -0.0162 | Raw Avg:   1.6204
  action_smoothness         | Scaled Avg:  -0.0005 | Raw Avg:   0.2538
  ang_vel_xy                | Scaled Avg:  -0.0027 | Raw Avg:   1.3708
  base_height               | Scaled Avg:  -0.0000 | Raw Avg:   0.0005
  collision                 | Scaled Avg:  -0.0001 | Raw Avg:   0.0059
  dof_acc                   | Scaled Avg:  -0.0007 | Raw Avg: 140457.8281
  dof_error                 | Scaled Avg:  -0.0008 | Raw Avg:   0.4076
  dof_vel                   | Scaled Avg:  -0.0081 | Raw Avg:  80.6726
  feet_air_time             | Scaled Avg:   0.0000 | Raw Avg:   0.0004
  feet_contact_forces       | Scaled Avg:  -0.0000 | Raw Avg:   7.5625
  foot_clearance            | Scaled Avg:  -0.0001 | Raw Avg:   0.0083
  foot_mirror               | Scaled Avg:  -0.0001 | Raw Avg:   0.1225
  foot_slide                | Scaled Avg:  -0.0017 | Raw Avg:   1.7002
  has_contact               | Scaled Avg:   0.0004 | Raw Avg:   0.0182
  hip_pos                   | Scaled Avg:  -0.0032 | Raw Avg:   0.0323
  lin_vel_z                 | Scaled Avg:  -0.0020 | Raw Avg:   0.0252
  orientation               | Scaled Avg:  -0.0001 | Raw Avg:   0.0136
  powers                    | Scaled Avg:  -0.0001 | Raw Avg: 131.3918
  stand_still               | Scaled Avg:  -0.0004 | Raw Avg:   0.0041
  torques                   | Scaled Avg:  -0.0002 | Raw Avg: 964.1199
  tracking_ang_vel          | Scaled Avg:   0.0154 | Raw Avg:   0.7687
  tracking_lin_vel          | Scaled Avg:   0.0309 | Raw Avg:   0.7718
  TOTAL REWARD              | Scaled Avg:   0.0096
------------------------------
################################################################################
                    [1m Learning iteration 7400/10000 [0m                     

                       Computation: 81015 steps/s (collection: 1.335s, learning 0.470s)
                     surrogate_loss -0.0042
                         value_loss 0.0651
                            entropy 2.2928
                     estimator_loss 0.0000
                         total_loss 0.0838
             Mean action noise std: 0.20
                       Mean reward: 4.04
               Mean episode length: 499.15
      Mean episode rew_action_rate: -0.4345
Mean episode rew_frame_action_rate: -0.0201
Mean episode rew_action_smoothness: -0.0137
Mean episode rew_frame_action_smoothness: -0.0006
       Mean episode rew_ang_vel_xy: -0.0711
 Mean episode rew_frame_ang_vel_xy: -0.0087
      Mean episode rew_base_height: -0.0003
Mean episode rew_frame_base_height: -0.0001
        Mean episode rew_collision: -0.0034
  Mean episode rew_frame_collision: -0.0011
          Mean episode rew_dof_acc: -0.0216
    Mean episode rew_frame_dof_acc: -0.0018
        Mean episode rew_dof_error: -0.0217
  Mean episode rew_frame_dof_error: -0.0025
          Mean episode rew_dof_vel: -0.2241
    Mean episode rew_frame_dof_vel: -0.0154
    Mean episode rew_feet_air_time: 0.0002
Mean episode rew_frame_feet_air_time: 0.0000
Mean episode rew_feet_contact_forces: -0.0006
Mean episode rew_frame_feet_contact_forces: -0.0000
   Mean episode rew_foot_clearance: -0.0024
Mean episode rew_frame_foot_clearance: -0.0002
      Mean episode rew_foot_mirror: -0.0031
Mean episode rew_frame_foot_mirror: -0.0004
       Mean episode rew_foot_slide: -0.0465
 Mean episode rew_frame_foot_slide: -0.0016
      Mean episode rew_has_contact: 0.0070
Mean episode rew_frame_has_contact: 0.0003
          Mean episode rew_hip_pos: -0.0867
    Mean episode rew_frame_hip_pos: -0.0123
        Mean episode rew_lin_vel_z: -0.0514
  Mean episode rew_frame_lin_vel_z: -0.0128
      Mean episode rew_orientation: -0.0014
Mean episode rew_frame_orientation: -0.0004
           Mean episode rew_powers: -0.0014
     Mean episode rew_frame_powers: -0.0001
      Mean episode rew_stand_still: -0.0113
Mean episode rew_frame_stand_still: -0.0020
          Mean episode rew_stumble: -0.0000
    Mean episode rew_frame_stumble: -0.0000
          Mean episode rew_torques: -0.0052
    Mean episode rew_frame_torques: -0.0003
 Mean episode rew_tracking_ang_vel: 0.4149
Mean episode rew_frame_tracking_ang_vel: 0.0111
 Mean episode rew_tracking_lin_vel: 0.8449
Mean episode rew_frame_tracking_lin_vel: 0.0206
Mean episode max_power_throughout_episode: 3831.1345
            Mean episode max_pos_x: 4.1721
            Mean episode min_pos_x: -2.7710
            Mean episode max_pos_y: 3.6839
            Mean episode min_pos_y: -3.1562
        Mean episode timeout_ratio: 0.4798
       Mean episode num_terminated: 11.4167
--------------------------------------------------------------------------------
                   Total timesteps: 3657600
                    Iteration time: 1.81s
                        Total time: 4210.13s
                               ETA: 4559.1s


------------------------------
Step: 58000 - Reward Breakdown:
  action_rate               | Scaled Avg:  -0.0160 | Raw Avg:   1.5985
  action_smoothness         | Scaled Avg:  -0.0005 | Raw Avg:   0.2555
  ang_vel_xy                | Scaled Avg:  -0.0027 | Raw Avg:   1.3258
  base_height               | Scaled Avg:  -0.0000 | Raw Avg:   0.0005
  collision                 | Scaled Avg:  -0.0001 | Raw Avg:   0.0052
  dof_acc                   | Scaled Avg:  -0.0007 | Raw Avg: 147408.3281
  dof_error                 | Scaled Avg:  -0.0008 | Raw Avg:   0.4065
  dof_vel                   | Scaled Avg:  -0.0081 | Raw Avg:  81.2654
  feet_contact_forces       | Scaled Avg:  -0.0000 | Raw Avg:   7.7679
  foot_clearance            | Scaled Avg:  -0.0001 | Raw Avg:   0.0087
  foot_mirror               | Scaled Avg:  -0.0001 | Raw Avg:   0.1243
  foot_slide                | Scaled Avg:  -0.0017 | Raw Avg:   1.7020
  has_contact               | Scaled Avg:   0.0003 | Raw Avg:   0.0169
  hip_pos                   | Scaled Avg:  -0.0033 | Raw Avg:   0.0327
  lin_vel_z                 | Scaled Avg:  -0.0021 | Raw Avg:   0.0257
  orientation               | Scaled Avg:  -0.0001 | Raw Avg:   0.0136
  powers                    | Scaled Avg:  -0.0001 | Raw Avg: 131.0034
  stand_still               | Scaled Avg:  -0.0003 | Raw Avg:   0.0035
  torques                   | Scaled Avg:  -0.0002 | Raw Avg: 938.0041
  tracking_ang_vel          | Scaled Avg:   0.0155 | Raw Avg:   0.7740
  tracking_lin_vel          | Scaled Avg:   0.0310 | Raw Avg:   0.7748
  TOTAL REWARD              | Scaled Avg:   0.0100
------------------------------

------------------------------
Step: 58500 - Reward Breakdown:
  action_rate               | Scaled Avg:  -0.0160 | Raw Avg:   1.6021
  action_smoothness         | Scaled Avg:  -0.0005 | Raw Avg:   0.2546
  ang_vel_xy                | Scaled Avg:  -0.0027 | Raw Avg:   1.3642
  collision                 | Scaled Avg:  -0.0001 | Raw Avg:   0.0056
  dof_acc                   | Scaled Avg:  -0.0008 | Raw Avg: 162077.0312
  dof_error                 | Scaled Avg:  -0.0008 | Raw Avg:   0.4153
  dof_vel                   | Scaled Avg:  -0.0081 | Raw Avg:  80.8971
  feet_contact_forces       | Scaled Avg:  -0.0000 | Raw Avg:   8.2892
  foot_clearance            | Scaled Avg:  -0.0001 | Raw Avg:   0.0092
  foot_mirror               | Scaled Avg:  -0.0001 | Raw Avg:   0.1196
  foot_slide                | Scaled Avg:  -0.0017 | Raw Avg:   1.6638
  has_contact               | Scaled Avg:   0.0003 | Raw Avg:   0.0157
  hip_pos                   | Scaled Avg:  -0.0034 | Raw Avg:   0.0343
  lin_vel_z                 | Scaled Avg:  -0.0021 | Raw Avg:   0.0260
  orientation               | Scaled Avg:  -0.0001 | Raw Avg:   0.0138
  powers                    | Scaled Avg:  -0.0001 | Raw Avg: 129.2549
  stand_still               | Scaled Avg:  -0.0004 | Raw Avg:   0.0039
  torques                   | Scaled Avg:  -0.0002 | Raw Avg: 904.5922
  tracking_ang_vel          | Scaled Avg:   0.0155 | Raw Avg:   0.7768
  tracking_lin_vel          | Scaled Avg:   0.0311 | Raw Avg:   0.7764
  TOTAL REWARD              | Scaled Avg:   0.0097
------------------------------

------------------------------
Step: 59000 - Reward Breakdown:
  action_rate               | Scaled Avg:  -0.0158 | Raw Avg:   1.5808
  action_smoothness         | Scaled Avg:  -0.0005 | Raw Avg:   0.2542
  ang_vel_xy                | Scaled Avg:  -0.0026 | Raw Avg:   1.2938
  base_height               | Scaled Avg:  -0.0000 | Raw Avg:   0.0005
  collision                 | Scaled Avg:  -0.0001 | Raw Avg:   0.0072
  dof_acc                   | Scaled Avg:  -0.0007 | Raw Avg: 145188.1562
  dof_error                 | Scaled Avg:  -0.0008 | Raw Avg:   0.4107
  dof_vel                   | Scaled Avg:  -0.0080 | Raw Avg:  80.2872
  feet_contact_forces       | Scaled Avg:  -0.0000 | Raw Avg:   7.6475
  foot_clearance            | Scaled Avg:  -0.0001 | Raw Avg:   0.0089
  foot_mirror               | Scaled Avg:  -0.0001 | Raw Avg:   0.1195
  foot_slide                | Scaled Avg:  -0.0017 | Raw Avg:   1.7288
  has_contact               | Scaled Avg:   0.0004 | Raw Avg:   0.0180
  hip_pos                   | Scaled Avg:  -0.0033 | Raw Avg:   0.0329
  lin_vel_z                 | Scaled Avg:  -0.0019 | Raw Avg:   0.0237
  orientation               | Scaled Avg:  -0.0001 | Raw Avg:   0.0138
  powers                    | Scaled Avg:  -0.0001 | Raw Avg: 128.1709
  stand_still               | Scaled Avg:  -0.0003 | Raw Avg:   0.0029
  torques                   | Scaled Avg:  -0.0002 | Raw Avg: 911.8400
  tracking_ang_vel          | Scaled Avg:   0.0155 | Raw Avg:   0.7737
  tracking_lin_vel          | Scaled Avg:   0.0310 | Raw Avg:   0.7748
  TOTAL REWARD              | Scaled Avg:   0.0105
------------------------------

------------------------------
Step: 59500 - Reward Breakdown:
  action_rate               | Scaled Avg:  -0.0160 | Raw Avg:   1.6023
  action_smoothness         | Scaled Avg:  -0.0005 | Raw Avg:   0.2554
  ang_vel_xy                | Scaled Avg:  -0.0028 | Raw Avg:   1.4204
  collision                 | Scaled Avg:  -0.0001 | Raw Avg:   0.0069
  dof_acc                   | Scaled Avg:  -0.0008 | Raw Avg: 151415.2656
  dof_error                 | Scaled Avg:  -0.0008 | Raw Avg:   0.4042
  dof_vel                   | Scaled Avg:  -0.0083 | Raw Avg:  82.7582
  feet_contact_forces       | Scaled Avg:  -0.0000 | Raw Avg:   7.4816
  foot_clearance            | Scaled Avg:  -0.0001 | Raw Avg:   0.0089
  foot_mirror               | Scaled Avg:  -0.0001 | Raw Avg:   0.1169
  foot_slide                | Scaled Avg:  -0.0017 | Raw Avg:   1.7195
  has_contact               | Scaled Avg:   0.0004 | Raw Avg:   0.0182
  hip_pos                   | Scaled Avg:  -0.0033 | Raw Avg:   0.0329
  lin_vel_z                 | Scaled Avg:  -0.0018 | Raw Avg:   0.0231
  orientation               | Scaled Avg:  -0.0001 | Raw Avg:   0.0144
  powers                    | Scaled Avg:  -0.0001 | Raw Avg: 132.3368
  stand_still               | Scaled Avg:  -0.0004 | Raw Avg:   0.0039
  torques                   | Scaled Avg:  -0.0002 | Raw Avg: 940.3958
  tracking_ang_vel          | Scaled Avg:   0.0153 | Raw Avg:   0.7666
  tracking_lin_vel          | Scaled Avg:   0.0312 | Raw Avg:   0.7799
  TOTAL REWARD              | Scaled Avg:   0.0098
------------------------------

------------------------------
Step: 60000 - Reward Breakdown:
  action_rate               | Scaled Avg:  -0.0160 | Raw Avg:   1.6045
  action_smoothness         | Scaled Avg:  -0.0005 | Raw Avg:   0.2541
  ang_vel_xy                | Scaled Avg:  -0.0027 | Raw Avg:   1.3449
  base_height               | Scaled Avg:  -0.0000 | Raw Avg:   0.0005
  collision                 | Scaled Avg:  -0.0001 | Raw Avg:   0.0056
  dof_acc                   | Scaled Avg:  -0.0007 | Raw Avg: 141323.1719
  dof_error                 | Scaled Avg:  -0.0008 | Raw Avg:   0.4184
  dof_vel                   | Scaled Avg:  -0.0082 | Raw Avg:  82.4746
  feet_contact_forces       | Scaled Avg:  -0.0000 | Raw Avg:   7.4017
  foot_clearance            | Scaled Avg:  -0.0001 | Raw Avg:   0.0084
  foot_mirror               | Scaled Avg:  -0.0001 | Raw Avg:   0.1246
  foot_slide                | Scaled Avg:  -0.0017 | Raw Avg:   1.7486
  has_contact               | Scaled Avg:   0.0004 | Raw Avg:   0.0182
  hip_pos                   | Scaled Avg:  -0.0033 | Raw Avg:   0.0329
  lin_vel_z                 | Scaled Avg:  -0.0019 | Raw Avg:   0.0238
  orientation               | Scaled Avg:  -0.0001 | Raw Avg:   0.0139
  powers                    | Scaled Avg:  -0.0001 | Raw Avg: 132.7611
  stand_still               | Scaled Avg:  -0.0004 | Raw Avg:   0.0042
  torques                   | Scaled Avg:  -0.0002 | Raw Avg: 937.0098
  tracking_ang_vel          | Scaled Avg:   0.0154 | Raw Avg:   0.7716
  tracking_lin_vel          | Scaled Avg:   0.0311 | Raw Avg:   0.7778
  TOTAL REWARD              | Scaled Avg:   0.0099
------------------------------
################################################################################
                    [1m Learning iteration 7500/10000 [0m                     

                       Computation: 83022 steps/s (collection: 1.291s, learning 0.472s)
                     surrogate_loss -0.0042
                         value_loss 0.0652
                            entropy 2.2846
                     estimator_loss 0.0000
                         total_loss 0.0839
             Mean action noise std: 0.20
                       Mean reward: 4.30
               Mean episode length: 481.60
      Mean episode rew_action_rate: -0.3384
Mean episode rew_frame_action_rate: -0.0212
Mean episode rew_action_smoothness: -0.0108
Mean episode rew_frame_action_smoothness: -0.0006
       Mean episode rew_ang_vel_xy: -0.0611
 Mean episode rew_frame_ang_vel_xy: -0.0107
      Mean episode rew_base_height: -0.0002
Mean episode rew_frame_base_height: -0.0001
        Mean episode rew_collision: -0.0033
  Mean episode rew_frame_collision: -0.0015
          Mean episode rew_dof_acc: -0.0161
    Mean episode rew_frame_dof_acc: -0.0014
        Mean episode rew_dof_error: -0.0184
  Mean episode rew_frame_dof_error: -0.0031
          Mean episode rew_dof_vel: -0.1793
    Mean episode rew_frame_dof_vel: -0.0164
    Mean episode rew_feet_air_time: 0.0002
Mean episode rew_frame_feet_air_time: 0.0000
Mean episode rew_feet_contact_forces: -0.0005
Mean episode rew_frame_feet_contact_forces: -0.0000
   Mean episode rew_foot_clearance: -0.0019
Mean episode rew_frame_foot_clearance: -0.0002
      Mean episode rew_foot_mirror: -0.0027
Mean episode rew_frame_foot_mirror: -0.0004
       Mean episode rew_foot_slide: -0.0363
 Mean episode rew_frame_foot_slide: -0.0016
      Mean episode rew_has_contact: 0.0077
Mean episode rew_frame_has_contact: 0.0002
          Mean episode rew_hip_pos: -0.0736
    Mean episode rew_frame_hip_pos: -0.0141
        Mean episode rew_lin_vel_z: -0.0455
  Mean episode rew_frame_lin_vel_z: -0.0153
      Mean episode rew_orientation: -0.0014
Mean episode rew_frame_orientation: -0.0006
           Mean episode rew_powers: -0.0011
     Mean episode rew_frame_powers: -0.0001
      Mean episode rew_stand_still: -0.0119
Mean episode rew_frame_stand_still: -0.0020
          Mean episode rew_stumble: -0.0000
    Mean episode rew_frame_stumble: -0.0000
          Mean episode rew_torques: -0.0040
    Mean episode rew_frame_torques: -0.0003
 Mean episode rew_tracking_ang_vel: 0.3179
Mean episode rew_frame_tracking_ang_vel: 0.0099
 Mean episode rew_tracking_lin_vel: 0.6412
Mean episode rew_frame_tracking_lin_vel: 0.0175
Mean episode max_power_throughout_episode: 3768.3311
            Mean episode max_pos_x: 4.3901
            Mean episode min_pos_x: -2.8842
            Mean episode max_pos_y: 4.2344
            Mean episode min_pos_y: -2.7456
        Mean episode timeout_ratio: 0.3680
       Mean episode num_terminated: 10.9583
--------------------------------------------------------------------------------
                   Total timesteps: 3803904
                    Iteration time: 1.76s
                        Total time: 4385.68s
                               ETA: 4383.9s


------------------------------
Step: 60500 - Reward Breakdown:
  action_rate               | Scaled Avg:  -0.0160 | Raw Avg:   1.6017
  action_smoothness         | Scaled Avg:  -0.0005 | Raw Avg:   0.2567
  ang_vel_xy                | Scaled Avg:  -0.0029 | Raw Avg:   1.4721
  collision                 | Scaled Avg:  -0.0001 | Raw Avg:   0.0059
  dof_acc                   | Scaled Avg:  -0.0007 | Raw Avg: 149453.4375
  dof_error                 | Scaled Avg:  -0.0009 | Raw Avg:   0.4277
  dof_vel                   | Scaled Avg:  -0.0083 | Raw Avg:  83.1644
  feet_contact_forces       | Scaled Avg:  -0.0000 | Raw Avg:   7.2341
  foot_clearance            | Scaled Avg:  -0.0001 | Raw Avg:   0.0090
  foot_mirror               | Scaled Avg:  -0.0001 | Raw Avg:   0.1245
  foot_slide                | Scaled Avg:  -0.0017 | Raw Avg:   1.7291
  has_contact               | Scaled Avg:   0.0004 | Raw Avg:   0.0198
  hip_pos                   | Scaled Avg:  -0.0034 | Raw Avg:   0.0341
  lin_vel_z                 | Scaled Avg:  -0.0022 | Raw Avg:   0.0273
  orientation               | Scaled Avg:  -0.0001 | Raw Avg:   0.0151
  powers                    | Scaled Avg:  -0.0001 | Raw Avg: 138.5208
  stand_still               | Scaled Avg:  -0.0005 | Raw Avg:   0.0054
  torques                   | Scaled Avg:  -0.0002 | Raw Avg: 1028.7170
  tracking_ang_vel          | Scaled Avg:   0.0152 | Raw Avg:   0.7605
  tracking_lin_vel          | Scaled Avg:   0.0311 | Raw Avg:   0.7765
  TOTAL REWARD              | Scaled Avg:   0.0087
------------------------------

------------------------------
Step: 61000 - Reward Breakdown:
  action_rate               | Scaled Avg:  -0.0160 | Raw Avg:   1.5954
  action_smoothness         | Scaled Avg:  -0.0005 | Raw Avg:   0.2533
  ang_vel_xy                | Scaled Avg:  -0.0027 | Raw Avg:   1.3393
  collision                 | Scaled Avg:  -0.0002 | Raw Avg:   0.0075
  dof_acc                   | Scaled Avg:  -0.0008 | Raw Avg: 156071.1562
  dof_error                 | Scaled Avg:  -0.0008 | Raw Avg:   0.4095
  dof_vel                   | Scaled Avg:  -0.0083 | Raw Avg:  82.6750
  feet_contact_forces       | Scaled Avg:  -0.0000 | Raw Avg:   7.3717
  foot_clearance            | Scaled Avg:  -0.0001 | Raw Avg:   0.0086
  foot_mirror               | Scaled Avg:  -0.0001 | Raw Avg:   0.1225
  foot_slide                | Scaled Avg:  -0.0017 | Raw Avg:   1.7445
  has_contact               | Scaled Avg:   0.0003 | Raw Avg:   0.0169
  hip_pos                   | Scaled Avg:  -0.0032 | Raw Avg:   0.0316
  lin_vel_z                 | Scaled Avg:  -0.0019 | Raw Avg:   0.0236
  orientation               | Scaled Avg:  -0.0001 | Raw Avg:   0.0145
  powers                    | Scaled Avg:  -0.0001 | Raw Avg: 133.1123
  stand_still               | Scaled Avg:  -0.0004 | Raw Avg:   0.0037
  torques                   | Scaled Avg:  -0.0002 | Raw Avg: 950.3106
  tracking_ang_vel          | Scaled Avg:   0.0154 | Raw Avg:   0.7700
  tracking_lin_vel          | Scaled Avg:   0.0309 | Raw Avg:   0.7722
  TOTAL REWARD              | Scaled Avg:   0.0098
------------------------------

------------------------------
Step: 61500 - Reward Breakdown:
  action_rate               | Scaled Avg:  -0.0161 | Raw Avg:   1.6127
  action_smoothness         | Scaled Avg:  -0.0005 | Raw Avg:   0.2546
  ang_vel_xy                | Scaled Avg:  -0.0026 | Raw Avg:   1.3141
  collision                 | Scaled Avg:  -0.0001 | Raw Avg:   0.0061
  dof_acc                   | Scaled Avg:  -0.0009 | Raw Avg: 178335.8750
  dof_error                 | Scaled Avg:  -0.0008 | Raw Avg:   0.4144
  dof_vel                   | Scaled Avg:  -0.0082 | Raw Avg:  82.4943
  feet_air_time             | Scaled Avg:   0.0000 | Raw Avg:   0.0003
  feet_contact_forces       | Scaled Avg:  -0.0000 | Raw Avg:   7.7461
  foot_clearance            | Scaled Avg:  -0.0001 | Raw Avg:   0.0094
  foot_mirror               | Scaled Avg:  -0.0001 | Raw Avg:   0.1226
  foot_slide                | Scaled Avg:  -0.0017 | Raw Avg:   1.6936
  has_contact               | Scaled Avg:   0.0004 | Raw Avg:   0.0192
  hip_pos                   | Scaled Avg:  -0.0032 | Raw Avg:   0.0317
  lin_vel_z                 | Scaled Avg:  -0.0021 | Raw Avg:   0.0256
  orientation               | Scaled Avg:  -0.0001 | Raw Avg:   0.0142
  powers                    | Scaled Avg:  -0.0001 | Raw Avg: 130.4205
  stand_still               | Scaled Avg:  -0.0006 | Raw Avg:   0.0056
  torques                   | Scaled Avg:  -0.0002 | Raw Avg: 904.9383
  tracking_ang_vel          | Scaled Avg:   0.0154 | Raw Avg:   0.7713
  tracking_lin_vel          | Scaled Avg:   0.0311 | Raw Avg:   0.7776
  TOTAL REWARD              | Scaled Avg:   0.0096
------------------------------

------------------------------
Step: 62000 - Reward Breakdown:
  action_rate               | Scaled Avg:  -0.0160 | Raw Avg:   1.6006
  action_smoothness         | Scaled Avg:  -0.0005 | Raw Avg:   0.2534
  ang_vel_xy                | Scaled Avg:  -0.0026 | Raw Avg:   1.2820
  collision                 | Scaled Avg:  -0.0001 | Raw Avg:   0.0049
  dof_acc                   | Scaled Avg:  -0.0007 | Raw Avg: 149038.9219
  dof_error                 | Scaled Avg:  -0.0008 | Raw Avg:   0.3891
  dof_vel                   | Scaled Avg:  -0.0082 | Raw Avg:  82.4251
  feet_contact_forces       | Scaled Avg:  -0.0000 | Raw Avg:   7.4818
  foot_clearance            | Scaled Avg:  -0.0001 | Raw Avg:   0.0086
  foot_mirror               | Scaled Avg:  -0.0001 | Raw Avg:   0.1156
  foot_slide                | Scaled Avg:  -0.0017 | Raw Avg:   1.7208
  has_contact               | Scaled Avg:   0.0004 | Raw Avg:   0.0176
  hip_pos                   | Scaled Avg:  -0.0032 | Raw Avg:   0.0322
  lin_vel_z                 | Scaled Avg:  -0.0020 | Raw Avg:   0.0250
  orientation               | Scaled Avg:  -0.0000 | Raw Avg:   0.0124
  powers                    | Scaled Avg:  -0.0001 | Raw Avg: 132.0727
  stand_still               | Scaled Avg:  -0.0004 | Raw Avg:   0.0040
  torques                   | Scaled Avg:  -0.0002 | Raw Avg: 925.1809
  tracking_ang_vel          | Scaled Avg:   0.0155 | Raw Avg:   0.7745
  tracking_lin_vel          | Scaled Avg:   0.0314 | Raw Avg:   0.7860
  TOTAL REWARD              | Scaled Avg:   0.0105
------------------------------
################################################################################
                    [1m Learning iteration 7600/10000 [0m                     

                       Computation: 83024 steps/s (collection: 1.291s, learning 0.471s)
                     surrogate_loss -0.0044
                         value_loss 0.0642
                            entropy 2.2910
                     estimator_loss 0.0000
                         total_loss 0.0827
             Mean action noise std: 0.20
                       Mean reward: 6.46
               Mean episode length: 571.98
      Mean episode rew_action_rate: -0.4516
Mean episode rew_frame_action_rate: -0.0198
Mean episode rew_action_smoothness: -0.0144
Mean episode rew_frame_action_smoothness: -0.0006
       Mean episode rew_ang_vel_xy: -0.0729
 Mean episode rew_frame_ang_vel_xy: -0.0075
      Mean episode rew_base_height: -0.0003
Mean episode rew_frame_base_height: -0.0001
        Mean episode rew_collision: -0.0037
  Mean episode rew_frame_collision: -0.0010
          Mean episode rew_dof_acc: -0.0221
    Mean episode rew_frame_dof_acc: -0.0013
        Mean episode rew_dof_error: -0.0225
  Mean episode rew_frame_dof_error: -0.0024
          Mean episode rew_dof_vel: -0.2256
    Mean episode rew_frame_dof_vel: -0.0139
    Mean episode rew_feet_air_time: 0.0003
Mean episode rew_frame_feet_air_time: 0.0000
Mean episode rew_feet_contact_forces: -0.0006
Mean episode rew_frame_feet_contact_forces: -0.0000
   Mean episode rew_foot_clearance: -0.0025
Mean episode rew_frame_foot_clearance: -0.0001
      Mean episode rew_foot_mirror: -0.0033
Mean episode rew_frame_foot_mirror: -0.0004
       Mean episode rew_foot_slide: -0.0476
 Mean episode rew_frame_foot_slide: -0.0016
      Mean episode rew_has_contact: 0.0095
Mean episode rew_frame_has_contact: 0.0003
          Mean episode rew_hip_pos: -0.0870
    Mean episode rew_frame_hip_pos: -0.0111
        Mean episode rew_lin_vel_z: -0.0537
  Mean episode rew_frame_lin_vel_z: -0.0115
      Mean episode rew_orientation: -0.0015
Mean episode rew_frame_orientation: -0.0004
           Mean episode rew_powers: -0.0015
     Mean episode rew_frame_powers: -0.0001
      Mean episode rew_stand_still: -0.0047
Mean episode rew_frame_stand_still: -0.0001
          Mean episode rew_stumble: -0.0000
    Mean episode rew_frame_stumble: -0.0000
          Mean episode rew_torques: -0.0052
    Mean episode rew_frame_torques: -0.0002
 Mean episode rew_tracking_ang_vel: 0.4424
Mean episode rew_frame_tracking_ang_vel: 0.0118
 Mean episode rew_tracking_lin_vel: 0.9071
Mean episode rew_frame_tracking_lin_vel: 0.0221
Mean episode max_power_throughout_episode: 4011.2966
            Mean episode max_pos_x: 4.6180
            Mean episode min_pos_x: -3.4030
            Mean episode max_pos_y: 4.3857
            Mean episode min_pos_y: -3.8067
        Mean episode timeout_ratio: 0.5056
       Mean episode num_terminated: 13.7083
--------------------------------------------------------------------------------
                   Total timesteps: 3950208
                    Iteration time: 1.76s
                        Total time: 4560.78s
                               ETA: 4208.3s


------------------------------
Step: 62500 - Reward Breakdown:
  action_rate               | Scaled Avg:  -0.0160 | Raw Avg:   1.6026
  action_smoothness         | Scaled Avg:  -0.0005 | Raw Avg:   0.2535
  ang_vel_xy                | Scaled Avg:  -0.0027 | Raw Avg:   1.3324
  base_height               | Scaled Avg:  -0.0000 | Raw Avg:   0.0005
  collision                 | Scaled Avg:  -0.0001 | Raw Avg:   0.0074
  dof_acc                   | Scaled Avg:  -0.0007 | Raw Avg: 142963.1875
  dof_error                 | Scaled Avg:  -0.0008 | Raw Avg:   0.3980
  dof_vel                   | Scaled Avg:  -0.0082 | Raw Avg:  81.6403
  feet_air_time             | Scaled Avg:   0.0000 | Raw Avg:   0.0003
  feet_contact_forces       | Scaled Avg:  -0.0000 | Raw Avg:   7.8369
  foot_clearance            | Scaled Avg:  -0.0001 | Raw Avg:   0.0084
  foot_mirror               | Scaled Avg:  -0.0001 | Raw Avg:   0.1232
  foot_slide                | Scaled Avg:  -0.0017 | Raw Avg:   1.7240
  has_contact               | Scaled Avg:   0.0004 | Raw Avg:   0.0191
  hip_pos                   | Scaled Avg:  -0.0033 | Raw Avg:   0.0326
  lin_vel_z                 | Scaled Avg:  -0.0020 | Raw Avg:   0.0248
  orientation               | Scaled Avg:  -0.0001 | Raw Avg:   0.0142
  powers                    | Scaled Avg:  -0.0001 | Raw Avg: 130.1081
  stand_still               | Scaled Avg:  -0.0004 | Raw Avg:   0.0035
  torques                   | Scaled Avg:  -0.0002 | Raw Avg: 932.9008
  tracking_ang_vel          | Scaled Avg:   0.0154 | Raw Avg:   0.7698
  tracking_lin_vel          | Scaled Avg:   0.0313 | Raw Avg:   0.7820
  TOTAL REWARD              | Scaled Avg:   0.0102
------------------------------

------------------------------
Step: 63000 - Reward Breakdown:
  action_rate               | Scaled Avg:  -0.0163 | Raw Avg:   1.6338
  action_smoothness         | Scaled Avg:  -0.0005 | Raw Avg:   0.2549
  ang_vel_xy                | Scaled Avg:  -0.0026 | Raw Avg:   1.3043
  collision                 | Scaled Avg:  -0.0001 | Raw Avg:   0.0052
  dof_acc                   | Scaled Avg:  -0.0008 | Raw Avg: 150012.1094
  dof_error                 | Scaled Avg:  -0.0008 | Raw Avg:   0.3961
  dof_vel                   | Scaled Avg:  -0.0084 | Raw Avg:  84.1865
  feet_contact_forces       | Scaled Avg:  -0.0000 | Raw Avg:   8.5772
  foot_clearance            | Scaled Avg:  -0.0001 | Raw Avg:   0.0093
  foot_mirror               | Scaled Avg:  -0.0001 | Raw Avg:   0.1169
  foot_slide                | Scaled Avg:  -0.0017 | Raw Avg:   1.7129
  has_contact               | Scaled Avg:   0.0004 | Raw Avg:   0.0176
  hip_pos                   | Scaled Avg:  -0.0033 | Raw Avg:   0.0326
  lin_vel_z                 | Scaled Avg:  -0.0020 | Raw Avg:   0.0248
  orientation               | Scaled Avg:  -0.0001 | Raw Avg:   0.0134
  powers                    | Scaled Avg:  -0.0001 | Raw Avg: 137.1175
  stand_still               | Scaled Avg:  -0.0004 | Raw Avg:   0.0040
  torques                   | Scaled Avg:  -0.0002 | Raw Avg: 970.0446
  tracking_ang_vel          | Scaled Avg:   0.0155 | Raw Avg:   0.7727
  tracking_lin_vel          | Scaled Avg:   0.0318 | Raw Avg:   0.7938
  TOTAL REWARD              | Scaled Avg:   0.0101
------------------------------

------------------------------
Step: 63500 - Reward Breakdown:
  action_rate               | Scaled Avg:  -0.0165 | Raw Avg:   1.6478
  action_smoothness         | Scaled Avg:  -0.0005 | Raw Avg:   0.2584
  ang_vel_xy                | Scaled Avg:  -0.0027 | Raw Avg:   1.3518
  base_height               | Scaled Avg:  -0.0000 | Raw Avg:   0.0006
  collision                 | Scaled Avg:  -0.0002 | Raw Avg:   0.0087
  dof_acc                   | Scaled Avg:  -0.0008 | Raw Avg: 165630.4219
  dof_error                 | Scaled Avg:  -0.0009 | Raw Avg:   0.4258
  dof_vel                   | Scaled Avg:  -0.0083 | Raw Avg:  83.2472
  feet_contact_forces       | Scaled Avg:  -0.0000 | Raw Avg:   8.3883
  foot_clearance            | Scaled Avg:  -0.0001 | Raw Avg:   0.0093
  foot_mirror               | Scaled Avg:  -0.0001 | Raw Avg:   0.1196
  foot_slide                | Scaled Avg:  -0.0017 | Raw Avg:   1.6837
  has_contact               | Scaled Avg:   0.0003 | Raw Avg:   0.0148
  hip_pos                   | Scaled Avg:  -0.0034 | Raw Avg:   0.0339
  lin_vel_z                 | Scaled Avg:  -0.0021 | Raw Avg:   0.0257
  orientation               | Scaled Avg:  -0.0001 | Raw Avg:   0.0146
  powers                    | Scaled Avg:  -0.0001 | Raw Avg: 137.2167
  stand_still               | Scaled Avg:  -0.0004 | Raw Avg:   0.0038
  torques                   | Scaled Avg:  -0.0002 | Raw Avg: 1001.6217
  tracking_ang_vel          | Scaled Avg:   0.0155 | Raw Avg:   0.7754
  tracking_lin_vel          | Scaled Avg:   0.0312 | Raw Avg:   0.7808
  TOTAL REWARD              | Scaled Avg:   0.0091
------------------------------

------------------------------
Step: 64000 - Reward Breakdown:
  action_rate               | Scaled Avg:  -0.0162 | Raw Avg:   1.6237
  action_smoothness         | Scaled Avg:  -0.0005 | Raw Avg:   0.2555
  ang_vel_xy                | Scaled Avg:  -0.0026 | Raw Avg:   1.2964
  collision                 | Scaled Avg:  -0.0001 | Raw Avg:   0.0039
  dof_acc                   | Scaled Avg:  -0.0009 | Raw Avg: 187657.5938
  dof_error                 | Scaled Avg:  -0.0008 | Raw Avg:   0.4093
  dof_vel                   | Scaled Avg:  -0.0082 | Raw Avg:  81.6232
  feet_contact_forces       | Scaled Avg:  -0.0000 | Raw Avg:   7.9878
  foot_clearance            | Scaled Avg:  -0.0001 | Raw Avg:   0.0099
  foot_mirror               | Scaled Avg:  -0.0001 | Raw Avg:   0.1122
  foot_slide                | Scaled Avg:  -0.0017 | Raw Avg:   1.7325
  has_contact               | Scaled Avg:   0.0004 | Raw Avg:   0.0186
  hip_pos                   | Scaled Avg:  -0.0031 | Raw Avg:   0.0308
  lin_vel_z                 | Scaled Avg:  -0.0019 | Raw Avg:   0.0239
  orientation               | Scaled Avg:  -0.0000 | Raw Avg:   0.0120
  powers                    | Scaled Avg:  -0.0001 | Raw Avg: 133.2547
  stand_still               | Scaled Avg:  -0.0002 | Raw Avg:   0.0023
  torques                   | Scaled Avg:  -0.0002 | Raw Avg: 937.2977
  tracking_ang_vel          | Scaled Avg:   0.0156 | Raw Avg:   0.7821
  tracking_lin_vel          | Scaled Avg:   0.0315 | Raw Avg:   0.7874
  TOTAL REWARD              | Scaled Avg:   0.0107
------------------------------

------------------------------
Step: 64500 - Reward Breakdown:
  action_rate               | Scaled Avg:  -0.0161 | Raw Avg:   1.6060
  action_smoothness         | Scaled Avg:  -0.0005 | Raw Avg:   0.2555
  ang_vel_xy                | Scaled Avg:  -0.0027 | Raw Avg:   1.3477
  collision                 | Scaled Avg:  -0.0002 | Raw Avg:   0.0077
  dof_acc                   | Scaled Avg:  -0.0009 | Raw Avg: 172673.8750
  dof_error                 | Scaled Avg:  -0.0008 | Raw Avg:   0.4053
  dof_vel                   | Scaled Avg:  -0.0084 | Raw Avg:  83.6656
  feet_air_time             | Scaled Avg:   0.0000 | Raw Avg:   0.0005
  feet_contact_forces       | Scaled Avg:  -0.0000 | Raw Avg:   8.1787
  foot_clearance            | Scaled Avg:  -0.0001 | Raw Avg:   0.0095
  foot_mirror               | Scaled Avg:  -0.0001 | Raw Avg:   0.1119
  foot_slide                | Scaled Avg:  -0.0017 | Raw Avg:   1.6886
  has_contact               | Scaled Avg:   0.0003 | Raw Avg:   0.0175
  hip_pos                   | Scaled Avg:  -0.0031 | Raw Avg:   0.0313
  lin_vel_z                 | Scaled Avg:  -0.0020 | Raw Avg:   0.0248
  orientation               | Scaled Avg:  -0.0001 | Raw Avg:   0.0142
  powers                    | Scaled Avg:  -0.0001 | Raw Avg: 132.4447
  stand_still               | Scaled Avg:  -0.0005 | Raw Avg:   0.0054
  torques                   | Scaled Avg:  -0.0002 | Raw Avg: 934.7211
  tracking_ang_vel          | Scaled Avg:   0.0156 | Raw Avg:   0.7778
  tracking_lin_vel          | Scaled Avg:   0.0315 | Raw Avg:   0.7874
  TOTAL REWARD              | Scaled Avg:   0.0101
------------------------------
################################################################################
                    [1m Learning iteration 7700/10000 [0m                     

                       Computation: 82181 steps/s (collection: 1.306s, learning 0.474s)
                     surrogate_loss -0.0045
                         value_loss 0.0501
                            entropy 2.3112
                     estimator_loss 0.0000
                         total_loss 0.0687
             Mean action noise std: 0.20
                       Mean reward: 4.74
               Mean episode length: 467.85
      Mean episode rew_action_rate: -0.4151
Mean episode rew_frame_action_rate: -0.0210
Mean episode rew_action_smoothness: -0.0131
Mean episode rew_frame_action_smoothness: -0.0006
       Mean episode rew_ang_vel_xy: -0.0698
 Mean episode rew_frame_ang_vel_xy: -0.0098
      Mean episode rew_base_height: -0.0002
Mean episode rew_frame_base_height: -0.0001
        Mean episode rew_collision: -0.0036
  Mean episode rew_frame_collision: -0.0013
          Mean episode rew_dof_acc: -0.0245
    Mean episode rew_frame_dof_acc: -0.0016
        Mean episode rew_dof_error: -0.0203
  Mean episode rew_frame_dof_error: -0.0024
          Mean episode rew_dof_vel: -0.2125
    Mean episode rew_frame_dof_vel: -0.0154
    Mean episode rew_feet_air_time: 0.0002
Mean episode rew_frame_feet_air_time: 0.0000
Mean episode rew_feet_contact_forces: -0.0006
Mean episode rew_frame_feet_contact_forces: -0.0000
   Mean episode rew_foot_clearance: -0.0025
Mean episode rew_frame_foot_clearance: -0.0002
      Mean episode rew_foot_mirror: -0.0028
Mean episode rew_frame_foot_mirror: -0.0004
       Mean episode rew_foot_slide: -0.0430
 Mean episode rew_frame_foot_slide: -0.0016
      Mean episode rew_has_contact: 0.0081
Mean episode rew_frame_has_contact: 0.0003
          Mean episode rew_hip_pos: -0.0781
    Mean episode rew_frame_hip_pos: -0.0126
        Mean episode rew_lin_vel_z: -0.0524
  Mean episode rew_frame_lin_vel_z: -0.0145
      Mean episode rew_orientation: -0.0013
Mean episode rew_frame_orientation: -0.0004
           Mean episode rew_powers: -0.0014
     Mean episode rew_frame_powers: -0.0001
      Mean episode rew_stand_still: -0.0049
Mean episode rew_frame_stand_still: -0.0001
          Mean episode rew_stumble: -0.0000
    Mean episode rew_frame_stumble: -0.0000
          Mean episode rew_torques: -0.0047
    Mean episode rew_frame_torques: -0.0003
 Mean episode rew_tracking_ang_vel: 0.3924
Mean episode rew_frame_tracking_ang_vel: 0.0109
 Mean episode rew_tracking_lin_vel: 0.8035
Mean episode rew_frame_tracking_lin_vel: 0.0201
Mean episode max_power_throughout_episode: 4038.0723
            Mean episode max_pos_x: 4.7081
            Mean episode min_pos_x: -3.0638
            Mean episode max_pos_y: 4.2375
            Mean episode min_pos_y: -3.9148
        Mean episode timeout_ratio: 0.4448
       Mean episode num_terminated: 11.8750
--------------------------------------------------------------------------------
                   Total timesteps: 4096512
                    Iteration time: 1.78s
                        Total time: 4736.20s
                               ETA: 4033.0s


------------------------------
Step: 65000 - Reward Breakdown:
  action_rate               | Scaled Avg:  -0.0164 | Raw Avg:   1.6389
  action_smoothness         | Scaled Avg:  -0.0005 | Raw Avg:   0.2564
  ang_vel_xy                | Scaled Avg:  -0.0029 | Raw Avg:   1.4333
  collision                 | Scaled Avg:  -0.0001 | Raw Avg:   0.0064
  dof_acc                   | Scaled Avg:  -0.0009 | Raw Avg: 181437.5469
  dof_error                 | Scaled Avg:  -0.0008 | Raw Avg:   0.4075
  dof_vel                   | Scaled Avg:  -0.0085 | Raw Avg:  84.6556
  feet_contact_forces       | Scaled Avg:  -0.0000 | Raw Avg:   7.9882
  foot_clearance            | Scaled Avg:  -0.0001 | Raw Avg:   0.0097
  foot_mirror               | Scaled Avg:  -0.0001 | Raw Avg:   0.1091
  foot_slide                | Scaled Avg:  -0.0017 | Raw Avg:   1.7000
  has_contact               | Scaled Avg:   0.0003 | Raw Avg:   0.0157
  hip_pos                   | Scaled Avg:  -0.0034 | Raw Avg:   0.0335
  lin_vel_z                 | Scaled Avg:  -0.0022 | Raw Avg:   0.0277
  orientation               | Scaled Avg:  -0.0001 | Raw Avg:   0.0131
  powers                    | Scaled Avg:  -0.0001 | Raw Avg: 138.9797
  stand_still               | Scaled Avg:  -0.0003 | Raw Avg:   0.0030
  torques                   | Scaled Avg:  -0.0002 | Raw Avg: 1007.2758
  tracking_ang_vel          | Scaled Avg:   0.0155 | Raw Avg:   0.7774
  tracking_lin_vel          | Scaled Avg:   0.0315 | Raw Avg:   0.7877
  TOTAL REWARD              | Scaled Avg:   0.0092
------------------------------

------------------------------
Step: 65500 - Reward Breakdown:
  action_rate               | Scaled Avg:  -0.0163 | Raw Avg:   1.6317
  action_smoothness         | Scaled Avg:  -0.0005 | Raw Avg:   0.2565
  ang_vel_xy                | Scaled Avg:  -0.0026 | Raw Avg:   1.3172
  collision                 | Scaled Avg:  -0.0001 | Raw Avg:   0.0066
  dof_acc                   | Scaled Avg:  -0.0008 | Raw Avg: 167063.6875
  dof_error                 | Scaled Avg:  -0.0008 | Raw Avg:   0.4028
  dof_vel                   | Scaled Avg:  -0.0082 | Raw Avg:  82.3868
  feet_contact_forces       | Scaled Avg:  -0.0000 | Raw Avg:   7.9029
  foot_clearance            | Scaled Avg:  -0.0001 | Raw Avg:   0.0092
  foot_mirror               | Scaled Avg:  -0.0001 | Raw Avg:   0.1122
  foot_slide                | Scaled Avg:  -0.0017 | Raw Avg:   1.7135
  has_contact               | Scaled Avg:   0.0004 | Raw Avg:   0.0187
  hip_pos                   | Scaled Avg:  -0.0031 | Raw Avg:   0.0311
  lin_vel_z                 | Scaled Avg:  -0.0021 | Raw Avg:   0.0268
  orientation               | Scaled Avg:  -0.0000 | Raw Avg:   0.0124
  powers                    | Scaled Avg:  -0.0001 | Raw Avg: 133.0179
  stand_still               | Scaled Avg:  -0.0003 | Raw Avg:   0.0031
  torques                   | Scaled Avg:  -0.0002 | Raw Avg: 944.7464
  tracking_ang_vel          | Scaled Avg:   0.0156 | Raw Avg:   0.7813
  tracking_lin_vel          | Scaled Avg:   0.0316 | Raw Avg:   0.7898
  TOTAL REWARD              | Scaled Avg:   0.0103
------------------------------

------------------------------
Step: 66000 - Reward Breakdown:
  action_rate               | Scaled Avg:  -0.0160 | Raw Avg:   1.6033
  action_smoothness         | Scaled Avg:  -0.0005 | Raw Avg:   0.2520
  ang_vel_xy                | Scaled Avg:  -0.0027 | Raw Avg:   1.3403
  collision                 | Scaled Avg:  -0.0001 | Raw Avg:   0.0069
  dof_acc                   | Scaled Avg:  -0.0008 | Raw Avg: 150240.9375
  dof_error                 | Scaled Avg:  -0.0008 | Raw Avg:   0.3939
  dof_vel                   | Scaled Avg:  -0.0082 | Raw Avg:  81.6867
  feet_contact_forces       | Scaled Avg:  -0.0000 | Raw Avg:   7.3309
  foot_clearance            | Scaled Avg:  -0.0001 | Raw Avg:   0.0088
  foot_mirror               | Scaled Avg:  -0.0001 | Raw Avg:   0.1074
  foot_slide                | Scaled Avg:  -0.0017 | Raw Avg:   1.7229
  has_contact               | Scaled Avg:   0.0003 | Raw Avg:   0.0165
  hip_pos                   | Scaled Avg:  -0.0033 | Raw Avg:   0.0331
  lin_vel_z                 | Scaled Avg:  -0.0020 | Raw Avg:   0.0253
  orientation               | Scaled Avg:  -0.0001 | Raw Avg:   0.0128
  powers                    | Scaled Avg:  -0.0001 | Raw Avg: 135.3564
  stand_still               | Scaled Avg:  -0.0003 | Raw Avg:   0.0033
  torques                   | Scaled Avg:  -0.0002 | Raw Avg: 983.3589
  tracking_ang_vel          | Scaled Avg:   0.0154 | Raw Avg:   0.7710
  tracking_lin_vel          | Scaled Avg:   0.0311 | Raw Avg:   0.7776
  TOTAL REWARD              | Scaled Avg:   0.0099
------------------------------

------------------------------
Step: 66500 - Reward Breakdown:
  action_rate               | Scaled Avg:  -0.0160 | Raw Avg:   1.6047
  action_smoothness         | Scaled Avg:  -0.0005 | Raw Avg:   0.2544
  ang_vel_xy                | Scaled Avg:  -0.0028 | Raw Avg:   1.3760
  base_height               | Scaled Avg:  -0.0000 | Raw Avg:   0.0006
  collision                 | Scaled Avg:  -0.0001 | Raw Avg:   0.0071
  dof_acc                   | Scaled Avg:  -0.0007 | Raw Avg: 148558.9844
  dof_error                 | Scaled Avg:  -0.0008 | Raw Avg:   0.4034
  dof_vel                   | Scaled Avg:  -0.0083 | Raw Avg:  83.0239
  feet_air_time             | Scaled Avg:   0.0000 | Raw Avg:   0.0003
  feet_contact_forces       | Scaled Avg:  -0.0000 | Raw Avg:   7.5826
  foot_clearance            | Scaled Avg:  -0.0001 | Raw Avg:   0.0087
  foot_mirror               | Scaled Avg:  -0.0001 | Raw Avg:   0.1151
  foot_slide                | Scaled Avg:  -0.0017 | Raw Avg:   1.7112
  has_contact               | Scaled Avg:   0.0004 | Raw Avg:   0.0184
  hip_pos                   | Scaled Avg:  -0.0033 | Raw Avg:   0.0335
  lin_vel_z                 | Scaled Avg:  -0.0021 | Raw Avg:   0.0262
  orientation               | Scaled Avg:  -0.0001 | Raw Avg:   0.0137
  powers                    | Scaled Avg:  -0.0001 | Raw Avg: 140.6818
  stand_still               | Scaled Avg:  -0.0004 | Raw Avg:   0.0037
  torques                   | Scaled Avg:  -0.0002 | Raw Avg: 1046.4532
  tracking_ang_vel          | Scaled Avg:   0.0155 | Raw Avg:   0.7737
  tracking_lin_vel          | Scaled Avg:   0.0312 | Raw Avg:   0.7794
  TOTAL REWARD              | Scaled Avg:   0.0096
------------------------------

------------------------------
Step: 67000 - Reward Breakdown:
  action_rate               | Scaled Avg:  -0.0160 | Raw Avg:   1.6022
  action_smoothness         | Scaled Avg:  -0.0005 | Raw Avg:   0.2525
  ang_vel_xy                | Scaled Avg:  -0.0027 | Raw Avg:   1.3380
  collision                 | Scaled Avg:  -0.0002 | Raw Avg:   0.0084
  dof_acc                   | Scaled Avg:  -0.0008 | Raw Avg: 166943.1406
  dof_error                 | Scaled Avg:  -0.0008 | Raw Avg:   0.3959
  dof_vel                   | Scaled Avg:  -0.0084 | Raw Avg:  83.7606
  feet_contact_forces       | Scaled Avg:  -0.0000 | Raw Avg:   7.8621
  foot_clearance            | Scaled Avg:  -0.0001 | Raw Avg:   0.0091
  foot_mirror               | Scaled Avg:  -0.0001 | Raw Avg:   0.1104
  foot_slide                | Scaled Avg:  -0.0017 | Raw Avg:   1.7090
  has_contact               | Scaled Avg:   0.0004 | Raw Avg:   0.0201
  hip_pos                   | Scaled Avg:  -0.0032 | Raw Avg:   0.0317
  lin_vel_z                 | Scaled Avg:  -0.0020 | Raw Avg:   0.0247
  orientation               | Scaled Avg:  -0.0001 | Raw Avg:   0.0131
  powers                    | Scaled Avg:  -0.0001 | Raw Avg: 137.0520
  stand_still               | Scaled Avg:  -0.0003 | Raw Avg:   0.0027
  torques                   | Scaled Avg:  -0.0002 | Raw Avg: 995.0981
  tracking_ang_vel          | Scaled Avg:   0.0156 | Raw Avg:   0.7782
  tracking_lin_vel          | Scaled Avg:   0.0317 | Raw Avg:   0.7916
  TOTAL REWARD              | Scaled Avg:   0.0106
------------------------------
################################################################################
                    [1m Learning iteration 7800/10000 [0m                     

                       Computation: 84103 steps/s (collection: 1.266s, learning 0.473s)
                     surrogate_loss -0.0043
                         value_loss 0.0658
                            entropy 2.2860
                     estimator_loss 0.0000
                         total_loss 0.0844
             Mean action noise std: 0.20
                       Mean reward: 5.27
               Mean episode length: 495.48
      Mean episode rew_action_rate: -0.4110
Mean episode rew_frame_action_rate: -0.0204
Mean episode rew_action_smoothness: -0.0130
Mean episode rew_frame_action_smoothness: -0.0006
       Mean episode rew_ang_vel_xy: -0.0707
 Mean episode rew_frame_ang_vel_xy: -0.0082
      Mean episode rew_base_height: -0.0003
Mean episode rew_frame_base_height: -0.0001
        Mean episode rew_collision: -0.0034
  Mean episode rew_frame_collision: -0.0014
          Mean episode rew_dof_acc: -0.0191
    Mean episode rew_frame_dof_acc: -0.0013
        Mean episode rew_dof_error: -0.0205
  Mean episode rew_frame_dof_error: -0.0026
          Mean episode rew_dof_vel: -0.2109
    Mean episode rew_frame_dof_vel: -0.0148
    Mean episode rew_feet_air_time: 0.0002
Mean episode rew_frame_feet_air_time: 0.0000
Mean episode rew_feet_contact_forces: -0.0006
Mean episode rew_frame_feet_contact_forces: -0.0000
   Mean episode rew_foot_clearance: -0.0023
Mean episode rew_frame_foot_clearance: -0.0002
      Mean episode rew_foot_mirror: -0.0030
Mean episode rew_frame_foot_mirror: -0.0004
       Mean episode rew_foot_slide: -0.0435
 Mean episode rew_frame_foot_slide: -0.0016
      Mean episode rew_has_contact: 0.0137
Mean episode rew_frame_has_contact: 0.0003
          Mean episode rew_hip_pos: -0.0833
    Mean episode rew_frame_hip_pos: -0.0119
        Mean episode rew_lin_vel_z: -0.0572
  Mean episode rew_frame_lin_vel_z: -0.0131
      Mean episode rew_orientation: -0.0014
Mean episode rew_frame_orientation: -0.0005
           Mean episode rew_powers: -0.0014
     Mean episode rew_frame_powers: -0.0001
      Mean episode rew_stand_still: -0.0046
Mean episode rew_frame_stand_still: -0.0014
          Mean episode rew_stumble: -0.0000
    Mean episode rew_frame_stumble: -0.0000
          Mean episode rew_torques: -0.0052
    Mean episode rew_frame_torques: -0.0003
 Mean episode rew_tracking_ang_vel: 0.3961
Mean episode rew_frame_tracking_ang_vel: 0.0110
 Mean episode rew_tracking_lin_vel: 0.8043
Mean episode rew_frame_tracking_lin_vel: 0.0199
Mean episode max_power_throughout_episode: 3650.8438
            Mean episode max_pos_x: 4.3264
            Mean episode min_pos_x: -3.6011
            Mean episode max_pos_y: 3.7536
            Mean episode min_pos_y: -3.4009
        Mean episode timeout_ratio: 0.4321
       Mean episode num_terminated: 11.1250
--------------------------------------------------------------------------------
                   Total timesteps: 4242816
                    Iteration time: 1.74s
                        Total time: 4911.80s
                               ETA: 3857.9s


------------------------------
Step: 67500 - Reward Breakdown:
  action_rate               | Scaled Avg:  -0.0162 | Raw Avg:   1.6155
  action_smoothness         | Scaled Avg:  -0.0005 | Raw Avg:   0.2566
  ang_vel_xy                | Scaled Avg:  -0.0027 | Raw Avg:   1.3720
  collision                 | Scaled Avg:  -0.0001 | Raw Avg:   0.0061
  dof_acc                   | Scaled Avg:  -0.0008 | Raw Avg: 158268.6406
  dof_error                 | Scaled Avg:  -0.0008 | Raw Avg:   0.3930
  dof_vel                   | Scaled Avg:  -0.0085 | Raw Avg:  85.4669
  feet_contact_forces       | Scaled Avg:  -0.0000 | Raw Avg:   7.8477
  foot_clearance            | Scaled Avg:  -0.0001 | Raw Avg:   0.0089
  foot_mirror               | Scaled Avg:  -0.0001 | Raw Avg:   0.1101
  foot_slide                | Scaled Avg:  -0.0017 | Raw Avg:   1.7267
  has_contact               | Scaled Avg:   0.0003 | Raw Avg:   0.0164
  hip_pos                   | Scaled Avg:  -0.0032 | Raw Avg:   0.0322
  lin_vel_z                 | Scaled Avg:  -0.0058 | Raw Avg:   0.0722
  orientation               | Scaled Avg:  -0.0001 | Raw Avg:   0.0136
  powers                    | Scaled Avg:  -0.0001 | Raw Avg: 137.3014
  stand_still               | Scaled Avg:  -0.0005 | Raw Avg:   0.0048
  torques                   | Scaled Avg:  -0.0002 | Raw Avg: 981.9582
  tracking_ang_vel          | Scaled Avg:   0.0155 | Raw Avg:   0.7772
  tracking_lin_vel          | Scaled Avg:   0.0312 | Raw Avg:   0.7807
  TOTAL REWARD              | Scaled Avg:   0.0086
------------------------------

------------------------------
Step: 68000 - Reward Breakdown:
  action_rate               | Scaled Avg:  -0.0160 | Raw Avg:   1.6030
  action_smoothness         | Scaled Avg:  -0.0005 | Raw Avg:   0.2539
  ang_vel_xy                | Scaled Avg:  -0.0027 | Raw Avg:   1.3505
  base_height               | Scaled Avg:  -0.0000 | Raw Avg:   0.0005
  collision                 | Scaled Avg:  -0.0001 | Raw Avg:   0.0051
  dof_acc                   | Scaled Avg:  -0.0007 | Raw Avg: 143051.4375
  dof_error                 | Scaled Avg:  -0.0008 | Raw Avg:   0.3879
  dof_vel                   | Scaled Avg:  -0.0081 | Raw Avg:  81.3722
  feet_contact_forces       | Scaled Avg:  -0.0000 | Raw Avg:   7.3191
  foot_clearance            | Scaled Avg:  -0.0001 | Raw Avg:   0.0084
  foot_mirror               | Scaled Avg:  -0.0001 | Raw Avg:   0.1107
  foot_slide                | Scaled Avg:  -0.0017 | Raw Avg:   1.7336
  has_contact               | Scaled Avg:   0.0004 | Raw Avg:   0.0196
  hip_pos                   | Scaled Avg:  -0.0033 | Raw Avg:   0.0325
  lin_vel_z                 | Scaled Avg:  -0.0019 | Raw Avg:   0.0240
  orientation               | Scaled Avg:  -0.0000 | Raw Avg:   0.0118
  powers                    | Scaled Avg:  -0.0001 | Raw Avg: 134.4926
  stand_still               | Scaled Avg:  -0.0005 | Raw Avg:   0.0049
  torques                   | Scaled Avg:  -0.0002 | Raw Avg: 990.1809
  tracking_ang_vel          | Scaled Avg:   0.0155 | Raw Avg:   0.7727
  tracking_lin_vel          | Scaled Avg:   0.0311 | Raw Avg:   0.7773
  TOTAL REWARD              | Scaled Avg:   0.0101
------------------------------

------------------------------
Step: 68500 - Reward Breakdown:
  action_rate               | Scaled Avg:  -0.0156 | Raw Avg:   1.5590
  action_smoothness         | Scaled Avg:  -0.0005 | Raw Avg:   0.2506
  ang_vel_xy                | Scaled Avg:  -0.0027 | Raw Avg:   1.3444
  base_height               | Scaled Avg:  -0.0000 | Raw Avg:   0.0005
  collision                 | Scaled Avg:  -0.0002 | Raw Avg:   0.0084
  dof_acc                   | Scaled Avg:  -0.0007 | Raw Avg: 137697.2656
  dof_error                 | Scaled Avg:  -0.0008 | Raw Avg:   0.3774
  dof_vel                   | Scaled Avg:  -0.0080 | Raw Avg:  80.2108
  feet_contact_forces       | Scaled Avg:  -0.0000 | Raw Avg:   7.4939
  foot_clearance            | Scaled Avg:  -0.0001 | Raw Avg:   0.0079
  foot_mirror               | Scaled Avg:  -0.0001 | Raw Avg:   0.1109
  foot_slide                | Scaled Avg:  -0.0017 | Raw Avg:   1.7174
  has_contact               | Scaled Avg:   0.0004 | Raw Avg:   0.0186
  hip_pos                   | Scaled Avg:  -0.0032 | Raw Avg:   0.0319
  lin_vel_z                 | Scaled Avg:  -0.0019 | Raw Avg:   0.0241
  orientation               | Scaled Avg:  -0.0001 | Raw Avg:   0.0130
  powers                    | Scaled Avg:  -0.0001 | Raw Avg: 134.1123
  stand_still               | Scaled Avg:  -0.0005 | Raw Avg:   0.0048
  torques                   | Scaled Avg:  -0.0002 | Raw Avg: 1008.2677
  tracking_ang_vel          | Scaled Avg:   0.0154 | Raw Avg:   0.7713
  tracking_lin_vel          | Scaled Avg:   0.0310 | Raw Avg:   0.7762
  TOTAL REWARD              | Scaled Avg:   0.0106
------------------------------

------------------------------
Step: 69000 - Reward Breakdown:
  action_rate               | Scaled Avg:  -0.0162 | Raw Avg:   1.6232
  action_smoothness         | Scaled Avg:  -0.0005 | Raw Avg:   0.2535
  ang_vel_xy                | Scaled Avg:  -0.0027 | Raw Avg:   1.3395
  collision                 | Scaled Avg:  -0.0001 | Raw Avg:   0.0061
  dof_acc                   | Scaled Avg:  -0.0008 | Raw Avg: 157955.8281
  dof_error                 | Scaled Avg:  -0.0008 | Raw Avg:   0.3862
  dof_vel                   | Scaled Avg:  -0.0082 | Raw Avg:  81.7946
  feet_contact_forces       | Scaled Avg:  -0.0000 | Raw Avg:   7.2026
  foot_clearance            | Scaled Avg:  -0.0001 | Raw Avg:   0.0088
  foot_mirror               | Scaled Avg:  -0.0001 | Raw Avg:   0.1187
  foot_slide                | Scaled Avg:  -0.0017 | Raw Avg:   1.7193
  has_contact               | Scaled Avg:   0.0003 | Raw Avg:   0.0153
  hip_pos                   | Scaled Avg:  -0.0031 | Raw Avg:   0.0305
  lin_vel_z                 | Scaled Avg:  -0.0019 | Raw Avg:   0.0237
  orientation               | Scaled Avg:  -0.0000 | Raw Avg:   0.0122
  powers                    | Scaled Avg:  -0.0001 | Raw Avg: 133.1989
  stand_still               | Scaled Avg:  -0.0002 | Raw Avg:   0.0024
  torques                   | Scaled Avg:  -0.0002 | Raw Avg: 955.4654
  tracking_ang_vel          | Scaled Avg:   0.0154 | Raw Avg:   0.7718
  tracking_lin_vel          | Scaled Avg:   0.0313 | Raw Avg:   0.7819
  TOTAL REWARD              | Scaled Avg:   0.0103
------------------------------

------------------------------
Step: 69500 - Reward Breakdown:
  action_rate               | Scaled Avg:  -0.0162 | Raw Avg:   1.6153
  action_smoothness         | Scaled Avg:  -0.0005 | Raw Avg:   0.2541
  ang_vel_xy                | Scaled Avg:  -0.0026 | Raw Avg:   1.3211
  collision                 | Scaled Avg:  -0.0001 | Raw Avg:   0.0071
  dof_acc                   | Scaled Avg:  -0.0007 | Raw Avg: 138399.1562
  dof_error                 | Scaled Avg:  -0.0008 | Raw Avg:   0.3960
  dof_vel                   | Scaled Avg:  -0.0082 | Raw Avg:  81.6890
  feet_contact_forces       | Scaled Avg:  -0.0000 | Raw Avg:   7.3179
  foot_clearance            | Scaled Avg:  -0.0001 | Raw Avg:   0.0088
  foot_mirror               | Scaled Avg:  -0.0001 | Raw Avg:   0.1152
  foot_slide                | Scaled Avg:  -0.0017 | Raw Avg:   1.7360
  has_contact               | Scaled Avg:   0.0003 | Raw Avg:   0.0168
  hip_pos                   | Scaled Avg:  -0.0032 | Raw Avg:   0.0323
  lin_vel_z                 | Scaled Avg:  -0.0019 | Raw Avg:   0.0243
  orientation               | Scaled Avg:  -0.0001 | Raw Avg:   0.0138
  powers                    | Scaled Avg:  -0.0001 | Raw Avg: 135.1179
  stand_still               | Scaled Avg:  -0.0004 | Raw Avg:   0.0037
  torques                   | Scaled Avg:  -0.0002 | Raw Avg: 977.2888
  tracking_ang_vel          | Scaled Avg:   0.0155 | Raw Avg:   0.7752
  tracking_lin_vel          | Scaled Avg:   0.0315 | Raw Avg:   0.7879
  TOTAL REWARD              | Scaled Avg:   0.0104
------------------------------
################################################################################
                    [1m Learning iteration 7900/10000 [0m                     

                       Computation: 82746 steps/s (collection: 1.299s, learning 0.469s)
                     surrogate_loss -0.0029
                         value_loss 0.0573
                            entropy 2.2791
                     estimator_loss 0.0000
                         total_loss 0.0772
             Mean action noise std: 0.20
                       Mean reward: 5.15
               Mean episode length: 543.11
      Mean episode rew_action_rate: -0.4325
Mean episode rew_frame_action_rate: -0.0206
Mean episode rew_action_smoothness: -0.0136
Mean episode rew_frame_action_smoothness: -0.0006
       Mean episode rew_ang_vel_xy: -0.0702
 Mean episode rew_frame_ang_vel_xy: -0.0083
      Mean episode rew_base_height: -0.0002
Mean episode rew_frame_base_height: -0.0001
        Mean episode rew_collision: -0.0027
  Mean episode rew_frame_collision: -0.0011
          Mean episode rew_dof_acc: -0.0203
    Mean episode rew_frame_dof_acc: -0.0013
        Mean episode rew_dof_error: -0.0206
  Mean episode rew_frame_dof_error: -0.0024
          Mean episode rew_dof_vel: -0.2234
    Mean episode rew_frame_dof_vel: -0.0151
    Mean episode rew_feet_air_time: 0.0002
Mean episode rew_frame_feet_air_time: 0.0000
Mean episode rew_feet_contact_forces: -0.0006
Mean episode rew_frame_feet_contact_forces: -0.0000
   Mean episode rew_foot_clearance: -0.0024
Mean episode rew_frame_foot_clearance: -0.0002
      Mean episode rew_foot_mirror: -0.0030
Mean episode rew_frame_foot_mirror: -0.0004
       Mean episode rew_foot_slide: -0.0468
 Mean episode rew_frame_foot_slide: -0.0017
      Mean episode rew_has_contact: 0.0103
Mean episode rew_frame_has_contact: 0.0003
          Mean episode rew_hip_pos: -0.0843
    Mean episode rew_frame_hip_pos: -0.0122
        Mean episode rew_lin_vel_z: -0.0535
  Mean episode rew_frame_lin_vel_z: -0.0140
      Mean episode rew_orientation: -0.0013
Mean episode rew_frame_orientation: -0.0004
           Mean episode rew_powers: -0.0015
     Mean episode rew_frame_powers: -0.0001
      Mean episode rew_stand_still: -0.0124
Mean episode rew_frame_stand_still: -0.0027
          Mean episode rew_stumble: -0.0000
    Mean episode rew_frame_stumble: -0.0000
          Mean episode rew_torques: -0.0052
    Mean episode rew_frame_torques: -0.0002
 Mean episode rew_tracking_ang_vel: 0.4183
Mean episode rew_frame_tracking_ang_vel: 0.0112
 Mean episode rew_tracking_lin_vel: 0.8405
Mean episode rew_frame_tracking_lin_vel: 0.0202
Mean episode max_power_throughout_episode: 3747.8386
            Mean episode max_pos_x: 4.8673
            Mean episode min_pos_x: -3.8321
            Mean episode max_pos_y: 4.5444
            Mean episode min_pos_y: -4.1860
        Mean episode timeout_ratio: 0.4931
       Mean episode num_terminated: 12.0833
--------------------------------------------------------------------------------
                   Total timesteps: 4389120
                    Iteration time: 1.77s
                        Total time: 5087.22s
                               ETA: 3682.6s


------------------------------
Step: 70000 - Reward Breakdown:
  action_rate               | Scaled Avg:  -0.0160 | Raw Avg:   1.6012
  action_smoothness         | Scaled Avg:  -0.0005 | Raw Avg:   0.2526
  ang_vel_xy                | Scaled Avg:  -0.0027 | Raw Avg:   1.3523
  collision                 | Scaled Avg:  -0.0001 | Raw Avg:   0.0072
  dof_acc                   | Scaled Avg:  -0.0007 | Raw Avg: 146358.0312
  dof_error                 | Scaled Avg:  -0.0008 | Raw Avg:   0.3992
  dof_vel                   | Scaled Avg:  -0.0082 | Raw Avg:  82.4975
  feet_contact_forces       | Scaled Avg:  -0.0000 | Raw Avg:   7.5903
  foot_clearance            | Scaled Avg:  -0.0001 | Raw Avg:   0.0087
  foot_mirror               | Scaled Avg:  -0.0001 | Raw Avg:   0.1179
  foot_slide                | Scaled Avg:  -0.0017 | Raw Avg:   1.7131
  has_contact               | Scaled Avg:   0.0004 | Raw Avg:   0.0201
  hip_pos                   | Scaled Avg:  -0.0033 | Raw Avg:   0.0326
  lin_vel_z                 | Scaled Avg:  -0.0020 | Raw Avg:   0.0253
  orientation               | Scaled Avg:  -0.0001 | Raw Avg:   0.0138
  powers                    | Scaled Avg:  -0.0001 | Raw Avg: 139.7045
  stand_still               | Scaled Avg:  -0.0004 | Raw Avg:   0.0041
  torques                   | Scaled Avg:  -0.0002 | Raw Avg: 1045.8632
  tracking_ang_vel          | Scaled Avg:   0.0154 | Raw Avg:   0.7691
  tracking_lin_vel          | Scaled Avg:   0.0313 | Raw Avg:   0.7831
  TOTAL REWARD              | Scaled Avg:   0.0100
------------------------------

------------------------------
Step: 70500 - Reward Breakdown:
  action_rate               | Scaled Avg:  -0.0162 | Raw Avg:   1.6237
  action_smoothness         | Scaled Avg:  -0.0005 | Raw Avg:   0.2546
  ang_vel_xy                | Scaled Avg:  -0.0026 | Raw Avg:   1.3171
  base_height               | Scaled Avg:  -0.0000 | Raw Avg:   0.0006
  collision                 | Scaled Avg:  -0.0001 | Raw Avg:   0.0061
  dof_acc                   | Scaled Avg:  -0.0008 | Raw Avg: 159116.6562
  dof_error                 | Scaled Avg:  -0.0008 | Raw Avg:   0.4071
  dof_vel                   | Scaled Avg:  -0.0085 | Raw Avg:  85.4009
  feet_contact_forces       | Scaled Avg:  -0.0000 | Raw Avg:   7.6964
  foot_clearance            | Scaled Avg:  -0.0001 | Raw Avg:   0.0090
  foot_mirror               | Scaled Avg:  -0.0001 | Raw Avg:   0.1133
  foot_slide                | Scaled Avg:  -0.0017 | Raw Avg:   1.7014
  has_contact               | Scaled Avg:   0.0003 | Raw Avg:   0.0143
  hip_pos                   | Scaled Avg:  -0.0034 | Raw Avg:   0.0337
  lin_vel_z                 | Scaled Avg:  -0.0021 | Raw Avg:   0.0262
  orientation               | Scaled Avg:  -0.0001 | Raw Avg:   0.0148
  powers                    | Scaled Avg:  -0.0001 | Raw Avg: 139.9445
  stand_still               | Scaled Avg:  -0.0003 | Raw Avg:   0.0027
  torques                   | Scaled Avg:  -0.0002 | Raw Avg: 1033.3420
  tracking_ang_vel          | Scaled Avg:   0.0154 | Raw Avg:   0.7705
  tracking_lin_vel          | Scaled Avg:   0.0314 | Raw Avg:   0.7844
  TOTAL REWARD              | Scaled Avg:   0.0094
------------------------------

------------------------------
Step: 71000 - Reward Breakdown:
  action_rate               | Scaled Avg:  -0.0158 | Raw Avg:   1.5767
  action_smoothness         | Scaled Avg:  -0.0005 | Raw Avg:   0.2502
  ang_vel_xy                | Scaled Avg:  -0.0027 | Raw Avg:   1.3488
  collision                 | Scaled Avg:  -0.0001 | Raw Avg:   0.0051
  dof_acc                   | Scaled Avg:  -0.0007 | Raw Avg: 147460.3438
  dof_error                 | Scaled Avg:  -0.0008 | Raw Avg:   0.3844
  dof_vel                   | Scaled Avg:  -0.0083 | Raw Avg:  82.8385
  feet_contact_forces       | Scaled Avg:  -0.0000 | Raw Avg:   7.0543
  foot_clearance            | Scaled Avg:  -0.0001 | Raw Avg:   0.0089
  foot_mirror               | Scaled Avg:  -0.0001 | Raw Avg:   0.1102
  foot_slide                | Scaled Avg:  -0.0017 | Raw Avg:   1.6981
  has_contact               | Scaled Avg:   0.0003 | Raw Avg:   0.0164
  hip_pos                   | Scaled Avg:  -0.0032 | Raw Avg:   0.0323
  lin_vel_z                 | Scaled Avg:  -0.0020 | Raw Avg:   0.0254
  orientation               | Scaled Avg:  -0.0001 | Raw Avg:   0.0129
  powers                    | Scaled Avg:  -0.0001 | Raw Avg: 138.4948
  stand_still               | Scaled Avg:  -0.0004 | Raw Avg:   0.0040
  torques                   | Scaled Avg:  -0.0002 | Raw Avg: 1031.6165
  tracking_ang_vel          | Scaled Avg:   0.0154 | Raw Avg:   0.7706
  tracking_lin_vel          | Scaled Avg:   0.0316 | Raw Avg:   0.7908
  TOTAL REWARD              | Scaled Avg:   0.0106
------------------------------

------------------------------
Step: 71500 - Reward Breakdown:
  action_rate               | Scaled Avg:  -0.0164 | Raw Avg:   1.6409
  action_smoothness         | Scaled Avg:  -0.0005 | Raw Avg:   0.2544
  ang_vel_xy                | Scaled Avg:  -0.0027 | Raw Avg:   1.3496
  base_height               | Scaled Avg:  -0.0000 | Raw Avg:   0.0005
  collision                 | Scaled Avg:  -0.0001 | Raw Avg:   0.0049
  dof_acc                   | Scaled Avg:  -0.0009 | Raw Avg: 175788.0312
  dof_error                 | Scaled Avg:  -0.0008 | Raw Avg:   0.4087
  dof_vel                   | Scaled Avg:  -0.0084 | Raw Avg:  84.2245
  feet_contact_forces       | Scaled Avg:  -0.0000 | Raw Avg:   7.2907
  foot_clearance            | Scaled Avg:  -0.0001 | Raw Avg:   0.0095
  foot_mirror               | Scaled Avg:  -0.0001 | Raw Avg:   0.1140
  foot_slide                | Scaled Avg:  -0.0017 | Raw Avg:   1.7168
  has_contact               | Scaled Avg:   0.0004 | Raw Avg:   0.0177
  hip_pos                   | Scaled Avg:  -0.0033 | Raw Avg:   0.0334
  lin_vel_z                 | Scaled Avg:  -0.0021 | Raw Avg:   0.0257
  orientation               | Scaled Avg:  -0.0001 | Raw Avg:   0.0126
  powers                    | Scaled Avg:  -0.0001 | Raw Avg: 137.8105
  stand_still               | Scaled Avg:  -0.0003 | Raw Avg:   0.0028
  torques                   | Scaled Avg:  -0.0002 | Raw Avg: 993.1377
  tracking_ang_vel          | Scaled Avg:   0.0156 | Raw Avg:   0.7807
  tracking_lin_vel          | Scaled Avg:   0.0315 | Raw Avg:   0.7876
  TOTAL REWARD              | Scaled Avg:   0.0097
------------------------------

------------------------------
Step: 72000 - Reward Breakdown:
  action_rate               | Scaled Avg:  -0.0161 | Raw Avg:   1.6111
  action_smoothness         | Scaled Avg:  -0.0005 | Raw Avg:   0.2534
  ang_vel_xy                | Scaled Avg:  -0.0028 | Raw Avg:   1.3866
  base_height               | Scaled Avg:  -0.0000 | Raw Avg:   0.0005
  collision                 | Scaled Avg:  -0.0001 | Raw Avg:   0.0061
  dof_acc                   | Scaled Avg:  -0.0007 | Raw Avg: 148862.6406
  dof_error                 | Scaled Avg:  -0.0008 | Raw Avg:   0.4065
  dof_vel                   | Scaled Avg:  -0.0083 | Raw Avg:  82.8329
  feet_contact_forces       | Scaled Avg:  -0.0000 | Raw Avg:   7.4439
  foot_clearance            | Scaled Avg:  -0.0001 | Raw Avg:   0.0089
  foot_mirror               | Scaled Avg:  -0.0001 | Raw Avg:   0.1217
  foot_slide                | Scaled Avg:  -0.0017 | Raw Avg:   1.7262
  has_contact               | Scaled Avg:   0.0004 | Raw Avg:   0.0203
  hip_pos                   | Scaled Avg:  -0.0033 | Raw Avg:   0.0334
  lin_vel_z                 | Scaled Avg:  -0.0019 | Raw Avg:   0.0240
  orientation               | Scaled Avg:  -0.0001 | Raw Avg:   0.0146
  powers                    | Scaled Avg:  -0.0001 | Raw Avg: 137.3724
  stand_still               | Scaled Avg:  -0.0003 | Raw Avg:   0.0033
  torques                   | Scaled Avg:  -0.0002 | Raw Avg: 1015.2565
  tracking_ang_vel          | Scaled Avg:   0.0154 | Raw Avg:   0.7675
  tracking_lin_vel          | Scaled Avg:   0.0312 | Raw Avg:   0.7802
  TOTAL REWARD              | Scaled Avg:   0.0097
------------------------------
################################################################################
                    [1m Learning iteration 8000/10000 [0m                     

                       Computation: 84035 steps/s (collection: 1.269s, learning 0.472s)
                     surrogate_loss -0.0047
                         value_loss 0.0637
                            entropy 2.2751
                     estimator_loss 0.0000
                         total_loss 0.0817
             Mean action noise std: 0.20
                       Mean reward: 4.02
               Mean episode length: 457.87
      Mean episode rew_action_rate: -0.3998
Mean episode rew_frame_action_rate: -0.0207
Mean episode rew_action_smoothness: -0.0126
Mean episode rew_frame_action_smoothness: -0.0006
       Mean episode rew_ang_vel_xy: -0.0679
 Mean episode rew_frame_ang_vel_xy: -0.0091
      Mean episode rew_base_height: -0.0003
Mean episode rew_frame_base_height: -0.0001
        Mean episode rew_collision: -0.0043
  Mean episode rew_frame_collision: -0.0015
          Mean episode rew_dof_acc: -0.0189
    Mean episode rew_frame_dof_acc: -0.0012
        Mean episode rew_dof_error: -0.0212
  Mean episode rew_frame_dof_error: -0.0029
          Mean episode rew_dof_vel: -0.2030
    Mean episode rew_frame_dof_vel: -0.0156
    Mean episode rew_feet_air_time: 0.0003
Mean episode rew_frame_feet_air_time: 0.0000
Mean episode rew_feet_contact_forces: -0.0006
Mean episode rew_frame_feet_contact_forces: -0.0000
   Mean episode rew_foot_clearance: -0.0022
Mean episode rew_frame_foot_clearance: -0.0002
      Mean episode rew_foot_mirror: -0.0031
Mean episode rew_frame_foot_mirror: -0.0005
       Mean episode rew_foot_slide: -0.0417
 Mean episode rew_frame_foot_slide: -0.0016
      Mean episode rew_has_contact: 0.0050
Mean episode rew_frame_has_contact: 0.0002
          Mean episode rew_hip_pos: -0.0878
    Mean episode rew_frame_hip_pos: -0.0131
        Mean episode rew_lin_vel_z: -0.0496
  Mean episode rew_frame_lin_vel_z: -0.0137
      Mean episode rew_orientation: -0.0016
Mean episode rew_frame_orientation: -0.0005
           Mean episode rew_powers: -0.0014
     Mean episode rew_frame_powers: -0.0001
      Mean episode rew_stand_still: -0.0062
Mean episode rew_frame_stand_still: -0.0001
          Mean episode rew_stumble: -0.0000
    Mean episode rew_frame_stumble: -0.0000
          Mean episode rew_torques: -0.0050
    Mean episode rew_frame_torques: -0.0003
 Mean episode rew_tracking_ang_vel: 0.3809
Mean episode rew_frame_tracking_ang_vel: 0.0106
 Mean episode rew_tracking_lin_vel: 0.7599
Mean episode rew_frame_tracking_lin_vel: 0.0190
Mean episode max_power_throughout_episode: 3624.9211
            Mean episode max_pos_x: 3.5410
            Mean episode min_pos_x: -2.9855
            Mean episode max_pos_y: 4.5497
            Mean episode min_pos_y: -3.0576
        Mean episode timeout_ratio: 0.4315
       Mean episode num_terminated: 11.5833
--------------------------------------------------------------------------------
                   Total timesteps: 4535424
                    Iteration time: 1.74s
                        Total time: 5262.80s
                               ETA: 3507.4s


------------------------------
Step: 72500 - Reward Breakdown:
  action_rate               | Scaled Avg:  -0.0162 | Raw Avg:   1.6167
  action_smoothness         | Scaled Avg:  -0.0005 | Raw Avg:   0.2545
  ang_vel_xy                | Scaled Avg:  -0.0027 | Raw Avg:   1.3740
  collision                 | Scaled Avg:  -0.0001 | Raw Avg:   0.0061
  dof_acc                   | Scaled Avg:  -0.0007 | Raw Avg: 141806.8594
  dof_error                 | Scaled Avg:  -0.0008 | Raw Avg:   0.3937
  dof_vel                   | Scaled Avg:  -0.0083 | Raw Avg:  82.7458
  feet_air_time             | Scaled Avg:   0.0000 | Raw Avg:   0.0003
  feet_contact_forces       | Scaled Avg:  -0.0000 | Raw Avg:   7.8551
  foot_clearance            | Scaled Avg:  -0.0001 | Raw Avg:   0.0084
  foot_mirror               | Scaled Avg:  -0.0001 | Raw Avg:   0.1211
  foot_slide                | Scaled Avg:  -0.0017 | Raw Avg:   1.7246
  has_contact               | Scaled Avg:   0.0003 | Raw Avg:   0.0171
  hip_pos                   | Scaled Avg:  -0.0032 | Raw Avg:   0.0320
  lin_vel_z                 | Scaled Avg:  -0.0019 | Raw Avg:   0.0242
  orientation               | Scaled Avg:  -0.0001 | Raw Avg:   0.0132
  powers                    | Scaled Avg:  -0.0001 | Raw Avg: 135.6114
  stand_still               | Scaled Avg:  -0.0003 | Raw Avg:   0.0035
  torques                   | Scaled Avg:  -0.0002 | Raw Avg: 993.2433
  tracking_ang_vel          | Scaled Avg:   0.0156 | Raw Avg:   0.7785
  tracking_lin_vel          | Scaled Avg:   0.0314 | Raw Avg:   0.7854
  TOTAL REWARD              | Scaled Avg:   0.0103
------------------------------

------------------------------
Step: 73000 - Reward Breakdown:
  action_rate               | Scaled Avg:  -0.0161 | Raw Avg:   1.6090
  action_smoothness         | Scaled Avg:  -0.0005 | Raw Avg:   0.2519
  ang_vel_xy                | Scaled Avg:  -0.0027 | Raw Avg:   1.3371
  base_height               | Scaled Avg:  -0.0000 | Raw Avg:   0.0006
  collision                 | Scaled Avg:  -0.0001 | Raw Avg:   0.0059
  dof_acc                   | Scaled Avg:  -0.0007 | Raw Avg: 135997.9844
  dof_error                 | Scaled Avg:  -0.0008 | Raw Avg:   0.3981
  dof_vel                   | Scaled Avg:  -0.0083 | Raw Avg:  83.2187
  feet_contact_forces       | Scaled Avg:  -0.0000 | Raw Avg:   7.3149
  foot_clearance            | Scaled Avg:  -0.0001 | Raw Avg:   0.0082
  foot_mirror               | Scaled Avg:  -0.0001 | Raw Avg:   0.1107
  foot_slide                | Scaled Avg:  -0.0017 | Raw Avg:   1.7453
  has_contact               | Scaled Avg:   0.0004 | Raw Avg:   0.0187
  hip_pos                   | Scaled Avg:  -0.0032 | Raw Avg:   0.0322
  lin_vel_z                 | Scaled Avg:  -0.0020 | Raw Avg:   0.0248
  orientation               | Scaled Avg:  -0.0001 | Raw Avg:   0.0130
  powers                    | Scaled Avg:  -0.0001 | Raw Avg: 136.5981
  stand_still               | Scaled Avg:  -0.0003 | Raw Avg:   0.0027
  torques                   | Scaled Avg:  -0.0002 | Raw Avg: 999.5127
  tracking_ang_vel          | Scaled Avg:   0.0154 | Raw Avg:   0.7698
  tracking_lin_vel          | Scaled Avg:   0.0315 | Raw Avg:   0.7875
  TOTAL REWARD              | Scaled Avg:   0.0103
------------------------------

------------------------------
Step: 73500 - Reward Breakdown:
  action_rate               | Scaled Avg:  -0.0164 | Raw Avg:   1.6393
  action_smoothness         | Scaled Avg:  -0.0005 | Raw Avg:   0.2550
  ang_vel_xy                | Scaled Avg:  -0.0028 | Raw Avg:   1.4177
  base_height               | Scaled Avg:  -0.0000 | Raw Avg:   0.0006
  collision                 | Scaled Avg:  -0.0001 | Raw Avg:   0.0061
  dof_acc                   | Scaled Avg:  -0.0007 | Raw Avg: 147227.3750
  dof_error                 | Scaled Avg:  -0.0008 | Raw Avg:   0.3904
  dof_vel                   | Scaled Avg:  -0.0085 | Raw Avg:  84.5537
  feet_contact_forces       | Scaled Avg:  -0.0000 | Raw Avg:   7.8206
  foot_clearance            | Scaled Avg:  -0.0001 | Raw Avg:   0.0082
  foot_mirror               | Scaled Avg:  -0.0001 | Raw Avg:   0.1163
  foot_slide                | Scaled Avg:  -0.0017 | Raw Avg:   1.7397
  has_contact               | Scaled Avg:   0.0003 | Raw Avg:   0.0149
  hip_pos                   | Scaled Avg:  -0.0033 | Raw Avg:   0.0328
  lin_vel_z                 | Scaled Avg:  -0.0021 | Raw Avg:   0.0262
  orientation               | Scaled Avg:  -0.0001 | Raw Avg:   0.0146
  powers                    | Scaled Avg:  -0.0001 | Raw Avg: 141.8207
  stand_still               | Scaled Avg:  -0.0003 | Raw Avg:   0.0030
  torques                   | Scaled Avg:  -0.0002 | Raw Avg: 1043.7764
  tracking_ang_vel          | Scaled Avg:   0.0154 | Raw Avg:   0.7692
  tracking_lin_vel          | Scaled Avg:   0.0316 | Raw Avg:   0.7892
  TOTAL REWARD              | Scaled Avg:   0.0095
------------------------------

------------------------------
Step: 74000 - Reward Breakdown:
  action_rate               | Scaled Avg:  -0.0161 | Raw Avg:   1.6067
  action_smoothness         | Scaled Avg:  -0.0005 | Raw Avg:   0.2544
  ang_vel_xy                | Scaled Avg:  -0.0029 | Raw Avg:   1.4264
  collision                 | Scaled Avg:  -0.0001 | Raw Avg:   0.0069
  dof_acc                   | Scaled Avg:  -0.0008 | Raw Avg: 164930.7656
  dof_error                 | Scaled Avg:  -0.0008 | Raw Avg:   0.4077
  dof_vel                   | Scaled Avg:  -0.0083 | Raw Avg:  83.3041
  feet_air_time             | Scaled Avg:   0.0000 | Raw Avg:   0.0004
  feet_contact_forces       | Scaled Avg:  -0.0000 | Raw Avg:   7.6656
  foot_clearance            | Scaled Avg:  -0.0001 | Raw Avg:   0.0090
  foot_mirror               | Scaled Avg:  -0.0001 | Raw Avg:   0.1147
  foot_slide                | Scaled Avg:  -0.0017 | Raw Avg:   1.7034
  has_contact               | Scaled Avg:   0.0004 | Raw Avg:   0.0183
  hip_pos                   | Scaled Avg:  -0.0034 | Raw Avg:   0.0338
  lin_vel_z                 | Scaled Avg:  -0.0020 | Raw Avg:   0.0254
  orientation               | Scaled Avg:  -0.0001 | Raw Avg:   0.0136
  powers                    | Scaled Avg:  -0.0001 | Raw Avg: 139.7801
  stand_still               | Scaled Avg:  -0.0004 | Raw Avg:   0.0038
  torques                   | Scaled Avg:  -0.0002 | Raw Avg: 1031.6292
  tracking_ang_vel          | Scaled Avg:   0.0156 | Raw Avg:   0.7819
  tracking_lin_vel          | Scaled Avg:   0.0318 | Raw Avg:   0.7944
  TOTAL REWARD              | Scaled Avg:   0.0102
------------------------------
################################################################################
                    [1m Learning iteration 8100/10000 [0m                     

                       Computation: 82675 steps/s (collection: 1.295s, learning 0.475s)
                     surrogate_loss -0.0037
                         value_loss 0.0576
                            entropy 2.2982
                     estimator_loss 0.0000
                         total_loss 0.0769
             Mean action noise std: 0.20
                       Mean reward: 7.60
               Mean episode length: 627.25
      Mean episode rew_action_rate: -0.4232
Mean episode rew_frame_action_rate: -0.0205
Mean episode rew_action_smoothness: -0.0134
Mean episode rew_frame_action_smoothness: -0.0006
       Mean episode rew_ang_vel_xy: -0.0701
 Mean episode rew_frame_ang_vel_xy: -0.0087
      Mean episode rew_base_height: -0.0002
Mean episode rew_frame_base_height: -0.0001
        Mean episode rew_collision: -0.0027
  Mean episode rew_frame_collision: -0.0012
          Mean episode rew_dof_acc: -0.0201
    Mean episode rew_frame_dof_acc: -0.0014
        Mean episode rew_dof_error: -0.0201
  Mean episode rew_frame_dof_error: -0.0023
          Mean episode rew_dof_vel: -0.2134
    Mean episode rew_frame_dof_vel: -0.0148
    Mean episode rew_feet_air_time: 0.0001
Mean episode rew_frame_feet_air_time: 0.0000
Mean episode rew_feet_contact_forces: -0.0006
Mean episode rew_frame_feet_contact_forces: -0.0000
   Mean episode rew_foot_clearance: -0.0023
Mean episode rew_frame_foot_clearance: -0.0001
      Mean episode rew_foot_mirror: -0.0029
Mean episode rew_frame_foot_mirror: -0.0003
       Mean episode rew_foot_slide: -0.0442
 Mean episode rew_frame_foot_slide: -0.0016
      Mean episode rew_has_contact: 0.0072
Mean episode rew_frame_has_contact: 0.0002
          Mean episode rew_hip_pos: -0.0828
    Mean episode rew_frame_hip_pos: -0.0117
        Mean episode rew_lin_vel_z: -0.0540
  Mean episode rew_frame_lin_vel_z: -0.0155
      Mean episode rew_orientation: -0.0013
Mean episode rew_frame_orientation: -0.0004
           Mean episode rew_powers: -0.0014
     Mean episode rew_frame_powers: -0.0001
      Mean episode rew_stand_still: -0.0010
Mean episode rew_frame_stand_still: -0.0012
          Mean episode rew_stumble: -0.0000
    Mean episode rew_frame_stumble: -0.0000
          Mean episode rew_torques: -0.0054
    Mean episode rew_frame_torques: -0.0003
 Mean episode rew_tracking_ang_vel: 0.4101
Mean episode rew_frame_tracking_ang_vel: 0.0113
 Mean episode rew_tracking_lin_vel: 0.8335
Mean episode rew_frame_tracking_lin_vel: 0.0205
Mean episode max_power_throughout_episode: 3888.7844
            Mean episode max_pos_x: 4.4734
            Mean episode min_pos_x: -3.5716
            Mean episode max_pos_y: 2.8556
            Mean episode min_pos_y: -4.3010
        Mean episode timeout_ratio: 0.4663
       Mean episode num_terminated: 13.2083
--------------------------------------------------------------------------------
                   Total timesteps: 4681728
                    Iteration time: 1.77s
                        Total time: 5439.12s
                               ETA: 3332.6s


------------------------------
Step: 74500 - Reward Breakdown:
  action_rate               | Scaled Avg:  -0.0161 | Raw Avg:   1.6094
  action_smoothness         | Scaled Avg:  -0.0005 | Raw Avg:   0.2569
  ang_vel_xy                | Scaled Avg:  -0.0027 | Raw Avg:   1.3466
  collision                 | Scaled Avg:  -0.0001 | Raw Avg:   0.0074
  dof_acc                   | Scaled Avg:  -0.0008 | Raw Avg: 165436.1719
  dof_error                 | Scaled Avg:  -0.0008 | Raw Avg:   0.3968
  dof_vel                   | Scaled Avg:  -0.0083 | Raw Avg:  82.6578
  feet_contact_forces       | Scaled Avg:  -0.0000 | Raw Avg:   8.0395
  foot_clearance            | Scaled Avg:  -0.0001 | Raw Avg:   0.0091
  foot_mirror               | Scaled Avg:  -0.0001 | Raw Avg:   0.1100
  foot_slide                | Scaled Avg:  -0.0017 | Raw Avg:   1.6993
  has_contact               | Scaled Avg:   0.0003 | Raw Avg:   0.0169
  hip_pos                   | Scaled Avg:  -0.0031 | Raw Avg:   0.0315
  lin_vel_z                 | Scaled Avg:  -0.0021 | Raw Avg:   0.0265
  orientation               | Scaled Avg:  -0.0001 | Raw Avg:   0.0142
  powers                    | Scaled Avg:  -0.0001 | Raw Avg: 140.2544
  stand_still               | Scaled Avg:  -0.0003 | Raw Avg:   0.0032
  torques                   | Scaled Avg:  -0.0002 | Raw Avg: 1028.7997
  tracking_ang_vel          | Scaled Avg:   0.0155 | Raw Avg:   0.7773
  tracking_lin_vel          | Scaled Avg:   0.0315 | Raw Avg:   0.7883
  TOTAL REWARD              | Scaled Avg:   0.0102
------------------------------

------------------------------
Step: 75000 - Reward Breakdown:
  action_rate               | Scaled Avg:  -0.0165 | Raw Avg:   1.6548
  action_smoothness         | Scaled Avg:  -0.0005 | Raw Avg:   0.2618
  ang_vel_xy                | Scaled Avg:  -0.0028 | Raw Avg:   1.4216
  base_height               | Scaled Avg:  -0.0000 | Raw Avg:   0.0005
  collision                 | Scaled Avg:  -0.0001 | Raw Avg:   0.0059
  dof_acc                   | Scaled Avg:  -0.0008 | Raw Avg: 163783.2656
  dof_error                 | Scaled Avg:  -0.0008 | Raw Avg:   0.4106
  dof_vel                   | Scaled Avg:  -0.0085 | Raw Avg:  84.9109
  feet_contact_forces       | Scaled Avg:  -0.0000 | Raw Avg:   7.7696
  foot_clearance            | Scaled Avg:  -0.0001 | Raw Avg:   0.0093
  foot_mirror               | Scaled Avg:  -0.0001 | Raw Avg:   0.1158
  foot_slide                | Scaled Avg:  -0.0018 | Raw Avg:   1.7532
  has_contact               | Scaled Avg:   0.0004 | Raw Avg:   0.0180
  hip_pos                   | Scaled Avg:  -0.0033 | Raw Avg:   0.0333
  lin_vel_z                 | Scaled Avg:  -0.0021 | Raw Avg:   0.0259
  orientation               | Scaled Avg:  -0.0001 | Raw Avg:   0.0136
  powers                    | Scaled Avg:  -0.0001 | Raw Avg: 136.6261
  stand_still               | Scaled Avg:  -0.0004 | Raw Avg:   0.0039
  torques                   | Scaled Avg:  -0.0002 | Raw Avg: 977.8589
  tracking_ang_vel          | Scaled Avg:   0.0154 | Raw Avg:   0.7715
  tracking_lin_vel          | Scaled Avg:   0.0313 | Raw Avg:   0.7836
  TOTAL REWARD              | Scaled Avg:   0.0089
------------------------------

------------------------------
Step: 75500 - Reward Breakdown:
  action_rate               | Scaled Avg:  -0.0161 | Raw Avg:   1.6089
  action_smoothness         | Scaled Avg:  -0.0005 | Raw Avg:   0.2533
  ang_vel_xy                | Scaled Avg:  -0.0028 | Raw Avg:   1.4142
  collision                 | Scaled Avg:  -0.0002 | Raw Avg:   0.0080
  dof_acc                   | Scaled Avg:  -0.0009 | Raw Avg: 171828.2188
  dof_error                 | Scaled Avg:  -0.0008 | Raw Avg:   0.4077
  dof_vel                   | Scaled Avg:  -0.0084 | Raw Avg:  84.3410
  feet_contact_forces       | Scaled Avg:  -0.0000 | Raw Avg:   7.8195
  foot_clearance            | Scaled Avg:  -0.0001 | Raw Avg:   0.0093
  foot_mirror               | Scaled Avg:  -0.0001 | Raw Avg:   0.1151
  foot_slide                | Scaled Avg:  -0.0017 | Raw Avg:   1.7410
  has_contact               | Scaled Avg:   0.0004 | Raw Avg:   0.0185
  hip_pos                   | Scaled Avg:  -0.0032 | Raw Avg:   0.0321
  lin_vel_z                 | Scaled Avg:  -0.0021 | Raw Avg:   0.0269
  orientation               | Scaled Avg:  -0.0001 | Raw Avg:   0.0150
  powers                    | Scaled Avg:  -0.0001 | Raw Avg: 141.2809
  stand_still               | Scaled Avg:  -0.0003 | Raw Avg:   0.0034
  torques                   | Scaled Avg:  -0.0002 | Raw Avg: 1029.1609
  tracking_ang_vel          | Scaled Avg:   0.0155 | Raw Avg:   0.7726
  tracking_lin_vel          | Scaled Avg:   0.0315 | Raw Avg:   0.7883
  TOTAL REWARD              | Scaled Avg:   0.0097
------------------------------

------------------------------
Step: 76000 - Reward Breakdown:
  action_rate               | Scaled Avg:  -0.0162 | Raw Avg:   1.6218
  action_smoothness         | Scaled Avg:  -0.0005 | Raw Avg:   0.2572
  ang_vel_xy                | Scaled Avg:  -0.0026 | Raw Avg:   1.2839
  base_height               | Scaled Avg:  -0.0000 | Raw Avg:   0.0005
  collision                 | Scaled Avg:  -0.0001 | Raw Avg:   0.0051
  dof_acc                   | Scaled Avg:  -0.0007 | Raw Avg: 138915.0000
  dof_error                 | Scaled Avg:  -0.0008 | Raw Avg:   0.4015
  dof_vel                   | Scaled Avg:  -0.0081 | Raw Avg:  81.2067
  feet_air_time             | Scaled Avg:   0.0000 | Raw Avg:   0.0005
  feet_contact_forces       | Scaled Avg:  -0.0000 | Raw Avg:   7.4851
  foot_clearance            | Scaled Avg:  -0.0001 | Raw Avg:   0.0086
  foot_mirror               | Scaled Avg:  -0.0001 | Raw Avg:   0.1077
  foot_slide                | Scaled Avg:  -0.0017 | Raw Avg:   1.7320
  has_contact               | Scaled Avg:   0.0003 | Raw Avg:   0.0174
  hip_pos                   | Scaled Avg:  -0.0033 | Raw Avg:   0.0326
  lin_vel_z                 | Scaled Avg:  -0.0020 | Raw Avg:   0.0254
  orientation               | Scaled Avg:  -0.0001 | Raw Avg:   0.0143
  powers                    | Scaled Avg:  -0.0001 | Raw Avg: 136.8293
  stand_still               | Scaled Avg:  -0.0003 | Raw Avg:   0.0031
  torques                   | Scaled Avg:  -0.0002 | Raw Avg: 1003.1014
  tracking_ang_vel          | Scaled Avg:   0.0153 | Raw Avg:   0.7674
  tracking_lin_vel          | Scaled Avg:   0.0313 | Raw Avg:   0.7819
  TOTAL REWARD              | Scaled Avg:   0.0101
------------------------------

------------------------------
Step: 76500 - Reward Breakdown:
  action_rate               | Scaled Avg:  -0.0161 | Raw Avg:   1.6082
  action_smoothness         | Scaled Avg:  -0.0005 | Raw Avg:   0.2538
  ang_vel_xy                | Scaled Avg:  -0.0028 | Raw Avg:   1.3810
  base_height               | Scaled Avg:  -0.0000 | Raw Avg:   0.0005
  collision                 | Scaled Avg:  -0.0001 | Raw Avg:   0.0066
  dof_acc                   | Scaled Avg:  -0.0008 | Raw Avg: 160685.4844
  dof_error                 | Scaled Avg:  -0.0008 | Raw Avg:   0.3997
  dof_vel                   | Scaled Avg:  -0.0084 | Raw Avg:  83.8860
  feet_air_time             | Scaled Avg:   0.0000 | Raw Avg:   0.0003
  feet_contact_forces       | Scaled Avg:  -0.0000 | Raw Avg:   7.8832
  foot_clearance            | Scaled Avg:  -0.0001 | Raw Avg:   0.0090
  foot_mirror               | Scaled Avg:  -0.0001 | Raw Avg:   0.1099
  foot_slide                | Scaled Avg:  -0.0017 | Raw Avg:   1.7436
  has_contact               | Scaled Avg:   0.0004 | Raw Avg:   0.0175
  hip_pos                   | Scaled Avg:  -0.0033 | Raw Avg:   0.0333
  lin_vel_z                 | Scaled Avg:  -0.0021 | Raw Avg:   0.0265
  orientation               | Scaled Avg:  -0.0001 | Raw Avg:   0.0147
  powers                    | Scaled Avg:  -0.0001 | Raw Avg: 139.9728
  stand_still               | Scaled Avg:  -0.0003 | Raw Avg:   0.0029
  torques                   | Scaled Avg:  -0.0002 | Raw Avg: 1008.1646
  tracking_ang_vel          | Scaled Avg:   0.0154 | Raw Avg:   0.7711
  tracking_lin_vel          | Scaled Avg:   0.0317 | Raw Avg:   0.7932
  TOTAL REWARD              | Scaled Avg:   0.0100
------------------------------
################################################################################
                    [1m Learning iteration 8200/10000 [0m                     

                       Computation: 82512 steps/s (collection: 1.300s, learning 0.473s)
                     surrogate_loss -0.0031
                         value_loss 0.0512
                            entropy 2.2896
                     estimator_loss 0.0000
                         total_loss 0.0710
             Mean action noise std: 0.20
                       Mean reward: 4.84
               Mean episode length: 526.77
      Mean episode rew_action_rate: -0.4054
Mean episode rew_frame_action_rate: -0.0201
Mean episode rew_action_smoothness: -0.0128
Mean episode rew_frame_action_smoothness: -0.0006
       Mean episode rew_ang_vel_xy: -0.0677
 Mean episode rew_frame_ang_vel_xy: -0.0087
      Mean episode rew_base_height: -0.0002
Mean episode rew_frame_base_height: -0.0001
        Mean episode rew_collision: -0.0030
  Mean episode rew_frame_collision: -0.0012
          Mean episode rew_dof_acc: -0.0196
    Mean episode rew_frame_dof_acc: -0.0014
        Mean episode rew_dof_error: -0.0200
  Mean episode rew_frame_dof_error: -0.0025
          Mean episode rew_dof_vel: -0.2097
    Mean episode rew_frame_dof_vel: -0.0148
    Mean episode rew_feet_air_time: 0.0002
Mean episode rew_frame_feet_air_time: 0.0000
Mean episode rew_feet_contact_forces: -0.0006
Mean episode rew_frame_feet_contact_forces: -0.0000
   Mean episode rew_foot_clearance: -0.0023
Mean episode rew_frame_foot_clearance: -0.0002
      Mean episode rew_foot_mirror: -0.0028
Mean episode rew_frame_foot_mirror: -0.0004
       Mean episode rew_foot_slide: -0.0431
 Mean episode rew_frame_foot_slide: -0.0016
      Mean episode rew_has_contact: 0.0072
Mean episode rew_frame_has_contact: 0.0004
          Mean episode rew_hip_pos: -0.0823
    Mean episode rew_frame_hip_pos: -0.0119
        Mean episode rew_lin_vel_z: -0.0512
  Mean episode rew_frame_lin_vel_z: -0.0127
      Mean episode rew_orientation: -0.0014
Mean episode rew_frame_orientation: -0.0004
           Mean episode rew_powers: -0.0014
     Mean episode rew_frame_powers: -0.0001
      Mean episode rew_stand_still: -0.0057
Mean episode rew_frame_stand_still: -0.0006
          Mean episode rew_stumble: -0.0000
    Mean episode rew_frame_stumble: -0.0000
          Mean episode rew_torques: -0.0049
    Mean episode rew_frame_torques: -0.0002
 Mean episode rew_tracking_ang_vel: 0.3854
Mean episode rew_frame_tracking_ang_vel: 0.0112
 Mean episode rew_tracking_lin_vel: 0.7835
Mean episode rew_frame_tracking_lin_vel: 0.0203
Mean episode max_power_throughout_episode: 3864.2927
            Mean episode max_pos_x: 4.5366
            Mean episode min_pos_x: -2.8800
            Mean episode max_pos_y: 4.2116
            Mean episode min_pos_y: -3.7804
        Mean episode timeout_ratio: 0.4209
       Mean episode num_terminated: 11.8750
--------------------------------------------------------------------------------
                   Total timesteps: 4828032
                    Iteration time: 1.77s
                        Total time: 5615.20s
                               ETA: 3157.6s


------------------------------
Step: 77000 - Reward Breakdown:
  action_rate               | Scaled Avg:  -0.0159 | Raw Avg:   1.5944
  action_smoothness         | Scaled Avg:  -0.0005 | Raw Avg:   0.2522
  ang_vel_xy                | Scaled Avg:  -0.0027 | Raw Avg:   1.3663
  collision                 | Scaled Avg:  -0.0001 | Raw Avg:   0.0071
  dof_acc                   | Scaled Avg:  -0.0008 | Raw Avg: 161589.8125
  dof_error                 | Scaled Avg:  -0.0008 | Raw Avg:   0.3999
  dof_vel                   | Scaled Avg:  -0.0084 | Raw Avg:  83.6328
  feet_contact_forces       | Scaled Avg:  -0.0000 | Raw Avg:   8.4268
  foot_clearance            | Scaled Avg:  -0.0001 | Raw Avg:   0.0095
  foot_mirror               | Scaled Avg:  -0.0001 | Raw Avg:   0.1060
  foot_slide                | Scaled Avg:  -0.0017 | Raw Avg:   1.7218
  has_contact               | Scaled Avg:   0.0004 | Raw Avg:   0.0197
  hip_pos                   | Scaled Avg:  -0.0033 | Raw Avg:   0.0328
  lin_vel_z                 | Scaled Avg:  -0.0023 | Raw Avg:   0.0289
  orientation               | Scaled Avg:  -0.0001 | Raw Avg:   0.0139
  powers                    | Scaled Avg:  -0.0001 | Raw Avg: 137.9717
  stand_still               | Scaled Avg:  -0.0005 | Raw Avg:   0.0050
  torques                   | Scaled Avg:  -0.0002 | Raw Avg: 997.4094
  tracking_ang_vel          | Scaled Avg:   0.0155 | Raw Avg:   0.7735
  tracking_lin_vel          | Scaled Avg:   0.0317 | Raw Avg:   0.7919
  TOTAL REWARD              | Scaled Avg:   0.0099
------------------------------

------------------------------
Step: 77500 - Reward Breakdown:
  action_rate               | Scaled Avg:  -0.0164 | Raw Avg:   1.6393
  action_smoothness         | Scaled Avg:  -0.0005 | Raw Avg:   0.2546
  ang_vel_xy                | Scaled Avg:  -0.0027 | Raw Avg:   1.3496
  collision                 | Scaled Avg:  -0.0001 | Raw Avg:   0.0072
  dof_acc                   | Scaled Avg:  -0.0009 | Raw Avg: 181261.2500
  dof_error                 | Scaled Avg:  -0.0008 | Raw Avg:   0.3907
  dof_vel                   | Scaled Avg:  -0.0084 | Raw Avg:  84.2998
  feet_contact_forces       | Scaled Avg:  -0.0000 | Raw Avg:   8.3875
  foot_clearance            | Scaled Avg:  -0.0001 | Raw Avg:   0.0095
  foot_mirror               | Scaled Avg:  -0.0001 | Raw Avg:   0.1017
  foot_slide                | Scaled Avg:  -0.0017 | Raw Avg:   1.7101
  has_contact               | Scaled Avg:   0.0003 | Raw Avg:   0.0157
  hip_pos                   | Scaled Avg:  -0.0031 | Raw Avg:   0.0306
  lin_vel_z                 | Scaled Avg:  -0.0022 | Raw Avg:   0.0271
  orientation               | Scaled Avg:  -0.0001 | Raw Avg:   0.0147
  powers                    | Scaled Avg:  -0.0001 | Raw Avg: 134.9275
  stand_still               | Scaled Avg:  -0.0003 | Raw Avg:   0.0026
  torques                   | Scaled Avg:  -0.0002 | Raw Avg: 970.0618
  tracking_ang_vel          | Scaled Avg:   0.0153 | Raw Avg:   0.7657
  tracking_lin_vel          | Scaled Avg:   0.0317 | Raw Avg:   0.7919
  TOTAL REWARD              | Scaled Avg:   0.0097
------------------------------

------------------------------
Step: 78000 - Reward Breakdown:
  action_rate               | Scaled Avg:  -0.0161 | Raw Avg:   1.6145
  action_smoothness         | Scaled Avg:  -0.0005 | Raw Avg:   0.2539
  ang_vel_xy                | Scaled Avg:  -0.0027 | Raw Avg:   1.3583
  collision                 | Scaled Avg:  -0.0001 | Raw Avg:   0.0071
  dof_acc                   | Scaled Avg:  -0.0008 | Raw Avg: 159694.0000
  dof_error                 | Scaled Avg:  -0.0008 | Raw Avg:   0.3842
  dof_vel                   | Scaled Avg:  -0.0084 | Raw Avg:  83.5332
  feet_air_time             | Scaled Avg:   0.0000 | Raw Avg:   0.0003
  feet_contact_forces       | Scaled Avg:  -0.0000 | Raw Avg:   8.2586
  foot_clearance            | Scaled Avg:  -0.0001 | Raw Avg:   0.0091
  foot_mirror               | Scaled Avg:  -0.0001 | Raw Avg:   0.1041
  foot_slide                | Scaled Avg:  -0.0017 | Raw Avg:   1.7135
  has_contact               | Scaled Avg:   0.0004 | Raw Avg:   0.0190
  hip_pos                   | Scaled Avg:  -0.0033 | Raw Avg:   0.0327
  lin_vel_z                 | Scaled Avg:  -0.0020 | Raw Avg:   0.0249
  orientation               | Scaled Avg:  -0.0001 | Raw Avg:   0.0135
  powers                    | Scaled Avg:  -0.0001 | Raw Avg: 140.8077
  stand_still               | Scaled Avg:  -0.0004 | Raw Avg:   0.0038
  torques                   | Scaled Avg:  -0.0002 | Raw Avg: 1036.7716
  tracking_ang_vel          | Scaled Avg:   0.0155 | Raw Avg:   0.7767
  tracking_lin_vel          | Scaled Avg:   0.0318 | Raw Avg:   0.7958
  TOTAL REWARD              | Scaled Avg:   0.0104
------------------------------

------------------------------
Step: 78500 - Reward Breakdown:
  action_rate               | Scaled Avg:  -0.0161 | Raw Avg:   1.6067
  action_smoothness         | Scaled Avg:  -0.0005 | Raw Avg:   0.2518
  ang_vel_xy                | Scaled Avg:  -0.0027 | Raw Avg:   1.3323
  collision                 | Scaled Avg:  -0.0001 | Raw Avg:   0.0072
  dof_acc                   | Scaled Avg:  -0.0010 | Raw Avg: 192022.0938
  dof_error                 | Scaled Avg:  -0.0008 | Raw Avg:   0.4138
  dof_vel                   | Scaled Avg:  -0.0084 | Raw Avg:  84.3504
  feet_contact_forces       | Scaled Avg:  -0.0000 | Raw Avg:   8.3388
  foot_clearance            | Scaled Avg:  -0.0001 | Raw Avg:   0.0102
  foot_mirror               | Scaled Avg:  -0.0001 | Raw Avg:   0.1100
  foot_slide                | Scaled Avg:  -0.0017 | Raw Avg:   1.7048
  has_contact               | Scaled Avg:   0.0004 | Raw Avg:   0.0189
  hip_pos                   | Scaled Avg:  -0.0035 | Raw Avg:   0.0346
  lin_vel_z                 | Scaled Avg:  -0.0022 | Raw Avg:   0.0274
  orientation               | Scaled Avg:  -0.0001 | Raw Avg:   0.0149
  powers                    | Scaled Avg:  -0.0001 | Raw Avg: 135.1442
  stand_still               | Scaled Avg:  -0.0004 | Raw Avg:   0.0036
  torques                   | Scaled Avg:  -0.0002 | Raw Avg: 963.5380
  tracking_ang_vel          | Scaled Avg:   0.0154 | Raw Avg:   0.7700
  tracking_lin_vel          | Scaled Avg:   0.0319 | Raw Avg:   0.7969
  TOTAL REWARD              | Scaled Avg:   0.0098
------------------------------

------------------------------
Step: 79000 - Reward Breakdown:
  action_rate               | Scaled Avg:  -0.0158 | Raw Avg:   1.5816
  action_smoothness         | Scaled Avg:  -0.0005 | Raw Avg:   0.2507
  ang_vel_xy                | Scaled Avg:  -0.0027 | Raw Avg:   1.3380
  collision                 | Scaled Avg:  -0.0001 | Raw Avg:   0.0074
  dof_acc                   | Scaled Avg:  -0.0008 | Raw Avg: 150208.3750
  dof_error                 | Scaled Avg:  -0.0008 | Raw Avg:   0.3846
  dof_vel                   | Scaled Avg:  -0.0082 | Raw Avg:  81.6166
  feet_contact_forces       | Scaled Avg:  -0.0000 | Raw Avg:   7.7003
  foot_clearance            | Scaled Avg:  -0.0001 | Raw Avg:   0.0092
  foot_mirror               | Scaled Avg:  -0.0001 | Raw Avg:   0.1030
  foot_slide                | Scaled Avg:  -0.0017 | Raw Avg:   1.7010
  has_contact               | Scaled Avg:   0.0004 | Raw Avg:   0.0194
  hip_pos                   | Scaled Avg:  -0.0032 | Raw Avg:   0.0324
  lin_vel_z                 | Scaled Avg:  -0.0021 | Raw Avg:   0.0257
  orientation               | Scaled Avg:  -0.0000 | Raw Avg:   0.0124
  powers                    | Scaled Avg:  -0.0001 | Raw Avg: 138.3029
  stand_still               | Scaled Avg:  -0.0004 | Raw Avg:   0.0037
  torques                   | Scaled Avg:  -0.0002 | Raw Avg: 1022.4103
  tracking_ang_vel          | Scaled Avg:   0.0155 | Raw Avg:   0.7737
  tracking_lin_vel          | Scaled Avg:   0.0316 | Raw Avg:   0.7900
  TOTAL REWARD              | Scaled Avg:   0.0107
------------------------------
################################################################################
                    [1m Learning iteration 8300/10000 [0m                     

                       Computation: 79331 steps/s (collection: 1.374s, learning 0.470s)
                     surrogate_loss -0.0038
                         value_loss 0.0653
                            entropy 2.2970
                     estimator_loss 0.0000
                         total_loss 0.0845
             Mean action noise std: 0.20
                       Mean reward: 6.08
               Mean episode length: 517.83
      Mean episode rew_action_rate: -0.3974
Mean episode rew_frame_action_rate: -0.0209
Mean episode rew_action_smoothness: -0.0125
Mean episode rew_frame_action_smoothness: -0.0006
       Mean episode rew_ang_vel_xy: -0.0672
 Mean episode rew_frame_ang_vel_xy: -0.0092
      Mean episode rew_base_height: -0.0002
Mean episode rew_frame_base_height: -0.0001
        Mean episode rew_collision: -0.0030
  Mean episode rew_frame_collision: -0.0012
          Mean episode rew_dof_acc: -0.0205
    Mean episode rew_frame_dof_acc: -0.0014
        Mean episode rew_dof_error: -0.0200
  Mean episode rew_frame_dof_error: -0.0028
          Mean episode rew_dof_vel: -0.2038
    Mean episode rew_frame_dof_vel: -0.0154
    Mean episode rew_feet_air_time: 0.0002
Mean episode rew_frame_feet_air_time: 0.0000
Mean episode rew_feet_contact_forces: -0.0006
Mean episode rew_frame_feet_contact_forces: -0.0000
   Mean episode rew_foot_clearance: -0.0024
Mean episode rew_frame_foot_clearance: -0.0002
      Mean episode rew_foot_mirror: -0.0027
Mean episode rew_frame_foot_mirror: -0.0004
       Mean episode rew_foot_slide: -0.0418
 Mean episode rew_frame_foot_slide: -0.0016
      Mean episode rew_has_contact: 0.0082
Mean episode rew_frame_has_contact: 0.0003
          Mean episode rew_hip_pos: -0.0855
    Mean episode rew_frame_hip_pos: -0.0131
        Mean episode rew_lin_vel_z: -0.0513
  Mean episode rew_frame_lin_vel_z: -0.0143
      Mean episode rew_orientation: -0.0014
Mean episode rew_frame_orientation: -0.0005
           Mean episode rew_powers: -0.0014
     Mean episode rew_frame_powers: -0.0001
      Mean episode rew_stand_still: -0.0134
Mean episode rew_frame_stand_still: -0.0003
          Mean episode rew_stumble: -0.0000
    Mean episode rew_frame_stumble: -0.0000
          Mean episode rew_torques: -0.0049
    Mean episode rew_frame_torques: -0.0003
 Mean episode rew_tracking_ang_vel: 0.3795
Mean episode rew_frame_tracking_ang_vel: 0.0107
 Mean episode rew_tracking_lin_vel: 0.7769
Mean episode rew_frame_tracking_lin_vel: 0.0199
Mean episode max_power_throughout_episode: 3838.8193
            Mean episode max_pos_x: 4.1020
            Mean episode min_pos_x: -3.2802
            Mean episode max_pos_y: 3.6210
            Mean episode min_pos_y: -4.0717
        Mean episode timeout_ratio: 0.4339
       Mean episode num_terminated: 12.0000
--------------------------------------------------------------------------------
                   Total timesteps: 4974336
                    Iteration time: 1.84s
                        Total time: 5790.73s
                               ETA: 2982.2s


------------------------------
Step: 79500 - Reward Breakdown:
  action_rate               | Scaled Avg:  -0.0161 | Raw Avg:   1.6079
  action_smoothness         | Scaled Avg:  -0.0005 | Raw Avg:   0.2538
  ang_vel_xy                | Scaled Avg:  -0.0027 | Raw Avg:   1.3691
  collision                 | Scaled Avg:  -0.0001 | Raw Avg:   0.0067
  dof_acc                   | Scaled Avg:  -0.0008 | Raw Avg: 165655.8281
  dof_error                 | Scaled Avg:  -0.0008 | Raw Avg:   0.4005
  dof_vel                   | Scaled Avg:  -0.0085 | Raw Avg:  84.6060
  feet_air_time             | Scaled Avg:   0.0000 | Raw Avg:   0.0003
  feet_contact_forces       | Scaled Avg:  -0.0000 | Raw Avg:   8.0024
  foot_clearance            | Scaled Avg:  -0.0001 | Raw Avg:   0.0092
  foot_mirror               | Scaled Avg:  -0.0001 | Raw Avg:   0.1115
  foot_slide                | Scaled Avg:  -0.0017 | Raw Avg:   1.7245
  has_contact               | Scaled Avg:   0.0004 | Raw Avg:   0.0188
  hip_pos                   | Scaled Avg:  -0.0035 | Raw Avg:   0.0346
  lin_vel_z                 | Scaled Avg:  -0.0022 | Raw Avg:   0.0275
  orientation               | Scaled Avg:  -0.0001 | Raw Avg:   0.0151
  powers                    | Scaled Avg:  -0.0001 | Raw Avg: 142.7761
  stand_still               | Scaled Avg:  -0.0004 | Raw Avg:   0.0037
  torques                   | Scaled Avg:  -0.0002 | Raw Avg: 1068.3016
  tracking_ang_vel          | Scaled Avg:   0.0155 | Raw Avg:   0.7762
  tracking_lin_vel          | Scaled Avg:   0.0314 | Raw Avg:   0.7839
  TOTAL REWARD              | Scaled Avg:   0.0094
------------------------------

------------------------------
Step: 80000 - Reward Breakdown:
  action_rate               | Scaled Avg:  -0.0164 | Raw Avg:   1.6402
  action_smoothness         | Scaled Avg:  -0.0005 | Raw Avg:   0.2561
  ang_vel_xy                | Scaled Avg:  -0.0029 | Raw Avg:   1.4386
  collision                 | Scaled Avg:  -0.0002 | Raw Avg:   0.0087
  dof_acc                   | Scaled Avg:  -0.0009 | Raw Avg: 179927.6406
  dof_error                 | Scaled Avg:  -0.0008 | Raw Avg:   0.4036
  dof_vel                   | Scaled Avg:  -0.0085 | Raw Avg:  84.9466
  feet_contact_forces       | Scaled Avg:  -0.0000 | Raw Avg:   8.3626
  foot_clearance            | Scaled Avg:  -0.0001 | Raw Avg:   0.0094
  foot_mirror               | Scaled Avg:  -0.0001 | Raw Avg:   0.1114
  foot_slide                | Scaled Avg:  -0.0017 | Raw Avg:   1.7174
  has_contact               | Scaled Avg:   0.0003 | Raw Avg:   0.0165
  hip_pos                   | Scaled Avg:  -0.0033 | Raw Avg:   0.0334
  lin_vel_z                 | Scaled Avg:  -0.0021 | Raw Avg:   0.0258
  orientation               | Scaled Avg:  -0.0001 | Raw Avg:   0.0143
  powers                    | Scaled Avg:  -0.0001 | Raw Avg: 145.6048
  stand_still               | Scaled Avg:  -0.0004 | Raw Avg:   0.0041
  torques                   | Scaled Avg:  -0.0002 | Raw Avg: 1081.1273
  tracking_ang_vel          | Scaled Avg:   0.0155 | Raw Avg:   0.7726
  tracking_lin_vel          | Scaled Avg:   0.0317 | Raw Avg:   0.7932
  TOTAL REWARD              | Scaled Avg:   0.0092
------------------------------

------------------------------
Step: 80500 - Reward Breakdown:
  action_rate               | Scaled Avg:  -0.0165 | Raw Avg:   1.6482
  action_smoothness         | Scaled Avg:  -0.0005 | Raw Avg:   0.2576
  ang_vel_xy                | Scaled Avg:  -0.0029 | Raw Avg:   1.4565
  collision                 | Scaled Avg:  -0.0001 | Raw Avg:   0.0064
  dof_acc                   | Scaled Avg:  -0.0009 | Raw Avg: 173234.5312
  dof_error                 | Scaled Avg:  -0.0008 | Raw Avg:   0.4003
  dof_vel                   | Scaled Avg:  -0.0084 | Raw Avg:  84.2175
  feet_contact_forces       | Scaled Avg:  -0.0000 | Raw Avg:   8.9992
  foot_clearance            | Scaled Avg:  -0.0001 | Raw Avg:   0.0096
  foot_mirror               | Scaled Avg:  -0.0001 | Raw Avg:   0.1055
  foot_slide                | Scaled Avg:  -0.0017 | Raw Avg:   1.6891
  has_contact               | Scaled Avg:   0.0003 | Raw Avg:   0.0173
  hip_pos                   | Scaled Avg:  -0.0032 | Raw Avg:   0.0319
  lin_vel_z                 | Scaled Avg:  -0.0021 | Raw Avg:   0.0266
  orientation               | Scaled Avg:  -0.0001 | Raw Avg:   0.0145
  powers                    | Scaled Avg:  -0.0001 | Raw Avg: 147.7590
  stand_still               | Scaled Avg:  -0.0002 | Raw Avg:   0.0020
  torques                   | Scaled Avg:  -0.0002 | Raw Avg: 1143.0677
  tracking_ang_vel          | Scaled Avg:   0.0155 | Raw Avg:   0.7735
  tracking_lin_vel          | Scaled Avg:   0.0313 | Raw Avg:   0.7836
  TOTAL REWARD              | Scaled Avg:   0.0092
------------------------------

------------------------------
Step: 81000 - Reward Breakdown:
  action_rate               | Scaled Avg:  -0.0163 | Raw Avg:   1.6332
  action_smoothness         | Scaled Avg:  -0.0005 | Raw Avg:   0.2562
  ang_vel_xy                | Scaled Avg:  -0.0026 | Raw Avg:   1.3189
  collision                 | Scaled Avg:  -0.0001 | Raw Avg:   0.0048
  dof_acc                   | Scaled Avg:  -0.0008 | Raw Avg: 160547.5312
  dof_error                 | Scaled Avg:  -0.0008 | Raw Avg:   0.3881
  dof_vel                   | Scaled Avg:  -0.0079 | Raw Avg:  79.2132
  feet_contact_forces       | Scaled Avg:  -0.0000 | Raw Avg:   7.7587
  foot_clearance            | Scaled Avg:  -0.0001 | Raw Avg:   0.0098
  foot_mirror               | Scaled Avg:  -0.0001 | Raw Avg:   0.1031
  foot_slide                | Scaled Avg:  -0.0017 | Raw Avg:   1.7185
  has_contact               | Scaled Avg:   0.0004 | Raw Avg:   0.0181
  hip_pos                   | Scaled Avg:  -0.0031 | Raw Avg:   0.0314
  lin_vel_z                 | Scaled Avg:  -0.0021 | Raw Avg:   0.0263
  orientation               | Scaled Avg:  -0.0000 | Raw Avg:   0.0123
  powers                    | Scaled Avg:  -0.0001 | Raw Avg: 135.7029
  stand_still               | Scaled Avg:  -0.0005 | Raw Avg:   0.0049
  torques                   | Scaled Avg:  -0.0002 | Raw Avg: 1007.0039
  tracking_ang_vel          | Scaled Avg:   0.0156 | Raw Avg:   0.7782
  tracking_lin_vel          | Scaled Avg:   0.0315 | Raw Avg:   0.7864
  TOTAL REWARD              | Scaled Avg:   0.0103
------------------------------

------------------------------
Step: 81500 - Reward Breakdown:
  action_rate               | Scaled Avg:  -0.0158 | Raw Avg:   1.5842
  action_smoothness         | Scaled Avg:  -0.0005 | Raw Avg:   0.2525
  ang_vel_xy                | Scaled Avg:  -0.0026 | Raw Avg:   1.2896
  collision                 | Scaled Avg:  -0.0001 | Raw Avg:   0.0057
  dof_acc                   | Scaled Avg:  -0.0008 | Raw Avg: 158815.8281
  dof_error                 | Scaled Avg:  -0.0008 | Raw Avg:   0.3860
  dof_vel                   | Scaled Avg:  -0.0079 | Raw Avg:  79.0305
  feet_contact_forces       | Scaled Avg:  -0.0000 | Raw Avg:   7.0970
  foot_clearance            | Scaled Avg:  -0.0001 | Raw Avg:   0.0092
  foot_mirror               | Scaled Avg:  -0.0001 | Raw Avg:   0.1059
  foot_slide                | Scaled Avg:  -0.0017 | Raw Avg:   1.7119
  has_contact               | Scaled Avg:   0.0004 | Raw Avg:   0.0192
  hip_pos                   | Scaled Avg:  -0.0031 | Raw Avg:   0.0309
  lin_vel_z                 | Scaled Avg:  -0.0020 | Raw Avg:   0.0253
  orientation               | Scaled Avg:  -0.0001 | Raw Avg:   0.0129
  powers                    | Scaled Avg:  -0.0001 | Raw Avg: 133.2799
  stand_still               | Scaled Avg:  -0.0004 | Raw Avg:   0.0038
  torques                   | Scaled Avg:  -0.0002 | Raw Avg: 996.9807
  tracking_ang_vel          | Scaled Avg:   0.0153 | Raw Avg:   0.7673
  tracking_lin_vel          | Scaled Avg:   0.0312 | Raw Avg:   0.7795
  TOTAL REWARD              | Scaled Avg:   0.0107
------------------------------
################################################################################
                    [1m Learning iteration 8400/10000 [0m                     

                       Computation: 82541 steps/s (collection: 1.302s, learning 0.470s)
                     surrogate_loss -0.0037
                         value_loss 0.0627
                            entropy 2.2910
                     estimator_loss 0.0000
                         total_loss 0.0819
             Mean action noise std: 0.20
                       Mean reward: 5.32
               Mean episode length: 500.86
      Mean episode rew_action_rate: -0.4359
Mean episode rew_frame_action_rate: -0.0204
Mean episode rew_action_smoothness: -0.0137
Mean episode rew_frame_action_smoothness: -0.0006
       Mean episode rew_ang_vel_xy: -0.0728
 Mean episode rew_frame_ang_vel_xy: -0.0088
      Mean episode rew_base_height: -0.0002
Mean episode rew_frame_base_height: -0.0001
        Mean episode rew_collision: -0.0025
  Mean episode rew_frame_collision: -0.0009
          Mean episode rew_dof_acc: -0.0216
    Mean episode rew_frame_dof_acc: -0.0014
        Mean episode rew_dof_error: -0.0209
  Mean episode rew_frame_dof_error: -0.0023
          Mean episode rew_dof_vel: -0.2212
    Mean episode rew_frame_dof_vel: -0.0150
    Mean episode rew_feet_air_time: 0.0002
Mean episode rew_frame_feet_air_time: 0.0000
Mean episode rew_feet_contact_forces: -0.0006
Mean episode rew_frame_feet_contact_forces: -0.0000
   Mean episode rew_foot_clearance: -0.0025
Mean episode rew_frame_foot_clearance: -0.0001
      Mean episode rew_foot_mirror: -0.0028
Mean episode rew_frame_foot_mirror: -0.0004
       Mean episode rew_foot_slide: -0.0470
 Mean episode rew_frame_foot_slide: -0.0017
      Mean episode rew_has_contact: 0.0092
Mean episode rew_frame_has_contact: 0.0002
          Mean episode rew_hip_pos: -0.0850
    Mean episode rew_frame_hip_pos: -0.0120
        Mean episode rew_lin_vel_z: -0.0519
  Mean episode rew_frame_lin_vel_z: -0.0126
      Mean episode rew_orientation: -0.0013
Mean episode rew_frame_orientation: -0.0004
           Mean episode rew_powers: -0.0015
     Mean episode rew_frame_powers: -0.0001
      Mean episode rew_stand_still: -0.0044
Mean episode rew_frame_stand_still: -0.0001
          Mean episode rew_stumble: -0.0000
    Mean episode rew_frame_stumble: -0.0000
          Mean episode rew_torques: -0.0055
    Mean episode rew_frame_torques: -0.0003
 Mean episode rew_tracking_ang_vel: 0.4159
Mean episode rew_frame_tracking_ang_vel: 0.0111
 Mean episode rew_tracking_lin_vel: 0.8461
Mean episode rew_frame_tracking_lin_vel: 0.0200
Mean episode max_power_throughout_episode: 3620.9075
            Mean episode max_pos_x: 5.0542
            Mean episode min_pos_x: -3.6201
            Mean episode max_pos_y: 4.6962
            Mean episode min_pos_y: -3.8632
        Mean episode timeout_ratio: 0.4673
       Mean episode num_terminated: 12.2083
--------------------------------------------------------------------------------
                   Total timesteps: 5120640
                    Iteration time: 1.77s
                        Total time: 5966.59s
                               ETA: 2807.0s


------------------------------
Step: 82000 - Reward Breakdown:
  action_rate               | Scaled Avg:  -0.0160 | Raw Avg:   1.5958
  action_smoothness         | Scaled Avg:  -0.0005 | Raw Avg:   0.2534
  ang_vel_xy                | Scaled Avg:  -0.0027 | Raw Avg:   1.3559
  collision                 | Scaled Avg:  -0.0001 | Raw Avg:   0.0062
  dof_acc                   | Scaled Avg:  -0.0009 | Raw Avg: 182374.0938
  dof_error                 | Scaled Avg:  -0.0008 | Raw Avg:   0.3988
  dof_vel                   | Scaled Avg:  -0.0084 | Raw Avg:  84.0827
  feet_contact_forces       | Scaled Avg:  -0.0000 | Raw Avg:   7.4016
  foot_clearance            | Scaled Avg:  -0.0001 | Raw Avg:   0.0098
  foot_mirror               | Scaled Avg:  -0.0001 | Raw Avg:   0.1017
  foot_slide                | Scaled Avg:  -0.0018 | Raw Avg:   1.7758
  has_contact               | Scaled Avg:   0.0004 | Raw Avg:   0.0176
  hip_pos                   | Scaled Avg:  -0.0033 | Raw Avg:   0.0330
  lin_vel_z                 | Scaled Avg:  -0.0021 | Raw Avg:   0.0260
  orientation               | Scaled Avg:  -0.0001 | Raw Avg:   0.0130
  powers                    | Scaled Avg:  -0.0001 | Raw Avg: 139.1527
  stand_still               | Scaled Avg:  -0.0003 | Raw Avg:   0.0033
  torques                   | Scaled Avg:  -0.0002 | Raw Avg: 1007.4134
  tracking_ang_vel          | Scaled Avg:   0.0154 | Raw Avg:   0.7697
  tracking_lin_vel          | Scaled Avg:   0.0316 | Raw Avg:   0.7894
  TOTAL REWARD              | Scaled Avg:   0.0099
------------------------------

------------------------------
Step: 82500 - Reward Breakdown:
  action_rate               | Scaled Avg:  -0.0159 | Raw Avg:   1.5870
  action_smoothness         | Scaled Avg:  -0.0005 | Raw Avg:   0.2526
  ang_vel_xy                | Scaled Avg:  -0.0027 | Raw Avg:   1.3538
  collision                 | Scaled Avg:  -0.0001 | Raw Avg:   0.0059
  dof_acc                   | Scaled Avg:  -0.0008 | Raw Avg: 166648.8438
  dof_error                 | Scaled Avg:  -0.0008 | Raw Avg:   0.4000
  dof_vel                   | Scaled Avg:  -0.0081 | Raw Avg:  81.0569
  feet_contact_forces       | Scaled Avg:  -0.0000 | Raw Avg:   7.1293
  foot_clearance            | Scaled Avg:  -0.0001 | Raw Avg:   0.0092
  foot_mirror               | Scaled Avg:  -0.0001 | Raw Avg:   0.1108
  foot_slide                | Scaled Avg:  -0.0017 | Raw Avg:   1.7277
  has_contact               | Scaled Avg:   0.0004 | Raw Avg:   0.0192
  hip_pos                   | Scaled Avg:  -0.0032 | Raw Avg:   0.0316
  lin_vel_z                 | Scaled Avg:  -0.0019 | Raw Avg:   0.0232
  orientation               | Scaled Avg:  -0.0001 | Raw Avg:   0.0143
  powers                    | Scaled Avg:  -0.0001 | Raw Avg: 134.4864
  stand_still               | Scaled Avg:  -0.0003 | Raw Avg:   0.0034
  torques                   | Scaled Avg:  -0.0002 | Raw Avg: 977.3041
  tracking_ang_vel          | Scaled Avg:   0.0153 | Raw Avg:   0.7631
  tracking_lin_vel          | Scaled Avg:   0.0309 | Raw Avg:   0.7718
  TOTAL REWARD              | Scaled Avg:   0.0100
------------------------------

------------------------------
Step: 83000 - Reward Breakdown:
  action_rate               | Scaled Avg:  -0.0162 | Raw Avg:   1.6162
  action_smoothness         | Scaled Avg:  -0.0005 | Raw Avg:   0.2522
  ang_vel_xy                | Scaled Avg:  -0.0026 | Raw Avg:   1.2880
  collision                 | Scaled Avg:  -0.0001 | Raw Avg:   0.0054
  dof_acc                   | Scaled Avg:  -0.0008 | Raw Avg: 160860.8125
  dof_error                 | Scaled Avg:  -0.0008 | Raw Avg:   0.4037
  dof_vel                   | Scaled Avg:  -0.0081 | Raw Avg:  81.4849
  feet_contact_forces       | Scaled Avg:  -0.0000 | Raw Avg:   7.1941
  foot_clearance            | Scaled Avg:  -0.0001 | Raw Avg:   0.0092
  foot_mirror               | Scaled Avg:  -0.0001 | Raw Avg:   0.1150
  foot_slide                | Scaled Avg:  -0.0017 | Raw Avg:   1.7008
  has_contact               | Scaled Avg:   0.0004 | Raw Avg:   0.0188
  hip_pos                   | Scaled Avg:  -0.0032 | Raw Avg:   0.0324
  lin_vel_z                 | Scaled Avg:  -0.0021 | Raw Avg:   0.0265
  orientation               | Scaled Avg:  -0.0001 | Raw Avg:   0.0142
  powers                    | Scaled Avg:  -0.0001 | Raw Avg: 132.6341
  stand_still               | Scaled Avg:  -0.0003 | Raw Avg:   0.0025
  torques                   | Scaled Avg:  -0.0002 | Raw Avg: 945.8771
  tracking_ang_vel          | Scaled Avg:   0.0155 | Raw Avg:   0.7732
  tracking_lin_vel          | Scaled Avg:   0.0313 | Raw Avg:   0.7830
  TOTAL REWARD              | Scaled Avg:   0.0102
------------------------------

------------------------------
Step: 83500 - Reward Breakdown:
  action_rate               | Scaled Avg:  -0.0160 | Raw Avg:   1.6048
  action_smoothness         | Scaled Avg:  -0.0005 | Raw Avg:   0.2515
  ang_vel_xy                | Scaled Avg:  -0.0026 | Raw Avg:   1.2904
  collision                 | Scaled Avg:  -0.0001 | Raw Avg:   0.0054
  dof_acc                   | Scaled Avg:  -0.0008 | Raw Avg: 162259.0312
  dof_error                 | Scaled Avg:  -0.0008 | Raw Avg:   0.4038
  dof_vel                   | Scaled Avg:  -0.0082 | Raw Avg:  81.6081
  feet_air_time             | Scaled Avg:   0.0000 | Raw Avg:   0.0008
  feet_contact_forces       | Scaled Avg:  -0.0000 | Raw Avg:   8.4370
  foot_clearance            | Scaled Avg:  -0.0001 | Raw Avg:   0.0093
  foot_mirror               | Scaled Avg:  -0.0001 | Raw Avg:   0.1211
  foot_slide                | Scaled Avg:  -0.0017 | Raw Avg:   1.6918
  has_contact               | Scaled Avg:   0.0004 | Raw Avg:   0.0193
  hip_pos                   | Scaled Avg:  -0.0032 | Raw Avg:   0.0318
  lin_vel_z                 | Scaled Avg:  -0.0020 | Raw Avg:   0.0250
  orientation               | Scaled Avg:  -0.0001 | Raw Avg:   0.0133
  powers                    | Scaled Avg:  -0.0001 | Raw Avg: 133.9604
  stand_still               | Scaled Avg:  -0.0004 | Raw Avg:   0.0036
  torques                   | Scaled Avg:  -0.0002 | Raw Avg: 984.2123
  tracking_ang_vel          | Scaled Avg:   0.0156 | Raw Avg:   0.7776
  tracking_lin_vel          | Scaled Avg:   0.0314 | Raw Avg:   0.7844
  TOTAL REWARD              | Scaled Avg:   0.0105
------------------------------

------------------------------
Step: 84000 - Reward Breakdown:
  action_rate               | Scaled Avg:  -0.0161 | Raw Avg:   1.6097
  action_smoothness         | Scaled Avg:  -0.0005 | Raw Avg:   0.2551
  ang_vel_xy                | Scaled Avg:  -0.0026 | Raw Avg:   1.3194
  collision                 | Scaled Avg:  -0.0001 | Raw Avg:   0.0059
  dof_acc                   | Scaled Avg:  -0.0009 | Raw Avg: 172069.2969
  dof_error                 | Scaled Avg:  -0.0008 | Raw Avg:   0.4074
  dof_vel                   | Scaled Avg:  -0.0081 | Raw Avg:  80.8200
  feet_contact_forces       | Scaled Avg:  -0.0000 | Raw Avg:   8.0370
  foot_clearance            | Scaled Avg:  -0.0001 | Raw Avg:   0.0095
  foot_mirror               | Scaled Avg:  -0.0001 | Raw Avg:   0.1129
  foot_slide                | Scaled Avg:  -0.0017 | Raw Avg:   1.6926
  has_contact               | Scaled Avg:   0.0004 | Raw Avg:   0.0176
  hip_pos                   | Scaled Avg:  -0.0033 | Raw Avg:   0.0331
  lin_vel_z                 | Scaled Avg:  -0.0021 | Raw Avg:   0.0258
  orientation               | Scaled Avg:  -0.0000 | Raw Avg:   0.0125
  powers                    | Scaled Avg:  -0.0001 | Raw Avg: 138.3838
  stand_still               | Scaled Avg:  -0.0005 | Raw Avg:   0.0045
  torques                   | Scaled Avg:  -0.0002 | Raw Avg: 1029.7423
  tracking_ang_vel          | Scaled Avg:   0.0155 | Raw Avg:   0.7744
  tracking_lin_vel          | Scaled Avg:   0.0312 | Raw Avg:   0.7794
  TOTAL REWARD              | Scaled Avg:   0.0098
------------------------------
################################################################################
                    [1m Learning iteration 8500/10000 [0m                     

                       Computation: 82994 steps/s (collection: 1.292s, learning 0.471s)
                     surrogate_loss -0.0049
                         value_loss 0.0650
                            entropy 2.2550
                     estimator_loss 0.0000
                         total_loss 0.0827
             Mean action noise std: 0.20
                       Mean reward: 7.23
               Mean episode length: 599.50
      Mean episode rew_action_rate: -0.4146
Mean episode rew_frame_action_rate: -0.0204
Mean episode rew_action_smoothness: -0.0131
Mean episode rew_frame_action_smoothness: -0.0006
       Mean episode rew_ang_vel_xy: -0.0675
 Mean episode rew_frame_ang_vel_xy: -0.0080
      Mean episode rew_base_height: -0.0002
Mean episode rew_frame_base_height: -0.0001
        Mean episode rew_collision: -0.0027
  Mean episode rew_frame_collision: -0.0009
          Mean episode rew_dof_acc: -0.0198
    Mean episode rew_frame_dof_acc: -0.0014
        Mean episode rew_dof_error: -0.0205
  Mean episode rew_frame_dof_error: -0.0024
          Mean episode rew_dof_vel: -0.2058
    Mean episode rew_frame_dof_vel: -0.0142
    Mean episode rew_feet_air_time: 0.0001
Mean episode rew_frame_feet_air_time: 0.0000
Mean episode rew_feet_contact_forces: -0.0006
Mean episode rew_frame_feet_contact_forces: -0.0000
   Mean episode rew_foot_clearance: -0.0024
Mean episode rew_frame_foot_clearance: -0.0002
      Mean episode rew_foot_mirror: -0.0030
Mean episode rew_frame_foot_mirror: -0.0004
       Mean episode rew_foot_slide: -0.0430
 Mean episode rew_frame_foot_slide: -0.0016
      Mean episode rew_has_contact: 0.0125
Mean episode rew_frame_has_contact: 0.0004
          Mean episode rew_hip_pos: -0.0850
    Mean episode rew_frame_hip_pos: -0.0125
        Mean episode rew_lin_vel_z: -0.0524
  Mean episode rew_frame_lin_vel_z: -0.0139
      Mean episode rew_orientation: -0.0013
Mean episode rew_frame_orientation: -0.0004
           Mean episode rew_powers: -0.0014
     Mean episode rew_frame_powers: -0.0001
      Mean episode rew_stand_still: -0.0135
Mean episode rew_frame_stand_still: -0.0015
          Mean episode rew_stumble: -0.0000
    Mean episode rew_frame_stumble: -0.0000
          Mean episode rew_torques: -0.0050
    Mean episode rew_frame_torques: -0.0003
 Mean episode rew_tracking_ang_vel: 0.4044
Mean episode rew_frame_tracking_ang_vel: 0.0111
 Mean episode rew_tracking_lin_vel: 0.8162
Mean episode rew_frame_tracking_lin_vel: 0.0200
Mean episode max_power_throughout_episode: 3687.5076
            Mean episode max_pos_x: 4.4575
            Mean episode min_pos_x: -3.6414
            Mean episode max_pos_y: 3.6092
            Mean episode min_pos_y: -3.4114
        Mean episode timeout_ratio: 0.4733
       Mean episode num_terminated: 11.7500
--------------------------------------------------------------------------------
                   Total timesteps: 5266944
                    Iteration time: 1.76s
                        Total time: 6141.66s
                               ETA: 2631.4s


------------------------------
Step: 84500 - Reward Breakdown:
  action_rate               | Scaled Avg:  -0.0160 | Raw Avg:   1.5957
  action_smoothness         | Scaled Avg:  -0.0005 | Raw Avg:   0.2561
  ang_vel_xy                | Scaled Avg:  -0.0027 | Raw Avg:   1.3402
  collision                 | Scaled Avg:  -0.0001 | Raw Avg:   0.0057
  dof_acc                   | Scaled Avg:  -0.0009 | Raw Avg: 174506.1562
  dof_error                 | Scaled Avg:  -0.0008 | Raw Avg:   0.4149
  dof_vel                   | Scaled Avg:  -0.0081 | Raw Avg:  80.8195
  feet_contact_forces       | Scaled Avg:  -0.0000 | Raw Avg:   7.7665
  foot_clearance            | Scaled Avg:  -0.0001 | Raw Avg:   0.0101
  foot_mirror               | Scaled Avg:  -0.0001 | Raw Avg:   0.1108
  foot_slide                | Scaled Avg:  -0.0017 | Raw Avg:   1.7406
  has_contact               | Scaled Avg:   0.0003 | Raw Avg:   0.0161
  hip_pos                   | Scaled Avg:  -0.0032 | Raw Avg:   0.0321
  lin_vel_z                 | Scaled Avg:  -0.0021 | Raw Avg:   0.0258
  orientation               | Scaled Avg:  -0.0001 | Raw Avg:   0.0130
  powers                    | Scaled Avg:  -0.0001 | Raw Avg: 131.6942
  stand_still               | Scaled Avg:  -0.0003 | Raw Avg:   0.0026
  torques                   | Scaled Avg:  -0.0002 | Raw Avg: 938.5692
  tracking_ang_vel          | Scaled Avg:   0.0157 | Raw Avg:   0.7839
  tracking_lin_vel          | Scaled Avg:   0.0310 | Raw Avg:   0.7762
  TOTAL REWARD              | Scaled Avg:   0.0102
------------------------------

------------------------------
Step: 85000 - Reward Breakdown:
  action_rate               | Scaled Avg:  -0.0157 | Raw Avg:   1.5707
  action_smoothness         | Scaled Avg:  -0.0005 | Raw Avg:   0.2527
  ang_vel_xy                | Scaled Avg:  -0.0026 | Raw Avg:   1.3052
  collision                 | Scaled Avg:  -0.0001 | Raw Avg:   0.0069
  dof_acc                   | Scaled Avg:  -0.0009 | Raw Avg: 171354.4219
  dof_error                 | Scaled Avg:  -0.0008 | Raw Avg:   0.4049
  dof_vel                   | Scaled Avg:  -0.0080 | Raw Avg:  80.1183
  feet_contact_forces       | Scaled Avg:  -0.0000 | Raw Avg:   7.6414
  foot_clearance            | Scaled Avg:  -0.0001 | Raw Avg:   0.0101
  foot_mirror               | Scaled Avg:  -0.0001 | Raw Avg:   0.1082
  foot_slide                | Scaled Avg:  -0.0017 | Raw Avg:   1.7201
  has_contact               | Scaled Avg:   0.0003 | Raw Avg:   0.0167
  hip_pos                   | Scaled Avg:  -0.0032 | Raw Avg:   0.0318
  lin_vel_z                 | Scaled Avg:  -0.0018 | Raw Avg:   0.0224
  orientation               | Scaled Avg:  -0.0000 | Raw Avg:   0.0123
  powers                    | Scaled Avg:  -0.0001 | Raw Avg: 129.2843
  stand_still               | Scaled Avg:  -0.0002 | Raw Avg:   0.0017
  torques                   | Scaled Avg:  -0.0002 | Raw Avg: 918.2019
  tracking_ang_vel          | Scaled Avg:   0.0156 | Raw Avg:   0.7805
  tracking_lin_vel          | Scaled Avg:   0.0313 | Raw Avg:   0.7813
  TOTAL REWARD              | Scaled Avg:   0.0112
------------------------------

------------------------------
Step: 85500 - Reward Breakdown:
  action_rate               | Scaled Avg:  -0.0162 | Raw Avg:   1.6181
  action_smoothness         | Scaled Avg:  -0.0005 | Raw Avg:   0.2569
  ang_vel_xy                | Scaled Avg:  -0.0026 | Raw Avg:   1.3199
  collision                 | Scaled Avg:  -0.0002 | Raw Avg:   0.0075
  dof_acc                   | Scaled Avg:  -0.0008 | Raw Avg: 161070.0938
  dof_error                 | Scaled Avg:  -0.0008 | Raw Avg:   0.4071
  dof_vel                   | Scaled Avg:  -0.0083 | Raw Avg:  82.5159
  feet_contact_forces       | Scaled Avg:  -0.0000 | Raw Avg:   7.6261
  foot_clearance            | Scaled Avg:  -0.0001 | Raw Avg:   0.0099
  foot_mirror               | Scaled Avg:  -0.0001 | Raw Avg:   0.1136
  foot_slide                | Scaled Avg:  -0.0017 | Raw Avg:   1.7372
  has_contact               | Scaled Avg:   0.0003 | Raw Avg:   0.0174
  hip_pos                   | Scaled Avg:  -0.0033 | Raw Avg:   0.0333
  lin_vel_z                 | Scaled Avg:  -0.0019 | Raw Avg:   0.0233
  orientation               | Scaled Avg:  -0.0001 | Raw Avg:   0.0135
  powers                    | Scaled Avg:  -0.0001 | Raw Avg: 134.9290
  stand_still               | Scaled Avg:  -0.0003 | Raw Avg:   0.0031
  torques                   | Scaled Avg:  -0.0002 | Raw Avg: 973.7865
  tracking_ang_vel          | Scaled Avg:   0.0156 | Raw Avg:   0.7777
  tracking_lin_vel          | Scaled Avg:   0.0317 | Raw Avg:   0.7921
  TOTAL REWARD              | Scaled Avg:   0.0105
------------------------------

------------------------------
Step: 86000 - Reward Breakdown:
  action_rate               | Scaled Avg:  -0.0162 | Raw Avg:   1.6184
  action_smoothness         | Scaled Avg:  -0.0005 | Raw Avg:   0.2546
  ang_vel_xy                | Scaled Avg:  -0.0026 | Raw Avg:   1.3118
  collision                 | Scaled Avg:  -0.0002 | Raw Avg:   0.0085
  dof_acc                   | Scaled Avg:  -0.0008 | Raw Avg: 167730.1250
  dof_error                 | Scaled Avg:  -0.0008 | Raw Avg:   0.3957
  dof_vel                   | Scaled Avg:  -0.0083 | Raw Avg:  83.1784
  feet_contact_forces       | Scaled Avg:  -0.0000 | Raw Avg:   7.6232
  foot_clearance            | Scaled Avg:  -0.0001 | Raw Avg:   0.0096
  foot_mirror               | Scaled Avg:  -0.0001 | Raw Avg:   0.1095
  foot_slide                | Scaled Avg:  -0.0017 | Raw Avg:   1.7350
  has_contact               | Scaled Avg:   0.0003 | Raw Avg:   0.0170
  hip_pos                   | Scaled Avg:  -0.0033 | Raw Avg:   0.0331
  lin_vel_z                 | Scaled Avg:  -0.0019 | Raw Avg:   0.0243
  orientation               | Scaled Avg:  -0.0001 | Raw Avg:   0.0133
  powers                    | Scaled Avg:  -0.0001 | Raw Avg: 133.9462
  stand_still               | Scaled Avg:  -0.0004 | Raw Avg:   0.0041
  torques                   | Scaled Avg:  -0.0002 | Raw Avg: 953.4089
  tracking_ang_vel          | Scaled Avg:   0.0156 | Raw Avg:   0.7801
  tracking_lin_vel          | Scaled Avg:   0.0318 | Raw Avg:   0.7947
  TOTAL REWARD              | Scaled Avg:   0.0104
------------------------------
################################################################################
                    [1m Learning iteration 8600/10000 [0m                     

                       Computation: 76489 steps/s (collection: 1.442s, learning 0.470s)
                     surrogate_loss -0.0007
                         value_loss 0.1357
                            entropy 2.1915
                     estimator_loss 0.0000
                         total_loss 0.1568
             Mean action noise std: 0.20
                       Mean reward: 2.31
               Mean episode length: 447.53
      Mean episode rew_action_rate: -0.3912
Mean episode rew_frame_action_rate: -0.0201
Mean episode rew_action_smoothness: -0.0125
Mean episode rew_frame_action_smoothness: -0.0006
       Mean episode rew_ang_vel_xy: -0.0669
 Mean episode rew_frame_ang_vel_xy: -0.0087
      Mean episode rew_base_height: -0.0003
Mean episode rew_frame_base_height: -0.0001
        Mean episode rew_collision: -0.0040
  Mean episode rew_frame_collision: -0.0015
          Mean episode rew_dof_acc: -0.0190
    Mean episode rew_frame_dof_acc: -0.0015
        Mean episode rew_dof_error: -0.0202
  Mean episode rew_frame_dof_error: -0.0027
          Mean episode rew_dof_vel: -0.1968
    Mean episode rew_frame_dof_vel: -0.0145
    Mean episode rew_feet_air_time: 0.0002
Mean episode rew_frame_feet_air_time: 0.0000
Mean episode rew_feet_contact_forces: -0.0006
Mean episode rew_frame_feet_contact_forces: -0.0000
   Mean episode rew_foot_clearance: -0.0024
Mean episode rew_frame_foot_clearance: -0.0002
      Mean episode rew_foot_mirror: -0.0027
Mean episode rew_frame_foot_mirror: -0.0004
       Mean episode rew_foot_slide: -0.0420
 Mean episode rew_frame_foot_slide: -0.0016
      Mean episode rew_has_contact: 0.0090
Mean episode rew_frame_has_contact: 0.0004
          Mean episode rew_hip_pos: -0.0815
    Mean episode rew_frame_hip_pos: -0.0123
        Mean episode rew_lin_vel_z: -0.0700
  Mean episode rew_frame_lin_vel_z: -0.0152
      Mean episode rew_orientation: -0.0014
Mean episode rew_frame_orientation: -0.0005
           Mean episode rew_powers: -0.0013
     Mean episode rew_frame_powers: -0.0001
      Mean episode rew_stand_still: -0.0029
Mean episode rew_frame_stand_still: -0.0015
          Mean episode rew_stumble: -0.0000
    Mean episode rew_frame_stumble: -0.0000
          Mean episode rew_torques: -0.0047
    Mean episode rew_frame_torques: -0.0003
 Mean episode rew_tracking_ang_vel: 0.3808
Mean episode rew_frame_tracking_ang_vel: 0.0107
 Mean episode rew_tracking_lin_vel: 0.7756
Mean episode rew_frame_tracking_lin_vel: 0.0194
Mean episode max_power_throughout_episode: 3975.9358
            Mean episode max_pos_x: 4.7343
            Mean episode min_pos_x: -3.4783
            Mean episode max_pos_y: 3.7872
            Mean episode min_pos_y: -4.3299
        Mean episode timeout_ratio: 0.4397
       Mean episode num_terminated: 14.0417
--------------------------------------------------------------------------------
                   Total timesteps: 5413248
                    Iteration time: 1.91s
                        Total time: 6317.12s
                               ETA: 2456.0s


------------------------------
Step: 86500 - Reward Breakdown:
  action_rate               | Scaled Avg:  -0.0163 | Raw Avg:   1.6293
  action_smoothness         | Scaled Avg:  -0.0005 | Raw Avg:   0.2559
  ang_vel_xy                | Scaled Avg:  -0.0029 | Raw Avg:   1.4351
  base_height               | Scaled Avg:  -0.0000 | Raw Avg:   0.0005
  collision                 | Scaled Avg:  -0.0002 | Raw Avg:   0.0084
  dof_acc                   | Scaled Avg:  -0.0009 | Raw Avg: 171957.7812
  dof_error                 | Scaled Avg:  -0.0008 | Raw Avg:   0.4210
  dof_vel                   | Scaled Avg:  -0.0084 | Raw Avg:  83.5932
  feet_air_time             | Scaled Avg:   0.0000 | Raw Avg:   0.0003
  feet_contact_forces       | Scaled Avg:  -0.0000 | Raw Avg:   7.7970
  foot_clearance            | Scaled Avg:  -0.0001 | Raw Avg:   0.0096
  foot_mirror               | Scaled Avg:  -0.0001 | Raw Avg:   0.1164
  foot_slide                | Scaled Avg:  -0.0017 | Raw Avg:   1.7345
  has_contact               | Scaled Avg:   0.0004 | Raw Avg:   0.0176
  hip_pos                   | Scaled Avg:  -0.0033 | Raw Avg:   0.0332
  lin_vel_z                 | Scaled Avg:  -0.0020 | Raw Avg:   0.0255
  orientation               | Scaled Avg:  -0.0001 | Raw Avg:   0.0150
  powers                    | Scaled Avg:  -0.0001 | Raw Avg: 144.4889
  stand_still               | Scaled Avg:  -0.0005 | Raw Avg:   0.0045
  torques                   | Scaled Avg:  -0.0002 | Raw Avg: 1099.0808
  tracking_ang_vel          | Scaled Avg:   0.0154 | Raw Avg:   0.7681
  tracking_lin_vel          | Scaled Avg:   0.0312 | Raw Avg:   0.7801
  TOTAL REWARD              | Scaled Avg:   0.0089
------------------------------

------------------------------
Step: 87000 - Reward Breakdown:
  action_rate               | Scaled Avg:  -0.0164 | Raw Avg:   1.6379
  action_smoothness         | Scaled Avg:  -0.0005 | Raw Avg:   0.2575
  ang_vel_xy                | Scaled Avg:  -0.0029 | Raw Avg:   1.4449
  collision                 | Scaled Avg:  -0.0001 | Raw Avg:   0.0066
  dof_acc                   | Scaled Avg:  -0.0008 | Raw Avg: 168871.0000
  dof_error                 | Scaled Avg:  -0.0008 | Raw Avg:   0.3993
  dof_vel                   | Scaled Avg:  -0.0085 | Raw Avg:  85.3893
  feet_air_time             | Scaled Avg:   0.0000 | Raw Avg:   0.0003
  feet_contact_forces       | Scaled Avg:  -0.0000 | Raw Avg:   8.4343
  foot_clearance            | Scaled Avg:  -0.0001 | Raw Avg:   0.0097
  foot_mirror               | Scaled Avg:  -0.0001 | Raw Avg:   0.1115
  foot_slide                | Scaled Avg:  -0.0017 | Raw Avg:   1.7446
  has_contact               | Scaled Avg:   0.0003 | Raw Avg:   0.0169
  hip_pos                   | Scaled Avg:  -0.0032 | Raw Avg:   0.0324
  lin_vel_z                 | Scaled Avg:  -0.0021 | Raw Avg:   0.0262
  orientation               | Scaled Avg:  -0.0001 | Raw Avg:   0.0146
  powers                    | Scaled Avg:  -0.0001 | Raw Avg: 148.8344
  stand_still               | Scaled Avg:  -0.0003 | Raw Avg:   0.0030
  torques                   | Scaled Avg:  -0.0002 | Raw Avg: 1135.7474
  tracking_ang_vel          | Scaled Avg:   0.0154 | Raw Avg:   0.7698
  tracking_lin_vel          | Scaled Avg:   0.0315 | Raw Avg:   0.7866
  TOTAL REWARD              | Scaled Avg:   0.0091
------------------------------

------------------------------
Step: 87500 - Reward Breakdown:
  action_rate               | Scaled Avg:  -0.0160 | Raw Avg:   1.6036
  action_smoothness         | Scaled Avg:  -0.0005 | Raw Avg:   0.2539
  ang_vel_xy                | Scaled Avg:  -0.0028 | Raw Avg:   1.3928
  collision                 | Scaled Avg:  -0.0002 | Raw Avg:   0.0077
  dof_acc                   | Scaled Avg:  -0.0008 | Raw Avg: 167842.0000
  dof_error                 | Scaled Avg:  -0.0008 | Raw Avg:   0.3933
  dof_vel                   | Scaled Avg:  -0.0083 | Raw Avg:  82.5667
  feet_contact_forces       | Scaled Avg:  -0.0000 | Raw Avg:   7.4970
  foot_clearance            | Scaled Avg:  -0.0001 | Raw Avg:   0.0094
  foot_mirror               | Scaled Avg:  -0.0001 | Raw Avg:   0.1080
  foot_slide                | Scaled Avg:  -0.0018 | Raw Avg:   1.7503
  has_contact               | Scaled Avg:   0.0004 | Raw Avg:   0.0187
  hip_pos                   | Scaled Avg:  -0.0031 | Raw Avg:   0.0309
  lin_vel_z                 | Scaled Avg:  -0.0019 | Raw Avg:   0.0240
  orientation               | Scaled Avg:  -0.0001 | Raw Avg:   0.0130
  powers                    | Scaled Avg:  -0.0001 | Raw Avg: 140.9345
  stand_still               | Scaled Avg:  -0.0005 | Raw Avg:   0.0049
  torques                   | Scaled Avg:  -0.0002 | Raw Avg: 1079.3301
  tracking_ang_vel          | Scaled Avg:   0.0156 | Raw Avg:   0.7792
  tracking_lin_vel          | Scaled Avg:   0.0315 | Raw Avg:   0.7869
  TOTAL REWARD              | Scaled Avg:   0.0103
------------------------------

------------------------------
Step: 88000 - Reward Breakdown:
  action_rate               | Scaled Avg:  -0.0165 | Raw Avg:   1.6473
  action_smoothness         | Scaled Avg:  -0.0005 | Raw Avg:   0.2579
  ang_vel_xy                | Scaled Avg:  -0.0027 | Raw Avg:   1.3626
  collision                 | Scaled Avg:  -0.0001 | Raw Avg:   0.0064
  dof_acc                   | Scaled Avg:  -0.0009 | Raw Avg: 186517.3906
  dof_error                 | Scaled Avg:  -0.0008 | Raw Avg:   0.3932
  dof_vel                   | Scaled Avg:  -0.0084 | Raw Avg:  84.1672
  feet_contact_forces       | Scaled Avg:  -0.0000 | Raw Avg:   8.1811
  foot_clearance            | Scaled Avg:  -0.0001 | Raw Avg:   0.0100
  foot_mirror               | Scaled Avg:  -0.0001 | Raw Avg:   0.1078
  foot_slide                | Scaled Avg:  -0.0017 | Raw Avg:   1.7427
  has_contact               | Scaled Avg:   0.0004 | Raw Avg:   0.0203
  hip_pos                   | Scaled Avg:  -0.0031 | Raw Avg:   0.0308
  lin_vel_z                 | Scaled Avg:  -0.0020 | Raw Avg:   0.0252
  orientation               | Scaled Avg:  -0.0001 | Raw Avg:   0.0129
  powers                    | Scaled Avg:  -0.0001 | Raw Avg: 138.6480
  stand_still               | Scaled Avg:  -0.0004 | Raw Avg:   0.0044
  torques                   | Scaled Avg:  -0.0002 | Raw Avg: 1013.1384
  tracking_ang_vel          | Scaled Avg:   0.0156 | Raw Avg:   0.7821
  tracking_lin_vel          | Scaled Avg:   0.0315 | Raw Avg:   0.7881
  TOTAL REWARD              | Scaled Avg:   0.0098
------------------------------

------------------------------
Step: 88500 - Reward Breakdown:
  action_rate               | Scaled Avg:  -0.0161 | Raw Avg:   1.6123
  action_smoothness         | Scaled Avg:  -0.0005 | Raw Avg:   0.2575
  ang_vel_xy                | Scaled Avg:  -0.0027 | Raw Avg:   1.3460
  collision                 | Scaled Avg:  -0.0001 | Raw Avg:   0.0054
  dof_acc                   | Scaled Avg:  -0.0009 | Raw Avg: 176772.2031
  dof_error                 | Scaled Avg:  -0.0008 | Raw Avg:   0.4063
  dof_vel                   | Scaled Avg:  -0.0081 | Raw Avg:  81.1358
  feet_contact_forces       | Scaled Avg:  -0.0000 | Raw Avg:   7.4552
  foot_clearance            | Scaled Avg:  -0.0001 | Raw Avg:   0.0099
  foot_mirror               | Scaled Avg:  -0.0001 | Raw Avg:   0.1067
  foot_slide                | Scaled Avg:  -0.0017 | Raw Avg:   1.7144
  has_contact               | Scaled Avg:   0.0003 | Raw Avg:   0.0167
  hip_pos                   | Scaled Avg:  -0.0032 | Raw Avg:   0.0316
  lin_vel_z                 | Scaled Avg:  -0.0020 | Raw Avg:   0.0252
  orientation               | Scaled Avg:  -0.0001 | Raw Avg:   0.0137
  powers                    | Scaled Avg:  -0.0001 | Raw Avg: 132.1338
  stand_still               | Scaled Avg:  -0.0004 | Raw Avg:   0.0035
  torques                   | Scaled Avg:  -0.0002 | Raw Avg: 948.8004
  tracking_ang_vel          | Scaled Avg:   0.0155 | Raw Avg:   0.7738
  tracking_lin_vel          | Scaled Avg:   0.0315 | Raw Avg:   0.7868
  TOTAL REWARD              | Scaled Avg:   0.0103
------------------------------
################################################################################
                    [1m Learning iteration 8700/10000 [0m                     

                       Computation: 84288 steps/s (collection: 1.265s, learning 0.471s)
                     surrogate_loss -0.0025
                         value_loss 0.0846
                            entropy 2.2520
                     estimator_loss 0.0000
                         total_loss 0.1046
             Mean action noise std: 0.20
                       Mean reward: 4.86
               Mean episode length: 501.99
      Mean episode rew_action_rate: -0.4100
Mean episode rew_frame_action_rate: -0.0202
Mean episode rew_action_smoothness: -0.0129
Mean episode rew_frame_action_smoothness: -0.0006
       Mean episode rew_ang_vel_xy: -0.0677
 Mean episode rew_frame_ang_vel_xy: -0.0089
      Mean episode rew_base_height: -0.0002
Mean episode rew_frame_base_height: -0.0001
        Mean episode rew_collision: -0.0036
  Mean episode rew_frame_collision: -0.0014
          Mean episode rew_dof_acc: -0.0223
    Mean episode rew_frame_dof_acc: -0.0017
        Mean episode rew_dof_error: -0.0203
  Mean episode rew_frame_dof_error: -0.0025
          Mean episode rew_dof_vel: -0.2115
    Mean episode rew_frame_dof_vel: -0.0152
    Mean episode rew_feet_air_time: 0.0002
Mean episode rew_frame_feet_air_time: 0.0000
Mean episode rew_feet_contact_forces: -0.0006
Mean episode rew_frame_feet_contact_forces: -0.0000
   Mean episode rew_foot_clearance: -0.0025
Mean episode rew_frame_foot_clearance: -0.0002
      Mean episode rew_foot_mirror: -0.0027
Mean episode rew_frame_foot_mirror: -0.0004
       Mean episode rew_foot_slide: -0.0446
 Mean episode rew_frame_foot_slide: -0.0017
      Mean episode rew_has_contact: 0.0066
Mean episode rew_frame_has_contact: 0.0002
          Mean episode rew_hip_pos: -0.0791
    Mean episode rew_frame_hip_pos: -0.0126
        Mean episode rew_lin_vel_z: -0.0479
  Mean episode rew_frame_lin_vel_z: -0.0114
      Mean episode rew_orientation: -0.0013
Mean episode rew_frame_orientation: -0.0005
           Mean episode rew_powers: -0.0014
     Mean episode rew_frame_powers: -0.0001
      Mean episode rew_stand_still: -0.0100
Mean episode rew_frame_stand_still: -0.0002
          Mean episode rew_stumble: -0.0000
    Mean episode rew_frame_stumble: -0.0000
          Mean episode rew_torques: -0.0049
    Mean episode rew_frame_torques: -0.0003
 Mean episode rew_tracking_ang_vel: 0.3939
Mean episode rew_frame_tracking_ang_vel: 0.0107
 Mean episode rew_tracking_lin_vel: 0.7945
Mean episode rew_frame_tracking_lin_vel: 0.0197
Mean episode max_power_throughout_episode: 3561.9902
            Mean episode max_pos_x: 3.7604
            Mean episode min_pos_x: -3.5955
            Mean episode max_pos_y: 3.4827
            Mean episode min_pos_y: -3.2732
        Mean episode timeout_ratio: 0.4723
       Mean episode num_terminated: 9.9167
--------------------------------------------------------------------------------
                   Total timesteps: 5559552
                    Iteration time: 1.74s
                        Total time: 6493.04s
                               ETA: 2280.7s


------------------------------
Step: 89000 - Reward Breakdown:
  action_rate               | Scaled Avg:  -0.0159 | Raw Avg:   1.5942
  action_smoothness         | Scaled Avg:  -0.0005 | Raw Avg:   0.2562
  ang_vel_xy                | Scaled Avg:  -0.0027 | Raw Avg:   1.3339
  collision                 | Scaled Avg:  -0.0001 | Raw Avg:   0.0069
  dof_acc                   | Scaled Avg:  -0.0010 | Raw Avg: 208522.3281
  dof_error                 | Scaled Avg:  -0.0008 | Raw Avg:   0.4159
  dof_vel                   | Scaled Avg:  -0.0082 | Raw Avg:  81.5006
  feet_contact_forces       | Scaled Avg:  -0.0000 | Raw Avg:   7.5540
  foot_clearance            | Scaled Avg:  -0.0001 | Raw Avg:   0.0109
  foot_mirror               | Scaled Avg:  -0.0001 | Raw Avg:   0.1020
  foot_slide                | Scaled Avg:  -0.0017 | Raw Avg:   1.7195
  has_contact               | Scaled Avg:   0.0003 | Raw Avg:   0.0174
  hip_pos                   | Scaled Avg:  -0.0031 | Raw Avg:   0.0307
  lin_vel_z                 | Scaled Avg:  -0.0019 | Raw Avg:   0.0233
  orientation               | Scaled Avg:  -0.0001 | Raw Avg:   0.0135
  powers                    | Scaled Avg:  -0.0001 | Raw Avg: 131.1836
  stand_still               | Scaled Avg:  -0.0003 | Raw Avg:   0.0033
  torques                   | Scaled Avg:  -0.0002 | Raw Avg: 914.0396
  tracking_ang_vel          | Scaled Avg:   0.0156 | Raw Avg:   0.7778
  tracking_lin_vel          | Scaled Avg:   0.0313 | Raw Avg:   0.7832
  TOTAL REWARD              | Scaled Avg:   0.0104
------------------------------

------------------------------
Step: 89500 - Reward Breakdown:
  action_rate               | Scaled Avg:  -0.0158 | Raw Avg:   1.5842
  action_smoothness         | Scaled Avg:  -0.0005 | Raw Avg:   0.2538
  ang_vel_xy                | Scaled Avg:  -0.0027 | Raw Avg:   1.3455
  collision                 | Scaled Avg:  -0.0001 | Raw Avg:   0.0071
  dof_acc                   | Scaled Avg:  -0.0009 | Raw Avg: 175713.3906
  dof_error                 | Scaled Avg:  -0.0008 | Raw Avg:   0.4108
  dof_vel                   | Scaled Avg:  -0.0080 | Raw Avg:  80.1358
  feet_contact_forces       | Scaled Avg:  -0.0000 | Raw Avg:   7.7203
  foot_clearance            | Scaled Avg:  -0.0001 | Raw Avg:   0.0100
  foot_mirror               | Scaled Avg:  -0.0001 | Raw Avg:   0.1091
  foot_slide                | Scaled Avg:  -0.0017 | Raw Avg:   1.7374
  has_contact               | Scaled Avg:   0.0004 | Raw Avg:   0.0187
  hip_pos                   | Scaled Avg:  -0.0032 | Raw Avg:   0.0316
  lin_vel_z                 | Scaled Avg:  -0.0019 | Raw Avg:   0.0233
  orientation               | Scaled Avg:  -0.0001 | Raw Avg:   0.0128
  powers                    | Scaled Avg:  -0.0001 | Raw Avg: 132.1165
  stand_still               | Scaled Avg:  -0.0004 | Raw Avg:   0.0045
  torques                   | Scaled Avg:  -0.0002 | Raw Avg: 948.2032
  tracking_ang_vel          | Scaled Avg:   0.0155 | Raw Avg:   0.7748
  tracking_lin_vel          | Scaled Avg:   0.0312 | Raw Avg:   0.7812
  TOTAL REWARD              | Scaled Avg:   0.0105
------------------------------

------------------------------
Step: 90000 - Reward Breakdown:
  action_rate               | Scaled Avg:  -0.0160 | Raw Avg:   1.6026
  action_smoothness         | Scaled Avg:  -0.0005 | Raw Avg:   0.2561
  ang_vel_xy                | Scaled Avg:  -0.0027 | Raw Avg:   1.3599
  collision                 | Scaled Avg:  -0.0002 | Raw Avg:   0.0075
  dof_acc                   | Scaled Avg:  -0.0009 | Raw Avg: 178060.3281
  dof_error                 | Scaled Avg:  -0.0008 | Raw Avg:   0.3962
  dof_vel                   | Scaled Avg:  -0.0082 | Raw Avg:  82.1564
  feet_contact_forces       | Scaled Avg:  -0.0000 | Raw Avg:   7.9597
  foot_clearance            | Scaled Avg:  -0.0001 | Raw Avg:   0.0099
  foot_mirror               | Scaled Avg:  -0.0001 | Raw Avg:   0.1068
  foot_slide                | Scaled Avg:  -0.0017 | Raw Avg:   1.7138
  has_contact               | Scaled Avg:   0.0004 | Raw Avg:   0.0197
  hip_pos                   | Scaled Avg:  -0.0032 | Raw Avg:   0.0317
  lin_vel_z                 | Scaled Avg:  -0.0020 | Raw Avg:   0.0248
  orientation               | Scaled Avg:  -0.0001 | Raw Avg:   0.0130
  powers                    | Scaled Avg:  -0.0001 | Raw Avg: 134.8673
  stand_still               | Scaled Avg:  -0.0004 | Raw Avg:   0.0045
  torques                   | Scaled Avg:  -0.0002 | Raw Avg: 969.6785
  tracking_ang_vel          | Scaled Avg:   0.0155 | Raw Avg:   0.7746
  tracking_lin_vel          | Scaled Avg:   0.0316 | Raw Avg:   0.7895
  TOTAL REWARD              | Scaled Avg:   0.0103
------------------------------

------------------------------
Step: 90500 - Reward Breakdown:
  action_rate               | Scaled Avg:  -0.0162 | Raw Avg:   1.6227
  action_smoothness         | Scaled Avg:  -0.0005 | Raw Avg:   0.2548
  ang_vel_xy                | Scaled Avg:  -0.0026 | Raw Avg:   1.2807
  collision                 | Scaled Avg:  -0.0001 | Raw Avg:   0.0048
  dof_acc                   | Scaled Avg:  -0.0009 | Raw Avg: 172886.4062
  dof_error                 | Scaled Avg:  -0.0007 | Raw Avg:   0.3735
  dof_vel                   | Scaled Avg:  -0.0083 | Raw Avg:  83.0829
  feet_air_time             | Scaled Avg:   0.0000 | Raw Avg:   0.0003
  feet_contact_forces       | Scaled Avg:  -0.0000 | Raw Avg:   8.6288
  foot_clearance            | Scaled Avg:  -0.0001 | Raw Avg:   0.0099
  foot_mirror               | Scaled Avg:  -0.0001 | Raw Avg:   0.0960
  foot_slide                | Scaled Avg:  -0.0017 | Raw Avg:   1.6983
  has_contact               | Scaled Avg:   0.0004 | Raw Avg:   0.0197
  hip_pos                   | Scaled Avg:  -0.0030 | Raw Avg:   0.0301
  lin_vel_z                 | Scaled Avg:  -0.0019 | Raw Avg:   0.0238
  orientation               | Scaled Avg:  -0.0000 | Raw Avg:   0.0119
  powers                    | Scaled Avg:  -0.0001 | Raw Avg: 133.3736
  stand_still               | Scaled Avg:  -0.0006 | Raw Avg:   0.0057
  torques                   | Scaled Avg:  -0.0002 | Raw Avg: 956.2156
  tracking_ang_vel          | Scaled Avg:   0.0156 | Raw Avg:   0.7818
  tracking_lin_vel          | Scaled Avg:   0.0320 | Raw Avg:   0.8009
  TOTAL REWARD              | Scaled Avg:   0.0111
------------------------------

------------------------------
Step: 91000 - Reward Breakdown:
  action_rate               | Scaled Avg:  -0.0162 | Raw Avg:   1.6222
  action_smoothness         | Scaled Avg:  -0.0005 | Raw Avg:   0.2562
  ang_vel_xy                | Scaled Avg:  -0.0026 | Raw Avg:   1.3120
  collision                 | Scaled Avg:  -0.0001 | Raw Avg:   0.0049
  dof_acc                   | Scaled Avg:  -0.0008 | Raw Avg: 163040.6875
  dof_error                 | Scaled Avg:  -0.0008 | Raw Avg:   0.3910
  dof_vel                   | Scaled Avg:  -0.0084 | Raw Avg:  83.9876
  feet_contact_forces       | Scaled Avg:  -0.0000 | Raw Avg:   8.2549
  foot_clearance            | Scaled Avg:  -0.0001 | Raw Avg:   0.0096
  foot_mirror               | Scaled Avg:  -0.0001 | Raw Avg:   0.1069
  foot_slide                | Scaled Avg:  -0.0017 | Raw Avg:   1.7090
  has_contact               | Scaled Avg:   0.0003 | Raw Avg:   0.0155
  hip_pos                   | Scaled Avg:  -0.0032 | Raw Avg:   0.0317
  lin_vel_z                 | Scaled Avg:  -0.0021 | Raw Avg:   0.0256
  orientation               | Scaled Avg:  -0.0001 | Raw Avg:   0.0127
  powers                    | Scaled Avg:  -0.0001 | Raw Avg: 136.6218
  stand_still               | Scaled Avg:  -0.0003 | Raw Avg:   0.0033
  torques                   | Scaled Avg:  -0.0002 | Raw Avg: 986.4910
  tracking_ang_vel          | Scaled Avg:   0.0158 | Raw Avg:   0.7895
  tracking_lin_vel          | Scaled Avg:   0.0321 | Raw Avg:   0.8018
  TOTAL REWARD              | Scaled Avg:   0.0109
------------------------------
################################################################################
                    [1m Learning iteration 8800/10000 [0m                     

                       Computation: 84423 steps/s (collection: 1.263s, learning 0.470s)
                     surrogate_loss -0.0030
                         value_loss 0.0535
                            entropy 2.2631
                     estimator_loss 0.0000
                         total_loss 0.0732
             Mean action noise std: 0.20
                       Mean reward: 5.33
               Mean episode length: 499.30
      Mean episode rew_action_rate: -0.4165
Mean episode rew_frame_action_rate: -0.0200
Mean episode rew_action_smoothness: -0.0132
Mean episode rew_frame_action_smoothness: -0.0006
       Mean episode rew_ang_vel_xy: -0.0661
 Mean episode rew_frame_ang_vel_xy: -0.0081
      Mean episode rew_base_height: -0.0002
Mean episode rew_frame_base_height: -0.0001
        Mean episode rew_collision: -0.0033
  Mean episode rew_frame_collision: -0.0016
          Mean episode rew_dof_acc: -0.0219
    Mean episode rew_frame_dof_acc: -0.0016
        Mean episode rew_dof_error: -0.0201
  Mean episode rew_frame_dof_error: -0.0024
          Mean episode rew_dof_vel: -0.2097
    Mean episode rew_frame_dof_vel: -0.0144
    Mean episode rew_feet_air_time: 0.0001
Mean episode rew_frame_feet_air_time: 0.0000
Mean episode rew_feet_contact_forces: -0.0006
Mean episode rew_frame_feet_contact_forces: -0.0000
   Mean episode rew_foot_clearance: -0.0025
Mean episode rew_frame_foot_clearance: -0.0002
      Mean episode rew_foot_mirror: -0.0026
Mean episode rew_frame_foot_mirror: -0.0004
       Mean episode rew_foot_slide: -0.0430
 Mean episode rew_frame_foot_slide: -0.0016
      Mean episode rew_has_contact: 0.0069
Mean episode rew_frame_has_contact: 0.0003
          Mean episode rew_hip_pos: -0.0795
    Mean episode rew_frame_hip_pos: -0.0119
        Mean episode rew_lin_vel_z: -0.0504
  Mean episode rew_frame_lin_vel_z: -0.0124
      Mean episode rew_orientation: -0.0012
Mean episode rew_frame_orientation: -0.0004
           Mean episode rew_powers: -0.0014
     Mean episode rew_frame_powers: -0.0001
      Mean episode rew_stand_still: -0.0058
Mean episode rew_frame_stand_still: -0.0001
          Mean episode rew_stumble: -0.0000
    Mean episode rew_frame_stumble: -0.0000
          Mean episode rew_torques: -0.0049
    Mean episode rew_frame_torques: -0.0003
 Mean episode rew_tracking_ang_vel: 0.4092
Mean episode rew_frame_tracking_ang_vel: 0.0110
 Mean episode rew_tracking_lin_vel: 0.8405
Mean episode rew_frame_tracking_lin_vel: 0.0202
Mean episode max_power_throughout_episode: 3601.4211
            Mean episode max_pos_x: 3.4932
            Mean episode min_pos_x: -2.9743
            Mean episode max_pos_y: 3.7920
            Mean episode min_pos_y: -4.1681
        Mean episode timeout_ratio: 0.4797
       Mean episode num_terminated: 11.1667
--------------------------------------------------------------------------------
                   Total timesteps: 5705856
                    Iteration time: 1.73s
                        Total time: 6668.86s
                               ETA: 2105.4s


------------------------------
Step: 91500 - Reward Breakdown:
  action_rate               | Scaled Avg:  -0.0163 | Raw Avg:   1.6322
  action_smoothness         | Scaled Avg:  -0.0005 | Raw Avg:   0.2566
  ang_vel_xy                | Scaled Avg:  -0.0026 | Raw Avg:   1.3148
  collision                 | Scaled Avg:  -0.0001 | Raw Avg:   0.0052
  dof_acc                   | Scaled Avg:  -0.0008 | Raw Avg: 166700.7812
  dof_error                 | Scaled Avg:  -0.0007 | Raw Avg:   0.3745
  dof_vel                   | Scaled Avg:  -0.0083 | Raw Avg:  82.7719
  feet_contact_forces       | Scaled Avg:  -0.0000 | Raw Avg:   8.2121
  foot_clearance            | Scaled Avg:  -0.0001 | Raw Avg:   0.0096
  foot_mirror               | Scaled Avg:  -0.0001 | Raw Avg:   0.1004
  foot_slide                | Scaled Avg:  -0.0017 | Raw Avg:   1.7237
  has_contact               | Scaled Avg:   0.0004 | Raw Avg:   0.0204
  hip_pos                   | Scaled Avg:  -0.0031 | Raw Avg:   0.0306
  lin_vel_z                 | Scaled Avg:  -0.0020 | Raw Avg:   0.0245
  orientation               | Scaled Avg:  -0.0000 | Raw Avg:   0.0117
  powers                    | Scaled Avg:  -0.0001 | Raw Avg: 132.8976
  stand_still               | Scaled Avg:  -0.0003 | Raw Avg:   0.0033
  torques                   | Scaled Avg:  -0.0002 | Raw Avg: 952.5161
  tracking_ang_vel          | Scaled Avg:   0.0156 | Raw Avg:   0.7812
  tracking_lin_vel          | Scaled Avg:   0.0322 | Raw Avg:   0.8056
  TOTAL REWARD              | Scaled Avg:   0.0112
------------------------------

------------------------------
Step: 92000 - Reward Breakdown:
  action_rate               | Scaled Avg:  -0.0164 | Raw Avg:   1.6446
  action_smoothness         | Scaled Avg:  -0.0005 | Raw Avg:   0.2612
  ang_vel_xy                | Scaled Avg:  -0.0027 | Raw Avg:   1.3649
  collision                 | Scaled Avg:  -0.0001 | Raw Avg:   0.0066
  dof_acc                   | Scaled Avg:  -0.0009 | Raw Avg: 173033.8125
  dof_error                 | Scaled Avg:  -0.0008 | Raw Avg:   0.4001
  dof_vel                   | Scaled Avg:  -0.0083 | Raw Avg:  83.4407
  feet_contact_forces       | Scaled Avg:  -0.0000 | Raw Avg:   7.5187
  foot_clearance            | Scaled Avg:  -0.0001 | Raw Avg:   0.0096
  foot_mirror               | Scaled Avg:  -0.0001 | Raw Avg:   0.1014
  foot_slide                | Scaled Avg:  -0.0017 | Raw Avg:   1.7403
  has_contact               | Scaled Avg:   0.0004 | Raw Avg:   0.0179
  hip_pos                   | Scaled Avg:  -0.0032 | Raw Avg:   0.0315
  lin_vel_z                 | Scaled Avg:  -0.0026 | Raw Avg:   0.0320
  orientation               | Scaled Avg:  -0.0000 | Raw Avg:   0.0123
  powers                    | Scaled Avg:  -0.0001 | Raw Avg: 136.0533
  stand_still               | Scaled Avg:  -0.0003 | Raw Avg:   0.0031
  torques                   | Scaled Avg:  -0.0002 | Raw Avg: 983.8166
  tracking_ang_vel          | Scaled Avg:   0.0154 | Raw Avg:   0.7715
  tracking_lin_vel          | Scaled Avg:   0.0319 | Raw Avg:   0.7980
  TOTAL REWARD              | Scaled Avg:   0.0096
------------------------------

------------------------------
Step: 92500 - Reward Breakdown:
  action_rate               | Scaled Avg:  -0.0162 | Raw Avg:   1.6167
  action_smoothness         | Scaled Avg:  -0.0005 | Raw Avg:   0.2546
  ang_vel_xy                | Scaled Avg:  -0.0027 | Raw Avg:   1.3701
  collision                 | Scaled Avg:  -0.0001 | Raw Avg:   0.0048
  dof_acc                   | Scaled Avg:  -0.0008 | Raw Avg: 160855.1094
  dof_error                 | Scaled Avg:  -0.0008 | Raw Avg:   0.4044
  dof_vel                   | Scaled Avg:  -0.0080 | Raw Avg:  79.6140
  feet_air_time             | Scaled Avg:   0.0000 | Raw Avg:   0.0003
  feet_contact_forces       | Scaled Avg:  -0.0000 | Raw Avg:   7.4146
  foot_clearance            | Scaled Avg:  -0.0001 | Raw Avg:   0.0095
  foot_mirror               | Scaled Avg:  -0.0001 | Raw Avg:   0.1027
  foot_slide                | Scaled Avg:  -0.0017 | Raw Avg:   1.7483
  has_contact               | Scaled Avg:   0.0004 | Raw Avg:   0.0205
  hip_pos                   | Scaled Avg:  -0.0033 | Raw Avg:   0.0327
  lin_vel_z                 | Scaled Avg:  -0.0026 | Raw Avg:   0.0320
  orientation               | Scaled Avg:  -0.0001 | Raw Avg:   0.0125
  powers                    | Scaled Avg:  -0.0001 | Raw Avg: 136.4910
  stand_still               | Scaled Avg:  -0.0002 | Raw Avg:   0.0022
  torques                   | Scaled Avg:  -0.0002 | Raw Avg: 1022.6983
  tracking_ang_vel          | Scaled Avg:   0.0154 | Raw Avg:   0.7685
  tracking_lin_vel          | Scaled Avg:   0.0315 | Raw Avg:   0.7866
  TOTAL REWARD              | Scaled Avg:   0.0098
------------------------------

------------------------------
Step: 93000 - Reward Breakdown:
  action_rate               | Scaled Avg:  -0.0174 | Raw Avg:   1.7360
  action_smoothness         | Scaled Avg:  -0.0006 | Raw Avg:   0.2819
  ang_vel_xy                | Scaled Avg:  -0.0029 | Raw Avg:   1.4252
  collision                 | Scaled Avg:  -0.0001 | Raw Avg:   0.0036
  dof_acc                   | Scaled Avg:  -0.0009 | Raw Avg: 185369.7031
  dof_error                 | Scaled Avg:  -0.0008 | Raw Avg:   0.3995
  dof_vel                   | Scaled Avg:  -0.0085 | Raw Avg:  85.3982
  feet_contact_forces       | Scaled Avg:  -0.0000 | Raw Avg:   7.9050
  foot_clearance            | Scaled Avg:  -0.0001 | Raw Avg:   0.0098
  foot_mirror               | Scaled Avg:  -0.0001 | Raw Avg:   0.1086
  foot_slide                | Scaled Avg:  -0.0018 | Raw Avg:   1.7924
  has_contact               | Scaled Avg:   0.0003 | Raw Avg:   0.0170
  hip_pos                   | Scaled Avg:  -0.0032 | Raw Avg:   0.0316
  lin_vel_z                 | Scaled Avg:  -0.0025 | Raw Avg:   0.0310
  orientation               | Scaled Avg:  -0.0000 | Raw Avg:   0.0122
  powers                    | Scaled Avg:  -0.0001 | Raw Avg: 138.2913
  stand_still               | Scaled Avg:  -0.0002 | Raw Avg:   0.0021
  torques                   | Scaled Avg:  -0.0002 | Raw Avg: 992.3093
  tracking_ang_vel          | Scaled Avg:   0.0152 | Raw Avg:   0.7597
  tracking_lin_vel          | Scaled Avg:   0.0312 | Raw Avg:   0.7798
  TOTAL REWARD              | Scaled Avg:   0.0074
------------------------------

------------------------------
Step: 93500 - Reward Breakdown:
  action_rate               | Scaled Avg:  -0.0187 | Raw Avg:   1.8687
  action_smoothness         | Scaled Avg:  -0.0006 | Raw Avg:   0.3058
  ang_vel_xy                | Scaled Avg:  -0.0029 | Raw Avg:   1.4746
  base_height               | Scaled Avg:  -0.0000 | Raw Avg:   0.0005
  collision                 | Scaled Avg:  -0.0001 | Raw Avg:   0.0054
  dof_acc                   | Scaled Avg:  -0.0009 | Raw Avg: 182721.0312
  dof_error                 | Scaled Avg:  -0.0009 | Raw Avg:   0.4269
  dof_vel                   | Scaled Avg:  -0.0087 | Raw Avg:  87.1838
  feet_contact_forces       | Scaled Avg:  -0.0000 | Raw Avg:   8.2655
  foot_clearance            | Scaled Avg:  -0.0001 | Raw Avg:   0.0100
  foot_mirror               | Scaled Avg:  -0.0001 | Raw Avg:   0.1180
  foot_slide                | Scaled Avg:  -0.0018 | Raw Avg:   1.7550
  has_contact               | Scaled Avg:   0.0004 | Raw Avg:   0.0190
  hip_pos                   | Scaled Avg:  -0.0034 | Raw Avg:   0.0335
  lin_vel_z                 | Scaled Avg:  -0.0075 | Raw Avg:   0.0939
  orientation               | Scaled Avg:  -0.0001 | Raw Avg:   0.0137
  powers                    | Scaled Avg:  -0.0001 | Raw Avg: 135.7890
  stand_still               | Scaled Avg:  -0.0006 | Raw Avg:   0.0061
  torques                   | Scaled Avg:  -0.0002 | Raw Avg: 962.4663
  tracking_ang_vel          | Scaled Avg:   0.0150 | Raw Avg:   0.7504
  tracking_lin_vel          | Scaled Avg:   0.0304 | Raw Avg:   0.7595
  TOTAL REWARD              | Scaled Avg:   0.0037
------------------------------
################################################################################
                    [1m Learning iteration 8900/10000 [0m                     

                       Computation: 83794 steps/s (collection: 1.277s, learning 0.469s)
                     surrogate_loss -0.0031
                         value_loss 0.0873
                            entropy 0.7276
                     estimator_loss 0.0000
                         total_loss 0.0915
             Mean action noise std: 0.23
                       Mean reward: 3.31
               Mean episode length: 518.40
      Mean episode rew_action_rate: -0.4512
Mean episode rew_frame_action_rate: -0.0223
Mean episode rew_action_smoothness: -0.0146
Mean episode rew_frame_action_smoothness: -0.0007
       Mean episode rew_ang_vel_xy: -0.0716
 Mean episode rew_frame_ang_vel_xy: -0.0084
      Mean episode rew_base_height: -0.0002
Mean episode rew_frame_base_height: -0.0001
        Mean episode rew_collision: -0.0028
  Mean episode rew_frame_collision: -0.0011
          Mean episode rew_dof_acc: -0.0249
    Mean episode rew_frame_dof_acc: -0.0019
        Mean episode rew_dof_error: -0.0206
  Mean episode rew_frame_dof_error: -0.0023
          Mean episode rew_dof_vel: -0.2228
    Mean episode rew_frame_dof_vel: -0.0153
    Mean episode rew_feet_air_time: 0.0002
Mean episode rew_frame_feet_air_time: 0.0000
Mean episode rew_feet_contact_forces: -0.0006
Mean episode rew_frame_feet_contact_forces: -0.0000
   Mean episode rew_foot_clearance: -0.0025
Mean episode rew_frame_foot_clearance: -0.0002
      Mean episode rew_foot_mirror: -0.0028
Mean episode rew_frame_foot_mirror: -0.0004
       Mean episode rew_foot_slide: -0.0456
 Mean episode rew_frame_foot_slide: -0.0017
      Mean episode rew_has_contact: 0.0071
Mean episode rew_frame_has_contact: 0.0002
          Mean episode rew_hip_pos: -0.0842
    Mean episode rew_frame_hip_pos: -0.0123
        Mean episode rew_lin_vel_z: -0.0511
  Mean episode rew_frame_lin_vel_z: -0.0137
      Mean episode rew_orientation: -0.0013
Mean episode rew_frame_orientation: -0.0004
           Mean episode rew_powers: -0.0014
     Mean episode rew_frame_powers: -0.0001
      Mean episode rew_stand_still: 0.0000
Mean episode rew_frame_stand_still: 0.0000
          Mean episode rew_stumble: -0.0000
    Mean episode rew_frame_stumble: -0.0000
          Mean episode rew_torques: -0.0051
    Mean episode rew_frame_torques: -0.0003
 Mean episode rew_tracking_ang_vel: 0.3839
Mean episode rew_frame_tracking_ang_vel: 0.0109
 Mean episode rew_tracking_lin_vel: 0.7843
Mean episode rew_frame_tracking_lin_vel: 0.0193
Mean episode max_power_throughout_episode: 3614.4919
            Mean episode max_pos_x: 4.0277
            Mean episode min_pos_x: -3.9617
            Mean episode max_pos_y: 3.7115
            Mean episode min_pos_y: -3.6978
        Mean episode timeout_ratio: 0.4593
       Mean episode num_terminated: 12.5000
--------------------------------------------------------------------------------
                   Total timesteps: 5852160
                    Iteration time: 1.75s
                        Total time: 6844.05s
                               ETA: 1929.9s


------------------------------
Step: 94000 - Reward Breakdown:
  action_rate               | Scaled Avg:  -0.0176 | Raw Avg:   1.7593
  action_smoothness         | Scaled Avg:  -0.0006 | Raw Avg:   0.2806
  ang_vel_xy                | Scaled Avg:  -0.0028 | Raw Avg:   1.4097
  collision                 | Scaled Avg:  -0.0001 | Raw Avg:   0.0067
  dof_acc                   | Scaled Avg:  -0.0009 | Raw Avg: 176502.0000
  dof_error                 | Scaled Avg:  -0.0008 | Raw Avg:   0.3932
  dof_vel                   | Scaled Avg:  -0.0087 | Raw Avg:  86.9133
  feet_air_time             | Scaled Avg:   0.0000 | Raw Avg:   0.0004
  feet_contact_forces       | Scaled Avg:  -0.0000 | Raw Avg:   8.4537
  foot_clearance            | Scaled Avg:  -0.0001 | Raw Avg:   0.0094
  foot_mirror               | Scaled Avg:  -0.0001 | Raw Avg:   0.1065
  foot_slide                | Scaled Avg:  -0.0018 | Raw Avg:   1.7648
  has_contact               | Scaled Avg:   0.0004 | Raw Avg:   0.0194
  hip_pos                   | Scaled Avg:  -0.0032 | Raw Avg:   0.0321
  lin_vel_z                 | Scaled Avg:  -0.0021 | Raw Avg:   0.0260
  orientation               | Scaled Avg:  -0.0001 | Raw Avg:   0.0133
  powers                    | Scaled Avg:  -0.0001 | Raw Avg: 143.5817
  stand_still               | Scaled Avg:  -0.0004 | Raw Avg:   0.0045
  torques                   | Scaled Avg:  -0.0002 | Raw Avg: 1051.4121
  tracking_ang_vel          | Scaled Avg:   0.0152 | Raw Avg:   0.7623
  tracking_lin_vel          | Scaled Avg:   0.0314 | Raw Avg:   0.7845
  TOTAL REWARD              | Scaled Avg:   0.0075
------------------------------

------------------------------
Step: 94500 - Reward Breakdown:
  action_rate               | Scaled Avg:  -0.0165 | Raw Avg:   1.6514
  action_smoothness         | Scaled Avg:  -0.0005 | Raw Avg:   0.2628
  ang_vel_xy                | Scaled Avg:  -0.0028 | Raw Avg:   1.4072
  collision                 | Scaled Avg:  -0.0002 | Raw Avg:   0.0082
  dof_acc                   | Scaled Avg:  -0.0007 | Raw Avg: 144986.8594
  dof_error                 | Scaled Avg:  -0.0008 | Raw Avg:   0.3783
  dof_vel                   | Scaled Avg:  -0.0084 | Raw Avg:  83.5321
  feet_contact_forces       | Scaled Avg:  -0.0000 | Raw Avg:   7.7059
  foot_clearance            | Scaled Avg:  -0.0001 | Raw Avg:   0.0087
  foot_mirror               | Scaled Avg:  -0.0001 | Raw Avg:   0.1040
  foot_slide                | Scaled Avg:  -0.0018 | Raw Avg:   1.7638
  has_contact               | Scaled Avg:   0.0004 | Raw Avg:   0.0177
  hip_pos                   | Scaled Avg:  -0.0031 | Raw Avg:   0.0310
  lin_vel_z                 | Scaled Avg:  -0.0020 | Raw Avg:   0.0252
  orientation               | Scaled Avg:  -0.0001 | Raw Avg:   0.0126
  powers                    | Scaled Avg:  -0.0001 | Raw Avg: 143.0791
  stand_still               | Scaled Avg:  -0.0005 | Raw Avg:   0.0048
  torques                   | Scaled Avg:  -0.0002 | Raw Avg: 1089.8784
  tracking_ang_vel          | Scaled Avg:   0.0153 | Raw Avg:   0.7632
  tracking_lin_vel          | Scaled Avg:   0.0313 | Raw Avg:   0.7824
  TOTAL REWARD              | Scaled Avg:   0.0092
------------------------------

------------------------------
Step: 95000 - Reward Breakdown:
  action_rate               | Scaled Avg:  -0.0164 | Raw Avg:   1.6390
  action_smoothness         | Scaled Avg:  -0.0005 | Raw Avg:   0.2581
  ang_vel_xy                | Scaled Avg:  -0.0027 | Raw Avg:   1.3495
  base_height               | Scaled Avg:  -0.0000 | Raw Avg:   0.0005
  collision                 | Scaled Avg:  -0.0001 | Raw Avg:   0.0066
  dof_acc                   | Scaled Avg:  -0.0007 | Raw Avg: 148050.5625
  dof_error                 | Scaled Avg:  -0.0008 | Raw Avg:   0.3783
  dof_vel                   | Scaled Avg:  -0.0082 | Raw Avg:  82.0438
  feet_air_time             | Scaled Avg:   0.0000 | Raw Avg:   0.0003
  feet_contact_forces       | Scaled Avg:  -0.0000 | Raw Avg:   7.4093
  foot_clearance            | Scaled Avg:  -0.0001 | Raw Avg:   0.0084
  foot_mirror               | Scaled Avg:  -0.0001 | Raw Avg:   0.1086
  foot_slide                | Scaled Avg:  -0.0017 | Raw Avg:   1.7409
  has_contact               | Scaled Avg:   0.0004 | Raw Avg:   0.0214
  hip_pos                   | Scaled Avg:  -0.0031 | Raw Avg:   0.0308
  lin_vel_z                 | Scaled Avg:  -0.0020 | Raw Avg:   0.0244
  orientation               | Scaled Avg:  -0.0001 | Raw Avg:   0.0133
  powers                    | Scaled Avg:  -0.0001 | Raw Avg: 137.2572
  stand_still               | Scaled Avg:  -0.0004 | Raw Avg:   0.0043
  torques                   | Scaled Avg:  -0.0002 | Raw Avg: 1028.9073
  tracking_ang_vel          | Scaled Avg:   0.0155 | Raw Avg:   0.7744
  tracking_lin_vel          | Scaled Avg:   0.0315 | Raw Avg:   0.7877
  TOTAL REWARD              | Scaled Avg:   0.0103
------------------------------

------------------------------
Step: 95500 - Reward Breakdown:
  action_rate               | Scaled Avg:  -0.0164 | Raw Avg:   1.6370
  action_smoothness         | Scaled Avg:  -0.0005 | Raw Avg:   0.2614
  ang_vel_xy                | Scaled Avg:  -0.0027 | Raw Avg:   1.3286
  collision                 | Scaled Avg:  -0.0001 | Raw Avg:   0.0072
  dof_acc                   | Scaled Avg:  -0.0008 | Raw Avg: 155671.1562
  dof_error                 | Scaled Avg:  -0.0008 | Raw Avg:   0.3864
  dof_vel                   | Scaled Avg:  -0.0083 | Raw Avg:  82.6181
  feet_contact_forces       | Scaled Avg:  -0.0000 | Raw Avg:   8.2570
  foot_clearance            | Scaled Avg:  -0.0001 | Raw Avg:   0.0090
  foot_mirror               | Scaled Avg:  -0.0001 | Raw Avg:   0.1113
  foot_slide                | Scaled Avg:  -0.0018 | Raw Avg:   1.7520
  has_contact               | Scaled Avg:   0.0004 | Raw Avg:   0.0187
  hip_pos                   | Scaled Avg:  -0.0031 | Raw Avg:   0.0312
  lin_vel_z                 | Scaled Avg:  -0.0020 | Raw Avg:   0.0250
  orientation               | Scaled Avg:  -0.0001 | Raw Avg:   0.0130
  powers                    | Scaled Avg:  -0.0001 | Raw Avg: 139.0279
  stand_still               | Scaled Avg:  -0.0002 | Raw Avg:   0.0021
  torques                   | Scaled Avg:  -0.0002 | Raw Avg: 1026.8792
  tracking_ang_vel          | Scaled Avg:   0.0156 | Raw Avg:   0.7778
  tracking_lin_vel          | Scaled Avg:   0.0319 | Raw Avg:   0.7982
  TOTAL REWARD              | Scaled Avg:   0.0107
------------------------------

------------------------------
Step: 96000 - Reward Breakdown:
  action_rate               | Scaled Avg:  -0.0162 | Raw Avg:   1.6198
  action_smoothness         | Scaled Avg:  -0.0005 | Raw Avg:   0.2571
  ang_vel_xy                | Scaled Avg:  -0.0026 | Raw Avg:   1.3075
  collision                 | Scaled Avg:  -0.0001 | Raw Avg:   0.0072
  dof_acc                   | Scaled Avg:  -0.0008 | Raw Avg: 158326.0938
  dof_error                 | Scaled Avg:  -0.0007 | Raw Avg:   0.3724
  dof_vel                   | Scaled Avg:  -0.0083 | Raw Avg:  82.5731
  feet_contact_forces       | Scaled Avg:  -0.0000 | Raw Avg:   7.5714
  foot_clearance            | Scaled Avg:  -0.0001 | Raw Avg:   0.0091
  foot_mirror               | Scaled Avg:  -0.0001 | Raw Avg:   0.1059
  foot_slide                | Scaled Avg:  -0.0018 | Raw Avg:   1.7613
  has_contact               | Scaled Avg:   0.0003 | Raw Avg:   0.0169
  hip_pos                   | Scaled Avg:  -0.0030 | Raw Avg:   0.0304
  lin_vel_z                 | Scaled Avg:  -0.0019 | Raw Avg:   0.0239
  orientation               | Scaled Avg:  -0.0001 | Raw Avg:   0.0128
  powers                    | Scaled Avg:  -0.0001 | Raw Avg: 139.2296
  stand_still               | Scaled Avg:  -0.0002 | Raw Avg:   0.0016
  torques                   | Scaled Avg:  -0.0002 | Raw Avg: 1041.3020
  tracking_ang_vel          | Scaled Avg:   0.0155 | Raw Avg:   0.7757
  tracking_lin_vel          | Scaled Avg:   0.0319 | Raw Avg:   0.7977
  TOTAL REWARD              | Scaled Avg:   0.0111
------------------------------
################################################################################
                    [1m Learning iteration 9000/10000 [0m                     

                       Computation: 82881 steps/s (collection: 1.296s, learning 0.469s)
                     surrogate_loss -0.0040
                         value_loss 0.0519
                            entropy 2.2790
                     estimator_loss 0.0000
                         total_loss 0.0707
             Mean action noise std: 0.20
                       Mean reward: 4.50
               Mean episode length: 480.74
      Mean episode rew_action_rate: -0.4251
Mean episode rew_frame_action_rate: -0.0203
Mean episode rew_action_smoothness: -0.0135
Mean episode rew_frame_action_smoothness: -0.0006
       Mean episode rew_ang_vel_xy: -0.0708
 Mean episode rew_frame_ang_vel_xy: -0.0085
      Mean episode rew_base_height: -0.0002
Mean episode rew_frame_base_height: -0.0001
        Mean episode rew_collision: -0.0029
  Mean episode rew_frame_collision: -0.0013
          Mean episode rew_dof_acc: -0.0205
    Mean episode rew_frame_dof_acc: -0.0018
        Mean episode rew_dof_error: -0.0196
  Mean episode rew_frame_dof_error: -0.0023
          Mean episode rew_dof_vel: -0.2153
    Mean episode rew_frame_dof_vel: -0.0148
    Mean episode rew_feet_air_time: 0.0001
Mean episode rew_frame_feet_air_time: 0.0000
Mean episode rew_feet_contact_forces: -0.0006
Mean episode rew_frame_feet_contact_forces: -0.0000
   Mean episode rew_foot_clearance: -0.0023
Mean episode rew_frame_foot_clearance: -0.0002
      Mean episode rew_foot_mirror: -0.0029
Mean episode rew_frame_foot_mirror: -0.0004
       Mean episode rew_foot_slide: -0.0454
 Mean episode rew_frame_foot_slide: -0.0016
      Mean episode rew_has_contact: 0.0085
Mean episode rew_frame_has_contact: 0.0004
          Mean episode rew_hip_pos: -0.0797
    Mean episode rew_frame_hip_pos: -0.0125
        Mean episode rew_lin_vel_z: -0.0498
  Mean episode rew_frame_lin_vel_z: -0.0124
      Mean episode rew_orientation: -0.0013
Mean episode rew_frame_orientation: -0.0004
           Mean episode rew_powers: -0.0014
     Mean episode rew_frame_powers: -0.0001
      Mean episode rew_stand_still: -0.0055
Mean episode rew_frame_stand_still: -0.0003
          Mean episode rew_stumble: -0.0000
    Mean episode rew_frame_stumble: -0.0000
          Mean episode rew_torques: -0.0054
    Mean episode rew_frame_torques: -0.0003
 Mean episode rew_tracking_ang_vel: 0.4013
Mean episode rew_frame_tracking_ang_vel: 0.0111
 Mean episode rew_tracking_lin_vel: 0.8198
Mean episode rew_frame_tracking_lin_vel: 0.0204
Mean episode max_power_throughout_episode: 3442.6973
            Mean episode max_pos_x: 3.9233
            Mean episode min_pos_x: -2.6140
            Mean episode max_pos_y: 3.4464
            Mean episode min_pos_y: -3.6147
        Mean episode timeout_ratio: 0.4697
       Mean episode num_terminated: 11.0417
--------------------------------------------------------------------------------
                   Total timesteps: 5998464
                    Iteration time: 1.77s
                        Total time: 7020.06s
                               ETA: 1754.6s


------------------------------
Step: 96500 - Reward Breakdown:
  action_rate               | Scaled Avg:  -0.0158 | Raw Avg:   1.5802
  action_smoothness         | Scaled Avg:  -0.0005 | Raw Avg:   0.2526
  ang_vel_xy                | Scaled Avg:  -0.0027 | Raw Avg:   1.3455
  collision                 | Scaled Avg:  -0.0001 | Raw Avg:   0.0064
  dof_acc                   | Scaled Avg:  -0.0007 | Raw Avg: 142070.3281
  dof_error                 | Scaled Avg:  -0.0007 | Raw Avg:   0.3688
  dof_vel                   | Scaled Avg:  -0.0080 | Raw Avg:  80.1731
  feet_contact_forces       | Scaled Avg:  -0.0000 | Raw Avg:   7.2419
  foot_clearance            | Scaled Avg:  -0.0001 | Raw Avg:   0.0087
  foot_mirror               | Scaled Avg:  -0.0001 | Raw Avg:   0.1042
  foot_slide                | Scaled Avg:  -0.0018 | Raw Avg:   1.7514
  has_contact               | Scaled Avg:   0.0004 | Raw Avg:   0.0180
  hip_pos                   | Scaled Avg:  -0.0030 | Raw Avg:   0.0298
  lin_vel_z                 | Scaled Avg:  -0.0019 | Raw Avg:   0.0240
  orientation               | Scaled Avg:  -0.0001 | Raw Avg:   0.0126
  powers                    | Scaled Avg:  -0.0001 | Raw Avg: 138.9091
  stand_still               | Scaled Avg:  -0.0004 | Raw Avg:   0.0044
  torques                   | Scaled Avg:  -0.0002 | Raw Avg: 1079.0731
  tracking_ang_vel          | Scaled Avg:   0.0154 | Raw Avg:   0.7710
  tracking_lin_vel          | Scaled Avg:   0.0314 | Raw Avg:   0.7845
  TOTAL REWARD              | Scaled Avg:   0.0109
------------------------------

------------------------------
Step: 97000 - Reward Breakdown:
  action_rate               | Scaled Avg:  -0.0159 | Raw Avg:   1.5926
  action_smoothness         | Scaled Avg:  -0.0005 | Raw Avg:   0.2545
  ang_vel_xy                | Scaled Avg:  -0.0026 | Raw Avg:   1.2773
  collision                 | Scaled Avg:  -0.0001 | Raw Avg:   0.0051
  dof_acc                   | Scaled Avg:  -0.0007 | Raw Avg: 149147.1875
  dof_error                 | Scaled Avg:  -0.0007 | Raw Avg:   0.3634
  dof_vel                   | Scaled Avg:  -0.0079 | Raw Avg:  79.2451
  feet_contact_forces       | Scaled Avg:  -0.0000 | Raw Avg:   6.8318
  foot_clearance            | Scaled Avg:  -0.0001 | Raw Avg:   0.0085
  foot_mirror               | Scaled Avg:  -0.0001 | Raw Avg:   0.1022
  foot_slide                | Scaled Avg:  -0.0018 | Raw Avg:   1.7588
  has_contact               | Scaled Avg:   0.0004 | Raw Avg:   0.0182
  hip_pos                   | Scaled Avg:  -0.0029 | Raw Avg:   0.0292
  lin_vel_z                 | Scaled Avg:  -0.0016 | Raw Avg:   0.0204
  orientation               | Scaled Avg:  -0.0000 | Raw Avg:   0.0117
  powers                    | Scaled Avg:  -0.0001 | Raw Avg: 131.6103
  stand_still               | Scaled Avg:  -0.0003 | Raw Avg:   0.0030
  torques                   | Scaled Avg:  -0.0002 | Raw Avg: 977.6709
  tracking_ang_vel          | Scaled Avg:   0.0154 | Raw Avg:   0.7711
  tracking_lin_vel          | Scaled Avg:   0.0317 | Raw Avg:   0.7913
  TOTAL REWARD              | Scaled Avg:   0.0118
------------------------------

------------------------------
Step: 97500 - Reward Breakdown:
  action_rate               | Scaled Avg:  -0.0159 | Raw Avg:   1.5931
  action_smoothness         | Scaled Avg:  -0.0005 | Raw Avg:   0.2536
  ang_vel_xy                | Scaled Avg:  -0.0026 | Raw Avg:   1.2784
  collision                 | Scaled Avg:  -0.0001 | Raw Avg:   0.0069
  dof_acc                   | Scaled Avg:  -0.0007 | Raw Avg: 139407.2031
  dof_error                 | Scaled Avg:  -0.0008 | Raw Avg:   0.3795
  dof_vel                   | Scaled Avg:  -0.0079 | Raw Avg:  79.2081
  feet_contact_forces       | Scaled Avg:  -0.0000 | Raw Avg:   6.6750
  foot_clearance            | Scaled Avg:  -0.0001 | Raw Avg:   0.0082
  foot_mirror               | Scaled Avg:  -0.0001 | Raw Avg:   0.1116
  foot_slide                | Scaled Avg:  -0.0018 | Raw Avg:   1.7580
  has_contact               | Scaled Avg:   0.0004 | Raw Avg:   0.0220
  hip_pos                   | Scaled Avg:  -0.0031 | Raw Avg:   0.0310
  lin_vel_z                 | Scaled Avg:  -0.0017 | Raw Avg:   0.0207
  orientation               | Scaled Avg:  -0.0000 | Raw Avg:   0.0123
  powers                    | Scaled Avg:  -0.0001 | Raw Avg: 133.1890
  stand_still               | Scaled Avg:  -0.0003 | Raw Avg:   0.0031
  torques                   | Scaled Avg:  -0.0002 | Raw Avg: 1002.2750
  tracking_ang_vel          | Scaled Avg:   0.0152 | Raw Avg:   0.7582
  tracking_lin_vel          | Scaled Avg:   0.0315 | Raw Avg:   0.7884
  TOTAL REWARD              | Scaled Avg:   0.0113
------------------------------

------------------------------
Step: 98000 - Reward Breakdown:
  action_rate               | Scaled Avg:  -0.0160 | Raw Avg:   1.5971
  action_smoothness         | Scaled Avg:  -0.0005 | Raw Avg:   0.2540
  ang_vel_xy                | Scaled Avg:  -0.0027 | Raw Avg:   1.3541
  collision                 | Scaled Avg:  -0.0001 | Raw Avg:   0.0057
  dof_acc                   | Scaled Avg:  -0.0007 | Raw Avg: 147795.8438
  dof_error                 | Scaled Avg:  -0.0007 | Raw Avg:   0.3715
  dof_vel                   | Scaled Avg:  -0.0081 | Raw Avg:  80.6017
  feet_contact_forces       | Scaled Avg:  -0.0000 | Raw Avg:   7.0130
  foot_clearance            | Scaled Avg:  -0.0001 | Raw Avg:   0.0088
  foot_mirror               | Scaled Avg:  -0.0001 | Raw Avg:   0.1014
  foot_slide                | Scaled Avg:  -0.0018 | Raw Avg:   1.7514
  has_contact               | Scaled Avg:   0.0004 | Raw Avg:   0.0180
  hip_pos                   | Scaled Avg:  -0.0032 | Raw Avg:   0.0321
  lin_vel_z                 | Scaled Avg:  -0.0018 | Raw Avg:   0.0226
  orientation               | Scaled Avg:  -0.0000 | Raw Avg:   0.0116
  powers                    | Scaled Avg:  -0.0001 | Raw Avg: 134.1748
  stand_still               | Scaled Avg:  -0.0003 | Raw Avg:   0.0034
  torques                   | Scaled Avg:  -0.0002 | Raw Avg: 993.6004
  tracking_ang_vel          | Scaled Avg:   0.0155 | Raw Avg:   0.7733
  tracking_lin_vel          | Scaled Avg:   0.0320 | Raw Avg:   0.7990
  TOTAL REWARD              | Scaled Avg:   0.0113
------------------------------
################################################################################
                    [1m Learning iteration 9100/10000 [0m                     

                       Computation: 84169 steps/s (collection: 1.268s, learning 0.470s)
                     surrogate_loss -0.0034
                         value_loss 0.0964
                            entropy 2.2833
                     estimator_loss 0.0000
                         total_loss 0.1159
             Mean action noise std: 0.20
                       Mean reward: 6.63
               Mean episode length: 542.42
      Mean episode rew_action_rate: -0.4541
Mean episode rew_frame_action_rate: -0.0191
Mean episode rew_action_smoothness: -0.0144
Mean episode rew_frame_action_smoothness: -0.0006
       Mean episode rew_ang_vel_xy: -0.0756
 Mean episode rew_frame_ang_vel_xy: -0.0075
      Mean episode rew_base_height: -0.0002
Mean episode rew_frame_base_height: -0.0001
        Mean episode rew_collision: -0.0026
  Mean episode rew_frame_collision: -0.0011
          Mean episode rew_dof_acc: -0.0212
    Mean episode rew_frame_dof_acc: -0.0014
        Mean episode rew_dof_error: -0.0210
  Mean episode rew_frame_dof_error: -0.0020
          Mean episode rew_dof_vel: -0.2281
    Mean episode rew_frame_dof_vel: -0.0131
    Mean episode rew_feet_air_time: 0.0001
Mean episode rew_frame_feet_air_time: 0.0000
Mean episode rew_feet_contact_forces: -0.0006
Mean episode rew_frame_feet_contact_forces: -0.0000
   Mean episode rew_foot_clearance: -0.0025
Mean episode rew_frame_foot_clearance: -0.0001
      Mean episode rew_foot_mirror: -0.0029
Mean episode rew_frame_foot_mirror: -0.0003
       Mean episode rew_foot_slide: -0.0502
 Mean episode rew_frame_foot_slide: -0.0017
      Mean episode rew_has_contact: 0.0098
Mean episode rew_frame_has_contact: 0.0003
          Mean episode rew_hip_pos: -0.0885
    Mean episode rew_frame_hip_pos: -0.0107
        Mean episode rew_lin_vel_z: -0.0514
  Mean episode rew_frame_lin_vel_z: -0.0105
      Mean episode rew_orientation: -0.0013
Mean episode rew_frame_orientation: -0.0004
           Mean episode rew_powers: -0.0015
     Mean episode rew_frame_powers: -0.0001
      Mean episode rew_stand_still: -0.0034
Mean episode rew_frame_stand_still: -0.0005
          Mean episode rew_stumble: -0.0000
    Mean episode rew_frame_stumble: -0.0000
          Mean episode rew_torques: -0.0058
    Mean episode rew_frame_torques: -0.0003
 Mean episode rew_tracking_ang_vel: 0.4375
Mean episode rew_frame_tracking_ang_vel: 0.0120
 Mean episode rew_tracking_lin_vel: 0.9067
Mean episode rew_frame_tracking_lin_vel: 0.0223
Mean episode max_power_throughout_episode: 3386.4326
            Mean episode max_pos_x: 3.7123
            Mean episode min_pos_x: -3.9456
            Mean episode max_pos_y: 3.9308
            Mean episode min_pos_y: -4.4344
        Mean episode timeout_ratio: 0.4986
       Mean episode num_terminated: 10.9583
--------------------------------------------------------------------------------
                   Total timesteps: 6144768
                    Iteration time: 1.74s
                        Total time: 7195.29s
                               ETA: 1579.1s


------------------------------
Step: 98500 - Reward Breakdown:
  action_rate               | Scaled Avg:  -0.0159 | Raw Avg:   1.5947
  action_smoothness         | Scaled Avg:  -0.0005 | Raw Avg:   0.2545
  ang_vel_xy                | Scaled Avg:  -0.0026 | Raw Avg:   1.2884
  collision                 | Scaled Avg:  -0.0001 | Raw Avg:   0.0062
  dof_acc                   | Scaled Avg:  -0.0008 | Raw Avg: 162162.3438
  dof_error                 | Scaled Avg:  -0.0008 | Raw Avg:   0.3930
  dof_vel                   | Scaled Avg:  -0.0079 | Raw Avg:  79.2985
  feet_contact_forces       | Scaled Avg:  -0.0000 | Raw Avg:   7.2742
  foot_clearance            | Scaled Avg:  -0.0001 | Raw Avg:   0.0098
  foot_mirror               | Scaled Avg:  -0.0001 | Raw Avg:   0.1059
  foot_slide                | Scaled Avg:  -0.0017 | Raw Avg:   1.7163
  has_contact               | Scaled Avg:   0.0004 | Raw Avg:   0.0182
  hip_pos                   | Scaled Avg:  -0.0032 | Raw Avg:   0.0321
  lin_vel_z                 | Scaled Avg:  -0.0019 | Raw Avg:   0.0232
  orientation               | Scaled Avg:  -0.0001 | Raw Avg:   0.0126
  powers                    | Scaled Avg:  -0.0001 | Raw Avg: 133.5515
  stand_still               | Scaled Avg:  -0.0002 | Raw Avg:   0.0023
  torques                   | Scaled Avg:  -0.0002 | Raw Avg: 998.6021
  tracking_ang_vel          | Scaled Avg:   0.0156 | Raw Avg:   0.7807
  tracking_lin_vel          | Scaled Avg:   0.0319 | Raw Avg:   0.7981
  TOTAL REWARD              | Scaled Avg:   0.0117
------------------------------

------------------------------
Step: 99000 - Reward Breakdown:
  action_rate               | Scaled Avg:  -0.0164 | Raw Avg:   1.6387
  action_smoothness         | Scaled Avg:  -0.0005 | Raw Avg:   0.2567
  ang_vel_xy                | Scaled Avg:  -0.0026 | Raw Avg:   1.2970
  collision                 | Scaled Avg:  -0.0001 | Raw Avg:   0.0061
  dof_acc                   | Scaled Avg:  -0.0009 | Raw Avg: 172080.3281
  dof_error                 | Scaled Avg:  -0.0008 | Raw Avg:   0.3858
  dof_vel                   | Scaled Avg:  -0.0080 | Raw Avg:  80.4916
  feet_contact_forces       | Scaled Avg:  -0.0000 | Raw Avg:   7.3507
  foot_clearance            | Scaled Avg:  -0.0001 | Raw Avg:   0.0097
  foot_mirror               | Scaled Avg:  -0.0001 | Raw Avg:   0.1079
  foot_slide                | Scaled Avg:  -0.0017 | Raw Avg:   1.7345
  has_contact               | Scaled Avg:   0.0003 | Raw Avg:   0.0175
  hip_pos                   | Scaled Avg:  -0.0031 | Raw Avg:   0.0310
  lin_vel_z                 | Scaled Avg:  -0.0019 | Raw Avg:   0.0243
  orientation               | Scaled Avg:  -0.0000 | Raw Avg:   0.0121
  powers                    | Scaled Avg:  -0.0001 | Raw Avg: 132.0294
  stand_still               | Scaled Avg:  -0.0003 | Raw Avg:   0.0028
  torques                   | Scaled Avg:  -0.0002 | Raw Avg: 956.4462
  tracking_ang_vel          | Scaled Avg:   0.0155 | Raw Avg:   0.7750
  tracking_lin_vel          | Scaled Avg:   0.0319 | Raw Avg:   0.7986
  TOTAL REWARD              | Scaled Avg:   0.0109
------------------------------

------------------------------
Step: 99500 - Reward Breakdown:
  action_rate               | Scaled Avg:  -0.0161 | Raw Avg:   1.6117
  action_smoothness         | Scaled Avg:  -0.0005 | Raw Avg:   0.2539
  ang_vel_xy                | Scaled Avg:  -0.0025 | Raw Avg:   1.2735
  collision                 | Scaled Avg:  -0.0001 | Raw Avg:   0.0051
  dof_acc                   | Scaled Avg:  -0.0008 | Raw Avg: 157707.7656
  dof_error                 | Scaled Avg:  -0.0007 | Raw Avg:   0.3704
  dof_vel                   | Scaled Avg:  -0.0080 | Raw Avg:  79.7220
  feet_contact_forces       | Scaled Avg:  -0.0000 | Raw Avg:   7.2768
  foot_clearance            | Scaled Avg:  -0.0001 | Raw Avg:   0.0095
  foot_mirror               | Scaled Avg:  -0.0001 | Raw Avg:   0.0984
  foot_slide                | Scaled Avg:  -0.0017 | Raw Avg:   1.7405
  has_contact               | Scaled Avg:   0.0004 | Raw Avg:   0.0187
  hip_pos                   | Scaled Avg:  -0.0031 | Raw Avg:   0.0312
  lin_vel_z                 | Scaled Avg:  -0.0019 | Raw Avg:   0.0235
  orientation               | Scaled Avg:  -0.0000 | Raw Avg:   0.0118
  powers                    | Scaled Avg:  -0.0001 | Raw Avg: 135.0337
  stand_still               | Scaled Avg:  -0.0005 | Raw Avg:   0.0047
  torques                   | Scaled Avg:  -0.0002 | Raw Avg: 1012.0284
  tracking_ang_vel          | Scaled Avg:   0.0154 | Raw Avg:   0.7707
  tracking_lin_vel          | Scaled Avg:   0.0315 | Raw Avg:   0.7873
  TOTAL REWARD              | Scaled Avg:   0.0108
------------------------------

------------------------------
Step: 100000 - Reward Breakdown:
  action_rate               | Scaled Avg:  -0.0158 | Raw Avg:   1.5758
  action_smoothness         | Scaled Avg:  -0.0005 | Raw Avg:   0.2531
  ang_vel_xy                | Scaled Avg:  -0.0027 | Raw Avg:   1.3433
  collision                 | Scaled Avg:  -0.0001 | Raw Avg:   0.0054
  dof_acc                   | Scaled Avg:  -0.0008 | Raw Avg: 152445.1406
  dof_error                 | Scaled Avg:  -0.0007 | Raw Avg:   0.3662
  dof_vel                   | Scaled Avg:  -0.0079 | Raw Avg:  79.3550
  feet_contact_forces       | Scaled Avg:  -0.0000 | Raw Avg:   7.6983
  foot_clearance            | Scaled Avg:  -0.0001 | Raw Avg:   0.0090
  foot_mirror               | Scaled Avg:  -0.0001 | Raw Avg:   0.1010
  foot_slide                | Scaled Avg:  -0.0017 | Raw Avg:   1.7292
  has_contact               | Scaled Avg:   0.0004 | Raw Avg:   0.0176
  hip_pos                   | Scaled Avg:  -0.0031 | Raw Avg:   0.0311
  lin_vel_z                 | Scaled Avg:  -0.0019 | Raw Avg:   0.0239
  orientation               | Scaled Avg:  -0.0000 | Raw Avg:   0.0119
  powers                    | Scaled Avg:  -0.0001 | Raw Avg: 135.2230
  stand_still               | Scaled Avg:  -0.0003 | Raw Avg:   0.0026
  torques                   | Scaled Avg:  -0.0002 | Raw Avg: 1003.9669
  tracking_ang_vel          | Scaled Avg:   0.0155 | Raw Avg:   0.7754
  tracking_lin_vel          | Scaled Avg:   0.0314 | Raw Avg:   0.7859
  TOTAL REWARD              | Scaled Avg:   0.0113
------------------------------

------------------------------
Step: 100500 - Reward Breakdown:
  action_rate               | Scaled Avg:  -0.0162 | Raw Avg:   1.6156
  action_smoothness         | Scaled Avg:  -0.0005 | Raw Avg:   0.2542
  ang_vel_xy                | Scaled Avg:  -0.0027 | Raw Avg:   1.3312
  collision                 | Scaled Avg:  -0.0001 | Raw Avg:   0.0043
  dof_acc                   | Scaled Avg:  -0.0008 | Raw Avg: 169092.8750
  dof_error                 | Scaled Avg:  -0.0008 | Raw Avg:   0.3854
  dof_vel                   | Scaled Avg:  -0.0081 | Raw Avg:  81.0701
  feet_contact_forces       | Scaled Avg:  -0.0000 | Raw Avg:   8.1838
  foot_clearance            | Scaled Avg:  -0.0001 | Raw Avg:   0.0102
  foot_mirror               | Scaled Avg:  -0.0001 | Raw Avg:   0.1032
  foot_slide                | Scaled Avg:  -0.0018 | Raw Avg:   1.7504
  has_contact               | Scaled Avg:   0.0004 | Raw Avg:   0.0177
  hip_pos                   | Scaled Avg:  -0.0033 | Raw Avg:   0.0326
  lin_vel_z                 | Scaled Avg:  -0.0020 | Raw Avg:   0.0252
  orientation               | Scaled Avg:  -0.0000 | Raw Avg:   0.0121
  powers                    | Scaled Avg:  -0.0001 | Raw Avg: 137.2566
  stand_still               | Scaled Avg:  -0.0003 | Raw Avg:   0.0029
  torques                   | Scaled Avg:  -0.0002 | Raw Avg: 1014.8054
  tracking_ang_vel          | Scaled Avg:   0.0155 | Raw Avg:   0.7763
  tracking_lin_vel          | Scaled Avg:   0.0320 | Raw Avg:   0.7998
  TOTAL REWARD              | Scaled Avg:   0.0109
------------------------------
################################################################################
                    [1m Learning iteration 9200/10000 [0m                     

                       Computation: 83156 steps/s (collection: 1.287s, learning 0.472s)
                     surrogate_loss -0.0048
                         value_loss 0.0465
                            entropy 2.3137
                     estimator_loss 0.0000
                         total_loss 0.0648
             Mean action noise std: 0.20
                       Mean reward: 5.78
               Mean episode length: 595.52
      Mean episode rew_action_rate: -0.4424
Mean episode rew_frame_action_rate: -0.0198
Mean episode rew_action_smoothness: -0.0140
Mean episode rew_frame_action_smoothness: -0.0006
       Mean episode rew_ang_vel_xy: -0.0737
 Mean episode rew_frame_ang_vel_xy: -0.0080
      Mean episode rew_base_height: -0.0002
Mean episode rew_frame_base_height: -0.0001
        Mean episode rew_collision: -0.0026
  Mean episode rew_frame_collision: -0.0008
          Mean episode rew_dof_acc: -0.0233
    Mean episode rew_frame_dof_acc: -0.0015
        Mean episode rew_dof_error: -0.0206
  Mean episode rew_frame_dof_error: -0.0021
          Mean episode rew_dof_vel: -0.2234
    Mean episode rew_frame_dof_vel: -0.0139
    Mean episode rew_feet_air_time: 0.0002
Mean episode rew_frame_feet_air_time: 0.0000
Mean episode rew_feet_contact_forces: -0.0007
Mean episode rew_frame_feet_contact_forces: -0.0000
   Mean episode rew_foot_clearance: -0.0027
Mean episode rew_frame_foot_clearance: -0.0001
      Mean episode rew_foot_mirror: -0.0028
Mean episode rew_frame_foot_mirror: -0.0003
       Mean episode rew_foot_slide: -0.0478
 Mean episode rew_frame_foot_slide: -0.0017
      Mean episode rew_has_contact: 0.0130
Mean episode rew_frame_has_contact: 0.0004
          Mean episode rew_hip_pos: -0.0868
    Mean episode rew_frame_hip_pos: -0.0112
        Mean episode rew_lin_vel_z: -0.0527
  Mean episode rew_frame_lin_vel_z: -0.0128
      Mean episode rew_orientation: -0.0013
Mean episode rew_frame_orientation: -0.0003
           Mean episode rew_powers: -0.0015
     Mean episode rew_frame_powers: -0.0001
      Mean episode rew_stand_still: -0.0056
Mean episode rew_frame_stand_still: -0.0007
          Mean episode rew_stumble: -0.0000
    Mean episode rew_frame_stumble: -0.0000
          Mean episode rew_torques: -0.0056
    Mean episode rew_frame_torques: -0.0003
 Mean episode rew_tracking_ang_vel: 0.4251
Mean episode rew_frame_tracking_ang_vel: 0.0111
 Mean episode rew_tracking_lin_vel: 0.8583
Mean episode rew_frame_tracking_lin_vel: 0.0206
Mean episode max_power_throughout_episode: 3631.9758
            Mean episode max_pos_x: 3.9051
            Mean episode min_pos_x: -3.8932
            Mean episode max_pos_y: 3.4306
            Mean episode min_pos_y: -3.9746
        Mean episode timeout_ratio: 0.4907
       Mean episode num_terminated: 10.5833
--------------------------------------------------------------------------------
                   Total timesteps: 6291072
                    Iteration time: 1.76s
                        Total time: 7370.55s
                               ETA: 1403.6s


------------------------------
Step: 101000 - Reward Breakdown:
  action_rate               | Scaled Avg:  -0.0160 | Raw Avg:   1.6013
  action_smoothness         | Scaled Avg:  -0.0005 | Raw Avg:   0.2545
  ang_vel_xy                | Scaled Avg:  -0.0026 | Raw Avg:   1.2923
  collision                 | Scaled Avg:  -0.0001 | Raw Avg:   0.0044
  dof_acc                   | Scaled Avg:  -0.0008 | Raw Avg: 164206.0625
  dof_error                 | Scaled Avg:  -0.0007 | Raw Avg:   0.3681
  dof_vel                   | Scaled Avg:  -0.0079 | Raw Avg:  79.1416
  feet_contact_forces       | Scaled Avg:  -0.0000 | Raw Avg:   8.0360
  foot_clearance            | Scaled Avg:  -0.0001 | Raw Avg:   0.0094
  foot_mirror               | Scaled Avg:  -0.0001 | Raw Avg:   0.0995
  foot_slide                | Scaled Avg:  -0.0014 | Raw Avg:   1.3752
  has_contact               | Scaled Avg:   0.0003 | Raw Avg:   0.0167
  hip_pos                   | Scaled Avg:  -0.0030 | Raw Avg:   0.0303
  lin_vel_z                 | Scaled Avg:  -0.0019 | Raw Avg:   0.0239
  orientation               | Scaled Avg:  -0.0000 | Raw Avg:   0.0114
  powers                    | Scaled Avg:  -0.0001 | Raw Avg: 130.7429
  stand_still               | Scaled Avg:  -0.0003 | Raw Avg:   0.0034
  torques                   | Scaled Avg:  -0.0002 | Raw Avg: 944.4944
  tracking_ang_vel          | Scaled Avg:   0.0157 | Raw Avg:   0.7830
  tracking_lin_vel          | Scaled Avg:   0.0317 | Raw Avg:   0.7933
  TOTAL REWARD              | Scaled Avg:   0.0119
------------------------------

------------------------------
Step: 101500 - Reward Breakdown:
  action_rate               | Scaled Avg:  -0.0160 | Raw Avg:   1.5993
  action_smoothness         | Scaled Avg:  -0.0005 | Raw Avg:   0.2536
  ang_vel_xy                | Scaled Avg:  -0.0027 | Raw Avg:   1.3369
  collision                 | Scaled Avg:  -0.0001 | Raw Avg:   0.0062
  dof_acc                   | Scaled Avg:  -0.0008 | Raw Avg: 166300.0312
  dof_error                 | Scaled Avg:  -0.0007 | Raw Avg:   0.3704
  dof_vel                   | Scaled Avg:  -0.0082 | Raw Avg:  82.3488
  feet_contact_forces       | Scaled Avg:  -0.0000 | Raw Avg:   7.9351
  foot_clearance            | Scaled Avg:  -0.0001 | Raw Avg:   0.0099
  foot_mirror               | Scaled Avg:  -0.0001 | Raw Avg:   0.1004
  foot_slide                | Scaled Avg:  -0.0018 | Raw Avg:   1.7604
  has_contact               | Scaled Avg:   0.0004 | Raw Avg:   0.0177
  hip_pos                   | Scaled Avg:  -0.0030 | Raw Avg:   0.0303
  lin_vel_z                 | Scaled Avg:  -0.0020 | Raw Avg:   0.0248
  orientation               | Scaled Avg:  -0.0000 | Raw Avg:   0.0118
  powers                    | Scaled Avg:  -0.0001 | Raw Avg: 134.2757
  stand_still               | Scaled Avg:  -0.0003 | Raw Avg:   0.0035
  torques                   | Scaled Avg:  -0.0002 | Raw Avg: 959.1803
  tracking_ang_vel          | Scaled Avg:   0.0156 | Raw Avg:   0.7801
  tracking_lin_vel          | Scaled Avg:   0.0321 | Raw Avg:   0.8018
  TOTAL REWARD              | Scaled Avg:   0.0113
------------------------------

------------------------------
Step: 102000 - Reward Breakdown:
  action_rate               | Scaled Avg:  -0.0158 | Raw Avg:   1.5755
  action_smoothness         | Scaled Avg:  -0.0005 | Raw Avg:   0.2516
  ang_vel_xy                | Scaled Avg:  -0.0026 | Raw Avg:   1.3036
  collision                 | Scaled Avg:  -0.0001 | Raw Avg:   0.0030
  dof_acc                   | Scaled Avg:  -0.0008 | Raw Avg: 157398.8438
  dof_error                 | Scaled Avg:  -0.0008 | Raw Avg:   0.3855
  dof_vel                   | Scaled Avg:  -0.0079 | Raw Avg:  79.3886
  feet_contact_forces       | Scaled Avg:  -0.0000 | Raw Avg:   7.3882
  foot_clearance            | Scaled Avg:  -0.0001 | Raw Avg:   0.0095
  foot_mirror               | Scaled Avg:  -0.0001 | Raw Avg:   0.1075
  foot_slide                | Scaled Avg:  -0.0017 | Raw Avg:   1.7189
  has_contact               | Scaled Avg:   0.0003 | Raw Avg:   0.0171
  hip_pos                   | Scaled Avg:  -0.0032 | Raw Avg:   0.0321
  lin_vel_z                 | Scaled Avg:  -0.0019 | Raw Avg:   0.0243
  orientation               | Scaled Avg:  -0.0000 | Raw Avg:   0.0120
  powers                    | Scaled Avg:  -0.0001 | Raw Avg: 136.4552
  stand_still               | Scaled Avg:  -0.0003 | Raw Avg:   0.0031
  torques                   | Scaled Avg:  -0.0002 | Raw Avg: 1012.0723
  tracking_ang_vel          | Scaled Avg:   0.0155 | Raw Avg:   0.7729
  tracking_lin_vel          | Scaled Avg:   0.0318 | Raw Avg:   0.7949
  TOTAL REWARD              | Scaled Avg:   0.0115
------------------------------

------------------------------
Step: 102500 - Reward Breakdown:
  action_rate               | Scaled Avg:  -0.0165 | Raw Avg:   1.6541
  action_smoothness         | Scaled Avg:  -0.0005 | Raw Avg:   0.2627
  ang_vel_xy                | Scaled Avg:  -0.0029 | Raw Avg:   1.4436
  collision                 | Scaled Avg:  -0.0001 | Raw Avg:   0.0071
  dof_acc                   | Scaled Avg:  -0.0008 | Raw Avg: 168126.7969
  dof_error                 | Scaled Avg:  -0.0008 | Raw Avg:   0.3954
  dof_vel                   | Scaled Avg:  -0.0082 | Raw Avg:  82.0242
  feet_contact_forces       | Scaled Avg:  -0.0000 | Raw Avg:   8.0560
  foot_clearance            | Scaled Avg:  -0.0001 | Raw Avg:   0.0092
  foot_mirror               | Scaled Avg:  -0.0001 | Raw Avg:   0.1146
  foot_slide                | Scaled Avg:  -0.0017 | Raw Avg:   1.7252
  has_contact               | Scaled Avg:   0.0003 | Raw Avg:   0.0167
  hip_pos                   | Scaled Avg:  -0.0032 | Raw Avg:   0.0319
  lin_vel_z                 | Scaled Avg:  -0.0101 | Raw Avg:   0.1265
  orientation               | Scaled Avg:  -0.0001 | Raw Avg:   0.0144
  powers                    | Scaled Avg:  -0.0001 | Raw Avg: 138.6242
  stand_still               | Scaled Avg:  -0.0003 | Raw Avg:   0.0026
  torques                   | Scaled Avg:  -0.0002 | Raw Avg: 1021.9702
  tracking_ang_vel          | Scaled Avg:   0.0154 | Raw Avg:   0.7710
  tracking_lin_vel          | Scaled Avg:   0.0312 | Raw Avg:   0.7800
  TOTAL REWARD              | Scaled Avg:   0.0085
------------------------------

------------------------------
Step: 103000 - Reward Breakdown:
  action_rate               | Scaled Avg:  -0.0165 | Raw Avg:   1.6458
  action_smoothness         | Scaled Avg:  -0.0005 | Raw Avg:   0.2661
  ang_vel_xy                | Scaled Avg:  -0.0028 | Raw Avg:   1.4049
  collision                 | Scaled Avg:  -0.0001 | Raw Avg:   0.0067
  dof_acc                   | Scaled Avg:  -0.0008 | Raw Avg: 160950.5000
  dof_error                 | Scaled Avg:  -0.0008 | Raw Avg:   0.3811
  dof_vel                   | Scaled Avg:  -0.0082 | Raw Avg:  81.9096
  feet_contact_forces       | Scaled Avg:  -0.0000 | Raw Avg:   7.9018
  foot_clearance            | Scaled Avg:  -0.0001 | Raw Avg:   0.0091
  foot_mirror               | Scaled Avg:  -0.0001 | Raw Avg:   0.1139
  foot_slide                | Scaled Avg:  -0.0017 | Raw Avg:   1.7368
  has_contact               | Scaled Avg:   0.0004 | Raw Avg:   0.0177
  hip_pos                   | Scaled Avg:  -0.0032 | Raw Avg:   0.0318
  lin_vel_z                 | Scaled Avg:  -0.0019 | Raw Avg:   0.0233
  orientation               | Scaled Avg:  -0.0001 | Raw Avg:   0.0136
  powers                    | Scaled Avg:  -0.0001 | Raw Avg: 138.1992
  stand_still               | Scaled Avg:  -0.0003 | Raw Avg:   0.0035
  torques                   | Scaled Avg:  -0.0002 | Raw Avg: 1027.1727
  tracking_ang_vel          | Scaled Avg:   0.0153 | Raw Avg:   0.7669
  tracking_lin_vel          | Scaled Avg:   0.0313 | Raw Avg:   0.7820
  TOTAL REWARD              | Scaled Avg:   0.0096
------------------------------
################################################################################
                    [1m Learning iteration 9300/10000 [0m                     

                       Computation: 83333 steps/s (collection: 1.286s, learning 0.469s)
                     surrogate_loss -0.0045
                         value_loss 0.0563
                            entropy 2.1109
                     estimator_loss 0.0000
                         total_loss 0.0728
             Mean action noise std: 0.20
                       Mean reward: 3.39
               Mean episode length: 435.46
      Mean episode rew_action_rate: -0.4381
Mean episode rew_frame_action_rate: -0.0202
Mean episode rew_action_smoothness: -0.0139
Mean episode rew_frame_action_smoothness: -0.0006
       Mean episode rew_ang_vel_xy: -0.0740
 Mean episode rew_frame_ang_vel_xy: -0.0083
      Mean episode rew_base_height: -0.0002
Mean episode rew_frame_base_height: -0.0001
        Mean episode rew_collision: -0.0025
  Mean episode rew_frame_collision: -0.0012
          Mean episode rew_dof_acc: -0.0227
    Mean episode rew_frame_dof_acc: -0.0015
        Mean episode rew_dof_error: -0.0203
  Mean episode rew_frame_dof_error: -0.0023
          Mean episode rew_dof_vel: -0.2219
    Mean episode rew_frame_dof_vel: -0.0140
    Mean episode rew_feet_air_time: 0.0002
Mean episode rew_frame_feet_air_time: 0.0000
Mean episode rew_feet_contact_forces: -0.0006
Mean episode rew_frame_feet_contact_forces: -0.0000
   Mean episode rew_foot_clearance: -0.0025
Mean episode rew_frame_foot_clearance: -0.0002
      Mean episode rew_foot_mirror: -0.0029
Mean episode rew_frame_foot_mirror: -0.0003
       Mean episode rew_foot_slide: -0.0461
 Mean episode rew_frame_foot_slide: -0.0017
      Mean episode rew_has_contact: 0.0076
Mean episode rew_frame_has_contact: 0.0003
          Mean episode rew_hip_pos: -0.0854
    Mean episode rew_frame_hip_pos: -0.0116
        Mean episode rew_lin_vel_z: -0.0531
  Mean episode rew_frame_lin_vel_z: -0.0124
      Mean episode rew_orientation: -0.0013
Mean episode rew_frame_orientation: -0.0004
           Mean episode rew_powers: -0.0015
     Mean episode rew_frame_powers: -0.0001
      Mean episode rew_stand_still: -0.0154
Mean episode rew_frame_stand_still: -0.0003
          Mean episode rew_stumble: -0.0000
    Mean episode rew_frame_stumble: -0.0000
          Mean episode rew_torques: -0.0054
    Mean episode rew_frame_torques: -0.0003
 Mean episode rew_tracking_ang_vel: 0.4021
Mean episode rew_frame_tracking_ang_vel: 0.0113
 Mean episode rew_tracking_lin_vel: 0.8215
Mean episode rew_frame_tracking_lin_vel: 0.0202
Mean episode max_power_throughout_episode: 3769.5051
            Mean episode max_pos_x: 3.6525
            Mean episode min_pos_x: -2.9354
            Mean episode max_pos_y: 3.6580
            Mean episode min_pos_y: -3.7164
        Mean episode timeout_ratio: 0.4696
       Mean episode num_terminated: 11.3333
--------------------------------------------------------------------------------
                   Total timesteps: 6437376
                    Iteration time: 1.76s
                        Total time: 7546.24s
                               ETA: 1228.2s


------------------------------
Step: 103500 - Reward Breakdown:
  action_rate               | Scaled Avg:  -0.0170 | Raw Avg:   1.7027
  action_smoothness         | Scaled Avg:  -0.0005 | Raw Avg:   0.2684
  ang_vel_xy                | Scaled Avg:  -0.0027 | Raw Avg:   1.3680
  collision                 | Scaled Avg:  -0.0001 | Raw Avg:   0.0036
  dof_acc                   | Scaled Avg:  -0.0009 | Raw Avg: 189250.8594
  dof_error                 | Scaled Avg:  -0.0008 | Raw Avg:   0.3854
  dof_vel                   | Scaled Avg:  -0.0083 | Raw Avg:  83.0907
  feet_air_time             | Scaled Avg:   0.0000 | Raw Avg:   0.0003
  feet_contact_forces       | Scaled Avg:  -0.0000 | Raw Avg:   8.0498
  foot_clearance            | Scaled Avg:  -0.0001 | Raw Avg:   0.0098
  foot_mirror               | Scaled Avg:  -0.0001 | Raw Avg:   0.1046
  foot_slide                | Scaled Avg:  -0.0018 | Raw Avg:   1.7649
  has_contact               | Scaled Avg:   0.0004 | Raw Avg:   0.0185
  hip_pos                   | Scaled Avg:  -0.0031 | Raw Avg:   0.0311
  lin_vel_z                 | Scaled Avg:  -0.0025 | Raw Avg:   0.0311
  orientation               | Scaled Avg:  -0.0000 | Raw Avg:   0.0114
  powers                    | Scaled Avg:  -0.0001 | Raw Avg: 134.7868
  stand_still               | Scaled Avg:  -0.0003 | Raw Avg:   0.0025
  torques                   | Scaled Avg:  -0.0002 | Raw Avg: 959.2551
  tracking_ang_vel          | Scaled Avg:   0.0154 | Raw Avg:   0.7684
  tracking_lin_vel          | Scaled Avg:   0.0319 | Raw Avg:   0.7972
  TOTAL REWARD              | Scaled Avg:   0.0091
------------------------------

------------------------------
Step: 104000 - Reward Breakdown:
  action_rate               | Scaled Avg:  -0.0162 | Raw Avg:   1.6219
  action_smoothness         | Scaled Avg:  -0.0005 | Raw Avg:   0.2597
  ang_vel_xy                | Scaled Avg:  -0.0026 | Raw Avg:   1.3015
  collision                 | Scaled Avg:  -0.0001 | Raw Avg:   0.0062
  dof_acc                   | Scaled Avg:  -0.0009 | Raw Avg: 170896.8594
  dof_error                 | Scaled Avg:  -0.0007 | Raw Avg:   0.3685
  dof_vel                   | Scaled Avg:  -0.0083 | Raw Avg:  82.8524
  feet_contact_forces       | Scaled Avg:  -0.0000 | Raw Avg:   8.4468
  foot_clearance            | Scaled Avg:  -0.0001 | Raw Avg:   0.0095
  foot_mirror               | Scaled Avg:  -0.0001 | Raw Avg:   0.1036
  foot_slide                | Scaled Avg:  -0.0017 | Raw Avg:   1.7209
  has_contact               | Scaled Avg:   0.0003 | Raw Avg:   0.0153
  hip_pos                   | Scaled Avg:  -0.0030 | Raw Avg:   0.0304
  lin_vel_z                 | Scaled Avg:  -0.0020 | Raw Avg:   0.0251
  orientation               | Scaled Avg:  -0.0001 | Raw Avg:   0.0135
  powers                    | Scaled Avg:  -0.0001 | Raw Avg: 132.9776
  stand_still               | Scaled Avg:  -0.0003 | Raw Avg:   0.0028
  torques                   | Scaled Avg:  -0.0002 | Raw Avg: 950.6331
  tracking_ang_vel          | Scaled Avg:   0.0155 | Raw Avg:   0.7733
  tracking_lin_vel          | Scaled Avg:   0.0317 | Raw Avg:   0.7935
  TOTAL REWARD              | Scaled Avg:   0.0106
------------------------------

------------------------------
Step: 104500 - Reward Breakdown:
  action_rate               | Scaled Avg:  -0.0162 | Raw Avg:   1.6178
  action_smoothness         | Scaled Avg:  -0.0005 | Raw Avg:   0.2552
  ang_vel_xy                | Scaled Avg:  -0.0026 | Raw Avg:   1.3030
  collision                 | Scaled Avg:  -0.0002 | Raw Avg:   0.0075
  dof_acc                   | Scaled Avg:  -0.0009 | Raw Avg: 179119.4688
  dof_error                 | Scaled Avg:  -0.0008 | Raw Avg:   0.3768
  dof_vel                   | Scaled Avg:  -0.0082 | Raw Avg:  81.5252
  feet_contact_forces       | Scaled Avg:  -0.0000 | Raw Avg:   8.2721
  foot_clearance            | Scaled Avg:  -0.0001 | Raw Avg:   0.0098
  foot_mirror               | Scaled Avg:  -0.0001 | Raw Avg:   0.1060
  foot_slide                | Scaled Avg:  -0.0017 | Raw Avg:   1.7400
  has_contact               | Scaled Avg:   0.0003 | Raw Avg:   0.0152
  hip_pos                   | Scaled Avg:  -0.0031 | Raw Avg:   0.0315
  lin_vel_z                 | Scaled Avg:  -0.0019 | Raw Avg:   0.0236
  orientation               | Scaled Avg:  -0.0001 | Raw Avg:   0.0131
  powers                    | Scaled Avg:  -0.0001 | Raw Avg: 136.9943
  stand_still               | Scaled Avg:  -0.0003 | Raw Avg:   0.0030
  torques                   | Scaled Avg:  -0.0002 | Raw Avg: 1006.2070
  tracking_ang_vel          | Scaled Avg:   0.0155 | Raw Avg:   0.7751
  tracking_lin_vel          | Scaled Avg:   0.0322 | Raw Avg:   0.8044
  TOTAL REWARD              | Scaled Avg:   0.0111
------------------------------

------------------------------
Step: 105000 - Reward Breakdown:
  action_rate               | Scaled Avg:  -0.0162 | Raw Avg:   1.6206
  action_smoothness         | Scaled Avg:  -0.0005 | Raw Avg:   0.2564
  ang_vel_xy                | Scaled Avg:  -0.0026 | Raw Avg:   1.3152
  collision                 | Scaled Avg:  -0.0001 | Raw Avg:   0.0067
  dof_acc                   | Scaled Avg:  -0.0009 | Raw Avg: 178992.2500
  dof_error                 | Scaled Avg:  -0.0008 | Raw Avg:   0.3762
  dof_vel                   | Scaled Avg:  -0.0081 | Raw Avg:  80.7214
  feet_contact_forces       | Scaled Avg:  -0.0000 | Raw Avg:   8.0597
  foot_clearance            | Scaled Avg:  -0.0001 | Raw Avg:   0.0096
  foot_mirror               | Scaled Avg:  -0.0001 | Raw Avg:   0.1026
  foot_slide                | Scaled Avg:  -0.0018 | Raw Avg:   1.7588
  has_contact               | Scaled Avg:   0.0004 | Raw Avg:   0.0188
  hip_pos                   | Scaled Avg:  -0.0031 | Raw Avg:   0.0314
  lin_vel_z                 | Scaled Avg:  -0.0020 | Raw Avg:   0.0254
  orientation               | Scaled Avg:  -0.0001 | Raw Avg:   0.0133
  powers                    | Scaled Avg:  -0.0001 | Raw Avg: 137.1917
  stand_still               | Scaled Avg:  -0.0005 | Raw Avg:   0.0046
  torques                   | Scaled Avg:  -0.0002 | Raw Avg: 1006.8282
  tracking_ang_vel          | Scaled Avg:   0.0154 | Raw Avg:   0.7725
  tracking_lin_vel          | Scaled Avg:   0.0319 | Raw Avg:   0.7972
  TOTAL REWARD              | Scaled Avg:   0.0106
------------------------------

------------------------------
Step: 105500 - Reward Breakdown:
  action_rate               | Scaled Avg:  -0.0162 | Raw Avg:   1.6165
  action_smoothness         | Scaled Avg:  -0.0005 | Raw Avg:   0.2562
  ang_vel_xy                | Scaled Avg:  -0.0026 | Raw Avg:   1.3196
  collision                 | Scaled Avg:  -0.0001 | Raw Avg:   0.0051
  dof_acc                   | Scaled Avg:  -0.0009 | Raw Avg: 175693.8125
  dof_error                 | Scaled Avg:  -0.0007 | Raw Avg:   0.3712
  dof_vel                   | Scaled Avg:  -0.0080 | Raw Avg:  79.9382
  feet_contact_forces       | Scaled Avg:  -0.0000 | Raw Avg:   7.3839
  foot_clearance            | Scaled Avg:  -0.0001 | Raw Avg:   0.0097
  foot_mirror               | Scaled Avg:  -0.0001 | Raw Avg:   0.0969
  foot_slide                | Scaled Avg:  -0.0017 | Raw Avg:   1.7436
  has_contact               | Scaled Avg:   0.0003 | Raw Avg:   0.0175
  hip_pos                   | Scaled Avg:  -0.0030 | Raw Avg:   0.0301
  lin_vel_z                 | Scaled Avg:  -0.0020 | Raw Avg:   0.0245
  orientation               | Scaled Avg:  -0.0000 | Raw Avg:   0.0124
  powers                    | Scaled Avg:  -0.0001 | Raw Avg: 135.0047
  stand_still               | Scaled Avg:  -0.0004 | Raw Avg:   0.0037
  torques                   | Scaled Avg:  -0.0002 | Raw Avg: 980.3984
  tracking_ang_vel          | Scaled Avg:   0.0156 | Raw Avg:   0.7780
  tracking_lin_vel          | Scaled Avg:   0.0318 | Raw Avg:   0.7945
  TOTAL REWARD              | Scaled Avg:   0.0111
------------------------------
################################################################################
                    [1m Learning iteration 9400/10000 [0m                     

                       Computation: 84224 steps/s (collection: 1.267s, learning 0.470s)
                     surrogate_loss -0.0023
                         value_loss 0.0645
                            entropy 2.2502
                     estimator_loss 0.0000
                         total_loss 0.0847
             Mean action noise std: 0.20
                       Mean reward: 4.95
               Mean episode length: 484.00
      Mean episode rew_action_rate: -0.4427
Mean episode rew_frame_action_rate: -0.0198
Mean episode rew_action_smoothness: -0.0141
Mean episode rew_frame_action_smoothness: -0.0006
       Mean episode rew_ang_vel_xy: -0.0717
 Mean episode rew_frame_ang_vel_xy: -0.0080
      Mean episode rew_base_height: -0.0002
Mean episode rew_frame_base_height: -0.0001
        Mean episode rew_collision: -0.0032
  Mean episode rew_frame_collision: -0.0015
          Mean episode rew_dof_acc: -0.0242
    Mean episode rew_frame_dof_acc: -0.0015
        Mean episode rew_dof_error: -0.0206
  Mean episode rew_frame_dof_error: -0.0023
          Mean episode rew_dof_vel: -0.2191
    Mean episode rew_frame_dof_vel: -0.0142
    Mean episode rew_feet_air_time: 0.0002
Mean episode rew_frame_feet_air_time: 0.0000
Mean episode rew_feet_contact_forces: -0.0006
Mean episode rew_frame_feet_contact_forces: -0.0000
   Mean episode rew_foot_clearance: -0.0027
Mean episode rew_frame_foot_clearance: -0.0002
      Mean episode rew_foot_mirror: -0.0028
Mean episode rew_frame_foot_mirror: -0.0003
       Mean episode rew_foot_slide: -0.0474
 Mean episode rew_frame_foot_slide: -0.0016
      Mean episode rew_has_contact: 0.0088
Mean episode rew_frame_has_contact: 0.0003
          Mean episode rew_hip_pos: -0.0816
    Mean episode rew_frame_hip_pos: -0.0112
        Mean episode rew_lin_vel_z: -0.0504
  Mean episode rew_frame_lin_vel_z: -0.0115
      Mean episode rew_orientation: -0.0014
Mean episode rew_frame_orientation: -0.0004
           Mean episode rew_powers: -0.0015
     Mean episode rew_frame_powers: -0.0001
      Mean episode rew_stand_still: -0.0134
Mean episode rew_frame_stand_still: -0.0003
          Mean episode rew_stumble: -0.0000
    Mean episode rew_frame_stumble: -0.0000
          Mean episode rew_torques: -0.0055
    Mean episode rew_frame_torques: -0.0002
 Mean episode rew_tracking_ang_vel: 0.4290
Mean episode rew_frame_tracking_ang_vel: 0.0114
 Mean episode rew_tracking_lin_vel: 0.8891
Mean episode rew_frame_tracking_lin_vel: 0.0210
Mean episode max_power_throughout_episode: 3600.0605
            Mean episode max_pos_x: 4.3936
            Mean episode min_pos_x: -4.0844
            Mean episode max_pos_y: 3.7833
            Mean episode min_pos_y: -3.6523
        Mean episode timeout_ratio: 0.5105
       Mean episode num_terminated: 11.7083
--------------------------------------------------------------------------------
                   Total timesteps: 6583680
                    Iteration time: 1.74s
                        Total time: 7721.54s
                               ETA: 1052.7s


------------------------------
Step: 106000 - Reward Breakdown:
  action_rate               | Scaled Avg:  -0.0163 | Raw Avg:   1.6255
  action_smoothness         | Scaled Avg:  -0.0005 | Raw Avg:   0.2542
  ang_vel_xy                | Scaled Avg:  -0.0026 | Raw Avg:   1.2908
  collision                 | Scaled Avg:  -0.0001 | Raw Avg:   0.0049
  dof_acc                   | Scaled Avg:  -0.0009 | Raw Avg: 175893.9844
  dof_error                 | Scaled Avg:  -0.0008 | Raw Avg:   0.3796
  dof_vel                   | Scaled Avg:  -0.0082 | Raw Avg:  81.7688
  feet_contact_forces       | Scaled Avg:  -0.0000 | Raw Avg:   8.7197
  foot_clearance            | Scaled Avg:  -0.0001 | Raw Avg:   0.0103
  foot_mirror               | Scaled Avg:  -0.0001 | Raw Avg:   0.0970
  foot_slide                | Scaled Avg:  -0.0017 | Raw Avg:   1.7390
  has_contact               | Scaled Avg:   0.0004 | Raw Avg:   0.0190
  hip_pos                   | Scaled Avg:  -0.0030 | Raw Avg:   0.0303
  lin_vel_z                 | Scaled Avg:  -0.0020 | Raw Avg:   0.0247
  orientation               | Scaled Avg:  -0.0000 | Raw Avg:   0.0120
  powers                    | Scaled Avg:  -0.0001 | Raw Avg: 138.8069
  stand_still               | Scaled Avg:  -0.0004 | Raw Avg:   0.0035
  torques                   | Scaled Avg:  -0.0002 | Raw Avg: 1004.4055
  tracking_ang_vel          | Scaled Avg:   0.0157 | Raw Avg:   0.7837
  tracking_lin_vel          | Scaled Avg:   0.0322 | Raw Avg:   0.8046
  TOTAL REWARD              | Scaled Avg:   0.0113
------------------------------

------------------------------
Step: 106500 - Reward Breakdown:
  action_rate               | Scaled Avg:  -0.0162 | Raw Avg:   1.6212
  action_smoothness         | Scaled Avg:  -0.0005 | Raw Avg:   0.2541
  ang_vel_xy                | Scaled Avg:  -0.0026 | Raw Avg:   1.2840
  collision                 | Scaled Avg:  -0.0001 | Raw Avg:   0.0056
  dof_acc                   | Scaled Avg:  -0.0009 | Raw Avg: 188744.2500
  dof_error                 | Scaled Avg:  -0.0007 | Raw Avg:   0.3714
  dof_vel                   | Scaled Avg:  -0.0082 | Raw Avg:  81.7058
  feet_contact_forces       | Scaled Avg:  -0.0000 | Raw Avg:   8.2063
  foot_clearance            | Scaled Avg:  -0.0001 | Raw Avg:   0.0101
  foot_mirror               | Scaled Avg:  -0.0001 | Raw Avg:   0.0944
  foot_slide                | Scaled Avg:  -0.0017 | Raw Avg:   1.7376
  has_contact               | Scaled Avg:   0.0003 | Raw Avg:   0.0158
  hip_pos                   | Scaled Avg:  -0.0030 | Raw Avg:   0.0301
  lin_vel_z                 | Scaled Avg:  -0.0019 | Raw Avg:   0.0234
  orientation               | Scaled Avg:  -0.0000 | Raw Avg:   0.0119
  powers                    | Scaled Avg:  -0.0001 | Raw Avg: 140.3237
  stand_still               | Scaled Avg:  -0.0004 | Raw Avg:   0.0037
  torques                   | Scaled Avg:  -0.0002 | Raw Avg: 1043.2778
  tracking_ang_vel          | Scaled Avg:   0.0155 | Raw Avg:   0.7754
  tracking_lin_vel          | Scaled Avg:   0.0320 | Raw Avg:   0.7993
  TOTAL REWARD              | Scaled Avg:   0.0110
------------------------------

------------------------------
Step: 107000 - Reward Breakdown:
  action_rate               | Scaled Avg:  -0.0161 | Raw Avg:   1.6066
  action_smoothness         | Scaled Avg:  -0.0005 | Raw Avg:   0.2534
  ang_vel_xy                | Scaled Avg:  -0.0026 | Raw Avg:   1.2937
  collision                 | Scaled Avg:  -0.0001 | Raw Avg:   0.0039
  dof_acc                   | Scaled Avg:  -0.0008 | Raw Avg: 160839.6562
  dof_error                 | Scaled Avg:  -0.0007 | Raw Avg:   0.3544
  dof_vel                   | Scaled Avg:  -0.0079 | Raw Avg:  78.8818
  feet_contact_forces       | Scaled Avg:  -0.0000 | Raw Avg:   7.3720
  foot_clearance            | Scaled Avg:  -0.0001 | Raw Avg:   0.0096
  foot_mirror               | Scaled Avg:  -0.0001 | Raw Avg:   0.0912
  foot_slide                | Scaled Avg:  -0.0017 | Raw Avg:   1.7435
  has_contact               | Scaled Avg:   0.0003 | Raw Avg:   0.0174
  hip_pos                   | Scaled Avg:  -0.0029 | Raw Avg:   0.0293
  lin_vel_z                 | Scaled Avg:  -0.0017 | Raw Avg:   0.0214
  orientation               | Scaled Avg:  -0.0000 | Raw Avg:   0.0110
  powers                    | Scaled Avg:  -0.0001 | Raw Avg: 138.0533
  stand_still               | Scaled Avg:  -0.0004 | Raw Avg:   0.0036
  torques                   | Scaled Avg:  -0.0002 | Raw Avg: 1049.9802
  tracking_ang_vel          | Scaled Avg:   0.0156 | Raw Avg:   0.7779
  tracking_lin_vel          | Scaled Avg:   0.0321 | Raw Avg:   0.8013
  TOTAL REWARD              | Scaled Avg:   0.0121
------------------------------

------------------------------
Step: 107500 - Reward Breakdown:
  action_rate               | Scaled Avg:  -0.0159 | Raw Avg:   1.5927
  action_smoothness         | Scaled Avg:  -0.0005 | Raw Avg:   0.2519
  ang_vel_xy                | Scaled Avg:  -0.0026 | Raw Avg:   1.3250
  collision                 | Scaled Avg:  -0.0001 | Raw Avg:   0.0056
  dof_acc                   | Scaled Avg:  -0.0008 | Raw Avg: 154798.9219
  dof_error                 | Scaled Avg:  -0.0007 | Raw Avg:   0.3713
  dof_vel                   | Scaled Avg:  -0.0080 | Raw Avg:  80.1024
  feet_contact_forces       | Scaled Avg:  -0.0000 | Raw Avg:   7.4299
  foot_clearance            | Scaled Avg:  -0.0001 | Raw Avg:   0.0090
  foot_mirror               | Scaled Avg:  -0.0001 | Raw Avg:   0.0997
  foot_slide                | Scaled Avg:  -0.0017 | Raw Avg:   1.7492
  has_contact               | Scaled Avg:   0.0004 | Raw Avg:   0.0181
  hip_pos                   | Scaled Avg:  -0.0031 | Raw Avg:   0.0314
  lin_vel_z                 | Scaled Avg:  -0.0019 | Raw Avg:   0.0236
  orientation               | Scaled Avg:  -0.0001 | Raw Avg:   0.0135
  powers                    | Scaled Avg:  -0.0001 | Raw Avg: 141.3490
  stand_still               | Scaled Avg:  -0.0003 | Raw Avg:   0.0030
  torques                   | Scaled Avg:  -0.0002 | Raw Avg: 1078.1586
  tracking_ang_vel          | Scaled Avg:   0.0155 | Raw Avg:   0.7733
  tracking_lin_vel          | Scaled Avg:   0.0314 | Raw Avg:   0.7853
  TOTAL REWARD              | Scaled Avg:   0.0109
------------------------------

------------------------------
Step: 108000 - Reward Breakdown:
  action_rate               | Scaled Avg:  -0.0159 | Raw Avg:   1.5888
  action_smoothness         | Scaled Avg:  -0.0005 | Raw Avg:   0.2519
  ang_vel_xy                | Scaled Avg:  -0.0026 | Raw Avg:   1.2800
  collision                 | Scaled Avg:  -0.0001 | Raw Avg:   0.0056
  dof_acc                   | Scaled Avg:  -0.0009 | Raw Avg: 171062.5938
  dof_error                 | Scaled Avg:  -0.0008 | Raw Avg:   0.3796
  dof_vel                   | Scaled Avg:  -0.0080 | Raw Avg:  80.1559
  feet_contact_forces       | Scaled Avg:  -0.0000 | Raw Avg:   7.7099
  foot_clearance            | Scaled Avg:  -0.0001 | Raw Avg:   0.0096
  foot_mirror               | Scaled Avg:  -0.0001 | Raw Avg:   0.1021
  foot_slide                | Scaled Avg:  -0.0018 | Raw Avg:   1.7518
  has_contact               | Scaled Avg:   0.0004 | Raw Avg:   0.0189
  hip_pos                   | Scaled Avg:  -0.0031 | Raw Avg:   0.0308
  lin_vel_z                 | Scaled Avg:  -0.0019 | Raw Avg:   0.0233
  orientation               | Scaled Avg:  -0.0001 | Raw Avg:   0.0133
  powers                    | Scaled Avg:  -0.0001 | Raw Avg: 135.6544
  stand_still               | Scaled Avg:  -0.0003 | Raw Avg:   0.0027
  torques                   | Scaled Avg:  -0.0002 | Raw Avg: 990.6613
  tracking_ang_vel          | Scaled Avg:   0.0155 | Raw Avg:   0.7772
  tracking_lin_vel          | Scaled Avg:   0.0317 | Raw Avg:   0.7928
  TOTAL REWARD              | Scaled Avg:   0.0115
------------------------------
################################################################################
                    [1m Learning iteration 9500/10000 [0m                     

                       Computation: 84798 steps/s (collection: 1.253s, learning 0.473s)
                     surrogate_loss -0.0050
                         value_loss 0.0503
                            entropy 2.3159
                     estimator_loss 0.0000
                         total_loss 0.0685
             Mean action noise std: 0.20
                       Mean reward: 4.84
               Mean episode length: 470.50
      Mean episode rew_action_rate: -0.4271
Mean episode rew_frame_action_rate: -0.0196
Mean episode rew_action_smoothness: -0.0136
Mean episode rew_frame_action_smoothness: -0.0006
       Mean episode rew_ang_vel_xy: -0.0713
 Mean episode rew_frame_ang_vel_xy: -0.0078
      Mean episode rew_base_height: -0.0002
Mean episode rew_frame_base_height: -0.0001
        Mean episode rew_collision: -0.0025
  Mean episode rew_frame_collision: -0.0010
          Mean episode rew_dof_acc: -0.0230
    Mean episode rew_frame_dof_acc: -0.0016
        Mean episode rew_dof_error: -0.0208
  Mean episode rew_frame_dof_error: -0.0023
          Mean episode rew_dof_vel: -0.2126
    Mean episode rew_frame_dof_vel: -0.0139
    Mean episode rew_feet_air_time: 0.0002
Mean episode rew_frame_feet_air_time: 0.0000
Mean episode rew_feet_contact_forces: -0.0006
Mean episode rew_frame_feet_contact_forces: -0.0000
   Mean episode rew_foot_clearance: -0.0025
Mean episode rew_frame_foot_clearance: -0.0001
      Mean episode rew_foot_mirror: -0.0027
Mean episode rew_frame_foot_mirror: -0.0003
       Mean episode rew_foot_slide: -0.0461
 Mean episode rew_frame_foot_slide: -0.0016
      Mean episode rew_has_contact: 0.0183
Mean episode rew_frame_has_contact: 0.0007
          Mean episode rew_hip_pos: -0.0838
    Mean episode rew_frame_hip_pos: -0.0116
        Mean episode rew_lin_vel_z: -0.0514
  Mean episode rew_frame_lin_vel_z: -0.0114
      Mean episode rew_orientation: -0.0014
Mean episode rew_frame_orientation: -0.0004
           Mean episode rew_powers: -0.0015
     Mean episode rew_frame_powers: -0.0001
      Mean episode rew_stand_still: -0.0212
Mean episode rew_frame_stand_still: -0.0004
          Mean episode rew_stumble: -0.0000
    Mean episode rew_frame_stumble: -0.0000
          Mean episode rew_torques: -0.0056
    Mean episode rew_frame_torques: -0.0003
 Mean episode rew_tracking_ang_vel: 0.4159
Mean episode rew_frame_tracking_ang_vel: 0.0113
 Mean episode rew_tracking_lin_vel: 0.8616
Mean episode rew_frame_tracking_lin_vel: 0.0211
Mean episode max_power_throughout_episode: 3792.7727
            Mean episode max_pos_x: 4.4914
            Mean episode min_pos_x: -3.6934
            Mean episode max_pos_y: 3.2356
            Mean episode min_pos_y: -4.1250
        Mean episode timeout_ratio: 0.4812
       Mean episode num_terminated: 11.3333
--------------------------------------------------------------------------------
                   Total timesteps: 6729984
                    Iteration time: 1.73s
                        Total time: 7896.99s
                               ETA: 877.2s


------------------------------
Step: 108500 - Reward Breakdown:
  action_rate               | Scaled Avg:  -0.0158 | Raw Avg:   1.5783
  action_smoothness         | Scaled Avg:  -0.0005 | Raw Avg:   0.2526
  ang_vel_xy                | Scaled Avg:  -0.0026 | Raw Avg:   1.3067
  collision                 | Scaled Avg:  -0.0001 | Raw Avg:   0.0048
  dof_acc                   | Scaled Avg:  -0.0008 | Raw Avg: 168386.0000
  dof_error                 | Scaled Avg:  -0.0007 | Raw Avg:   0.3670
  dof_vel                   | Scaled Avg:  -0.0079 | Raw Avg:  79.4080
  feet_air_time             | Scaled Avg:   0.0000 | Raw Avg:   0.0005
  feet_contact_forces       | Scaled Avg:  -0.0000 | Raw Avg:   7.7052
  foot_clearance            | Scaled Avg:  -0.0001 | Raw Avg:   0.0099
  foot_mirror               | Scaled Avg:  -0.0001 | Raw Avg:   0.1036
  foot_slide                | Scaled Avg:  -0.0017 | Raw Avg:   1.7227
  has_contact               | Scaled Avg:   0.0004 | Raw Avg:   0.0184
  hip_pos                   | Scaled Avg:  -0.0029 | Raw Avg:   0.0294
  lin_vel_z                 | Scaled Avg:  -0.0021 | Raw Avg:   0.0259
  orientation               | Scaled Avg:  -0.0000 | Raw Avg:   0.0110
  powers                    | Scaled Avg:  -0.0001 | Raw Avg: 135.4416
  stand_still               | Scaled Avg:  -0.0003 | Raw Avg:   0.0027
  torques                   | Scaled Avg:  -0.0002 | Raw Avg: 1018.2336
  tracking_ang_vel          | Scaled Avg:   0.0155 | Raw Avg:   0.7762
  tracking_lin_vel          | Scaled Avg:   0.0319 | Raw Avg:   0.7981
  TOTAL REWARD              | Scaled Avg:   0.0118
------------------------------

------------------------------
Step: 109000 - Reward Breakdown:
  action_rate               | Scaled Avg:  -0.0159 | Raw Avg:   1.5911
  action_smoothness         | Scaled Avg:  -0.0005 | Raw Avg:   0.2539
  ang_vel_xy                | Scaled Avg:  -0.0026 | Raw Avg:   1.2847
  collision                 | Scaled Avg:  -0.0001 | Raw Avg:   0.0057
  dof_acc                   | Scaled Avg:  -0.0009 | Raw Avg: 185296.0000
  dof_error                 | Scaled Avg:  -0.0007 | Raw Avg:   0.3734
  dof_vel                   | Scaled Avg:  -0.0080 | Raw Avg:  80.1685
  feet_contact_forces       | Scaled Avg:  -0.0000 | Raw Avg:   8.0260
  foot_clearance            | Scaled Avg:  -0.0001 | Raw Avg:   0.0102
  foot_mirror               | Scaled Avg:  -0.0001 | Raw Avg:   0.1019
  foot_slide                | Scaled Avg:  -0.0017 | Raw Avg:   1.7132
  has_contact               | Scaled Avg:   0.0005 | Raw Avg:   0.0225
  hip_pos                   | Scaled Avg:  -0.0029 | Raw Avg:   0.0294
  lin_vel_z                 | Scaled Avg:  -0.0020 | Raw Avg:   0.0244
  orientation               | Scaled Avg:  -0.0000 | Raw Avg:   0.0120
  powers                    | Scaled Avg:  -0.0001 | Raw Avg: 139.1528
  stand_still               | Scaled Avg:  -0.0004 | Raw Avg:   0.0043
  torques                   | Scaled Avg:  -0.0002 | Raw Avg: 1022.4726
  tracking_ang_vel          | Scaled Avg:   0.0156 | Raw Avg:   0.7801
  tracking_lin_vel          | Scaled Avg:   0.0321 | Raw Avg:   0.8020
  TOTAL REWARD              | Scaled Avg:   0.0118
------------------------------

------------------------------
Step: 109500 - Reward Breakdown:
  action_rate               | Scaled Avg:  -0.0161 | Raw Avg:   1.6085
  action_smoothness         | Scaled Avg:  -0.0005 | Raw Avg:   0.2534
  ang_vel_xy                | Scaled Avg:  -0.0025 | Raw Avg:   1.2475
  collision                 | Scaled Avg:  -0.0001 | Raw Avg:   0.0051
  dof_acc                   | Scaled Avg:  -0.0010 | Raw Avg: 197312.7812
  dof_error                 | Scaled Avg:  -0.0008 | Raw Avg:   0.3793
  dof_vel                   | Scaled Avg:  -0.0081 | Raw Avg:  80.8395
  feet_contact_forces       | Scaled Avg:  -0.0000 | Raw Avg:   8.2323
  foot_clearance            | Scaled Avg:  -0.0001 | Raw Avg:   0.0104
  foot_mirror               | Scaled Avg:  -0.0001 | Raw Avg:   0.0999
  foot_slide                | Scaled Avg:  -0.0017 | Raw Avg:   1.7276
  has_contact               | Scaled Avg:   0.0003 | Raw Avg:   0.0161
  hip_pos                   | Scaled Avg:  -0.0030 | Raw Avg:   0.0301
  lin_vel_z                 | Scaled Avg:  -0.0019 | Raw Avg:   0.0236
  orientation               | Scaled Avg:  -0.0000 | Raw Avg:   0.0119
  powers                    | Scaled Avg:  -0.0001 | Raw Avg: 137.7131
  stand_still               | Scaled Avg:  -0.0003 | Raw Avg:   0.0031
  torques                   | Scaled Avg:  -0.0002 | Raw Avg: 1017.8834
  tracking_ang_vel          | Scaled Avg:   0.0156 | Raw Avg:   0.7816
  tracking_lin_vel          | Scaled Avg:   0.0322 | Raw Avg:   0.8062
  TOTAL REWARD              | Scaled Avg:   0.0117
------------------------------

------------------------------
Step: 110000 - Reward Breakdown:
  action_rate               | Scaled Avg:  -0.0162 | Raw Avg:   1.6154
  action_smoothness         | Scaled Avg:  -0.0005 | Raw Avg:   0.2537
  ang_vel_xy                | Scaled Avg:  -0.0026 | Raw Avg:   1.2919
  collision                 | Scaled Avg:  -0.0001 | Raw Avg:   0.0064
  dof_acc                   | Scaled Avg:  -0.0009 | Raw Avg: 187258.9219
  dof_error                 | Scaled Avg:  -0.0008 | Raw Avg:   0.3959
  dof_vel                   | Scaled Avg:  -0.0083 | Raw Avg:  82.6834
  feet_contact_forces       | Scaled Avg:  -0.0000 | Raw Avg:   9.0093
  foot_clearance            | Scaled Avg:  -0.0001 | Raw Avg:   0.0105
  foot_mirror               | Scaled Avg:  -0.0001 | Raw Avg:   0.1003
  foot_slide                | Scaled Avg:  -0.0017 | Raw Avg:   1.7393
  has_contact               | Scaled Avg:   0.0003 | Raw Avg:   0.0163
  hip_pos                   | Scaled Avg:  -0.0031 | Raw Avg:   0.0305
  lin_vel_z                 | Scaled Avg:  -0.0019 | Raw Avg:   0.0237
  orientation               | Scaled Avg:  -0.0000 | Raw Avg:   0.0120
  powers                    | Scaled Avg:  -0.0001 | Raw Avg: 138.9026
  stand_still               | Scaled Avg:  -0.0003 | Raw Avg:   0.0034
  torques                   | Scaled Avg:  -0.0002 | Raw Avg: 1000.4177
  tracking_ang_vel          | Scaled Avg:   0.0156 | Raw Avg:   0.7809
  tracking_lin_vel          | Scaled Avg:   0.0324 | Raw Avg:   0.8104
  TOTAL REWARD              | Scaled Avg:   0.0114
------------------------------
################################################################################
                    [1m Learning iteration 9600/10000 [0m                     

                       Computation: 83416 steps/s (collection: 1.283s, learning 0.471s)
                     surrogate_loss -0.0032
                         value_loss 0.0574
                            entropy 2.2941
                     estimator_loss 0.0000
                         total_loss 0.0771
             Mean action noise std: 0.20
                       Mean reward: 7.22
               Mean episode length: 576.93
      Mean episode rew_action_rate: -0.4553
Mean episode rew_frame_action_rate: -0.0202
Mean episode rew_action_smoothness: -0.0142
Mean episode rew_frame_action_smoothness: -0.0006
       Mean episode rew_ang_vel_xy: -0.0725
 Mean episode rew_frame_ang_vel_xy: -0.0076
      Mean episode rew_base_height: -0.0002
Mean episode rew_frame_base_height: -0.0001
        Mean episode rew_collision: -0.0025
  Mean episode rew_frame_collision: -0.0011
          Mean episode rew_dof_acc: -0.0280
    Mean episode rew_frame_dof_acc: -0.0017
        Mean episode rew_dof_error: -0.0214
  Mean episode rew_frame_dof_error: -0.0021
          Mean episode rew_dof_vel: -0.2350
    Mean episode rew_frame_dof_vel: -0.0144
    Mean episode rew_feet_air_time: 0.0002
Mean episode rew_frame_feet_air_time: 0.0000
Mean episode rew_feet_contact_forces: -0.0007
Mean episode rew_frame_feet_contact_forces: -0.0000
   Mean episode rew_foot_clearance: -0.0030
Mean episode rew_frame_foot_clearance: -0.0001
      Mean episode rew_foot_mirror: -0.0027
Mean episode rew_frame_foot_mirror: -0.0003
       Mean episode rew_foot_slide: -0.0498
 Mean episode rew_frame_foot_slide: -0.0017
      Mean episode rew_has_contact: 0.0085
Mean episode rew_frame_has_contact: 0.0002
          Mean episode rew_hip_pos: -0.0845
    Mean episode rew_frame_hip_pos: -0.0107
        Mean episode rew_lin_vel_z: -0.0528
  Mean episode rew_frame_lin_vel_z: -0.0127
      Mean episode rew_orientation: -0.0012
Mean episode rew_frame_orientation: -0.0004
           Mean episode rew_powers: -0.0016
     Mean episode rew_frame_powers: -0.0001
      Mean episode rew_stand_still: -0.0065
Mean episode rew_frame_stand_still: -0.0001
          Mean episode rew_stumble: -0.0000
    Mean episode rew_frame_stumble: -0.0000
          Mean episode rew_torques: -0.0055
    Mean episode rew_frame_torques: -0.0002
 Mean episode rew_tracking_ang_vel: 0.4362
Mean episode rew_frame_tracking_ang_vel: 0.0114
 Mean episode rew_tracking_lin_vel: 0.8918
Mean episode rew_frame_tracking_lin_vel: 0.0210
Mean episode max_power_throughout_episode: 3680.8127
            Mean episode max_pos_x: 4.2356
            Mean episode min_pos_x: -3.5786
            Mean episode max_pos_y: 3.7933
            Mean episode min_pos_y: -3.3295
        Mean episode timeout_ratio: 0.5041
       Mean episode num_terminated: 10.8333
--------------------------------------------------------------------------------
                   Total timesteps: 6876288
                    Iteration time: 1.75s
                        Total time: 8071.92s
                               ETA: 701.8s


------------------------------
Step: 110500 - Reward Breakdown:
  action_rate               | Scaled Avg:  -0.0162 | Raw Avg:   1.6187
  action_smoothness         | Scaled Avg:  -0.0005 | Raw Avg:   0.2533
  ang_vel_xy                | Scaled Avg:  -0.0027 | Raw Avg:   1.3316
  collision                 | Scaled Avg:  -0.0001 | Raw Avg:   0.0059
  dof_acc                   | Scaled Avg:  -0.0010 | Raw Avg: 196671.4062
  dof_error                 | Scaled Avg:  -0.0008 | Raw Avg:   0.3991
  dof_vel                   | Scaled Avg:  -0.0083 | Raw Avg:  82.7377
  feet_contact_forces       | Scaled Avg:  -0.0000 | Raw Avg:   8.1845
  foot_clearance            | Scaled Avg:  -0.0001 | Raw Avg:   0.0107
  foot_mirror               | Scaled Avg:  -0.0001 | Raw Avg:   0.1019
  foot_slide                | Scaled Avg:  -0.0018 | Raw Avg:   1.7666
  has_contact               | Scaled Avg:   0.0004 | Raw Avg:   0.0176
  hip_pos                   | Scaled Avg:  -0.0032 | Raw Avg:   0.0318
  lin_vel_z                 | Scaled Avg:  -0.0020 | Raw Avg:   0.0248
  orientation               | Scaled Avg:  -0.0000 | Raw Avg:   0.0113
  powers                    | Scaled Avg:  -0.0001 | Raw Avg: 140.4558
  stand_still               | Scaled Avg:  -0.0004 | Raw Avg:   0.0041
  torques                   | Scaled Avg:  -0.0002 | Raw Avg: 1015.5048
  tracking_ang_vel          | Scaled Avg:   0.0157 | Raw Avg:   0.7843
  tracking_lin_vel          | Scaled Avg:   0.0326 | Raw Avg:   0.8142
  TOTAL REWARD              | Scaled Avg:   0.0112
------------------------------

------------------------------
Step: 111000 - Reward Breakdown:
  action_rate               | Scaled Avg:  -0.0165 | Raw Avg:   1.6465
  action_smoothness         | Scaled Avg:  -0.0005 | Raw Avg:   0.2548
  ang_vel_xy                | Scaled Avg:  -0.0027 | Raw Avg:   1.3744
  collision                 | Scaled Avg:  -0.0001 | Raw Avg:   0.0052
  dof_acc                   | Scaled Avg:  -0.0010 | Raw Avg: 190525.9062
  dof_error                 | Scaled Avg:  -0.0008 | Raw Avg:   0.3950
  dof_vel                   | Scaled Avg:  -0.0083 | Raw Avg:  82.8676
  feet_contact_forces       | Scaled Avg:  -0.0000 | Raw Avg:   8.8996
  foot_clearance            | Scaled Avg:  -0.0001 | Raw Avg:   0.0107
  foot_mirror               | Scaled Avg:  -0.0001 | Raw Avg:   0.0986
  foot_slide                | Scaled Avg:  -0.0017 | Raw Avg:   1.7212
  has_contact               | Scaled Avg:   0.0004 | Raw Avg:   0.0189
  hip_pos                   | Scaled Avg:  -0.0031 | Raw Avg:   0.0312
  lin_vel_z                 | Scaled Avg:  -0.0019 | Raw Avg:   0.0241
  orientation               | Scaled Avg:  -0.0000 | Raw Avg:   0.0113
  powers                    | Scaled Avg:  -0.0001 | Raw Avg: 144.5551
  stand_still               | Scaled Avg:  -0.0003 | Raw Avg:   0.0027
  torques                   | Scaled Avg:  -0.0002 | Raw Avg: 1088.2933
  tracking_ang_vel          | Scaled Avg:   0.0157 | Raw Avg:   0.7870
  tracking_lin_vel          | Scaled Avg:   0.0321 | Raw Avg:   0.8024
  TOTAL REWARD              | Scaled Avg:   0.0108
------------------------------

------------------------------
Step: 111500 - Reward Breakdown:
  action_rate               | Scaled Avg:  -0.0164 | Raw Avg:   1.6390
  action_smoothness         | Scaled Avg:  -0.0005 | Raw Avg:   0.2534
  ang_vel_xy                | Scaled Avg:  -0.0027 | Raw Avg:   1.3384
  collision                 | Scaled Avg:  -0.0001 | Raw Avg:   0.0069
  dof_acc                   | Scaled Avg:  -0.0008 | Raw Avg: 169216.0781
  dof_error                 | Scaled Avg:  -0.0008 | Raw Avg:   0.3924
  dof_vel                   | Scaled Avg:  -0.0080 | Raw Avg:  80.2674
  feet_contact_forces       | Scaled Avg:  -0.0000 | Raw Avg:   7.8028
  foot_clearance            | Scaled Avg:  -0.0001 | Raw Avg:   0.0103
  foot_mirror               | Scaled Avg:  -0.0001 | Raw Avg:   0.0991
  foot_slide                | Scaled Avg:  -0.0018 | Raw Avg:   1.7712
  has_contact               | Scaled Avg:   0.0003 | Raw Avg:   0.0173
  hip_pos                   | Scaled Avg:  -0.0031 | Raw Avg:   0.0308
  lin_vel_z                 | Scaled Avg:  -0.0018 | Raw Avg:   0.0231
  orientation               | Scaled Avg:  -0.0000 | Raw Avg:   0.0122
  powers                    | Scaled Avg:  -0.0001 | Raw Avg: 139.6365
  stand_still               | Scaled Avg:  -0.0003 | Raw Avg:   0.0027
  torques                   | Scaled Avg:  -0.0002 | Raw Avg: 1047.2759
  tracking_ang_vel          | Scaled Avg:   0.0155 | Raw Avg:   0.7767
  tracking_lin_vel          | Scaled Avg:   0.0321 | Raw Avg:   0.8017
  TOTAL REWARD              | Scaled Avg:   0.0111
------------------------------

------------------------------
Step: 112000 - Reward Breakdown:
  action_rate               | Scaled Avg:  -0.0166 | Raw Avg:   1.6576
  action_smoothness         | Scaled Avg:  -0.0005 | Raw Avg:   0.2615
  ang_vel_xy                | Scaled Avg:  -0.0028 | Raw Avg:   1.4046
  collision                 | Scaled Avg:  -0.0001 | Raw Avg:   0.0062
  dof_acc                   | Scaled Avg:  -0.0009 | Raw Avg: 183068.5781
  dof_error                 | Scaled Avg:  -0.0008 | Raw Avg:   0.3920
  dof_vel                   | Scaled Avg:  -0.0082 | Raw Avg:  81.9815
  feet_contact_forces       | Scaled Avg:  -0.0000 | Raw Avg:   7.6496
  foot_clearance            | Scaled Avg:  -0.0001 | Raw Avg:   0.0099
  foot_mirror               | Scaled Avg:  -0.0001 | Raw Avg:   0.0990
  foot_slide                | Scaled Avg:  -0.0018 | Raw Avg:   1.7598
  has_contact               | Scaled Avg:   0.0004 | Raw Avg:   0.0197
  hip_pos                   | Scaled Avg:  -0.0031 | Raw Avg:   0.0311
  lin_vel_z                 | Scaled Avg:  -0.0018 | Raw Avg:   0.0230
  orientation               | Scaled Avg:  -0.0000 | Raw Avg:   0.0124
  powers                    | Scaled Avg:  -0.0001 | Raw Avg: 139.3167
  stand_still               | Scaled Avg:  -0.0003 | Raw Avg:   0.0028
  torques                   | Scaled Avg:  -0.0002 | Raw Avg: 1020.4517
  tracking_ang_vel          | Scaled Avg:   0.0154 | Raw Avg:   0.7719
  tracking_lin_vel          | Scaled Avg:   0.0320 | Raw Avg:   0.7993
  TOTAL REWARD              | Scaled Avg:   0.0103
------------------------------

------------------------------
Step: 112500 - Reward Breakdown:
  action_rate               | Scaled Avg:  -0.0163 | Raw Avg:   1.6276
  action_smoothness         | Scaled Avg:  -0.0005 | Raw Avg:   0.2578
  ang_vel_xy                | Scaled Avg:  -0.0027 | Raw Avg:   1.3315
  collision                 | Scaled Avg:  -0.0001 | Raw Avg:   0.0051
  dof_acc                   | Scaled Avg:  -0.0009 | Raw Avg: 177000.6875
  dof_error                 | Scaled Avg:  -0.0008 | Raw Avg:   0.3766
  dof_vel                   | Scaled Avg:  -0.0081 | Raw Avg:  80.8217
  feet_contact_forces       | Scaled Avg:  -0.0000 | Raw Avg:   8.1109
  foot_clearance            | Scaled Avg:  -0.0001 | Raw Avg:   0.0097
  foot_mirror               | Scaled Avg:  -0.0001 | Raw Avg:   0.1003
  foot_slide                | Scaled Avg:  -0.0017 | Raw Avg:   1.7353
  has_contact               | Scaled Avg:   0.0004 | Raw Avg:   0.0189
  hip_pos                   | Scaled Avg:  -0.0030 | Raw Avg:   0.0300
  lin_vel_z                 | Scaled Avg:  -0.0018 | Raw Avg:   0.0227
  orientation               | Scaled Avg:  -0.0000 | Raw Avg:   0.0121
  powers                    | Scaled Avg:  -0.0001 | Raw Avg: 136.7977
  stand_still               | Scaled Avg:  -0.0004 | Raw Avg:   0.0039
  torques                   | Scaled Avg:  -0.0002 | Raw Avg: 1013.3254
  tracking_ang_vel          | Scaled Avg:   0.0156 | Raw Avg:   0.7779
  tracking_lin_vel          | Scaled Avg:   0.0317 | Raw Avg:   0.7927
  TOTAL REWARD              | Scaled Avg:   0.0109
------------------------------
################################################################################
                    [1m Learning iteration 9700/10000 [0m                     

                       Computation: 85188 steps/s (collection: 1.247s, learning 0.471s)
                     surrogate_loss -0.0040
                         value_loss 0.0473
                            entropy 2.2360
                     estimator_loss 0.0000
                         total_loss 0.0656
             Mean action noise std: 0.20
                       Mean reward: 4.54
               Mean episode length: 479.20
      Mean episode rew_action_rate: -0.4169
Mean episode rew_frame_action_rate: -0.0202
Mean episode rew_action_smoothness: -0.0133
Mean episode rew_frame_action_smoothness: -0.0006
       Mean episode rew_ang_vel_xy: -0.0699
 Mean episode rew_frame_ang_vel_xy: -0.0086
      Mean episode rew_base_height: -0.0004
Mean episode rew_frame_base_height: -0.0001
        Mean episode rew_collision: -0.0044
  Mean episode rew_frame_collision: -0.0013
          Mean episode rew_dof_acc: -0.0229
    Mean episode rew_frame_dof_acc: -0.0018
        Mean episode rew_dof_error: -0.0256
  Mean episode rew_frame_dof_error: -0.0024
          Mean episode rew_dof_vel: -0.2058
    Mean episode rew_frame_dof_vel: -0.0149
    Mean episode rew_feet_air_time: 0.0002
Mean episode rew_frame_feet_air_time: 0.0000
Mean episode rew_feet_contact_forces: -0.0006
Mean episode rew_frame_feet_contact_forces: -0.0000
   Mean episode rew_foot_clearance: -0.0026
Mean episode rew_frame_foot_clearance: -0.0001
      Mean episode rew_foot_mirror: -0.0031
Mean episode rew_frame_foot_mirror: -0.0003
       Mean episode rew_foot_slide: -0.0441
 Mean episode rew_frame_foot_slide: -0.0016
      Mean episode rew_has_contact: 0.0121
Mean episode rew_frame_has_contact: 0.0004
          Mean episode rew_hip_pos: -0.1001
    Mean episode rew_frame_hip_pos: -0.0125
        Mean episode rew_lin_vel_z: -0.0514
  Mean episode rew_frame_lin_vel_z: -0.0168
      Mean episode rew_orientation: -0.0014
Mean episode rew_frame_orientation: -0.0005
           Mean episode rew_powers: -0.0014
     Mean episode rew_frame_powers: -0.0001
      Mean episode rew_stand_still: -0.0181
Mean episode rew_frame_stand_still: -0.0004
          Mean episode rew_stumble: -0.0000
    Mean episode rew_frame_stumble: -0.0000
          Mean episode rew_torques: -0.0054
    Mean episode rew_frame_torques: -0.0003
 Mean episode rew_tracking_ang_vel: 0.3982
Mean episode rew_frame_tracking_ang_vel: 0.0107
 Mean episode rew_tracking_lin_vel: 0.8185
Mean episode rew_frame_tracking_lin_vel: 0.0196
Mean episode max_power_throughout_episode: 3550.9792
            Mean episode max_pos_x: 4.2629
            Mean episode min_pos_x: -2.7586
            Mean episode max_pos_y: 3.4175
            Mean episode min_pos_y: -3.3557
        Mean episode timeout_ratio: 0.4820
       Mean episode num_terminated: 9.2083
--------------------------------------------------------------------------------
                   Total timesteps: 7022592
                    Iteration time: 1.72s
                        Total time: 8247.35s
                               ETA: 526.3s


------------------------------
Step: 113000 - Reward Breakdown:
  action_rate               | Scaled Avg:  -0.0161 | Raw Avg:   1.6145
  action_smoothness         | Scaled Avg:  -0.0005 | Raw Avg:   0.2553
  ang_vel_xy                | Scaled Avg:  -0.0027 | Raw Avg:   1.3548
  collision                 | Scaled Avg:  -0.0001 | Raw Avg:   0.0054
  dof_acc                   | Scaled Avg:  -0.0009 | Raw Avg: 185208.5625
  dof_error                 | Scaled Avg:  -0.0008 | Raw Avg:   0.3891
  dof_vel                   | Scaled Avg:  -0.0081 | Raw Avg:  81.1657
  feet_contact_forces       | Scaled Avg:  -0.0000 | Raw Avg:   8.1376
  foot_clearance            | Scaled Avg:  -0.0001 | Raw Avg:   0.0105
  foot_mirror               | Scaled Avg:  -0.0001 | Raw Avg:   0.1029
  foot_slide                | Scaled Avg:  -0.0018 | Raw Avg:   1.7668
  has_contact               | Scaled Avg:   0.0003 | Raw Avg:   0.0173
  hip_pos                   | Scaled Avg:  -0.0031 | Raw Avg:   0.0305
  lin_vel_z                 | Scaled Avg:  -0.0019 | Raw Avg:   0.0235
  orientation               | Scaled Avg:  -0.0000 | Raw Avg:   0.0120
  powers                    | Scaled Avg:  -0.0001 | Raw Avg: 140.3248
  stand_still               | Scaled Avg:  -0.0004 | Raw Avg:   0.0044
  torques                   | Scaled Avg:  -0.0002 | Raw Avg: 1038.6674
  tracking_ang_vel          | Scaled Avg:   0.0156 | Raw Avg:   0.7791
  tracking_lin_vel          | Scaled Avg:   0.0323 | Raw Avg:   0.8073
  TOTAL REWARD              | Scaled Avg:   0.0112
------------------------------

------------------------------
Step: 113500 - Reward Breakdown:
  action_rate               | Scaled Avg:  -0.0164 | Raw Avg:   1.6403
  action_smoothness         | Scaled Avg:  -0.0005 | Raw Avg:   0.2580
  ang_vel_xy                | Scaled Avg:  -0.0026 | Raw Avg:   1.2979
  collision                 | Scaled Avg:  -0.0001 | Raw Avg:   0.0054
  dof_acc                   | Scaled Avg:  -0.0010 | Raw Avg: 203191.7188
  dof_error                 | Scaled Avg:  -0.0008 | Raw Avg:   0.3801
  dof_vel                   | Scaled Avg:  -0.0083 | Raw Avg:  82.6566
  feet_contact_forces       | Scaled Avg:  -0.0000 | Raw Avg:   8.3010
  foot_clearance            | Scaled Avg:  -0.0001 | Raw Avg:   0.0107
  foot_mirror               | Scaled Avg:  -0.0001 | Raw Avg:   0.0959
  foot_slide                | Scaled Avg:  -0.0017 | Raw Avg:   1.7271
  has_contact               | Scaled Avg:   0.0004 | Raw Avg:   0.0188
  hip_pos                   | Scaled Avg:  -0.0030 | Raw Avg:   0.0299
  lin_vel_z                 | Scaled Avg:  -0.0021 | Raw Avg:   0.0256
  orientation               | Scaled Avg:  -0.0000 | Raw Avg:   0.0119
  powers                    | Scaled Avg:  -0.0001 | Raw Avg: 142.7239
  stand_still               | Scaled Avg:  -0.0002 | Raw Avg:   0.0024
  torques                   | Scaled Avg:  -0.0002 | Raw Avg: 1069.0139
  tracking_ang_vel          | Scaled Avg:   0.0158 | Raw Avg:   0.7904
  tracking_lin_vel          | Scaled Avg:   0.0324 | Raw Avg:   0.8105
  TOTAL REWARD              | Scaled Avg:   0.0114
------------------------------

------------------------------
Step: 114000 - Reward Breakdown:
  action_rate               | Scaled Avg:  -0.0165 | Raw Avg:   1.6491
  action_smoothness         | Scaled Avg:  -0.0005 | Raw Avg:   0.2555
  ang_vel_xy                | Scaled Avg:  -0.0027 | Raw Avg:   1.3608
  collision                 | Scaled Avg:  -0.0001 | Raw Avg:   0.0026
  dof_acc                   | Scaled Avg:  -0.0010 | Raw Avg: 191879.3906
  dof_error                 | Scaled Avg:  -0.0008 | Raw Avg:   0.4065
  dof_vel                   | Scaled Avg:  -0.0082 | Raw Avg:  81.9351
  feet_air_time             | Scaled Avg:   0.0000 | Raw Avg:   0.0004
  feet_contact_forces       | Scaled Avg:  -0.0000 | Raw Avg:   8.6922
  foot_clearance            | Scaled Avg:  -0.0001 | Raw Avg:   0.0108
  foot_mirror               | Scaled Avg:  -0.0001 | Raw Avg:   0.1060
  foot_slide                | Scaled Avg:  -0.0017 | Raw Avg:   1.7075
  has_contact               | Scaled Avg:   0.0004 | Raw Avg:   0.0201
  hip_pos                   | Scaled Avg:  -0.0031 | Raw Avg:   0.0309
  lin_vel_z                 | Scaled Avg:  -0.0020 | Raw Avg:   0.0246
  orientation               | Scaled Avg:  -0.0001 | Raw Avg:   0.0126
  powers                    | Scaled Avg:  -0.0001 | Raw Avg: 144.5566
  stand_still               | Scaled Avg:  -0.0003 | Raw Avg:   0.0029
  torques                   | Scaled Avg:  -0.0002 | Raw Avg: 1094.3181
  tracking_ang_vel          | Scaled Avg:   0.0157 | Raw Avg:   0.7826
  tracking_lin_vel          | Scaled Avg:   0.0322 | Raw Avg:   0.8045
  TOTAL REWARD              | Scaled Avg:   0.0109
------------------------------

------------------------------
Step: 114500 - Reward Breakdown:
  action_rate               | Scaled Avg:  -0.0162 | Raw Avg:   1.6163
  action_smoothness         | Scaled Avg:  -0.0005 | Raw Avg:   0.2560
  ang_vel_xy                | Scaled Avg:  -0.0026 | Raw Avg:   1.3163
  collision                 | Scaled Avg:  -0.0002 | Raw Avg:   0.0079
  dof_acc                   | Scaled Avg:  -0.0010 | Raw Avg: 192591.3281
  dof_error                 | Scaled Avg:  -0.0008 | Raw Avg:   0.3979
  dof_vel                   | Scaled Avg:  -0.0079 | Raw Avg:  78.9827
  feet_contact_forces       | Scaled Avg:  -0.0000 | Raw Avg:   8.3210
  foot_clearance            | Scaled Avg:  -0.0001 | Raw Avg:   0.0109
  foot_mirror               | Scaled Avg:  -0.0001 | Raw Avg:   0.1073
  foot_slide                | Scaled Avg:  -0.0017 | Raw Avg:   1.6977
  has_contact               | Scaled Avg:   0.0004 | Raw Avg:   0.0183
  hip_pos                   | Scaled Avg:  -0.0031 | Raw Avg:   0.0306
  lin_vel_z                 | Scaled Avg:  -0.0020 | Raw Avg:   0.0247
  orientation               | Scaled Avg:  -0.0001 | Raw Avg:   0.0147
  powers                    | Scaled Avg:  -0.0001 | Raw Avg: 138.5789
  stand_still               | Scaled Avg:  -0.0003 | Raw Avg:   0.0032
  torques                   | Scaled Avg:  -0.0002 | Raw Avg: 1030.0562
  tracking_ang_vel          | Scaled Avg:   0.0157 | Raw Avg:   0.7843
  tracking_lin_vel          | Scaled Avg:   0.0319 | Raw Avg:   0.7978
  TOTAL REWARD              | Scaled Avg:   0.0112
------------------------------

------------------------------
Step: 115000 - Reward Breakdown:
  action_rate               | Scaled Avg:  -0.0159 | Raw Avg:   1.5942
  action_smoothness         | Scaled Avg:  -0.0005 | Raw Avg:   0.2577
  ang_vel_xy                | Scaled Avg:  -0.0026 | Raw Avg:   1.2768
  collision                 | Scaled Avg:  -0.0001 | Raw Avg:   0.0057
  dof_acc                   | Scaled Avg:  -0.0009 | Raw Avg: 170012.8125
  dof_error                 | Scaled Avg:  -0.0008 | Raw Avg:   0.3806
  dof_vel                   | Scaled Avg:  -0.0079 | Raw Avg:  78.8331
  feet_contact_forces       | Scaled Avg:  -0.0000 | Raw Avg:   7.7175
  foot_clearance            | Scaled Avg:  -0.0001 | Raw Avg:   0.0101
  foot_mirror               | Scaled Avg:  -0.0001 | Raw Avg:   0.1039
  foot_slide                | Scaled Avg:  -0.0017 | Raw Avg:   1.7499
  has_contact               | Scaled Avg:   0.0004 | Raw Avg:   0.0194
  hip_pos                   | Scaled Avg:  -0.0030 | Raw Avg:   0.0303
  lin_vel_z                 | Scaled Avg:  -0.0018 | Raw Avg:   0.0224
  orientation               | Scaled Avg:  -0.0000 | Raw Avg:   0.0123
  powers                    | Scaled Avg:  -0.0001 | Raw Avg: 133.4737
  stand_still               | Scaled Avg:  -0.0003 | Raw Avg:   0.0030
  torques                   | Scaled Avg:  -0.0002 | Raw Avg: 965.4637
  tracking_ang_vel          | Scaled Avg:   0.0157 | Raw Avg:   0.7838
  tracking_lin_vel          | Scaled Avg:   0.0318 | Raw Avg:   0.7945
  TOTAL REWARD              | Scaled Avg:   0.0118
------------------------------
################################################################################
                    [1m Learning iteration 9800/10000 [0m                     

                       Computation: 84945 steps/s (collection: 1.253s, learning 0.469s)
                     surrogate_loss -0.0049
                         value_loss 0.0558
                            entropy 2.2783
                     estimator_loss 0.0000
                         total_loss 0.0737
             Mean action noise std: 0.20
                       Mean reward: 7.93
               Mean episode length: 674.89
      Mean episode rew_action_rate: -0.4792
Mean episode rew_frame_action_rate: -0.0196
Mean episode rew_action_smoothness: -0.0153
Mean episode rew_frame_action_smoothness: -0.0006
       Mean episode rew_ang_vel_xy: -0.0774
 Mean episode rew_frame_ang_vel_xy: -0.0073
      Mean episode rew_base_height: -0.0002
Mean episode rew_frame_base_height: -0.0001
        Mean episode rew_collision: -0.0027
  Mean episode rew_frame_collision: -0.0010
          Mean episode rew_dof_acc: -0.0286
    Mean episode rew_frame_dof_acc: -0.0016
        Mean episode rew_dof_error: -0.0227
  Mean episode rew_frame_dof_error: -0.0019
          Mean episode rew_dof_vel: -0.2394
    Mean episode rew_frame_dof_vel: -0.0139
    Mean episode rew_feet_air_time: 0.0001
Mean episode rew_frame_feet_air_time: 0.0000
Mean episode rew_feet_contact_forces: -0.0008
Mean episode rew_frame_feet_contact_forces: -0.0000
   Mean episode rew_foot_clearance: -0.0032
Mean episode rew_frame_foot_clearance: -0.0001
      Mean episode rew_foot_mirror: -0.0030
Mean episode rew_frame_foot_mirror: -0.0003
       Mean episode rew_foot_slide: -0.0519
 Mean episode rew_frame_foot_slide: -0.0017
      Mean episode rew_has_contact: 0.0122
Mean episode rew_frame_has_contact: 0.0003
          Mean episode rew_hip_pos: -0.0881
    Mean episode rew_frame_hip_pos: -0.0103
        Mean episode rew_lin_vel_z: -0.0544
  Mean episode rew_frame_lin_vel_z: -0.0112
      Mean episode rew_orientation: -0.0014
Mean episode rew_frame_orientation: -0.0004
           Mean episode rew_powers: -0.0016
     Mean episode rew_frame_powers: -0.0001
      Mean episode rew_stand_still: -0.0122
Mean episode rew_frame_stand_still: -0.0002
          Mean episode rew_stumble: -0.0000
    Mean episode rew_frame_stumble: -0.0000
          Mean episode rew_torques: -0.0060
    Mean episode rew_frame_torques: -0.0002
 Mean episode rew_tracking_ang_vel: 0.4719
Mean episode rew_frame_tracking_ang_vel: 0.0120
 Mean episode rew_tracking_lin_vel: 0.9529
Mean episode rew_frame_tracking_lin_vel: 0.0227
Mean episode max_power_throughout_episode: 3723.8176
            Mean episode max_pos_x: 4.9388
            Mean episode min_pos_x: -3.5217
            Mean episode max_pos_y: 3.7347
            Mean episode min_pos_y: -3.5747
        Mean episode timeout_ratio: 0.5347
       Mean episode num_terminated: 10.3333
--------------------------------------------------------------------------------
                   Total timesteps: 7168896
                    Iteration time: 1.72s
                        Total time: 8422.24s
                               ETA: 350.9s


------------------------------
Step: 115500 - Reward Breakdown:
  action_rate               | Scaled Avg:  -0.0161 | Raw Avg:   1.6055
  action_smoothness         | Scaled Avg:  -0.0005 | Raw Avg:   0.2548
  ang_vel_xy                | Scaled Avg:  -0.0026 | Raw Avg:   1.2998
  collision                 | Scaled Avg:  -0.0001 | Raw Avg:   0.0072
  dof_acc                   | Scaled Avg:  -0.0009 | Raw Avg: 180432.1250
  dof_error                 | Scaled Avg:  -0.0008 | Raw Avg:   0.3983
  dof_vel                   | Scaled Avg:  -0.0080 | Raw Avg:  80.3937
  feet_contact_forces       | Scaled Avg:  -0.0000 | Raw Avg:   8.2480
  foot_clearance            | Scaled Avg:  -0.0001 | Raw Avg:   0.0104
  foot_mirror               | Scaled Avg:  -0.0001 | Raw Avg:   0.1131
  foot_slide                | Scaled Avg:  -0.0017 | Raw Avg:   1.7072
  has_contact               | Scaled Avg:   0.0003 | Raw Avg:   0.0167
  hip_pos                   | Scaled Avg:  -0.0032 | Raw Avg:   0.0323
  lin_vel_z                 | Scaled Avg:  -0.0020 | Raw Avg:   0.0245
  orientation               | Scaled Avg:  -0.0000 | Raw Avg:   0.0121
  powers                    | Scaled Avg:  -0.0001 | Raw Avg: 136.1971
  stand_still               | Scaled Avg:  -0.0002 | Raw Avg:   0.0024
  torques                   | Scaled Avg:  -0.0002 | Raw Avg: 992.4676
  tracking_ang_vel          | Scaled Avg:   0.0157 | Raw Avg:   0.7835
  tracking_lin_vel          | Scaled Avg:   0.0322 | Raw Avg:   0.8042
  TOTAL REWARD              | Scaled Avg:   0.0114
------------------------------

------------------------------
Step: 116000 - Reward Breakdown:
  action_rate               | Scaled Avg:  -0.0155 | Raw Avg:   1.5527
  action_smoothness         | Scaled Avg:  -0.0005 | Raw Avg:   0.2540
  ang_vel_xy                | Scaled Avg:  -0.0026 | Raw Avg:   1.3063
  collision                 | Scaled Avg:  -0.0001 | Raw Avg:   0.0048
  dof_acc                   | Scaled Avg:  -0.0009 | Raw Avg: 174039.8750
  dof_error                 | Scaled Avg:  -0.0008 | Raw Avg:   0.3882
  dof_vel                   | Scaled Avg:  -0.0079 | Raw Avg:  79.1106
  feet_contact_forces       | Scaled Avg:  -0.0000 | Raw Avg:   7.9102
  foot_clearance            | Scaled Avg:  -0.0001 | Raw Avg:   0.0102
  foot_mirror               | Scaled Avg:  -0.0001 | Raw Avg:   0.1065
  foot_slide                | Scaled Avg:  -0.0018 | Raw Avg:   1.7584
  has_contact               | Scaled Avg:   0.0004 | Raw Avg:   0.0213
  hip_pos                   | Scaled Avg:  -0.0031 | Raw Avg:   0.0307
  lin_vel_z                 | Scaled Avg:  -0.0020 | Raw Avg:   0.0252
  orientation               | Scaled Avg:  -0.0000 | Raw Avg:   0.0116
  powers                    | Scaled Avg:  -0.0001 | Raw Avg: 132.7001
  stand_still               | Scaled Avg:  -0.0003 | Raw Avg:   0.0028
  torques                   | Scaled Avg:  -0.0002 | Raw Avg: 952.2784
  tracking_ang_vel          | Scaled Avg:   0.0156 | Raw Avg:   0.7778
  tracking_lin_vel          | Scaled Avg:   0.0316 | Raw Avg:   0.7908
  TOTAL REWARD              | Scaled Avg:   0.0117
------------------------------

------------------------------
Step: 116500 - Reward Breakdown:
  action_rate               | Scaled Avg:  -0.0158 | Raw Avg:   1.5823
  action_smoothness         | Scaled Avg:  -0.0005 | Raw Avg:   0.2537
  ang_vel_xy                | Scaled Avg:  -0.0026 | Raw Avg:   1.3078
  collision                 | Scaled Avg:  -0.0001 | Raw Avg:   0.0064
  dof_acc                   | Scaled Avg:  -0.0008 | Raw Avg: 156509.3438
  dof_error                 | Scaled Avg:  -0.0008 | Raw Avg:   0.3916
  dof_vel                   | Scaled Avg:  -0.0079 | Raw Avg:  78.9111
  feet_contact_forces       | Scaled Avg:  -0.0000 | Raw Avg:   7.6012
  foot_clearance            | Scaled Avg:  -0.0001 | Raw Avg:   0.0096
  foot_mirror               | Scaled Avg:  -0.0001 | Raw Avg:   0.1118
  foot_slide                | Scaled Avg:  -0.0018 | Raw Avg:   1.7850
  has_contact               | Scaled Avg:   0.0003 | Raw Avg:   0.0174
  hip_pos                   | Scaled Avg:  -0.0032 | Raw Avg:   0.0320
  lin_vel_z                 | Scaled Avg:  -0.0019 | Raw Avg:   0.0233
  orientation               | Scaled Avg:  -0.0000 | Raw Avg:   0.0124
  powers                    | Scaled Avg:  -0.0001 | Raw Avg: 132.0965
  stand_still               | Scaled Avg:  -0.0002 | Raw Avg:   0.0022
  torques                   | Scaled Avg:  -0.0002 | Raw Avg: 950.7444
  tracking_ang_vel          | Scaled Avg:   0.0154 | Raw Avg:   0.7717
  tracking_lin_vel          | Scaled Avg:   0.0322 | Raw Avg:   0.8039
  TOTAL REWARD              | Scaled Avg:   0.0118
------------------------------

------------------------------
Step: 117000 - Reward Breakdown:
  action_rate               | Scaled Avg:  -0.0158 | Raw Avg:   1.5757
  action_smoothness         | Scaled Avg:  -0.0005 | Raw Avg:   0.2536
  ang_vel_xy                | Scaled Avg:  -0.0025 | Raw Avg:   1.2315
  collision                 | Scaled Avg:  -0.0001 | Raw Avg:   0.0046
  dof_acc                   | Scaled Avg:  -0.0009 | Raw Avg: 172703.0938
  dof_error                 | Scaled Avg:  -0.0008 | Raw Avg:   0.3897
  dof_vel                   | Scaled Avg:  -0.0078 | Raw Avg:  78.4004
  feet_contact_forces       | Scaled Avg:  -0.0000 | Raw Avg:   7.7519
  foot_clearance            | Scaled Avg:  -0.0001 | Raw Avg:   0.0100
  foot_mirror               | Scaled Avg:  -0.0001 | Raw Avg:   0.1116
  foot_slide                | Scaled Avg:  -0.0018 | Raw Avg:   1.7709
  has_contact               | Scaled Avg:   0.0004 | Raw Avg:   0.0205
  hip_pos                   | Scaled Avg:  -0.0031 | Raw Avg:   0.0309
  lin_vel_z                 | Scaled Avg:  -0.0018 | Raw Avg:   0.0229
  orientation               | Scaled Avg:  -0.0001 | Raw Avg:   0.0128
  powers                    | Scaled Avg:  -0.0001 | Raw Avg: 130.5863
  stand_still               | Scaled Avg:  -0.0004 | Raw Avg:   0.0045
  torques                   | Scaled Avg:  -0.0002 | Raw Avg: 938.9754
  tracking_ang_vel          | Scaled Avg:   0.0155 | Raw Avg:   0.7775
  tracking_lin_vel          | Scaled Avg:   0.0321 | Raw Avg:   0.8016
  TOTAL REWARD              | Scaled Avg:   0.0121
------------------------------

------------------------------
Step: 117500 - Reward Breakdown:
  action_rate               | Scaled Avg:  -0.0156 | Raw Avg:   1.5577
  action_smoothness         | Scaled Avg:  -0.0005 | Raw Avg:   0.2514
  ang_vel_xy                | Scaled Avg:  -0.0025 | Raw Avg:   1.2533
  collision                 | Scaled Avg:  -0.0001 | Raw Avg:   0.0044
  dof_acc                   | Scaled Avg:  -0.0008 | Raw Avg: 154099.6719
  dof_error                 | Scaled Avg:  -0.0008 | Raw Avg:   0.3796
  dof_vel                   | Scaled Avg:  -0.0077 | Raw Avg:  77.3896
  feet_contact_forces       | Scaled Avg:  -0.0000 | Raw Avg:   7.6751
  foot_clearance            | Scaled Avg:  -0.0001 | Raw Avg:   0.0094
  foot_mirror               | Scaled Avg:  -0.0001 | Raw Avg:   0.1119
  foot_slide                | Scaled Avg:  -0.0017 | Raw Avg:   1.7163
  has_contact               | Scaled Avg:   0.0004 | Raw Avg:   0.0178
  hip_pos                   | Scaled Avg:  -0.0031 | Raw Avg:   0.0307
  lin_vel_z                 | Scaled Avg:  -0.0020 | Raw Avg:   0.0247
  orientation               | Scaled Avg:  -0.0000 | Raw Avg:   0.0121
  powers                    | Scaled Avg:  -0.0001 | Raw Avg: 130.0879
  stand_still               | Scaled Avg:  -0.0003 | Raw Avg:   0.0033
  torques                   | Scaled Avg:  -0.0002 | Raw Avg: 959.0940
  tracking_ang_vel          | Scaled Avg:   0.0154 | Raw Avg:   0.7711
  tracking_lin_vel          | Scaled Avg:   0.0315 | Raw Avg:   0.7864
  TOTAL REWARD              | Scaled Avg:   0.0117
------------------------------
################################################################################
                    [1m Learning iteration 9900/10000 [0m                     

                       Computation: 81636 steps/s (collection: 1.320s, learning 0.472s)
                     surrogate_loss -0.0037
                         value_loss 0.0490
                            entropy 2.2831
                     estimator_loss 0.0000
                         total_loss 0.0681
             Mean action noise std: 0.20
                       Mean reward: 7.34
               Mean episode length: 614.60
      Mean episode rew_action_rate: -0.4395
Mean episode rew_frame_action_rate: -0.0187
Mean episode rew_action_smoothness: -0.0141
Mean episode rew_frame_action_smoothness: -0.0006
       Mean episode rew_ang_vel_xy: -0.0729
 Mean episode rew_frame_ang_vel_xy: -0.0084
      Mean episode rew_base_height: -0.0002
Mean episode rew_frame_base_height: -0.0001
        Mean episode rew_collision: -0.0047
  Mean episode rew_frame_collision: -0.0014
          Mean episode rew_dof_acc: -0.0230
    Mean episode rew_frame_dof_acc: -0.0014
        Mean episode rew_dof_error: -0.0220
  Mean episode rew_frame_dof_error: -0.0021
          Mean episode rew_dof_vel: -0.2182
    Mean episode rew_frame_dof_vel: -0.0129
    Mean episode rew_feet_air_time: 0.0003
Mean episode rew_frame_feet_air_time: 0.0000
Mean episode rew_feet_contact_forces: -0.0006
Mean episode rew_frame_feet_contact_forces: -0.0000
   Mean episode rew_foot_clearance: -0.0027
Mean episode rew_frame_foot_clearance: -0.0001
      Mean episode rew_foot_mirror: -0.0031
Mean episode rew_frame_foot_mirror: -0.0003
       Mean episode rew_foot_slide: -0.0486
 Mean episode rew_frame_foot_slide: -0.0017
      Mean episode rew_has_contact: 0.0101
Mean episode rew_frame_has_contact: 0.0003
          Mean episode rew_hip_pos: -0.0873
    Mean episode rew_frame_hip_pos: -0.0110
        Mean episode rew_lin_vel_z: -0.0531
  Mean episode rew_frame_lin_vel_z: -0.0121
      Mean episode rew_orientation: -0.0014
Mean episode rew_frame_orientation: -0.0004
           Mean episode rew_powers: -0.0015
     Mean episode rew_frame_powers: -0.0001
      Mean episode rew_stand_still: -0.0237
Mean episode rew_frame_stand_still: -0.0005
          Mean episode rew_stumble: -0.0000
    Mean episode rew_frame_stumble: -0.0000
          Mean episode rew_torques: -0.0053
    Mean episode rew_frame_torques: -0.0002
 Mean episode rew_tracking_ang_vel: 0.4353
Mean episode rew_frame_tracking_ang_vel: 0.0115
 Mean episode rew_tracking_lin_vel: 0.8887
Mean episode rew_frame_tracking_lin_vel: 0.0213
Mean episode max_power_throughout_episode: 3421.8633
            Mean episode max_pos_x: 5.0108
            Mean episode min_pos_x: -3.0985
            Mean episode max_pos_y: 3.7507
            Mean episode min_pos_y: -4.2655
        Mean episode timeout_ratio: 0.5060
       Mean episode num_terminated: 12.1667
--------------------------------------------------------------------------------
                   Total timesteps: 7315200
                    Iteration time: 1.79s
                        Total time: 8596.65s
                               ETA: 175.4s


------------------------------
Step: 118000 - Reward Breakdown:
  action_rate               | Scaled Avg:  -0.0160 | Raw Avg:   1.5967
  action_smoothness         | Scaled Avg:  -0.0005 | Raw Avg:   0.2540
  ang_vel_xy                | Scaled Avg:  -0.0026 | Raw Avg:   1.3028
  collision                 | Scaled Avg:  -0.0001 | Raw Avg:   0.0049
  dof_acc                   | Scaled Avg:  -0.0008 | Raw Avg: 157822.2344
  dof_error                 | Scaled Avg:  -0.0008 | Raw Avg:   0.3849
  dof_vel                   | Scaled Avg:  -0.0080 | Raw Avg:  80.2638
  feet_contact_forces       | Scaled Avg:  -0.0000 | Raw Avg:   7.1470
  foot_clearance            | Scaled Avg:  -0.0001 | Raw Avg:   0.0092
  foot_mirror               | Scaled Avg:  -0.0001 | Raw Avg:   0.1102
  foot_slide                | Scaled Avg:  -0.0018 | Raw Avg:   1.7510
  has_contact               | Scaled Avg:   0.0003 | Raw Avg:   0.0151
  hip_pos                   | Scaled Avg:  -0.0032 | Raw Avg:   0.0318
  lin_vel_z                 | Scaled Avg:  -0.0018 | Raw Avg:   0.0228
  orientation               | Scaled Avg:  -0.0001 | Raw Avg:   0.0128
  powers                    | Scaled Avg:  -0.0001 | Raw Avg: 136.6665
  stand_still               | Scaled Avg:  -0.0004 | Raw Avg:   0.0036
  torques                   | Scaled Avg:  -0.0002 | Raw Avg: 1006.1672
  tracking_ang_vel          | Scaled Avg:   0.0154 | Raw Avg:   0.7695
  tracking_lin_vel          | Scaled Avg:   0.0315 | Raw Avg:   0.7863
  TOTAL REWARD              | Scaled Avg:   0.0107
------------------------------

------------------------------
Step: 118500 - Reward Breakdown:
  action_rate               | Scaled Avg:  -0.0161 | Raw Avg:   1.6093
  action_smoothness         | Scaled Avg:  -0.0005 | Raw Avg:   0.2545
  ang_vel_xy                | Scaled Avg:  -0.0027 | Raw Avg:   1.3419
  collision                 | Scaled Avg:  -0.0001 | Raw Avg:   0.0049
  dof_acc                   | Scaled Avg:  -0.0008 | Raw Avg: 163426.5469
  dof_error                 | Scaled Avg:  -0.0008 | Raw Avg:   0.3762
  dof_vel                   | Scaled Avg:  -0.0081 | Raw Avg:  81.0430
  feet_contact_forces       | Scaled Avg:  -0.0000 | Raw Avg:   8.0806
  foot_clearance            | Scaled Avg:  -0.0001 | Raw Avg:   0.0093
  foot_mirror               | Scaled Avg:  -0.0001 | Raw Avg:   0.1031
  foot_slide                | Scaled Avg:  -0.0017 | Raw Avg:   1.7395
  has_contact               | Scaled Avg:   0.0004 | Raw Avg:   0.0200
  hip_pos                   | Scaled Avg:  -0.0032 | Raw Avg:   0.0321
  lin_vel_z                 | Scaled Avg:  -0.0019 | Raw Avg:   0.0240
  orientation               | Scaled Avg:  -0.0001 | Raw Avg:   0.0125
  powers                    | Scaled Avg:  -0.0001 | Raw Avg: 133.8941
  stand_still               | Scaled Avg:  -0.0004 | Raw Avg:   0.0038
  torques                   | Scaled Avg:  -0.0002 | Raw Avg: 960.6893
  tracking_ang_vel          | Scaled Avg:   0.0155 | Raw Avg:   0.7757
  tracking_lin_vel          | Scaled Avg:   0.0318 | Raw Avg:   0.7956
  TOTAL REWARD              | Scaled Avg:   0.0109
------------------------------

------------------------------
Step: 119000 - Reward Breakdown:
  action_rate               | Scaled Avg:  -0.0156 | Raw Avg:   1.5635
  action_smoothness         | Scaled Avg:  -0.0005 | Raw Avg:   0.2528
  ang_vel_xy                | Scaled Avg:  -0.0026 | Raw Avg:   1.3067
  collision                 | Scaled Avg:  -0.0001 | Raw Avg:   0.0057
  dof_acc                   | Scaled Avg:  -0.0007 | Raw Avg: 143828.7500
  dof_error                 | Scaled Avg:  -0.0007 | Raw Avg:   0.3689
  dof_vel                   | Scaled Avg:  -0.0080 | Raw Avg:  79.7354
  feet_contact_forces       | Scaled Avg:  -0.0000 | Raw Avg:   7.7898
  foot_clearance            | Scaled Avg:  -0.0001 | Raw Avg:   0.0087
  foot_mirror               | Scaled Avg:  -0.0001 | Raw Avg:   0.1004
  foot_slide                | Scaled Avg:  -0.0017 | Raw Avg:   1.7194
  has_contact               | Scaled Avg:   0.0004 | Raw Avg:   0.0180
  hip_pos                   | Scaled Avg:  -0.0031 | Raw Avg:   0.0311
  lin_vel_z                 | Scaled Avg:  -0.0019 | Raw Avg:   0.0237
  orientation               | Scaled Avg:  -0.0000 | Raw Avg:   0.0122
  powers                    | Scaled Avg:  -0.0001 | Raw Avg: 132.3319
  stand_still               | Scaled Avg:  -0.0002 | Raw Avg:   0.0018
  torques                   | Scaled Avg:  -0.0002 | Raw Avg: 963.5167
  tracking_ang_vel          | Scaled Avg:   0.0156 | Raw Avg:   0.7804
  tracking_lin_vel          | Scaled Avg:   0.0320 | Raw Avg:   0.8000
  TOTAL REWARD              | Scaled Avg:   0.0123
------------------------------

------------------------------
Step: 119500 - Reward Breakdown:
  action_rate               | Scaled Avg:  -0.0157 | Raw Avg:   1.5739
  action_smoothness         | Scaled Avg:  -0.0005 | Raw Avg:   0.2513
  ang_vel_xy                | Scaled Avg:  -0.0027 | Raw Avg:   1.3671
  collision                 | Scaled Avg:  -0.0001 | Raw Avg:   0.0044
  dof_acc                   | Scaled Avg:  -0.0008 | Raw Avg: 163637.5625
  dof_error                 | Scaled Avg:  -0.0008 | Raw Avg:   0.3796
  dof_vel                   | Scaled Avg:  -0.0080 | Raw Avg:  80.1534
  feet_contact_forces       | Scaled Avg:  -0.0000 | Raw Avg:   7.0826
  foot_clearance            | Scaled Avg:  -0.0001 | Raw Avg:   0.0088
  foot_mirror               | Scaled Avg:  -0.0001 | Raw Avg:   0.1021
  foot_slide                | Scaled Avg:  -0.0018 | Raw Avg:   1.7558
  has_contact               | Scaled Avg:   0.0003 | Raw Avg:   0.0174
  hip_pos                   | Scaled Avg:  -0.0033 | Raw Avg:   0.0332
  lin_vel_z                 | Scaled Avg:  -0.0019 | Raw Avg:   0.0241
  orientation               | Scaled Avg:  -0.0001 | Raw Avg:   0.0131
  powers                    | Scaled Avg:  -0.0001 | Raw Avg: 135.4179
  stand_still               | Scaled Avg:  -0.0003 | Raw Avg:   0.0025
  torques                   | Scaled Avg:  -0.0002 | Raw Avg: 997.9233
  tracking_ang_vel          | Scaled Avg:   0.0153 | Raw Avg:   0.7630
  tracking_lin_vel          | Scaled Avg:   0.0319 | Raw Avg:   0.7963
  TOTAL REWARD              | Scaled Avg:   0.0110
------------------------------

------------------------------
Step: 120000 - Reward Breakdown:
  action_rate               | Scaled Avg:  -0.0158 | Raw Avg:   1.5758
  action_smoothness         | Scaled Avg:  -0.0005 | Raw Avg:   0.2531
  ang_vel_xy                | Scaled Avg:  -0.0027 | Raw Avg:   1.3689
  collision                 | Scaled Avg:  -0.0002 | Raw Avg:   0.0075
  dof_acc                   | Scaled Avg:  -0.0008 | Raw Avg: 168967.9531
  dof_error                 | Scaled Avg:  -0.0007 | Raw Avg:   0.3701
  dof_vel                   | Scaled Avg:  -0.0079 | Raw Avg:  78.8861
  feet_contact_forces       | Scaled Avg:  -0.0000 | Raw Avg:   7.6090
  foot_clearance            | Scaled Avg:  -0.0001 | Raw Avg:   0.0093
  foot_mirror               | Scaled Avg:  -0.0001 | Raw Avg:   0.0973
  foot_slide                | Scaled Avg:  -0.0017 | Raw Avg:   1.7297
  has_contact               | Scaled Avg:   0.0003 | Raw Avg:   0.0166
  hip_pos                   | Scaled Avg:  -0.0032 | Raw Avg:   0.0321
  lin_vel_z                 | Scaled Avg:  -0.0019 | Raw Avg:   0.0242
  orientation               | Scaled Avg:  -0.0001 | Raw Avg:   0.0131
  powers                    | Scaled Avg:  -0.0001 | Raw Avg: 135.1281
  stand_still               | Scaled Avg:  -0.0003 | Raw Avg:   0.0028
  torques                   | Scaled Avg:  -0.0002 | Raw Avg: 994.8679
  tracking_ang_vel          | Scaled Avg:   0.0154 | Raw Avg:   0.7713
  tracking_lin_vel          | Scaled Avg:   0.0316 | Raw Avg:   0.7894
  TOTAL REWARD              | Scaled Avg:   0.0110
------------------------------
