Importing module 'gym_38' (/data/run01/scxi678/Workspace/isaacgym/python/isaacgym/_bindings/linux-x86_64/gym_38.so)
Setting GYM_USD_PLUG_INFO_PATH to /data/run01/scxi678/Workspace/isaacgym/python/isaacgym/_bindings/linux-x86_64/usd/plugInfo.json
PyTorch version 2.4.1+cu121
Device count 1
/data/run01/scxi678/Workspace/isaacgym/python/isaacgym/_bindings/src/gymtorch
Using /data/run01/scxi678/.cache/torch_extensions/py38_cu121 as PyTorch extensions root...
Emitting ninja build file /data/run01/scxi678/.cache/torch_extensions/py38_cu121/gymtorch/build.ninja...
Building extension module gymtorch...
Allowing ninja to set a default number of workers... (overridable by setting the environment variable MAX_JOBS=N)
ninja: no work to do.
Loading extension module gymtorch...
Setting seed: 1
Not connected to PVD
+++ Using GPU PhysX
Physics Engine: PhysX
Physics Device: cuda:0
GPU Pipeline: enabled
Terrain heightsamples shape:  (2560, 2560)
Terrain heightsamples stat:  0.005 0.075 0.04117176818847656 0.011099462386507998 0.04
/data/home/scxi678/run/parkour_env/lib/python3.8/site-packages/torch/functional.py:513: UserWarning: torch.meshgrid: in an upcoming release, it will be required to pass the indexing argument. (Triggered internally at ../aten/src/ATen/native/TensorShape.cpp:3609.)
  return _VF.meshgrid(tensors, **kwargs)  # type: ignore[attr-defined]
Total number of volume estimation points for each robot is: 1028
Actor MLP: Sequential(
  (0): Linear(in_features=256, out_features=512, bias=True)
  (1): ELU(alpha=1.0)
  (2): Linear(in_features=512, out_features=256, bias=True)
  (3): ELU(alpha=1.0)
  (4): Linear(in_features=256, out_features=128, bias=True)
  (5): ELU(alpha=1.0)
  (6): Linear(in_features=128, out_features=12, bias=True)
)
Critic MLP: Sequential(
  (0): Linear(in_features=256, out_features=512, bias=True)
  (1): ELU(alpha=1.0)
  (2): Linear(in_features=512, out_features=256, bias=True)
  (3): ELU(alpha=1.0)
  (4): Linear(in_features=256, out_features=128, bias=True)
  (5): ELU(alpha=1.0)
  (6): Linear(in_features=128, out_features=1, bias=True)
)
Actor RNN: Memory(
  (rnn): GRU(80, 256)
)
Critic RNN: Memory(
  (rnn): GRU(80, 256)
)
Loading load_run as absolute path: /data/home/scxi678/run/Workspace/parkour_sfy-0313master/parkour_sfy-0313master/legged_gym/logs/rough_ddog/Mar18_15-01-37_DdogRough
Loading model from: /data/home/scxi678/run/Workspace/parkour_sfy-0313master/parkour_sfy-0313master/legged_gym/logs/rough_ddog/Mar18_15-01-37_DdogRough/model_5000.pt
/data/run01/scxi678/Workspace/parkour_sfy-0313master/parkour_sfy-0313master/rsl_rl/rsl_rl/runners/on_policy_runner.py:259: FutureWarning: You are using `torch.load` with `weights_only=False` (the current default value), which uses the default pickle module implicitly. It is possible to construct malicious pickle data which will execute arbitrary code during unpickling (See https://github.com/pytorch/pytorch/blob/main/SECURITY.md#untrusted-models for more details). In a future release, the default value for `weights_only` will be flipped to `True`. This limits the functions that could be executed during unpickling. Arbitrary objects will no longer be allowed to be loaded via this mode unless they are explicitly allowlisted by the user via `torch.serialization.add_safe_globals`. We recommend you start setting `weights_only=True` for any use case where you don't have full control of the loaded file. Please open an issue on GitHub for any issues related to this experimental feature.
  loaded_dict = torch.load(path)
Initialization done, start learning.
NOTE: you may see a bunch of `NaN or Inf found in input tensor` once and appears in the log. Just ignore it if it does not affect the performance.
################################################################################
                    [1m Learning iteration 5000/10000 [0m                     

                       Computation: 30982 steps/s (collection: 2.918s, learning 1.804s)
                     surrogate_loss 0.0003
                         value_loss 0.3605
                            entropy 2.2489
                     estimator_loss 0.0000
                         total_loss 0.3833
             Mean action noise std: 0.20
                       Mean reward: -2.80
               Mean episode length: 23.27
      Mean episode rew_action_rate: -0.0153
Mean episode rew_frame_action_rate: -0.0012
Mean episode rew_action_smoothness: -0.0004
Mean episode rew_frame_action_smoothness: -0.0000
       Mean episode rew_ang_vel_xy: -0.0110
 Mean episode rew_frame_ang_vel_xy: -0.0009
      Mean episode rew_base_height: -0.0001
Mean episode rew_frame_base_height: -0.0000
        Mean episode rew_collision: -0.0014
  Mean episode rew_frame_collision: -0.0001
          Mean episode rew_dof_acc: -0.0031
    Mean episode rew_frame_dof_acc: -0.0002
    Mean episode rew_feet_air_time: 0.0000
Mean episode rew_frame_feet_air_time: 0.0000
Mean episode rew_feet_contact_forces: -0.0000
Mean episode rew_frame_feet_contact_forces: -0.0000
   Mean episode rew_foot_clearance: -0.0002
Mean episode rew_frame_foot_clearance: -0.0000
      Mean episode rew_foot_mirror: -0.0006
Mean episode rew_frame_foot_mirror: -0.0001
       Mean episode rew_foot_slide: -0.0007
 Mean episode rew_frame_foot_slide: -0.0001
      Mean episode rew_has_contact: -0.0013
Mean episode rew_frame_has_contact: -0.0001
          Mean episode rew_hip_pos: -0.0260
    Mean episode rew_frame_hip_pos: -0.0022
        Mean episode rew_lin_vel_z: -0.0324
  Mean episode rew_frame_lin_vel_z: -0.0030
      Mean episode rew_orientation: -0.0006
Mean episode rew_frame_orientation: -0.0000
           Mean episode rew_powers: -0.0001
     Mean episode rew_frame_powers: -0.0000
      Mean episode rew_stand_still: -0.0003
Mean episode rew_frame_stand_still: -0.0000
          Mean episode rew_stumble: -0.0000
    Mean episode rew_frame_stumble: -0.0000
          Mean episode rew_torques: -0.0003
    Mean episode rew_frame_torques: -0.0000
Mean episode max_power_throughout_episode: 3447.4387
            Mean episode max_pos_x: 0.8202
            Mean episode min_pos_x: 0.0274
            Mean episode max_pos_y: 0.3350
            Mean episode min_pos_y: -0.3057
        Mean episode timeout_ratio: 0.3911
       Mean episode num_terminated: 326.0833
--------------------------------------------------------------------------------
                   Total timesteps: 146304
                    Iteration time: 4.72s
                        Total time: 4.72s
                               ETA: 23610.6s


------------------------------
Step: 500 - Reward Breakdown:
  action_rate               | Scaled Avg:  -0.0160 | Raw Avg:   1.6022
  action_smoothness         | Scaled Avg:  -0.0005 | Raw Avg:   0.2416
  ang_vel_xy                | Scaled Avg:  -0.0026 | Raw Avg:   1.2774
  base_height               | Scaled Avg:  -0.0000 | Raw Avg:   0.0007
  collision                 | Scaled Avg:  -0.0001 | Raw Avg:   0.0051
  dof_acc                   | Scaled Avg:  -0.0007 | Raw Avg: 141938.0312
  feet_contact_forces       | Scaled Avg:  -0.0000 | Raw Avg:   6.6857
  foot_clearance            | Scaled Avg:  -0.0001 | Raw Avg:   0.0078
  foot_mirror               | Scaled Avg:  -0.0001 | Raw Avg:   0.1297
  foot_slide                | Scaled Avg:  -0.0017 | Raw Avg:   1.7460
  has_contact               | Scaled Avg:  -0.0012 | Raw Avg:  -0.0300
  hip_pos                   | Scaled Avg:  -0.0030 | Raw Avg:   0.0301
  lin_vel_z                 | Scaled Avg:  -0.0020 | Raw Avg:   0.0251
  orientation               | Scaled Avg:  -0.0000 | Raw Avg:   0.0120
  powers                    | Scaled Avg:  -0.0001 | Raw Avg: 129.6616
  stand_still               | Scaled Avg:  -0.0001 | Raw Avg:   0.0041
  torques                   | Scaled Avg:  -0.0002 | Raw Avg: 833.8488
  TOTAL REWARD              | Scaled Avg:  -0.0284
------------------------------

------------------------------
Step: 1000 - Reward Breakdown:
  action_rate               | Scaled Avg:  -0.0135 | Raw Avg:   1.3549
  action_smoothness         | Scaled Avg:  -0.0004 | Raw Avg:   0.2210
  ang_vel_xy                | Scaled Avg:  -0.0025 | Raw Avg:   1.2284
  base_height               | Scaled Avg:  -0.0000 | Raw Avg:   0.0013
  collision                 | Scaled Avg:  -0.0001 | Raw Avg:   0.0072
  dof_acc                   | Scaled Avg:  -0.0006 | Raw Avg: 117381.9844
  feet_contact_forces       | Scaled Avg:  -0.0000 | Raw Avg:   5.1128
  foot_clearance            | Scaled Avg:  -0.0001 | Raw Avg:   0.0065
  foot_mirror               | Scaled Avg:  -0.0002 | Raw Avg:   0.1556
  foot_slide                | Scaled Avg:  -0.0015 | Raw Avg:   1.5212
  has_contact               | Scaled Avg:  -0.0006 | Raw Avg:  -0.0148
  hip_pos                   | Scaled Avg:  -0.0025 | Raw Avg:   0.0247
  lin_vel_z                 | Scaled Avg:  -0.0022 | Raw Avg:   0.0279
  orientation               | Scaled Avg:  -0.0001 | Raw Avg:   0.0152
  powers                    | Scaled Avg:  -0.0000 | Raw Avg: 109.2741
  stand_still               | Scaled Avg:  -0.0001 | Raw Avg:   0.0060
  torques                   | Scaled Avg:  -0.0002 | Raw Avg: 786.8702
  TOTAL REWARD              | Scaled Avg:  -0.0246
------------------------------

------------------------------
Step: 1500 - Reward Breakdown:
  action_rate               | Scaled Avg:  -0.0152 | Raw Avg:   1.5239
  action_smoothness         | Scaled Avg:  -0.0005 | Raw Avg:   0.2527
  ang_vel_xy                | Scaled Avg:  -0.0065 | Raw Avg:   3.2266
  base_height               | Scaled Avg:  -0.0002 | Raw Avg:   0.0098
  collision                 | Scaled Avg:  -0.0012 | Raw Avg:   0.0577
  dof_acc                   | Scaled Avg:  -0.0008 | Raw Avg: 152576.5938
  feet_air_time             | Scaled Avg:   0.0001 | Raw Avg:   0.0017
  feet_contact_forces       | Scaled Avg:  -0.0000 | Raw Avg:  10.0691
  foot_clearance            | Scaled Avg:  -0.0001 | Raw Avg:   0.0129
  foot_mirror               | Scaled Avg:  -0.0004 | Raw Avg:   0.4199
  foot_slide                | Scaled Avg:  -0.0013 | Raw Avg:   1.3309
  has_contact               | Scaled Avg:  -0.0015 | Raw Avg:  -0.0372
  hip_pos                   | Scaled Avg:  -0.0045 | Raw Avg:   0.0445
  lin_vel_z                 | Scaled Avg:  -0.0121 | Raw Avg:   0.1507
  orientation               | Scaled Avg:  -0.0004 | Raw Avg:   0.1029
  powers                    | Scaled Avg:  -0.0001 | Raw Avg: 146.8211
  stand_still               | Scaled Avg:  -0.0004 | Raw Avg:   0.0222
  torques                   | Scaled Avg:  -0.0002 | Raw Avg: 858.8204
  TOTAL REWARD              | Scaled Avg:  -0.0453
------------------------------

------------------------------
Step: 2000 - Reward Breakdown:
  action_rate               | Scaled Avg:  -0.0178 | Raw Avg:   1.7812
  action_smoothness         | Scaled Avg:  -0.0006 | Raw Avg:   0.2857
  ang_vel_xy                | Scaled Avg:  -0.0093 | Raw Avg:   4.6561
  base_height               | Scaled Avg:  -0.0002 | Raw Avg:   0.0122
  collision                 | Scaled Avg:  -0.0020 | Raw Avg:   0.1001
  dof_acc                   | Scaled Avg:  -0.0011 | Raw Avg: 215154.8906
  feet_air_time             | Scaled Avg:   0.0001 | Raw Avg:   0.0023
  feet_contact_forces       | Scaled Avg:  -0.0000 | Raw Avg:  14.1521
  foot_clearance            | Scaled Avg:  -0.0002 | Raw Avg:   0.0170
  foot_mirror               | Scaled Avg:  -0.0005 | Raw Avg:   0.5277
  foot_slide                | Scaled Avg:  -0.0015 | Raw Avg:   1.4719
  has_contact               | Scaled Avg:  -0.0018 | Raw Avg:  -0.0446
  hip_pos                   | Scaled Avg:  -0.0053 | Raw Avg:   0.0530
  lin_vel_z                 | Scaled Avg:  -0.0187 | Raw Avg:   0.2335
  orientation               | Scaled Avg:  -0.0007 | Raw Avg:   0.1629
  powers                    | Scaled Avg:  -0.0001 | Raw Avg: 184.4492
  stand_still               | Scaled Avg:  -0.0002 | Raw Avg:   0.0080
  torques                   | Scaled Avg:  -0.0002 | Raw Avg: 905.5499
  TOTAL REWARD              | Scaled Avg:  -0.0600
------------------------------
################################################################################
                    [1m Learning iteration 5100/10000 [0m                     

                       Computation: 48804 steps/s (collection: 2.362s, learning 0.636s)
                     surrogate_loss -0.0034
                         value_loss 0.0316
                            entropy 1.8823
                     estimator_loss 0.0000
                         total_loss 0.0470
             Mean action noise std: 0.21
                       Mean reward: -1.67
               Mean episode length: 28.30
      Mean episode rew_action_rate: -0.0246
Mean episode rew_frame_action_rate: -0.0183
Mean episode rew_action_smoothness: -0.0008
Mean episode rew_frame_action_smoothness: -0.0006
       Mean episode rew_ang_vel_xy: -0.0124
 Mean episode rew_frame_ang_vel_xy: -0.0093
      Mean episode rew_base_height: -0.0003
Mean episode rew_frame_base_height: -0.0002
        Mean episode rew_collision: -0.0028
  Mean episode rew_frame_collision: -0.0019
          Mean episode rew_dof_acc: -0.0015
    Mean episode rew_frame_dof_acc: -0.0012
    Mean episode rew_feet_air_time: 0.0001
Mean episode rew_frame_feet_air_time: 0.0001
Mean episode rew_feet_contact_forces: -0.0001
Mean episode rew_frame_feet_contact_forces: -0.0000
   Mean episode rew_foot_clearance: -0.0002
Mean episode rew_frame_foot_clearance: -0.0002
      Mean episode rew_foot_mirror: -0.0007
Mean episode rew_frame_foot_mirror: -0.0006
       Mean episode rew_foot_slide: -0.0021
 Mean episode rew_frame_foot_slide: -0.0015
      Mean episode rew_has_contact: -0.0024
Mean episode rew_frame_has_contact: -0.0018
          Mean episode rew_hip_pos: -0.0062
    Mean episode rew_frame_hip_pos: -0.0050
        Mean episode rew_lin_vel_z: -0.0253
  Mean episode rew_frame_lin_vel_z: -0.0201
      Mean episode rew_orientation: -0.0009
Mean episode rew_frame_orientation: -0.0007
           Mean episode rew_powers: -0.0001
     Mean episode rew_frame_powers: -0.0001
      Mean episode rew_stand_still: -0.0003
Mean episode rew_frame_stand_still: -0.0002
          Mean episode rew_stumble: -0.0000
    Mean episode rew_frame_stumble: -0.0000
          Mean episode rew_torques: -0.0002
    Mean episode rew_frame_torques: -0.0002
Mean episode max_power_throughout_episode: 5886.3633
            Mean episode max_pos_x: 1.0642
            Mean episode min_pos_x: -0.1616
            Mean episode max_pos_y: 0.5656
            Mean episode min_pos_y: -0.5327
        Mean episode timeout_ratio: 0.0000
       Mean episode num_terminated: 215.7917
--------------------------------------------------------------------------------
                   Total timesteps: 292608
                    Iteration time: 3.00s
                        Total time: 237.87s
                               ETA: 11540.3s


------------------------------
Step: 2500 - Reward Breakdown:
  action_rate               | Scaled Avg:  -0.0173 | Raw Avg:   1.7267
  action_smoothness         | Scaled Avg:  -0.0006 | Raw Avg:   0.2900
  ang_vel_xy                | Scaled Avg:  -0.0089 | Raw Avg:   4.4587
  base_height               | Scaled Avg:  -0.0002 | Raw Avg:   0.0118
  collision                 | Scaled Avg:  -0.0021 | Raw Avg:   0.1065
  dof_acc                   | Scaled Avg:  -0.0011 | Raw Avg: 214471.8750
  feet_air_time             | Scaled Avg:   0.0001 | Raw Avg:   0.0026
  feet_contact_forces       | Scaled Avg:  -0.0000 | Raw Avg:  12.9180
  foot_clearance            | Scaled Avg:  -0.0002 | Raw Avg:   0.0161
  foot_mirror               | Scaled Avg:  -0.0005 | Raw Avg:   0.5353
  foot_slide                | Scaled Avg:  -0.0015 | Raw Avg:   1.5059
  has_contact               | Scaled Avg:  -0.0019 | Raw Avg:  -0.0472
  hip_pos                   | Scaled Avg:  -0.0049 | Raw Avg:   0.0486
  lin_vel_z                 | Scaled Avg:  -0.0179 | Raw Avg:   0.2238
  orientation               | Scaled Avg:  -0.0007 | Raw Avg:   0.1700
  powers                    | Scaled Avg:  -0.0001 | Raw Avg: 180.5896
  stand_still               | Scaled Avg:  -0.0004 | Raw Avg:   0.0187
  torques                   | Scaled Avg:  -0.0002 | Raw Avg: 871.6722
  TOTAL REWARD              | Scaled Avg:  -0.0583
------------------------------

------------------------------
Step: 3000 - Reward Breakdown:
  action_rate               | Scaled Avg:  -0.0170 | Raw Avg:   1.7040
  action_smoothness         | Scaled Avg:  -0.0006 | Raw Avg:   0.2915
  ang_vel_xy                | Scaled Avg:  -0.0086 | Raw Avg:   4.2993
  base_height               | Scaled Avg:  -0.0002 | Raw Avg:   0.0117
  collision                 | Scaled Avg:  -0.0022 | Raw Avg:   0.1111
  dof_acc                   | Scaled Avg:  -0.0011 | Raw Avg: 221183.5312
  feet_air_time             | Scaled Avg:   0.0001 | Raw Avg:   0.0035
  feet_contact_forces       | Scaled Avg:  -0.0000 | Raw Avg:  12.5006
  foot_clearance            | Scaled Avg:  -0.0002 | Raw Avg:   0.0156
  foot_mirror               | Scaled Avg:  -0.0005 | Raw Avg:   0.5479
  foot_slide                | Scaled Avg:  -0.0015 | Raw Avg:   1.5369
  has_contact               | Scaled Avg:  -0.0018 | Raw Avg:  -0.0458
  hip_pos                   | Scaled Avg:  -0.0046 | Raw Avg:   0.0463
  lin_vel_z                 | Scaled Avg:  -0.0169 | Raw Avg:   0.2118
  orientation               | Scaled Avg:  -0.0007 | Raw Avg:   0.1716
  powers                    | Scaled Avg:  -0.0001 | Raw Avg: 173.5205
  stand_still               | Scaled Avg:  -0.0002 | Raw Avg:   0.0116
  torques                   | Scaled Avg:  -0.0002 | Raw Avg: 865.7543
  TOTAL REWARD              | Scaled Avg:  -0.0565
------------------------------

------------------------------
Step: 3500 - Reward Breakdown:
  action_rate               | Scaled Avg:  -0.0166 | Raw Avg:   1.6599
  action_smoothness         | Scaled Avg:  -0.0006 | Raw Avg:   0.2883
  ang_vel_xy                | Scaled Avg:  -0.0087 | Raw Avg:   4.3520
  base_height               | Scaled Avg:  -0.0002 | Raw Avg:   0.0120
  collision                 | Scaled Avg:  -0.0022 | Raw Avg:   0.1111
  dof_acc                   | Scaled Avg:  -0.0013 | Raw Avg: 253251.6094
  feet_air_time             | Scaled Avg:   0.0001 | Raw Avg:   0.0022
  feet_contact_forces       | Scaled Avg:  -0.0000 | Raw Avg:  11.2803
  foot_clearance            | Scaled Avg:  -0.0002 | Raw Avg:   0.0157
  foot_mirror               | Scaled Avg:  -0.0006 | Raw Avg:   0.5518
  foot_slide                | Scaled Avg:  -0.0016 | Raw Avg:   1.5931
  has_contact               | Scaled Avg:  -0.0022 | Raw Avg:  -0.0550
  hip_pos                   | Scaled Avg:  -0.0044 | Raw Avg:   0.0440
  lin_vel_z                 | Scaled Avg:  -0.0167 | Raw Avg:   0.2087
  orientation               | Scaled Avg:  -0.0007 | Raw Avg:   0.1744
  powers                    | Scaled Avg:  -0.0001 | Raw Avg: 174.1848
  stand_still               | Scaled Avg:  -0.0002 | Raw Avg:   0.0114
  torques                   | Scaled Avg:  -0.0002 | Raw Avg: 843.4619
  TOTAL REWARD              | Scaled Avg:  -0.0563
------------------------------

------------------------------
Step: 4000 - Reward Breakdown:
  action_rate               | Scaled Avg:  -0.0165 | Raw Avg:   1.6530
  action_smoothness         | Scaled Avg:  -0.0006 | Raw Avg:   0.2879
  ang_vel_xy                | Scaled Avg:  -0.0087 | Raw Avg:   4.3552
  base_height               | Scaled Avg:  -0.0002 | Raw Avg:   0.0118
  collision                 | Scaled Avg:  -0.0023 | Raw Avg:   0.1135
  dof_acc                   | Scaled Avg:  -0.0012 | Raw Avg: 236254.1562
  feet_air_time             | Scaled Avg:   0.0001 | Raw Avg:   0.0028
  feet_contact_forces       | Scaled Avg:  -0.0000 | Raw Avg:  12.3866
  foot_clearance            | Scaled Avg:  -0.0002 | Raw Avg:   0.0156
  foot_mirror               | Scaled Avg:  -0.0006 | Raw Avg:   0.5656
  foot_slide                | Scaled Avg:  -0.0016 | Raw Avg:   1.6367
  has_contact               | Scaled Avg:  -0.0021 | Raw Avg:  -0.0523
  hip_pos                   | Scaled Avg:  -0.0043 | Raw Avg:   0.0433
  lin_vel_z                 | Scaled Avg:  -0.0163 | Raw Avg:   0.2034
  orientation               | Scaled Avg:  -0.0007 | Raw Avg:   0.1748
  powers                    | Scaled Avg:  -0.0001 | Raw Avg: 175.3547
  stand_still               | Scaled Avg:  -0.0003 | Raw Avg:   0.0135
  torques                   | Scaled Avg:  -0.0002 | Raw Avg: 837.2464
  TOTAL REWARD              | Scaled Avg:  -0.0557
------------------------------

------------------------------
Step: 4500 - Reward Breakdown:
  action_rate               | Scaled Avg:  -0.0164 | Raw Avg:   1.6390
  action_smoothness         | Scaled Avg:  -0.0006 | Raw Avg:   0.2861
  ang_vel_xy                | Scaled Avg:  -0.0086 | Raw Avg:   4.2930
  base_height               | Scaled Avg:  -0.0002 | Raw Avg:   0.0112
  collision                 | Scaled Avg:  -0.0021 | Raw Avg:   0.1047
  dof_acc                   | Scaled Avg:  -0.0013 | Raw Avg: 253654.5938
  feet_air_time             | Scaled Avg:   0.0001 | Raw Avg:   0.0029
  feet_contact_forces       | Scaled Avg:  -0.0000 | Raw Avg:  12.1844
  foot_clearance            | Scaled Avg:  -0.0002 | Raw Avg:   0.0162
  foot_mirror               | Scaled Avg:  -0.0006 | Raw Avg:   0.5903
  foot_slide                | Scaled Avg:  -0.0016 | Raw Avg:   1.5848
  has_contact               | Scaled Avg:  -0.0019 | Raw Avg:  -0.0484
  hip_pos                   | Scaled Avg:  -0.0042 | Raw Avg:   0.0423
  lin_vel_z                 | Scaled Avg:  -0.0163 | Raw Avg:   0.2039
  orientation               | Scaled Avg:  -0.0007 | Raw Avg:   0.1820
  powers                    | Scaled Avg:  -0.0001 | Raw Avg: 176.9094
  stand_still               | Scaled Avg:  -0.0002 | Raw Avg:   0.0102
  torques                   | Scaled Avg:  -0.0002 | Raw Avg: 844.9601
  TOTAL REWARD              | Scaled Avg:  -0.0551
------------------------------
################################################################################
                    [1m Learning iteration 5200/10000 [0m                     

                       Computation: 48278 steps/s (collection: 2.389s, learning 0.642s)
                     surrogate_loss -0.0019
                         value_loss 0.0258
                            entropy 1.8275
                     estimator_loss 0.0000
                         total_loss 0.0421
             Mean action noise std: 0.21
                       Mean reward: -1.47
               Mean episode length: 26.59
      Mean episode rew_action_rate: -0.0223
Mean episode rew_frame_action_rate: -0.0170
Mean episode rew_action_smoothness: -0.0008
Mean episode rew_frame_action_smoothness: -0.0006
       Mean episode rew_ang_vel_xy: -0.0118
 Mean episode rew_frame_ang_vel_xy: -0.0090
      Mean episode rew_base_height: -0.0003
Mean episode rew_frame_base_height: -0.0002
        Mean episode rew_collision: -0.0031
  Mean episode rew_frame_collision: -0.0020
          Mean episode rew_dof_acc: -0.0016
    Mean episode rew_frame_dof_acc: -0.0013
    Mean episode rew_feet_air_time: 0.0001
Mean episode rew_frame_feet_air_time: 0.0001
Mean episode rew_feet_contact_forces: -0.0001
Mean episode rew_frame_feet_contact_forces: -0.0000
   Mean episode rew_foot_clearance: -0.0002
Mean episode rew_frame_foot_clearance: -0.0002
      Mean episode rew_foot_mirror: -0.0008
Mean episode rew_frame_foot_mirror: -0.0006
       Mean episode rew_foot_slide: -0.0022
 Mean episode rew_frame_foot_slide: -0.0016
      Mean episode rew_has_contact: -0.0026
Mean episode rew_frame_has_contact: -0.0020
          Mean episode rew_hip_pos: -0.0063
    Mean episode rew_frame_hip_pos: -0.0048
        Mean episode rew_lin_vel_z: -0.0225
  Mean episode rew_frame_lin_vel_z: -0.0182
      Mean episode rew_orientation: -0.0010
Mean episode rew_frame_orientation: -0.0008
           Mean episode rew_powers: -0.0001
     Mean episode rew_frame_powers: -0.0001
      Mean episode rew_stand_still: -0.0004
Mean episode rew_frame_stand_still: -0.0003
          Mean episode rew_stumble: -0.0000
    Mean episode rew_frame_stumble: -0.0000
          Mean episode rew_torques: -0.0002
    Mean episode rew_frame_torques: -0.0002
Mean episode max_power_throughout_episode: 5866.4507
            Mean episode max_pos_x: 1.0565
            Mean episode min_pos_x: -0.1794
            Mean episode max_pos_y: 0.5926
            Mean episode min_pos_y: -0.5335
        Mean episode timeout_ratio: 0.0000
       Mean episode num_terminated: 224.0833
--------------------------------------------------------------------------------
                   Total timesteps: 438912
                    Iteration time: 3.03s
                        Total time: 540.97s
                               ETA: 12918.8s


------------------------------
Step: 5000 - Reward Breakdown:
  action_rate               | Scaled Avg:  -0.0160 | Raw Avg:   1.5952
  action_smoothness         | Scaled Avg:  -0.0006 | Raw Avg:   0.2819
  ang_vel_xy                | Scaled Avg:  -0.0085 | Raw Avg:   4.2619
  base_height               | Scaled Avg:  -0.0002 | Raw Avg:   0.0115
  collision                 | Scaled Avg:  -0.0021 | Raw Avg:   0.1040
  dof_acc                   | Scaled Avg:  -0.0012 | Raw Avg: 231165.0000
  feet_air_time             | Scaled Avg:   0.0001 | Raw Avg:   0.0025
  feet_contact_forces       | Scaled Avg:  -0.0000 | Raw Avg:  11.4087
  foot_clearance            | Scaled Avg:  -0.0002 | Raw Avg:   0.0152
  foot_mirror               | Scaled Avg:  -0.0006 | Raw Avg:   0.5905
  foot_slide                | Scaled Avg:  -0.0016 | Raw Avg:   1.6172
  has_contact               | Scaled Avg:  -0.0019 | Raw Avg:  -0.0472
  hip_pos                   | Scaled Avg:  -0.0044 | Raw Avg:   0.0443
  lin_vel_z                 | Scaled Avg:  -0.0154 | Raw Avg:   0.1924
  orientation               | Scaled Avg:  -0.0007 | Raw Avg:   0.1768
  powers                    | Scaled Avg:  -0.0001 | Raw Avg: 170.0020
  stand_still               | Scaled Avg:  -0.0002 | Raw Avg:   0.0106
  torques                   | Scaled Avg:  -0.0002 | Raw Avg: 834.4540
  TOTAL REWARD              | Scaled Avg:  -0.0537
------------------------------

------------------------------
Step: 5500 - Reward Breakdown:
  action_rate               | Scaled Avg:  -0.0152 | Raw Avg:   1.5219
  action_smoothness         | Scaled Avg:  -0.0005 | Raw Avg:   0.2722
  ang_vel_xy                | Scaled Avg:  -0.0079 | Raw Avg:   3.9265
  base_height               | Scaled Avg:  -0.0002 | Raw Avg:   0.0114
  collision                 | Scaled Avg:  -0.0019 | Raw Avg:   0.0948
  dof_acc                   | Scaled Avg:  -0.0013 | Raw Avg: 255339.5938
  feet_air_time             | Scaled Avg:   0.0001 | Raw Avg:   0.0035
  feet_contact_forces       | Scaled Avg:  -0.0000 | Raw Avg:  11.3999
  foot_clearance            | Scaled Avg:  -0.0001 | Raw Avg:   0.0141
  foot_mirror               | Scaled Avg:  -0.0005 | Raw Avg:   0.5192
  foot_slide                | Scaled Avg:  -0.0017 | Raw Avg:   1.6525
  has_contact               | Scaled Avg:  -0.0017 | Raw Avg:  -0.0415
  hip_pos                   | Scaled Avg:  -0.0042 | Raw Avg:   0.0417
  lin_vel_z                 | Scaled Avg:  -0.0133 | Raw Avg:   0.1664
  orientation               | Scaled Avg:  -0.0007 | Raw Avg:   0.1723
  powers                    | Scaled Avg:  -0.0001 | Raw Avg: 165.0722
  stand_still               | Scaled Avg:  -0.0002 | Raw Avg:   0.0077
  torques                   | Scaled Avg:  -0.0002 | Raw Avg: 832.6192
  TOTAL REWARD              | Scaled Avg:  -0.0495
------------------------------

------------------------------
Step: 6000 - Reward Breakdown:
  action_rate               | Scaled Avg:  -0.0147 | Raw Avg:   1.4669
  action_smoothness         | Scaled Avg:  -0.0005 | Raw Avg:   0.2634
  ang_vel_xy                | Scaled Avg:  -0.0076 | Raw Avg:   3.7949
  base_height               | Scaled Avg:  -0.0002 | Raw Avg:   0.0114
  collision                 | Scaled Avg:  -0.0019 | Raw Avg:   0.0935
  dof_acc                   | Scaled Avg:  -0.0012 | Raw Avg: 242044.1094
  feet_air_time             | Scaled Avg:   0.0001 | Raw Avg:   0.0034
  feet_contact_forces       | Scaled Avg:  -0.0000 | Raw Avg:  10.9235
  foot_clearance            | Scaled Avg:  -0.0001 | Raw Avg:   0.0140
  foot_mirror               | Scaled Avg:  -0.0005 | Raw Avg:   0.5100
  foot_slide                | Scaled Avg:  -0.0017 | Raw Avg:   1.6919
  has_contact               | Scaled Avg:  -0.0017 | Raw Avg:  -0.0435
  hip_pos                   | Scaled Avg:  -0.0043 | Raw Avg:   0.0430
  lin_vel_z                 | Scaled Avg:  -0.0135 | Raw Avg:   0.1686
  orientation               | Scaled Avg:  -0.0007 | Raw Avg:   0.1680
  powers                    | Scaled Avg:  -0.0001 | Raw Avg: 161.9624
  stand_still               | Scaled Avg:  -0.0002 | Raw Avg:   0.0095
  torques                   | Scaled Avg:  -0.0002 | Raw Avg: 842.4389
  TOTAL REWARD              | Scaled Avg:  -0.0490
------------------------------

------------------------------
Step: 6500 - Reward Breakdown:
  action_rate               | Scaled Avg:  -0.0149 | Raw Avg:   1.4867
  action_smoothness         | Scaled Avg:  -0.0005 | Raw Avg:   0.2655
  ang_vel_xy                | Scaled Avg:  -0.0079 | Raw Avg:   3.9418
  base_height               | Scaled Avg:  -0.0002 | Raw Avg:   0.0116
  collision                 | Scaled Avg:  -0.0020 | Raw Avg:   0.1014
  dof_acc                   | Scaled Avg:  -0.0014 | Raw Avg: 283324.2500
  feet_air_time             | Scaled Avg:   0.0001 | Raw Avg:   0.0034
  feet_contact_forces       | Scaled Avg:  -0.0000 | Raw Avg:  10.4052
  foot_clearance            | Scaled Avg:  -0.0001 | Raw Avg:   0.0138
  foot_mirror               | Scaled Avg:  -0.0005 | Raw Avg:   0.5254
  foot_slide                | Scaled Avg:  -0.0017 | Raw Avg:   1.6678
  has_contact               | Scaled Avg:  -0.0016 | Raw Avg:  -0.0397
  hip_pos                   | Scaled Avg:  -0.0041 | Raw Avg:   0.0412
  lin_vel_z                 | Scaled Avg:  -0.0136 | Raw Avg:   0.1699
  orientation               | Scaled Avg:  -0.0007 | Raw Avg:   0.1748
  powers                    | Scaled Avg:  -0.0001 | Raw Avg: 165.9108
  stand_still               | Scaled Avg:  -0.0002 | Raw Avg:   0.0079
  torques                   | Scaled Avg:  -0.0002 | Raw Avg: 849.2734
  TOTAL REWARD              | Scaled Avg:  -0.0496
------------------------------

------------------------------
Step: 7000 - Reward Breakdown:
  action_rate               | Scaled Avg:  -0.0149 | Raw Avg:   1.4895
  action_smoothness         | Scaled Avg:  -0.0005 | Raw Avg:   0.2670
  ang_vel_xy                | Scaled Avg:  -0.0078 | Raw Avg:   3.9143
  base_height               | Scaled Avg:  -0.0002 | Raw Avg:   0.0113
  collision                 | Scaled Avg:  -0.0020 | Raw Avg:   0.0997
  dof_acc                   | Scaled Avg:  -0.0013 | Raw Avg: 250583.8906
  feet_air_time             | Scaled Avg:   0.0001 | Raw Avg:   0.0034
  feet_contact_forces       | Scaled Avg:  -0.0000 | Raw Avg:  10.7080
  foot_clearance            | Scaled Avg:  -0.0001 | Raw Avg:   0.0140
  foot_mirror               | Scaled Avg:  -0.0005 | Raw Avg:   0.5248
  foot_slide                | Scaled Avg:  -0.0017 | Raw Avg:   1.6833
  has_contact               | Scaled Avg:  -0.0016 | Raw Avg:  -0.0394
  hip_pos                   | Scaled Avg:  -0.0041 | Raw Avg:   0.0414
  lin_vel_z                 | Scaled Avg:  -0.0141 | Raw Avg:   0.1764
  orientation               | Scaled Avg:  -0.0007 | Raw Avg:   0.1757
  powers                    | Scaled Avg:  -0.0001 | Raw Avg: 166.4018
  stand_still               | Scaled Avg:  -0.0002 | Raw Avg:   0.0110
  torques                   | Scaled Avg:  -0.0002 | Raw Avg: 845.2229
  TOTAL REWARD              | Scaled Avg:  -0.0500
------------------------------
################################################################################
                    [1m Learning iteration 5300/10000 [0m                     

                       Computation: 49370 steps/s (collection: 2.333s, learning 0.630s)
                     surrogate_loss -0.0028
                         value_loss 0.0240
                            entropy 2.1199
                     estimator_loss 0.0000
                         total_loss 0.0423
             Mean action noise std: 0.20
                       Mean reward: -1.41
               Mean episode length: 29.10
      Mean episode rew_action_rate: -0.0214
Mean episode rew_frame_action_rate: -0.0155
Mean episode rew_action_smoothness: -0.0008
Mean episode rew_frame_action_smoothness: -0.0005
       Mean episode rew_ang_vel_xy: -0.0114
 Mean episode rew_frame_ang_vel_xy: -0.0082
      Mean episode rew_base_height: -0.0003
Mean episode rew_frame_base_height: -0.0002
        Mean episode rew_collision: -0.0030
  Mean episode rew_frame_collision: -0.0020
          Mean episode rew_dof_acc: -0.0019
    Mean episode rew_frame_dof_acc: -0.0014
    Mean episode rew_feet_air_time: 0.0001
Mean episode rew_frame_feet_air_time: 0.0001
Mean episode rew_feet_contact_forces: -0.0000
Mean episode rew_frame_feet_contact_forces: -0.0000
   Mean episode rew_foot_clearance: -0.0002
Mean episode rew_frame_foot_clearance: -0.0001
      Mean episode rew_foot_mirror: -0.0008
Mean episode rew_frame_foot_mirror: -0.0005
       Mean episode rew_foot_slide: -0.0025
 Mean episode rew_frame_foot_slide: -0.0017
      Mean episode rew_has_contact: -0.0028
Mean episode rew_frame_has_contact: -0.0021
          Mean episode rew_hip_pos: -0.0061
    Mean episode rew_frame_hip_pos: -0.0047
        Mean episode rew_lin_vel_z: -0.0196
  Mean episode rew_frame_lin_vel_z: -0.0149
      Mean episode rew_orientation: -0.0010
Mean episode rew_frame_orientation: -0.0007
           Mean episode rew_powers: -0.0001
     Mean episode rew_frame_powers: -0.0001
      Mean episode rew_stand_still: -0.0002
Mean episode rew_frame_stand_still: -0.0002
          Mean episode rew_stumble: -0.0000
    Mean episode rew_frame_stumble: -0.0000
          Mean episode rew_torques: -0.0002
    Mean episode rew_frame_torques: -0.0002
Mean episode max_power_throughout_episode: 5750.6953
            Mean episode max_pos_x: 1.0843
            Mean episode min_pos_x: -0.1889
            Mean episode max_pos_y: 0.5932
            Mean episode min_pos_y: -0.5389
        Mean episode timeout_ratio: 0.0000
       Mean episode num_terminated: 211.0000
--------------------------------------------------------------------------------
                   Total timesteps: 585216
                    Iteration time: 2.96s
                        Total time: 838.50s
                               ETA: 13092.9s


------------------------------
Step: 7500 - Reward Breakdown:
  action_rate               | Scaled Avg:  -0.0146 | Raw Avg:   1.4645
  action_smoothness         | Scaled Avg:  -0.0005 | Raw Avg:   0.2633
  ang_vel_xy                | Scaled Avg:  -0.0078 | Raw Avg:   3.8957
  base_height               | Scaled Avg:  -0.0002 | Raw Avg:   0.0115
  collision                 | Scaled Avg:  -0.0021 | Raw Avg:   0.1060
  dof_acc                   | Scaled Avg:  -0.0014 | Raw Avg: 281500.1250
  feet_air_time             | Scaled Avg:   0.0001 | Raw Avg:   0.0030
  feet_contact_forces       | Scaled Avg:  -0.0000 | Raw Avg:  10.6402
  foot_clearance            | Scaled Avg:  -0.0001 | Raw Avg:   0.0139
  foot_mirror               | Scaled Avg:  -0.0005 | Raw Avg:   0.5206
  foot_slide                | Scaled Avg:  -0.0017 | Raw Avg:   1.7262
  has_contact               | Scaled Avg:  -0.0018 | Raw Avg:  -0.0451
  hip_pos                   | Scaled Avg:  -0.0042 | Raw Avg:   0.0420
  lin_vel_z                 | Scaled Avg:  -0.0129 | Raw Avg:   0.1616
  orientation               | Scaled Avg:  -0.0007 | Raw Avg:   0.1720
  powers                    | Scaled Avg:  -0.0001 | Raw Avg: 167.6367
  stand_still               | Scaled Avg:  -0.0002 | Raw Avg:   0.0121
  torques                   | Scaled Avg:  -0.0002 | Raw Avg: 850.1977
  TOTAL REWARD              | Scaled Avg:  -0.0491
------------------------------

------------------------------
Step: 8000 - Reward Breakdown:
  action_rate               | Scaled Avg:  -0.0142 | Raw Avg:   1.4244
  action_smoothness         | Scaled Avg:  -0.0005 | Raw Avg:   0.2546
  ang_vel_xy                | Scaled Avg:  -0.0077 | Raw Avg:   3.8658
  base_height               | Scaled Avg:  -0.0002 | Raw Avg:   0.0116
  collision                 | Scaled Avg:  -0.0023 | Raw Avg:   0.1129
  dof_acc                   | Scaled Avg:  -0.0014 | Raw Avg: 274603.3438
  feet_air_time             | Scaled Avg:   0.0001 | Raw Avg:   0.0029
  feet_contact_forces       | Scaled Avg:  -0.0000 | Raw Avg:   9.6094
  foot_clearance            | Scaled Avg:  -0.0001 | Raw Avg:   0.0135
  foot_mirror               | Scaled Avg:  -0.0005 | Raw Avg:   0.5033
  foot_slide                | Scaled Avg:  -0.0017 | Raw Avg:   1.7291
  has_contact               | Scaled Avg:  -0.0017 | Raw Avg:  -0.0420
  hip_pos                   | Scaled Avg:  -0.0041 | Raw Avg:   0.0413
  lin_vel_z                 | Scaled Avg:  -0.0131 | Raw Avg:   0.1640
  orientation               | Scaled Avg:  -0.0007 | Raw Avg:   0.1714
  powers                    | Scaled Avg:  -0.0001 | Raw Avg: 163.0182
  stand_still               | Scaled Avg:  -0.0002 | Raw Avg:   0.0080
  torques                   | Scaled Avg:  -0.0002 | Raw Avg: 843.0900
  TOTAL REWARD              | Scaled Avg:  -0.0487
------------------------------

------------------------------
Step: 8500 - Reward Breakdown:
  action_rate               | Scaled Avg:  -0.0146 | Raw Avg:   1.4585
  action_smoothness         | Scaled Avg:  -0.0005 | Raw Avg:   0.2591
  ang_vel_xy                | Scaled Avg:  -0.0080 | Raw Avg:   3.9791
  base_height               | Scaled Avg:  -0.0002 | Raw Avg:   0.0115
  collision                 | Scaled Avg:  -0.0019 | Raw Avg:   0.0968
  dof_acc                   | Scaled Avg:  -0.0014 | Raw Avg: 277956.4062
  feet_air_time             | Scaled Avg:   0.0001 | Raw Avg:   0.0027
  feet_contact_forces       | Scaled Avg:  -0.0000 | Raw Avg:  10.1347
  foot_clearance            | Scaled Avg:  -0.0001 | Raw Avg:   0.0140
  foot_mirror               | Scaled Avg:  -0.0005 | Raw Avg:   0.4968
  foot_slide                | Scaled Avg:  -0.0017 | Raw Avg:   1.7127
  has_contact               | Scaled Avg:  -0.0017 | Raw Avg:  -0.0433
  hip_pos                   | Scaled Avg:  -0.0042 | Raw Avg:   0.0418
  lin_vel_z                 | Scaled Avg:  -0.0130 | Raw Avg:   0.1621
  orientation               | Scaled Avg:  -0.0007 | Raw Avg:   0.1716
  powers                    | Scaled Avg:  -0.0001 | Raw Avg: 167.0394
  stand_still               | Scaled Avg:  -0.0002 | Raw Avg:   0.0115
  torques                   | Scaled Avg:  -0.0002 | Raw Avg: 863.1750
  TOTAL REWARD              | Scaled Avg:  -0.0490
------------------------------

------------------------------
Step: 9000 - Reward Breakdown:
  action_rate               | Scaled Avg:  -0.0145 | Raw Avg:   1.4480
  action_smoothness         | Scaled Avg:  -0.0005 | Raw Avg:   0.2598
  ang_vel_xy                | Scaled Avg:  -0.0075 | Raw Avg:   3.7625
  base_height               | Scaled Avg:  -0.0002 | Raw Avg:   0.0109
  collision                 | Scaled Avg:  -0.0021 | Raw Avg:   0.1055
  dof_acc                   | Scaled Avg:  -0.0016 | Raw Avg: 318607.1250
  feet_air_time             | Scaled Avg:   0.0001 | Raw Avg:   0.0039
  feet_contact_forces       | Scaled Avg:  -0.0000 | Raw Avg:  10.7345
  foot_clearance            | Scaled Avg:  -0.0001 | Raw Avg:   0.0135
  foot_mirror               | Scaled Avg:  -0.0005 | Raw Avg:   0.5199
  foot_slide                | Scaled Avg:  -0.0017 | Raw Avg:   1.6854
  has_contact               | Scaled Avg:  -0.0016 | Raw Avg:  -0.0410
  hip_pos                   | Scaled Avg:  -0.0039 | Raw Avg:   0.0387
  lin_vel_z                 | Scaled Avg:  -0.0127 | Raw Avg:   0.1584
  orientation               | Scaled Avg:  -0.0007 | Raw Avg:   0.1798
  powers                    | Scaled Avg:  -0.0001 | Raw Avg: 165.0042
  stand_still               | Scaled Avg:  -0.0001 | Raw Avg:   0.0052
  torques                   | Scaled Avg:  -0.0002 | Raw Avg: 860.2784
  TOTAL REWARD              | Scaled Avg:  -0.0479
------------------------------

------------------------------
Step: 9500 - Reward Breakdown:
  action_rate               | Scaled Avg:  -0.0144 | Raw Avg:   1.4355
  action_smoothness         | Scaled Avg:  -0.0005 | Raw Avg:   0.2611
  ang_vel_xy                | Scaled Avg:  -0.0076 | Raw Avg:   3.7883
  base_height               | Scaled Avg:  -0.0002 | Raw Avg:   0.0112
  collision                 | Scaled Avg:  -0.0021 | Raw Avg:   0.1063
  dof_acc                   | Scaled Avg:  -0.0014 | Raw Avg: 274877.2188
  feet_air_time             | Scaled Avg:   0.0001 | Raw Avg:   0.0034
  feet_contact_forces       | Scaled Avg:  -0.0000 | Raw Avg:  10.1619
  foot_clearance            | Scaled Avg:  -0.0001 | Raw Avg:   0.0139
  foot_mirror               | Scaled Avg:  -0.0005 | Raw Avg:   0.4958
  foot_slide                | Scaled Avg:  -0.0017 | Raw Avg:   1.7051
  has_contact               | Scaled Avg:  -0.0018 | Raw Avg:  -0.0441
  hip_pos                   | Scaled Avg:  -0.0040 | Raw Avg:   0.0400
  lin_vel_z                 | Scaled Avg:  -0.0129 | Raw Avg:   0.1617
  orientation               | Scaled Avg:  -0.0007 | Raw Avg:   0.1712
  powers                    | Scaled Avg:  -0.0001 | Raw Avg: 164.7121
  stand_still               | Scaled Avg:  -0.0002 | Raw Avg:   0.0079
  torques                   | Scaled Avg:  -0.0002 | Raw Avg: 851.9503
  TOTAL REWARD              | Scaled Avg:  -0.0482
------------------------------
################################################################################
                    [1m Learning iteration 5400/10000 [0m                     

                       Computation: 48276 steps/s (collection: 2.301s, learning 0.729s)
                     surrogate_loss -0.0008
                         value_loss 0.0244
                            entropy 2.1752
                     estimator_loss 0.0000
                         total_loss 0.0453
             Mean action noise std: 0.20
                       Mean reward: -1.43
               Mean episode length: 30.15
      Mean episode rew_action_rate: -0.0210
Mean episode rew_frame_action_rate: -0.0150
Mean episode rew_action_smoothness: -0.0008
Mean episode rew_frame_action_smoothness: -0.0005
       Mean episode rew_ang_vel_xy: -0.0111
 Mean episode rew_frame_ang_vel_xy: -0.0079
      Mean episode rew_base_height: -0.0003
Mean episode rew_frame_base_height: -0.0002
        Mean episode rew_collision: -0.0030
  Mean episode rew_frame_collision: -0.0020
          Mean episode rew_dof_acc: -0.0021
    Mean episode rew_frame_dof_acc: -0.0016
    Mean episode rew_feet_air_time: 0.0001
Mean episode rew_frame_feet_air_time: 0.0001
Mean episode rew_feet_contact_forces: -0.0000
Mean episode rew_frame_feet_contact_forces: -0.0000
   Mean episode rew_foot_clearance: -0.0002
Mean episode rew_frame_foot_clearance: -0.0001
      Mean episode rew_foot_mirror: -0.0007
Mean episode rew_frame_foot_mirror: -0.0005
       Mean episode rew_foot_slide: -0.0025
 Mean episode rew_frame_foot_slide: -0.0017
      Mean episode rew_has_contact: -0.0025
Mean episode rew_frame_has_contact: -0.0017
          Mean episode rew_hip_pos: -0.0056
    Mean episode rew_frame_hip_pos: -0.0043
        Mean episode rew_lin_vel_z: -0.0193
  Mean episode rew_frame_lin_vel_z: -0.0145
      Mean episode rew_orientation: -0.0010
Mean episode rew_frame_orientation: -0.0007
           Mean episode rew_powers: -0.0001
     Mean episode rew_frame_powers: -0.0001
      Mean episode rew_stand_still: -0.0003
Mean episode rew_frame_stand_still: -0.0002
          Mean episode rew_stumble: -0.0000
    Mean episode rew_frame_stumble: -0.0000
          Mean episode rew_torques: -0.0002
    Mean episode rew_frame_torques: -0.0002
Mean episode max_power_throughout_episode: 5685.8286
            Mean episode max_pos_x: 1.0650
            Mean episode min_pos_x: -0.2108
            Mean episode max_pos_y: 0.5754
            Mean episode min_pos_y: -0.5529
        Mean episode timeout_ratio: 0.0000
       Mean episode num_terminated: 210.0417
--------------------------------------------------------------------------------
                   Total timesteps: 731520
                    Iteration time: 3.03s
                        Total time: 1135.55s
                               ETA: 13026.2s


------------------------------
Step: 10000 - Reward Breakdown:
  action_rate               | Scaled Avg:  -0.0142 | Raw Avg:   1.4217
  action_smoothness         | Scaled Avg:  -0.0005 | Raw Avg:   0.2571
  ang_vel_xy                | Scaled Avg:  -0.0077 | Raw Avg:   3.8743
  base_height               | Scaled Avg:  -0.0002 | Raw Avg:   0.0113
  collision                 | Scaled Avg:  -0.0020 | Raw Avg:   0.0981
  dof_acc                   | Scaled Avg:  -0.0013 | Raw Avg: 254033.9375
  feet_air_time             | Scaled Avg:   0.0001 | Raw Avg:   0.0034
  feet_contact_forces       | Scaled Avg:  -0.0000 | Raw Avg:  10.1596
  foot_clearance            | Scaled Avg:  -0.0001 | Raw Avg:   0.0139
  foot_mirror               | Scaled Avg:  -0.0005 | Raw Avg:   0.4963
  foot_slide                | Scaled Avg:  -0.0017 | Raw Avg:   1.7138
  has_contact               | Scaled Avg:  -0.0017 | Raw Avg:  -0.0417
  hip_pos                   | Scaled Avg:  -0.0040 | Raw Avg:   0.0403
  lin_vel_z                 | Scaled Avg:  -0.0126 | Raw Avg:   0.1576
  orientation               | Scaled Avg:  -0.0007 | Raw Avg:   0.1769
  powers                    | Scaled Avg:  -0.0001 | Raw Avg: 163.1914
  stand_still               | Scaled Avg:  -0.0001 | Raw Avg:   0.0067
  torques                   | Scaled Avg:  -0.0002 | Raw Avg: 845.9218
  TOTAL REWARD              | Scaled Avg:  -0.0476
------------------------------

------------------------------
Step: 10500 - Reward Breakdown:
  action_rate               | Scaled Avg:  -0.0143 | Raw Avg:   1.4330
  action_smoothness         | Scaled Avg:  -0.0005 | Raw Avg:   0.2548
  ang_vel_xy                | Scaled Avg:  -0.0076 | Raw Avg:   3.7785
  base_height               | Scaled Avg:  -0.0002 | Raw Avg:   0.0110
  collision                 | Scaled Avg:  -0.0020 | Raw Avg:   0.1010
  dof_acc                   | Scaled Avg:  -0.0013 | Raw Avg: 260131.9062
  feet_air_time             | Scaled Avg:   0.0001 | Raw Avg:   0.0030
  feet_contact_forces       | Scaled Avg:  -0.0000 | Raw Avg:  10.1724
  foot_clearance            | Scaled Avg:  -0.0001 | Raw Avg:   0.0135
  foot_mirror               | Scaled Avg:  -0.0005 | Raw Avg:   0.4923
  foot_slide                | Scaled Avg:  -0.0017 | Raw Avg:   1.7405
  has_contact               | Scaled Avg:  -0.0016 | Raw Avg:  -0.0392
  hip_pos                   | Scaled Avg:  -0.0041 | Raw Avg:   0.0412
  lin_vel_z                 | Scaled Avg:  -0.0123 | Raw Avg:   0.1541
  orientation               | Scaled Avg:  -0.0007 | Raw Avg:   0.1744
  powers                    | Scaled Avg:  -0.0001 | Raw Avg: 163.2116
  stand_still               | Scaled Avg:  -0.0001 | Raw Avg:   0.0047
  torques                   | Scaled Avg:  -0.0002 | Raw Avg: 857.1324
  TOTAL REWARD              | Scaled Avg:  -0.0473
------------------------------

------------------------------
Step: 11000 - Reward Breakdown:
  action_rate               | Scaled Avg:  -0.0141 | Raw Avg:   1.4096
  action_smoothness         | Scaled Avg:  -0.0005 | Raw Avg:   0.2506
  ang_vel_xy                | Scaled Avg:  -0.0076 | Raw Avg:   3.7907
  base_height               | Scaled Avg:  -0.0002 | Raw Avg:   0.0109
  collision                 | Scaled Avg:  -0.0021 | Raw Avg:   0.1043
  dof_acc                   | Scaled Avg:  -0.0016 | Raw Avg: 319049.8750
  feet_air_time             | Scaled Avg:   0.0001 | Raw Avg:   0.0036
  feet_contact_forces       | Scaled Avg:  -0.0000 | Raw Avg:  10.4856
  foot_clearance            | Scaled Avg:  -0.0001 | Raw Avg:   0.0134
  foot_mirror               | Scaled Avg:  -0.0005 | Raw Avg:   0.5009
  foot_slide                | Scaled Avg:  -0.0018 | Raw Avg:   1.7536
  has_contact               | Scaled Avg:  -0.0019 | Raw Avg:  -0.0484
  hip_pos                   | Scaled Avg:  -0.0042 | Raw Avg:   0.0422
  lin_vel_z                 | Scaled Avg:  -0.0117 | Raw Avg:   0.1464
  orientation               | Scaled Avg:  -0.0007 | Raw Avg:   0.1778
  powers                    | Scaled Avg:  -0.0001 | Raw Avg: 163.9322
  stand_still               | Scaled Avg:  -0.0002 | Raw Avg:   0.0092
  torques                   | Scaled Avg:  -0.0002 | Raw Avg: 871.7440
  TOTAL REWARD              | Scaled Avg:  -0.0474
------------------------------

------------------------------
Step: 11500 - Reward Breakdown:
  action_rate               | Scaled Avg:  -0.0141 | Raw Avg:   1.4138
  action_smoothness         | Scaled Avg:  -0.0005 | Raw Avg:   0.2515
  ang_vel_xy                | Scaled Avg:  -0.0077 | Raw Avg:   3.8375
  base_height               | Scaled Avg:  -0.0002 | Raw Avg:   0.0114
  collision                 | Scaled Avg:  -0.0022 | Raw Avg:   0.1097
  dof_acc                   | Scaled Avg:  -0.0016 | Raw Avg: 311920.0312
  feet_air_time             | Scaled Avg:   0.0001 | Raw Avg:   0.0037
  feet_contact_forces       | Scaled Avg:  -0.0000 | Raw Avg:  10.1862
  foot_clearance            | Scaled Avg:  -0.0001 | Raw Avg:   0.0142
  foot_mirror               | Scaled Avg:  -0.0005 | Raw Avg:   0.5336
  foot_slide                | Scaled Avg:  -0.0017 | Raw Avg:   1.7367
  has_contact               | Scaled Avg:  -0.0016 | Raw Avg:  -0.0412
  hip_pos                   | Scaled Avg:  -0.0040 | Raw Avg:   0.0402
  lin_vel_z                 | Scaled Avg:  -0.0120 | Raw Avg:   0.1503
  orientation               | Scaled Avg:  -0.0007 | Raw Avg:   0.1802
  powers                    | Scaled Avg:  -0.0001 | Raw Avg: 167.4270
  stand_still               | Scaled Avg:  -0.0001 | Raw Avg:   0.0069
  torques                   | Scaled Avg:  -0.0002 | Raw Avg: 862.0039
  TOTAL REWARD              | Scaled Avg:  -0.0474
------------------------------

------------------------------
Step: 12000 - Reward Breakdown:
  action_rate               | Scaled Avg:  -0.0141 | Raw Avg:   1.4060
  action_smoothness         | Scaled Avg:  -0.0005 | Raw Avg:   0.2539
  ang_vel_xy                | Scaled Avg:  -0.0074 | Raw Avg:   3.7232
  base_height               | Scaled Avg:  -0.0002 | Raw Avg:   0.0111
  collision                 | Scaled Avg:  -0.0020 | Raw Avg:   0.1022
  dof_acc                   | Scaled Avg:  -0.0014 | Raw Avg: 281930.0938
  feet_air_time             | Scaled Avg:   0.0001 | Raw Avg:   0.0036
  feet_contact_forces       | Scaled Avg:  -0.0000 | Raw Avg:  10.9254
  foot_clearance            | Scaled Avg:  -0.0001 | Raw Avg:   0.0137
  foot_mirror               | Scaled Avg:  -0.0005 | Raw Avg:   0.5171
  foot_slide                | Scaled Avg:  -0.0018 | Raw Avg:   1.7559
  has_contact               | Scaled Avg:  -0.0017 | Raw Avg:  -0.0431
  hip_pos                   | Scaled Avg:  -0.0039 | Raw Avg:   0.0394
  lin_vel_z                 | Scaled Avg:  -0.0125 | Raw Avg:   0.1560
  orientation               | Scaled Avg:  -0.0007 | Raw Avg:   0.1761
  powers                    | Scaled Avg:  -0.0001 | Raw Avg: 165.3787
  stand_still               | Scaled Avg:  -0.0002 | Raw Avg:   0.0102
  torques                   | Scaled Avg:  -0.0002 | Raw Avg: 849.3644
  TOTAL REWARD              | Scaled Avg:  -0.0473
------------------------------
################################################################################
                    [1m Learning iteration 5500/10000 [0m                     

                       Computation: 49240 steps/s (collection: 2.340s, learning 0.631s)
                     surrogate_loss -0.0013
                         value_loss 0.0234
                            entropy 2.2058
                     estimator_loss 0.0000
                         total_loss 0.0441
             Mean action noise std: 0.20
                       Mean reward: -1.44
               Mean episode length: 28.84
      Mean episode rew_action_rate: -0.0207
Mean episode rew_frame_action_rate: -0.0149
Mean episode rew_action_smoothness: -0.0007
Mean episode rew_frame_action_smoothness: -0.0005
       Mean episode rew_ang_vel_xy: -0.0109
 Mean episode rew_frame_ang_vel_xy: -0.0078
      Mean episode rew_base_height: -0.0003
Mean episode rew_frame_base_height: -0.0002
        Mean episode rew_collision: -0.0029
  Mean episode rew_frame_collision: -0.0019
          Mean episode rew_dof_acc: -0.0020
    Mean episode rew_frame_dof_acc: -0.0015
    Mean episode rew_feet_air_time: 0.0001
Mean episode rew_frame_feet_air_time: 0.0001
Mean episode rew_feet_contact_forces: -0.0000
Mean episode rew_frame_feet_contact_forces: -0.0000
   Mean episode rew_foot_clearance: -0.0002
Mean episode rew_frame_foot_clearance: -0.0001
      Mean episode rew_foot_mirror: -0.0007
Mean episode rew_frame_foot_mirror: -0.0005
       Mean episode rew_foot_slide: -0.0025
 Mean episode rew_frame_foot_slide: -0.0018
      Mean episode rew_has_contact: -0.0025
Mean episode rew_frame_has_contact: -0.0018
          Mean episode rew_hip_pos: -0.0058
    Mean episode rew_frame_hip_pos: -0.0045
        Mean episode rew_lin_vel_z: -0.0185
  Mean episode rew_frame_lin_vel_z: -0.0139
      Mean episode rew_orientation: -0.0010
Mean episode rew_frame_orientation: -0.0007
           Mean episode rew_powers: -0.0001
     Mean episode rew_frame_powers: -0.0001
      Mean episode rew_stand_still: -0.0003
Mean episode rew_frame_stand_still: -0.0002
          Mean episode rew_stumble: -0.0000
    Mean episode rew_frame_stumble: -0.0000
          Mean episode rew_torques: -0.0002
    Mean episode rew_frame_torques: -0.0002
Mean episode max_power_throughout_episode: 5652.4556
            Mean episode max_pos_x: 1.1057
            Mean episode min_pos_x: -0.2012
            Mean episode max_pos_y: 0.5640
            Mean episode min_pos_y: -0.5687
        Mean episode timeout_ratio: 0.0000
       Mean episode num_terminated: 212.1667
--------------------------------------------------------------------------------
                   Total timesteps: 877824
                    Iteration time: 2.97s
                        Total time: 1430.29s
                               ETA: 12846.9s


------------------------------
Step: 12500 - Reward Breakdown:
  action_rate               | Scaled Avg:  -0.0143 | Raw Avg:   1.4314
  action_smoothness         | Scaled Avg:  -0.0005 | Raw Avg:   0.2531
  ang_vel_xy                | Scaled Avg:  -0.0076 | Raw Avg:   3.8219
  base_height               | Scaled Avg:  -0.0002 | Raw Avg:   0.0111
  collision                 | Scaled Avg:  -0.0021 | Raw Avg:   0.1074
  dof_acc                   | Scaled Avg:  -0.0016 | Raw Avg: 316797.9688
  feet_air_time             | Scaled Avg:   0.0001 | Raw Avg:   0.0031
  feet_contact_forces       | Scaled Avg:  -0.0000 | Raw Avg:  10.0238
  foot_clearance            | Scaled Avg:  -0.0001 | Raw Avg:   0.0135
  foot_mirror               | Scaled Avg:  -0.0005 | Raw Avg:   0.5127
  foot_slide                | Scaled Avg:  -0.0018 | Raw Avg:   1.7737
  has_contact               | Scaled Avg:  -0.0017 | Raw Avg:  -0.0422
  hip_pos                   | Scaled Avg:  -0.0042 | Raw Avg:   0.0424
  lin_vel_z                 | Scaled Avg:  -0.0120 | Raw Avg:   0.1501
  orientation               | Scaled Avg:  -0.0007 | Raw Avg:   0.1795
  powers                    | Scaled Avg:  -0.0001 | Raw Avg: 165.2735
  stand_still               | Scaled Avg:  -0.0003 | Raw Avg:   0.0131
  torques                   | Scaled Avg:  -0.0002 | Raw Avg: 850.3583
  TOTAL REWARD              | Scaled Avg:  -0.0479
------------------------------

------------------------------
Step: 13000 - Reward Breakdown:
  action_rate               | Scaled Avg:  -0.0143 | Raw Avg:   1.4272
  action_smoothness         | Scaled Avg:  -0.0005 | Raw Avg:   0.2535
  ang_vel_xy                | Scaled Avg:  -0.0076 | Raw Avg:   3.7768
  base_height               | Scaled Avg:  -0.0002 | Raw Avg:   0.0114
  collision                 | Scaled Avg:  -0.0021 | Raw Avg:   0.1058
  dof_acc                   | Scaled Avg:  -0.0016 | Raw Avg: 316771.7812
  feet_air_time             | Scaled Avg:   0.0001 | Raw Avg:   0.0031
  feet_contact_forces       | Scaled Avg:  -0.0000 | Raw Avg:  10.5689
  foot_clearance            | Scaled Avg:  -0.0001 | Raw Avg:   0.0141
  foot_mirror               | Scaled Avg:  -0.0005 | Raw Avg:   0.5119
  foot_slide                | Scaled Avg:  -0.0018 | Raw Avg:   1.8035
  has_contact               | Scaled Avg:  -0.0017 | Raw Avg:  -0.0423
  hip_pos                   | Scaled Avg:  -0.0040 | Raw Avg:   0.0402
  lin_vel_z                 | Scaled Avg:  -0.0125 | Raw Avg:   0.1567
  orientation               | Scaled Avg:  -0.0007 | Raw Avg:   0.1742
  powers                    | Scaled Avg:  -0.0001 | Raw Avg: 166.6992
  stand_still               | Scaled Avg:  -0.0002 | Raw Avg:   0.0098
  torques                   | Scaled Avg:  -0.0002 | Raw Avg: 854.5662
  TOTAL REWARD              | Scaled Avg:  -0.0480
------------------------------

------------------------------
Step: 13500 - Reward Breakdown:
  action_rate               | Scaled Avg:  -0.0141 | Raw Avg:   1.4132
  action_smoothness         | Scaled Avg:  -0.0005 | Raw Avg:   0.2501
  ang_vel_xy                | Scaled Avg:  -0.0073 | Raw Avg:   3.6279
  base_height               | Scaled Avg:  -0.0002 | Raw Avg:   0.0107
  collision                 | Scaled Avg:  -0.0019 | Raw Avg:   0.0965
  dof_acc                   | Scaled Avg:  -0.0017 | Raw Avg: 332970.4688
  feet_air_time             | Scaled Avg:   0.0001 | Raw Avg:   0.0036
  feet_contact_forces       | Scaled Avg:  -0.0000 | Raw Avg:   9.7717
  foot_clearance            | Scaled Avg:  -0.0001 | Raw Avg:   0.0132
  foot_mirror               | Scaled Avg:  -0.0005 | Raw Avg:   0.4840
  foot_slide                | Scaled Avg:  -0.0017 | Raw Avg:   1.7366
  has_contact               | Scaled Avg:  -0.0017 | Raw Avg:  -0.0436
  hip_pos                   | Scaled Avg:  -0.0040 | Raw Avg:   0.0401
  lin_vel_z                 | Scaled Avg:  -0.0112 | Raw Avg:   0.1403
  orientation               | Scaled Avg:  -0.0007 | Raw Avg:   0.1751
  powers                    | Scaled Avg:  -0.0001 | Raw Avg: 163.8419
  stand_still               | Scaled Avg:  -0.0002 | Raw Avg:   0.0093
  torques                   | Scaled Avg:  -0.0002 | Raw Avg: 852.8524
  TOTAL REWARD              | Scaled Avg:  -0.0461
------------------------------

------------------------------
Step: 14000 - Reward Breakdown:
  action_rate               | Scaled Avg:  -0.0139 | Raw Avg:   1.3875
  action_smoothness         | Scaled Avg:  -0.0005 | Raw Avg:   0.2473
  ang_vel_xy                | Scaled Avg:  -0.0074 | Raw Avg:   3.7043
  base_height               | Scaled Avg:  -0.0002 | Raw Avg:   0.0114
  collision                 | Scaled Avg:  -0.0023 | Raw Avg:   0.1142
  dof_acc                   | Scaled Avg:  -0.0015 | Raw Avg: 304165.5938
  feet_air_time             | Scaled Avg:   0.0001 | Raw Avg:   0.0034
  feet_contact_forces       | Scaled Avg:  -0.0000 | Raw Avg:   9.5292
  foot_clearance            | Scaled Avg:  -0.0001 | Raw Avg:   0.0133
  foot_mirror               | Scaled Avg:  -0.0005 | Raw Avg:   0.5079
  foot_slide                | Scaled Avg:  -0.0018 | Raw Avg:   1.7680
  has_contact               | Scaled Avg:  -0.0018 | Raw Avg:  -0.0448
  hip_pos                   | Scaled Avg:  -0.0043 | Raw Avg:   0.0432
  lin_vel_z                 | Scaled Avg:  -0.0107 | Raw Avg:   0.1343
  orientation               | Scaled Avg:  -0.0007 | Raw Avg:   0.1781
  powers                    | Scaled Avg:  -0.0001 | Raw Avg: 163.8607
  stand_still               | Scaled Avg:  -0.0002 | Raw Avg:   0.0077
  torques                   | Scaled Avg:  -0.0002 | Raw Avg: 866.3942
  TOTAL REWARD              | Scaled Avg:  -0.0461
------------------------------
################################################################################
                    [1m Learning iteration 5600/10000 [0m                     

                       Computation: 50268 steps/s (collection: 2.295s, learning 0.616s)
                     surrogate_loss -0.0004
                         value_loss 0.0221
                            entropy 2.1547
                     estimator_loss 0.0000
                         total_loss 0.0432
             Mean action noise std: 0.20
                       Mean reward: -1.42
               Mean episode length: 31.71
      Mean episode rew_action_rate: -0.0214
Mean episode rew_frame_action_rate: -0.0146
Mean episode rew_action_smoothness: -0.0008
Mean episode rew_frame_action_smoothness: -0.0005
       Mean episode rew_ang_vel_xy: -0.0112
 Mean episode rew_frame_ang_vel_xy: -0.0076
      Mean episode rew_base_height: -0.0003
Mean episode rew_frame_base_height: -0.0002
        Mean episode rew_collision: -0.0032
  Mean episode rew_frame_collision: -0.0020
          Mean episode rew_dof_acc: -0.0024
    Mean episode rew_frame_dof_acc: -0.0018
    Mean episode rew_feet_air_time: 0.0002
Mean episode rew_frame_feet_air_time: 0.0001
Mean episode rew_feet_contact_forces: -0.0000
Mean episode rew_frame_feet_contact_forces: -0.0000
   Mean episode rew_foot_clearance: -0.0002
Mean episode rew_frame_foot_clearance: -0.0001
      Mean episode rew_foot_mirror: -0.0008
Mean episode rew_frame_foot_mirror: -0.0005
       Mean episode rew_foot_slide: -0.0027
 Mean episode rew_frame_foot_slide: -0.0018
      Mean episode rew_has_contact: -0.0024
Mean episode rew_frame_has_contact: -0.0016
          Mean episode rew_hip_pos: -0.0061
    Mean episode rew_frame_hip_pos: -0.0045
        Mean episode rew_lin_vel_z: -0.0168
  Mean episode rew_frame_lin_vel_z: -0.0120
      Mean episode rew_orientation: -0.0011
Mean episode rew_frame_orientation: -0.0008
           Mean episode rew_powers: -0.0001
     Mean episode rew_frame_powers: -0.0001
      Mean episode rew_stand_still: -0.0002
Mean episode rew_frame_stand_still: -0.0001
          Mean episode rew_stumble: -0.0000
    Mean episode rew_frame_stumble: -0.0000
          Mean episode rew_torques: -0.0003
    Mean episode rew_frame_torques: -0.0002
Mean episode max_power_throughout_episode: 5622.4492
            Mean episode max_pos_x: 1.1014
            Mean episode min_pos_x: -0.2275
            Mean episode max_pos_y: 0.5762
            Mean episode min_pos_y: -0.5663
        Mean episode timeout_ratio: 0.0000
       Mean episode num_terminated: 199.0833
--------------------------------------------------------------------------------
                   Total timesteps: 1024128
                    Iteration time: 2.91s
                        Total time: 1725.54s
                               ETA: 12632.9s


------------------------------
Step: 14500 - Reward Breakdown:
  action_rate               | Scaled Avg:  -0.0135 | Raw Avg:   1.3461
  action_smoothness         | Scaled Avg:  -0.0005 | Raw Avg:   0.2426
  ang_vel_xy                | Scaled Avg:  -0.0070 | Raw Avg:   3.4808
  base_height               | Scaled Avg:  -0.0002 | Raw Avg:   0.0112
  collision                 | Scaled Avg:  -0.0021 | Raw Avg:   0.1074
  dof_acc                   | Scaled Avg:  -0.0015 | Raw Avg: 306988.2188
  feet_air_time             | Scaled Avg:   0.0001 | Raw Avg:   0.0042
  feet_contact_forces       | Scaled Avg:  -0.0000 | Raw Avg:   9.8792
  foot_clearance            | Scaled Avg:  -0.0001 | Raw Avg:   0.0130
  foot_mirror               | Scaled Avg:  -0.0005 | Raw Avg:   0.5060
  foot_slide                | Scaled Avg:  -0.0017 | Raw Avg:   1.7367
  has_contact               | Scaled Avg:  -0.0017 | Raw Avg:  -0.0413
  hip_pos                   | Scaled Avg:  -0.0040 | Raw Avg:   0.0402
  lin_vel_z                 | Scaled Avg:  -0.0104 | Raw Avg:   0.1302
  orientation               | Scaled Avg:  -0.0007 | Raw Avg:   0.1722
  powers                    | Scaled Avg:  -0.0001 | Raw Avg: 159.6051
  stand_still               | Scaled Avg:  -0.0002 | Raw Avg:   0.0099
  torques                   | Scaled Avg:  -0.0002 | Raw Avg: 856.6723
  TOTAL REWARD              | Scaled Avg:  -0.0443
------------------------------

------------------------------
Step: 15000 - Reward Breakdown:
  action_rate               | Scaled Avg:  -0.0140 | Raw Avg:   1.3954
  action_smoothness         | Scaled Avg:  -0.0005 | Raw Avg:   0.2505
  ang_vel_xy                | Scaled Avg:  -0.0072 | Raw Avg:   3.5938
  base_height               | Scaled Avg:  -0.0002 | Raw Avg:   0.0109
  collision                 | Scaled Avg:  -0.0021 | Raw Avg:   0.1052
  dof_acc                   | Scaled Avg:  -0.0015 | Raw Avg: 309308.9375
  feet_air_time             | Scaled Avg:   0.0001 | Raw Avg:   0.0026
  feet_contact_forces       | Scaled Avg:  -0.0000 | Raw Avg:   9.7364
  foot_clearance            | Scaled Avg:  -0.0001 | Raw Avg:   0.0126
  foot_mirror               | Scaled Avg:  -0.0005 | Raw Avg:   0.4921
  foot_slide                | Scaled Avg:  -0.0017 | Raw Avg:   1.7466
  has_contact               | Scaled Avg:  -0.0022 | Raw Avg:  -0.0550
  hip_pos                   | Scaled Avg:  -0.0038 | Raw Avg:   0.0382
  lin_vel_z                 | Scaled Avg:  -0.0115 | Raw Avg:   0.1443
  orientation               | Scaled Avg:  -0.0007 | Raw Avg:   0.1769
  powers                    | Scaled Avg:  -0.0001 | Raw Avg: 164.0570
  stand_still               | Scaled Avg:  -0.0003 | Raw Avg:   0.0134
  torques                   | Scaled Avg:  -0.0002 | Raw Avg: 849.8440
  TOTAL REWARD              | Scaled Avg:  -0.0466
------------------------------

------------------------------
Step: 15500 - Reward Breakdown:
  action_rate               | Scaled Avg:  -0.0141 | Raw Avg:   1.4071
  action_smoothness         | Scaled Avg:  -0.0005 | Raw Avg:   0.2503
  ang_vel_xy                | Scaled Avg:  -0.0071 | Raw Avg:   3.5742
  base_height               | Scaled Avg:  -0.0002 | Raw Avg:   0.0109
  collision                 | Scaled Avg:  -0.0020 | Raw Avg:   0.1001
  dof_acc                   | Scaled Avg:  -0.0013 | Raw Avg: 264972.1875
  feet_air_time             | Scaled Avg:   0.0001 | Raw Avg:   0.0031
  feet_contact_forces       | Scaled Avg:  -0.0000 | Raw Avg:   9.6708
  foot_clearance            | Scaled Avg:  -0.0001 | Raw Avg:   0.0127
  foot_mirror               | Scaled Avg:  -0.0005 | Raw Avg:   0.4847
  foot_slide                | Scaled Avg:  -0.0017 | Raw Avg:   1.7457
  has_contact               | Scaled Avg:  -0.0017 | Raw Avg:  -0.0427
  hip_pos                   | Scaled Avg:  -0.0040 | Raw Avg:   0.0400
  lin_vel_z                 | Scaled Avg:  -0.0114 | Raw Avg:   0.1429
  orientation               | Scaled Avg:  -0.0007 | Raw Avg:   0.1743
  powers                    | Scaled Avg:  -0.0001 | Raw Avg: 161.4679
  stand_still               | Scaled Avg:  -0.0001 | Raw Avg:   0.0072
  torques                   | Scaled Avg:  -0.0002 | Raw Avg: 854.3834
  TOTAL REWARD              | Scaled Avg:  -0.0458
------------------------------

------------------------------
Step: 16000 - Reward Breakdown:
  action_rate               | Scaled Avg:  -0.0138 | Raw Avg:   1.3849
  action_smoothness         | Scaled Avg:  -0.0005 | Raw Avg:   0.2472
  ang_vel_xy                | Scaled Avg:  -0.0070 | Raw Avg:   3.5200
  base_height               | Scaled Avg:  -0.0002 | Raw Avg:   0.0111
  collision                 | Scaled Avg:  -0.0021 | Raw Avg:   0.1052
  dof_acc                   | Scaled Avg:  -0.0013 | Raw Avg: 269995.0000
  feet_air_time             | Scaled Avg:   0.0001 | Raw Avg:   0.0032
  feet_contact_forces       | Scaled Avg:  -0.0000 | Raw Avg:   9.9753
  foot_clearance            | Scaled Avg:  -0.0001 | Raw Avg:   0.0125
  foot_mirror               | Scaled Avg:  -0.0005 | Raw Avg:   0.4847
  foot_slide                | Scaled Avg:  -0.0018 | Raw Avg:   1.7936
  has_contact               | Scaled Avg:  -0.0016 | Raw Avg:  -0.0404
  hip_pos                   | Scaled Avg:  -0.0038 | Raw Avg:   0.0384
  lin_vel_z                 | Scaled Avg:  -0.0111 | Raw Avg:   0.1382
  orientation               | Scaled Avg:  -0.0007 | Raw Avg:   0.1737
  powers                    | Scaled Avg:  -0.0001 | Raw Avg: 159.4633
  stand_still               | Scaled Avg:  -0.0001 | Raw Avg:   0.0065
  torques                   | Scaled Avg:  -0.0002 | Raw Avg: 855.4389
  TOTAL REWARD              | Scaled Avg:  -0.0450
------------------------------

------------------------------
Step: 16500 - Reward Breakdown:
  action_rate               | Scaled Avg:  -0.0139 | Raw Avg:   1.3945
  action_smoothness         | Scaled Avg:  -0.0005 | Raw Avg:   0.2463
  ang_vel_xy                | Scaled Avg:  -0.0069 | Raw Avg:   3.4464
  base_height               | Scaled Avg:  -0.0002 | Raw Avg:   0.0110
  collision                 | Scaled Avg:  -0.0020 | Raw Avg:   0.1019
  dof_acc                   | Scaled Avg:  -0.0013 | Raw Avg: 259828.0469
  feet_air_time             | Scaled Avg:   0.0001 | Raw Avg:   0.0035
  feet_contact_forces       | Scaled Avg:  -0.0000 | Raw Avg:   9.0404
  foot_clearance            | Scaled Avg:  -0.0001 | Raw Avg:   0.0121
  foot_mirror               | Scaled Avg:  -0.0005 | Raw Avg:   0.4820
  foot_slide                | Scaled Avg:  -0.0018 | Raw Avg:   1.7598
  has_contact               | Scaled Avg:  -0.0017 | Raw Avg:  -0.0418
  hip_pos                   | Scaled Avg:  -0.0038 | Raw Avg:   0.0380
  lin_vel_z                 | Scaled Avg:  -0.0109 | Raw Avg:   0.1361
  orientation               | Scaled Avg:  -0.0007 | Raw Avg:   0.1741
  powers                    | Scaled Avg:  -0.0001 | Raw Avg: 158.6114
  stand_still               | Scaled Avg:  -0.0002 | Raw Avg:   0.0111
  torques                   | Scaled Avg:  -0.0002 | Raw Avg: 843.9149
  TOTAL REWARD              | Scaled Avg:  -0.0447
------------------------------
################################################################################
                    [1m Learning iteration 5700/10000 [0m                     

                       Computation: 49827 steps/s (collection: 2.327s, learning 0.609s)
                     surrogate_loss -0.0051
                         value_loss 0.0198
                            entropy 2.1857
                     estimator_loss 0.0000
                         total_loss 0.0366
             Mean action noise std: 0.20
                       Mean reward: -1.39
               Mean episode length: 31.02
      Mean episode rew_action_rate: -0.0220
Mean episode rew_frame_action_rate: -0.0146
Mean episode rew_action_smoothness: -0.0008
Mean episode rew_frame_action_smoothness: -0.0005
       Mean episode rew_ang_vel_xy: -0.0109
 Mean episode rew_frame_ang_vel_xy: -0.0072
      Mean episode rew_base_height: -0.0003
Mean episode rew_frame_base_height: -0.0002
        Mean episode rew_collision: -0.0031
  Mean episode rew_frame_collision: -0.0019
          Mean episode rew_dof_acc: -0.0020
    Mean episode rew_frame_dof_acc: -0.0014
    Mean episode rew_feet_air_time: 0.0001
Mean episode rew_frame_feet_air_time: 0.0001
Mean episode rew_feet_contact_forces: -0.0000
Mean episode rew_frame_feet_contact_forces: -0.0000
   Mean episode rew_foot_clearance: -0.0002
Mean episode rew_frame_foot_clearance: -0.0001
      Mean episode rew_foot_mirror: -0.0008
Mean episode rew_frame_foot_mirror: -0.0005
       Mean episode rew_foot_slide: -0.0028
 Mean episode rew_frame_foot_slide: -0.0018
      Mean episode rew_has_contact: -0.0022
Mean episode rew_frame_has_contact: -0.0016
          Mean episode rew_hip_pos: -0.0058
    Mean episode rew_frame_hip_pos: -0.0040
        Mean episode rew_lin_vel_z: -0.0169
  Mean episode rew_frame_lin_vel_z: -0.0116
      Mean episode rew_orientation: -0.0011
Mean episode rew_frame_orientation: -0.0007
           Mean episode rew_powers: -0.0001
     Mean episode rew_frame_powers: -0.0001
      Mean episode rew_stand_still: -0.0002
Mean episode rew_frame_stand_still: -0.0001
          Mean episode rew_stumble: -0.0000
    Mean episode rew_frame_stumble: -0.0000
          Mean episode rew_torques: -0.0003
    Mean episode rew_frame_torques: -0.0002
Mean episode max_power_throughout_episode: 5749.6680
            Mean episode max_pos_x: 1.1265
            Mean episode min_pos_x: -0.2178
            Mean episode max_pos_y: 0.5635
            Mean episode min_pos_y: -0.5796
        Mean episode timeout_ratio: 0.0000
       Mean episode num_terminated: 195.3333
--------------------------------------------------------------------------------
                   Total timesteps: 1170432
                    Iteration time: 2.94s
                        Total time: 2016.67s
                               ETA: 12370.5s


------------------------------
Step: 17000 - Reward Breakdown:
  action_rate               | Scaled Avg:  -0.0138 | Raw Avg:   1.3776
  action_smoothness         | Scaled Avg:  -0.0005 | Raw Avg:   0.2457
  ang_vel_xy                | Scaled Avg:  -0.0069 | Raw Avg:   3.4657
  base_height               | Scaled Avg:  -0.0002 | Raw Avg:   0.0111
  collision                 | Scaled Avg:  -0.0020 | Raw Avg:   0.1015
  dof_acc                   | Scaled Avg:  -0.0013 | Raw Avg: 269537.2188
  feet_air_time             | Scaled Avg:   0.0001 | Raw Avg:   0.0021
  feet_contact_forces       | Scaled Avg:  -0.0000 | Raw Avg:   9.2433
  foot_clearance            | Scaled Avg:  -0.0001 | Raw Avg:   0.0124
  foot_mirror               | Scaled Avg:  -0.0005 | Raw Avg:   0.4950
  foot_slide                | Scaled Avg:  -0.0017 | Raw Avg:   1.7329
  has_contact               | Scaled Avg:  -0.0017 | Raw Avg:  -0.0417
  hip_pos                   | Scaled Avg:  -0.0037 | Raw Avg:   0.0370
  lin_vel_z                 | Scaled Avg:  -0.0108 | Raw Avg:   0.1352
  orientation               | Scaled Avg:  -0.0007 | Raw Avg:   0.1731
  powers                    | Scaled Avg:  -0.0001 | Raw Avg: 158.1043
  stand_still               | Scaled Avg:  -0.0001 | Raw Avg:   0.0039
  torques                   | Scaled Avg:  -0.0002 | Raw Avg: 840.9552
  TOTAL REWARD              | Scaled Avg:  -0.0443
------------------------------

------------------------------
Step: 17500 - Reward Breakdown:
  action_rate               | Scaled Avg:  -0.0141 | Raw Avg:   1.4139
  action_smoothness         | Scaled Avg:  -0.0005 | Raw Avg:   0.2488
  ang_vel_xy                | Scaled Avg:  -0.0068 | Raw Avg:   3.3847
  base_height               | Scaled Avg:  -0.0002 | Raw Avg:   0.0109
  collision                 | Scaled Avg:  -0.0021 | Raw Avg:   0.1043
  dof_acc                   | Scaled Avg:  -0.0014 | Raw Avg: 271495.1875
  feet_air_time             | Scaled Avg:   0.0001 | Raw Avg:   0.0028
  feet_contact_forces       | Scaled Avg:  -0.0000 | Raw Avg:   9.7451
  foot_clearance            | Scaled Avg:  -0.0001 | Raw Avg:   0.0126
  foot_mirror               | Scaled Avg:  -0.0005 | Raw Avg:   0.5062
  foot_slide                | Scaled Avg:  -0.0018 | Raw Avg:   1.7807
  has_contact               | Scaled Avg:  -0.0017 | Raw Avg:  -0.0431
  hip_pos                   | Scaled Avg:  -0.0039 | Raw Avg:   0.0385
  lin_vel_z                 | Scaled Avg:  -0.0110 | Raw Avg:   0.1380
  orientation               | Scaled Avg:  -0.0007 | Raw Avg:   0.1782
  powers                    | Scaled Avg:  -0.0001 | Raw Avg: 162.3352
  stand_still               | Scaled Avg:  -0.0001 | Raw Avg:   0.0063
  torques                   | Scaled Avg:  -0.0002 | Raw Avg: 858.3893
  TOTAL REWARD              | Scaled Avg:  -0.0451
------------------------------

------------------------------
Step: 18000 - Reward Breakdown:
  action_rate               | Scaled Avg:  -0.0141 | Raw Avg:   1.4109
  action_smoothness         | Scaled Avg:  -0.0005 | Raw Avg:   0.2484
  ang_vel_xy                | Scaled Avg:  -0.0071 | Raw Avg:   3.5260
  base_height               | Scaled Avg:  -0.0002 | Raw Avg:   0.0109
  collision                 | Scaled Avg:  -0.0021 | Raw Avg:   0.1033
  dof_acc                   | Scaled Avg:  -0.0016 | Raw Avg: 312520.3125
  feet_air_time             | Scaled Avg:   0.0001 | Raw Avg:   0.0039
  feet_contact_forces       | Scaled Avg:  -0.0000 | Raw Avg:   8.9834
  foot_clearance            | Scaled Avg:  -0.0001 | Raw Avg:   0.0129
  foot_mirror               | Scaled Avg:  -0.0005 | Raw Avg:   0.5228
  foot_slide                | Scaled Avg:  -0.0018 | Raw Avg:   1.7746
  has_contact               | Scaled Avg:  -0.0017 | Raw Avg:  -0.0413
  hip_pos                   | Scaled Avg:  -0.0038 | Raw Avg:   0.0383
  lin_vel_z                 | Scaled Avg:  -0.0101 | Raw Avg:   0.1262
  orientation               | Scaled Avg:  -0.0007 | Raw Avg:   0.1787
  powers                    | Scaled Avg:  -0.0001 | Raw Avg: 161.9062
  stand_still               | Scaled Avg:  -0.0001 | Raw Avg:   0.0065
  torques                   | Scaled Avg:  -0.0002 | Raw Avg: 847.4853
  TOTAL REWARD              | Scaled Avg:  -0.0445
------------------------------

------------------------------
Step: 18500 - Reward Breakdown:
  action_rate               | Scaled Avg:  -0.0142 | Raw Avg:   1.4159
  action_smoothness         | Scaled Avg:  -0.0005 | Raw Avg:   0.2474
  ang_vel_xy                | Scaled Avg:  -0.0074 | Raw Avg:   3.6945
  base_height               | Scaled Avg:  -0.0002 | Raw Avg:   0.0109
  collision                 | Scaled Avg:  -0.0023 | Raw Avg:   0.1147
  dof_acc                   | Scaled Avg:  -0.0013 | Raw Avg: 257698.2656
  feet_air_time             | Scaled Avg:   0.0001 | Raw Avg:   0.0034
  feet_contact_forces       | Scaled Avg:  -0.0000 | Raw Avg:   9.8378
  foot_clearance            | Scaled Avg:  -0.0001 | Raw Avg:   0.0135
  foot_mirror               | Scaled Avg:  -0.0005 | Raw Avg:   0.5285
  foot_slide                | Scaled Avg:  -0.0018 | Raw Avg:   1.7918
  has_contact               | Scaled Avg:  -0.0019 | Raw Avg:  -0.0466
  hip_pos                   | Scaled Avg:  -0.0038 | Raw Avg:   0.0378
  lin_vel_z                 | Scaled Avg:  -0.0120 | Raw Avg:   0.1502
  orientation               | Scaled Avg:  -0.0007 | Raw Avg:   0.1795
  powers                    | Scaled Avg:  -0.0001 | Raw Avg: 162.5695
  stand_still               | Scaled Avg:  -0.0001 | Raw Avg:   0.0064
  torques                   | Scaled Avg:  -0.0002 | Raw Avg: 842.6017
  TOTAL REWARD              | Scaled Avg:  -0.0470
------------------------------

------------------------------
Step: 19000 - Reward Breakdown:
  action_rate               | Scaled Avg:  -0.0142 | Raw Avg:   1.4169
  action_smoothness         | Scaled Avg:  -0.0005 | Raw Avg:   0.2501
  ang_vel_xy                | Scaled Avg:  -0.0074 | Raw Avg:   3.6806
  base_height               | Scaled Avg:  -0.0002 | Raw Avg:   0.0107
  collision                 | Scaled Avg:  -0.0019 | Raw Avg:   0.0974
  dof_acc                   | Scaled Avg:  -0.0013 | Raw Avg: 254898.4531
  feet_air_time             | Scaled Avg:   0.0001 | Raw Avg:   0.0033
  feet_contact_forces       | Scaled Avg:  -0.0000 | Raw Avg:   9.3586
  foot_clearance            | Scaled Avg:  -0.0001 | Raw Avg:   0.0132
  foot_mirror               | Scaled Avg:  -0.0005 | Raw Avg:   0.5119
  foot_slide                | Scaled Avg:  -0.0018 | Raw Avg:   1.8122
  has_contact               | Scaled Avg:  -0.0017 | Raw Avg:  -0.0422
  hip_pos                   | Scaled Avg:  -0.0036 | Raw Avg:   0.0365
  lin_vel_z                 | Scaled Avg:  -0.0119 | Raw Avg:   0.1484
  orientation               | Scaled Avg:  -0.0007 | Raw Avg:   0.1749
  powers                    | Scaled Avg:  -0.0001 | Raw Avg: 160.3649
  stand_still               | Scaled Avg:  -0.0002 | Raw Avg:   0.0085
  torques                   | Scaled Avg:  -0.0002 | Raw Avg: 829.0013
  TOTAL REWARD              | Scaled Avg:  -0.0462
------------------------------
################################################################################
                    [1m Learning iteration 5800/10000 [0m                     

                       Computation: 47094 steps/s (collection: 2.342s, learning 0.764s)
                     surrogate_loss -0.0033
                         value_loss 0.0235
                            entropy 2.2784
                     estimator_loss 0.0000
                         total_loss 0.0430
             Mean action noise std: 0.20
                       Mean reward: -1.37
               Mean episode length: 28.87
      Mean episode rew_action_rate: -0.0209
Mean episode rew_frame_action_rate: -0.0147
Mean episode rew_action_smoothness: -0.0007
Mean episode rew_frame_action_smoothness: -0.0005
       Mean episode rew_ang_vel_xy: -0.0109
 Mean episode rew_frame_ang_vel_xy: -0.0076
      Mean episode rew_base_height: -0.0003
Mean episode rew_frame_base_height: -0.0002
        Mean episode rew_collision: -0.0031
  Mean episode rew_frame_collision: -0.0020
          Mean episode rew_dof_acc: -0.0021
    Mean episode rew_frame_dof_acc: -0.0015
    Mean episode rew_feet_air_time: 0.0001
Mean episode rew_frame_feet_air_time: 0.0001
Mean episode rew_feet_contact_forces: -0.0000
Mean episode rew_frame_feet_contact_forces: -0.0000
   Mean episode rew_foot_clearance: -0.0002
Mean episode rew_frame_foot_clearance: -0.0001
      Mean episode rew_foot_mirror: -0.0008
Mean episode rew_frame_foot_mirror: -0.0006
       Mean episode rew_foot_slide: -0.0026
 Mean episode rew_frame_foot_slide: -0.0018
      Mean episode rew_has_contact: -0.0026
Mean episode rew_frame_has_contact: -0.0018
          Mean episode rew_hip_pos: -0.0055
    Mean episode rew_frame_hip_pos: -0.0041
        Mean episode rew_lin_vel_z: -0.0174
  Mean episode rew_frame_lin_vel_z: -0.0127
      Mean episode rew_orientation: -0.0011
Mean episode rew_frame_orientation: -0.0008
           Mean episode rew_powers: -0.0001
     Mean episode rew_frame_powers: -0.0001
      Mean episode rew_stand_still: -0.0002
Mean episode rew_frame_stand_still: -0.0001
          Mean episode rew_stumble: -0.0000
    Mean episode rew_frame_stumble: -0.0000
          Mean episode rew_torques: -0.0002
    Mean episode rew_frame_torques: -0.0002
Mean episode max_power_throughout_episode: 5592.5923
            Mean episode max_pos_x: 1.0767
            Mean episode min_pos_x: -0.2167
            Mean episode max_pos_y: 0.5335
            Mean episode min_pos_y: -0.5869
        Mean episode timeout_ratio: 0.0000
       Mean episode num_terminated: 204.1250
--------------------------------------------------------------------------------
                   Total timesteps: 1316736
                    Iteration time: 3.11s
                        Total time: 2310.07s
                               ETA: 12112.7s


------------------------------
Step: 19500 - Reward Breakdown:
  action_rate               | Scaled Avg:  -0.0140 | Raw Avg:   1.3982
  action_smoothness         | Scaled Avg:  -0.0005 | Raw Avg:   0.2467
  ang_vel_xy                | Scaled Avg:  -0.0072 | Raw Avg:   3.5881
  base_height               | Scaled Avg:  -0.0002 | Raw Avg:   0.0115
  collision                 | Scaled Avg:  -0.0021 | Raw Avg:   0.1030
  dof_acc                   | Scaled Avg:  -0.0014 | Raw Avg: 270458.9062
  feet_air_time             | Scaled Avg:   0.0001 | Raw Avg:   0.0031
  feet_contact_forces       | Scaled Avg:  -0.0000 | Raw Avg:   9.5052
  foot_clearance            | Scaled Avg:  -0.0001 | Raw Avg:   0.0129
  foot_mirror               | Scaled Avg:  -0.0005 | Raw Avg:   0.5271
  foot_slide                | Scaled Avg:  -0.0018 | Raw Avg:   1.8077
  has_contact               | Scaled Avg:  -0.0016 | Raw Avg:  -0.0392
  hip_pos                   | Scaled Avg:  -0.0037 | Raw Avg:   0.0373
  lin_vel_z                 | Scaled Avg:  -0.0112 | Raw Avg:   0.1394
  orientation               | Scaled Avg:  -0.0007 | Raw Avg:   0.1791
  powers                    | Scaled Avg:  -0.0001 | Raw Avg: 160.8642
  stand_still               | Scaled Avg:  -0.0001 | Raw Avg:   0.0041
  torques                   | Scaled Avg:  -0.0002 | Raw Avg: 825.0764
  TOTAL REWARD              | Scaled Avg:  -0.0452
------------------------------

------------------------------
Step: 20000 - Reward Breakdown:
  action_rate               | Scaled Avg:  -0.0139 | Raw Avg:   1.3928
  action_smoothness         | Scaled Avg:  -0.0005 | Raw Avg:   0.2462
  ang_vel_xy                | Scaled Avg:  -0.0071 | Raw Avg:   3.5336
  base_height               | Scaled Avg:  -0.0002 | Raw Avg:   0.0109
  collision                 | Scaled Avg:  -0.0021 | Raw Avg:   0.1047
  dof_acc                   | Scaled Avg:  -0.0014 | Raw Avg: 288260.5312
  feet_air_time             | Scaled Avg:   0.0001 | Raw Avg:   0.0041
  feet_contact_forces       | Scaled Avg:  -0.0000 | Raw Avg:  10.2228
  foot_clearance            | Scaled Avg:  -0.0001 | Raw Avg:   0.0133
  foot_mirror               | Scaled Avg:  -0.0005 | Raw Avg:   0.5035
  foot_slide                | Scaled Avg:  -0.0018 | Raw Avg:   1.7823
  has_contact               | Scaled Avg:  -0.0014 | Raw Avg:  -0.0356
  hip_pos                   | Scaled Avg:  -0.0040 | Raw Avg:   0.0399
  lin_vel_z                 | Scaled Avg:  -0.0117 | Raw Avg:   0.1456
  orientation               | Scaled Avg:  -0.0007 | Raw Avg:   0.1774
  powers                    | Scaled Avg:  -0.0001 | Raw Avg: 164.7799
  stand_still               | Scaled Avg:  -0.0001 | Raw Avg:   0.0042
  torques                   | Scaled Avg:  -0.0002 | Raw Avg: 873.1934
  TOTAL REWARD              | Scaled Avg:  -0.0457
------------------------------

------------------------------
Step: 20500 - Reward Breakdown:
  action_rate               | Scaled Avg:  -0.0140 | Raw Avg:   1.3988
  action_smoothness         | Scaled Avg:  -0.0005 | Raw Avg:   0.2442
  ang_vel_xy                | Scaled Avg:  -0.0068 | Raw Avg:   3.4233
  base_height               | Scaled Avg:  -0.0002 | Raw Avg:   0.0109
  collision                 | Scaled Avg:  -0.0020 | Raw Avg:   0.1004
  dof_acc                   | Scaled Avg:  -0.0014 | Raw Avg: 276708.1250
  feet_air_time             | Scaled Avg:   0.0001 | Raw Avg:   0.0037
  feet_contact_forces       | Scaled Avg:  -0.0000 | Raw Avg:   8.8605
  foot_clearance            | Scaled Avg:  -0.0001 | Raw Avg:   0.0124
  foot_mirror               | Scaled Avg:  -0.0005 | Raw Avg:   0.5150
  foot_slide                | Scaled Avg:  -0.0018 | Raw Avg:   1.7774
  has_contact               | Scaled Avg:  -0.0014 | Raw Avg:  -0.0359
  hip_pos                   | Scaled Avg:  -0.0036 | Raw Avg:   0.0363
  lin_vel_z                 | Scaled Avg:  -0.0117 | Raw Avg:   0.1457
  orientation               | Scaled Avg:  -0.0007 | Raw Avg:   0.1751
  powers                    | Scaled Avg:  -0.0001 | Raw Avg: 161.3259
  stand_still               | Scaled Avg:  -0.0001 | Raw Avg:   0.0054
  torques                   | Scaled Avg:  -0.0002 | Raw Avg: 842.3431
  TOTAL REWARD              | Scaled Avg:  -0.0450
------------------------------

------------------------------
Step: 21000 - Reward Breakdown:
  action_rate               | Scaled Avg:  -0.0142 | Raw Avg:   1.4230
  action_smoothness         | Scaled Avg:  -0.0005 | Raw Avg:   0.2478
  ang_vel_xy                | Scaled Avg:  -0.0072 | Raw Avg:   3.5762
  base_height               | Scaled Avg:  -0.0002 | Raw Avg:   0.0108
  collision                 | Scaled Avg:  -0.0019 | Raw Avg:   0.0968
  dof_acc                   | Scaled Avg:  -0.0015 | Raw Avg: 291376.7500
  feet_air_time             | Scaled Avg:   0.0001 | Raw Avg:   0.0040
  feet_contact_forces       | Scaled Avg:  -0.0000 | Raw Avg:   9.6567
  foot_clearance            | Scaled Avg:  -0.0001 | Raw Avg:   0.0130
  foot_mirror               | Scaled Avg:  -0.0005 | Raw Avg:   0.4952
  foot_slide                | Scaled Avg:  -0.0018 | Raw Avg:   1.7502
  has_contact               | Scaled Avg:  -0.0021 | Raw Avg:  -0.0517
  hip_pos                   | Scaled Avg:  -0.0037 | Raw Avg:   0.0370
  lin_vel_z                 | Scaled Avg:  -0.0115 | Raw Avg:   0.1441
  orientation               | Scaled Avg:  -0.0007 | Raw Avg:   0.1763
  powers                    | Scaled Avg:  -0.0001 | Raw Avg: 165.1360
  stand_still               | Scaled Avg:  -0.0002 | Raw Avg:   0.0082
  torques                   | Scaled Avg:  -0.0002 | Raw Avg: 849.5312
  TOTAL REWARD              | Scaled Avg:  -0.0462
------------------------------

------------------------------
Step: 21500 - Reward Breakdown:
  action_rate               | Scaled Avg:  -0.0140 | Raw Avg:   1.4010
  action_smoothness         | Scaled Avg:  -0.0005 | Raw Avg:   0.2501
  ang_vel_xy                | Scaled Avg:  -0.0072 | Raw Avg:   3.6077
  base_height               | Scaled Avg:  -0.0002 | Raw Avg:   0.0111
  collision                 | Scaled Avg:  -0.0019 | Raw Avg:   0.0969
  dof_acc                   | Scaled Avg:  -0.0013 | Raw Avg: 250991.2656
  feet_air_time             | Scaled Avg:   0.0001 | Raw Avg:   0.0028
  feet_contact_forces       | Scaled Avg:  -0.0000 | Raw Avg:   8.8945
  foot_clearance            | Scaled Avg:  -0.0001 | Raw Avg:   0.0130
  foot_mirror               | Scaled Avg:  -0.0005 | Raw Avg:   0.5107
  foot_slide                | Scaled Avg:  -0.0017 | Raw Avg:   1.7408
  has_contact               | Scaled Avg:  -0.0019 | Raw Avg:  -0.0484
  hip_pos                   | Scaled Avg:  -0.0036 | Raw Avg:   0.0357
  lin_vel_z                 | Scaled Avg:  -0.0122 | Raw Avg:   0.1529
  orientation               | Scaled Avg:  -0.0007 | Raw Avg:   0.1771
  powers                    | Scaled Avg:  -0.0001 | Raw Avg: 164.9398
  stand_still               | Scaled Avg:  -0.0001 | Raw Avg:   0.0075
  torques                   | Scaled Avg:  -0.0002 | Raw Avg: 829.5961
  TOTAL REWARD              | Scaled Avg:  -0.0463
------------------------------
################################################################################
                    [1m Learning iteration 5900/10000 [0m                     

                       Computation: 48171 steps/s (collection: 2.380s, learning 0.657s)
                     surrogate_loss -0.0063
                         value_loss 0.0156
                            entropy 2.2917
                     estimator_loss 0.0000
                         total_loss 0.0322
             Mean action noise std: 0.20
                       Mean reward: -1.37
               Mean episode length: 29.63
      Mean episode rew_action_rate: -0.0207
Mean episode rew_frame_action_rate: -0.0149
Mean episode rew_action_smoothness: -0.0007
Mean episode rew_frame_action_smoothness: -0.0005
       Mean episode rew_ang_vel_xy: -0.0106
 Mean episode rew_frame_ang_vel_xy: -0.0075
      Mean episode rew_base_height: -0.0003
Mean episode rew_frame_base_height: -0.0002
        Mean episode rew_collision: -0.0029
  Mean episode rew_frame_collision: -0.0019
          Mean episode rew_dof_acc: -0.0019
    Mean episode rew_frame_dof_acc: -0.0014
    Mean episode rew_feet_air_time: 0.0001
Mean episode rew_frame_feet_air_time: 0.0001
Mean episode rew_feet_contact_forces: -0.0000
Mean episode rew_frame_feet_contact_forces: -0.0000
   Mean episode rew_foot_clearance: -0.0002
Mean episode rew_frame_foot_clearance: -0.0001
      Mean episode rew_foot_mirror: -0.0008
Mean episode rew_frame_foot_mirror: -0.0005
       Mean episode rew_foot_slide: -0.0025
 Mean episode rew_frame_foot_slide: -0.0017
      Mean episode rew_has_contact: -0.0024
Mean episode rew_frame_has_contact: -0.0018
          Mean episode rew_hip_pos: -0.0054
    Mean episode rew_frame_hip_pos: -0.0042
        Mean episode rew_lin_vel_z: -0.0179
  Mean episode rew_frame_lin_vel_z: -0.0133
      Mean episode rew_orientation: -0.0010
Mean episode rew_frame_orientation: -0.0008
           Mean episode rew_powers: -0.0001
     Mean episode rew_frame_powers: -0.0001
      Mean episode rew_stand_still: -0.0004
Mean episode rew_frame_stand_still: -0.0003
          Mean episode rew_stumble: -0.0000
    Mean episode rew_frame_stumble: -0.0000
          Mean episode rew_torques: -0.0002
    Mean episode rew_frame_torques: -0.0002
Mean episode max_power_throughout_episode: 5589.0547
            Mean episode max_pos_x: 1.1072
            Mean episode min_pos_x: -0.1975
            Mean episode max_pos_y: 0.5683
            Mean episode min_pos_y: -0.5925
        Mean episode timeout_ratio: 0.0000
       Mean episode num_terminated: 209.7917
--------------------------------------------------------------------------------
                   Total timesteps: 1463040
                    Iteration time: 3.04s
                        Total time: 2609.79s
                               ETA: 11875.9s


------------------------------
Step: 22000 - Reward Breakdown:
  action_rate               | Scaled Avg:  -0.0141 | Raw Avg:   1.4084
  action_smoothness         | Scaled Avg:  -0.0005 | Raw Avg:   0.2491
  ang_vel_xy                | Scaled Avg:  -0.0073 | Raw Avg:   3.6549
  base_height               | Scaled Avg:  -0.0002 | Raw Avg:   0.0110
  collision                 | Scaled Avg:  -0.0019 | Raw Avg:   0.0971
  dof_acc                   | Scaled Avg:  -0.0014 | Raw Avg: 272608.0938
  feet_air_time             | Scaled Avg:   0.0001 | Raw Avg:   0.0030
  feet_contact_forces       | Scaled Avg:  -0.0000 | Raw Avg:   9.4053
  foot_clearance            | Scaled Avg:  -0.0001 | Raw Avg:   0.0137
  foot_mirror               | Scaled Avg:  -0.0005 | Raw Avg:   0.5242
  foot_slide                | Scaled Avg:  -0.0018 | Raw Avg:   1.7523
  has_contact               | Scaled Avg:  -0.0020 | Raw Avg:  -0.0494
  hip_pos                   | Scaled Avg:  -0.0039 | Raw Avg:   0.0390
  lin_vel_z                 | Scaled Avg:  -0.0123 | Raw Avg:   0.1533
  orientation               | Scaled Avg:  -0.0007 | Raw Avg:   0.1809
  powers                    | Scaled Avg:  -0.0001 | Raw Avg: 167.9771
  stand_still               | Scaled Avg:  -0.0002 | Raw Avg:   0.0108
  torques                   | Scaled Avg:  -0.0002 | Raw Avg: 846.9305
  TOTAL REWARD              | Scaled Avg:  -0.0471
------------------------------

------------------------------
Step: 22500 - Reward Breakdown:
  action_rate               | Scaled Avg:  -0.0141 | Raw Avg:   1.4072
  action_smoothness         | Scaled Avg:  -0.0005 | Raw Avg:   0.2478
  ang_vel_xy                | Scaled Avg:  -0.0072 | Raw Avg:   3.5906
  base_height               | Scaled Avg:  -0.0002 | Raw Avg:   0.0107
  collision                 | Scaled Avg:  -0.0021 | Raw Avg:   0.1055
  dof_acc                   | Scaled Avg:  -0.0015 | Raw Avg: 301101.5000
  feet_air_time             | Scaled Avg:   0.0001 | Raw Avg:   0.0036
  feet_contact_forces       | Scaled Avg:  -0.0000 | Raw Avg:   9.9691
  foot_clearance            | Scaled Avg:  -0.0001 | Raw Avg:   0.0133
  foot_mirror               | Scaled Avg:  -0.0005 | Raw Avg:   0.5157
  foot_slide                | Scaled Avg:  -0.0018 | Raw Avg:   1.8014
  has_contact               | Scaled Avg:  -0.0017 | Raw Avg:  -0.0431
  hip_pos                   | Scaled Avg:  -0.0037 | Raw Avg:   0.0374
  lin_vel_z                 | Scaled Avg:  -0.0120 | Raw Avg:   0.1496
  orientation               | Scaled Avg:  -0.0007 | Raw Avg:   0.1754
  powers                    | Scaled Avg:  -0.0001 | Raw Avg: 164.8656
  stand_still               | Scaled Avg:  -0.0001 | Raw Avg:   0.0055
  torques                   | Scaled Avg:  -0.0002 | Raw Avg: 844.7906
  TOTAL REWARD              | Scaled Avg:  -0.0464
------------------------------

------------------------------
Step: 23000 - Reward Breakdown:
  action_rate               | Scaled Avg:  -0.0141 | Raw Avg:   1.4075
  action_smoothness         | Scaled Avg:  -0.0005 | Raw Avg:   0.2465
  ang_vel_xy                | Scaled Avg:  -0.0073 | Raw Avg:   3.6441
  base_height               | Scaled Avg:  -0.0002 | Raw Avg:   0.0109
  collision                 | Scaled Avg:  -0.0019 | Raw Avg:   0.0956
  dof_acc                   | Scaled Avg:  -0.0014 | Raw Avg: 271496.0000
  feet_air_time             | Scaled Avg:   0.0001 | Raw Avg:   0.0036
  feet_contact_forces       | Scaled Avg:  -0.0000 | Raw Avg:   9.7210
  foot_clearance            | Scaled Avg:  -0.0001 | Raw Avg:   0.0137
  foot_mirror               | Scaled Avg:  -0.0005 | Raw Avg:   0.5162
  foot_slide                | Scaled Avg:  -0.0018 | Raw Avg:   1.7978
  has_contact               | Scaled Avg:  -0.0021 | Raw Avg:  -0.0520
  hip_pos                   | Scaled Avg:  -0.0037 | Raw Avg:   0.0373
  lin_vel_z                 | Scaled Avg:  -0.0124 | Raw Avg:   0.1554
  orientation               | Scaled Avg:  -0.0007 | Raw Avg:   0.1727
  powers                    | Scaled Avg:  -0.0001 | Raw Avg: 165.9286
  stand_still               | Scaled Avg:  -0.0002 | Raw Avg:   0.0120
  torques                   | Scaled Avg:  -0.0002 | Raw Avg: 838.8447
  TOTAL REWARD              | Scaled Avg:  -0.0471
------------------------------

------------------------------
Step: 23500 - Reward Breakdown:
  action_rate               | Scaled Avg:  -0.0141 | Raw Avg:   1.4088
  action_smoothness         | Scaled Avg:  -0.0005 | Raw Avg:   0.2455
  ang_vel_xy                | Scaled Avg:  -0.0070 | Raw Avg:   3.4908
  base_height               | Scaled Avg:  -0.0002 | Raw Avg:   0.0108
  collision                 | Scaled Avg:  -0.0020 | Raw Avg:   0.0976
  dof_acc                   | Scaled Avg:  -0.0014 | Raw Avg: 283891.1562
  feet_air_time             | Scaled Avg:   0.0001 | Raw Avg:   0.0038
  feet_contact_forces       | Scaled Avg:  -0.0000 | Raw Avg:   9.3231
  foot_clearance            | Scaled Avg:  -0.0001 | Raw Avg:   0.0132
  foot_mirror               | Scaled Avg:  -0.0005 | Raw Avg:   0.5231
  foot_slide                | Scaled Avg:  -0.0018 | Raw Avg:   1.7853
  has_contact               | Scaled Avg:  -0.0017 | Raw Avg:  -0.0435
  hip_pos                   | Scaled Avg:  -0.0036 | Raw Avg:   0.0362
  lin_vel_z                 | Scaled Avg:  -0.0116 | Raw Avg:   0.1456
  orientation               | Scaled Avg:  -0.0007 | Raw Avg:   0.1790
  powers                    | Scaled Avg:  -0.0001 | Raw Avg: 163.9104
  stand_still               | Scaled Avg:  -0.0001 | Raw Avg:   0.0070
  torques                   | Scaled Avg:  -0.0002 | Raw Avg: 844.1715
  TOTAL REWARD              | Scaled Avg:  -0.0456
------------------------------

------------------------------
Step: 24000 - Reward Breakdown:
  action_rate               | Scaled Avg:  -0.0140 | Raw Avg:   1.3987
  action_smoothness         | Scaled Avg:  -0.0005 | Raw Avg:   0.2454
  ang_vel_xy                | Scaled Avg:  -0.0070 | Raw Avg:   3.5247
  base_height               | Scaled Avg:  -0.0002 | Raw Avg:   0.0105
  collision                 | Scaled Avg:  -0.0019 | Raw Avg:   0.0938
  dof_acc                   | Scaled Avg:  -0.0014 | Raw Avg: 287596.6562
  feet_air_time             | Scaled Avg:   0.0001 | Raw Avg:   0.0031
  feet_contact_forces       | Scaled Avg:  -0.0000 | Raw Avg:   9.3040
  foot_clearance            | Scaled Avg:  -0.0001 | Raw Avg:   0.0129
  foot_mirror               | Scaled Avg:  -0.0005 | Raw Avg:   0.5182
  foot_slide                | Scaled Avg:  -0.0018 | Raw Avg:   1.7809
  has_contact               | Scaled Avg:  -0.0019 | Raw Avg:  -0.0477
  hip_pos                   | Scaled Avg:  -0.0036 | Raw Avg:   0.0364
  lin_vel_z                 | Scaled Avg:  -0.0116 | Raw Avg:   0.1449
  orientation               | Scaled Avg:  -0.0007 | Raw Avg:   0.1760
  powers                    | Scaled Avg:  -0.0001 | Raw Avg: 162.1817
  stand_still               | Scaled Avg:  -0.0001 | Raw Avg:   0.0053
  torques                   | Scaled Avg:  -0.0002 | Raw Avg: 838.9833
  TOTAL REWARD              | Scaled Avg:  -0.0456
------------------------------
################################################################################
                    [1m Learning iteration 6000/10000 [0m                     

                       Computation: 49672 steps/s (collection: 2.323s, learning 0.623s)
                     surrogate_loss -0.0050
                         value_loss 0.0196
                            entropy 2.2879
                     estimator_loss 0.0000
                         total_loss 0.0374
             Mean action noise std: 0.20
                       Mean reward: -1.28
               Mean episode length: 29.22
      Mean episode rew_action_rate: -0.0206
Mean episode rew_frame_action_rate: -0.0145
Mean episode rew_action_smoothness: -0.0007
Mean episode rew_frame_action_smoothness: -0.0005
       Mean episode rew_ang_vel_xy: -0.0105
 Mean episode rew_frame_ang_vel_xy: -0.0073
      Mean episode rew_base_height: -0.0003
Mean episode rew_frame_base_height: -0.0002
        Mean episode rew_collision: -0.0026
  Mean episode rew_frame_collision: -0.0017
          Mean episode rew_dof_acc: -0.0021
    Mean episode rew_frame_dof_acc: -0.0015
    Mean episode rew_feet_air_time: 0.0001
Mean episode rew_frame_feet_air_time: 0.0001
Mean episode rew_feet_contact_forces: -0.0000
Mean episode rew_frame_feet_contact_forces: -0.0000
   Mean episode rew_foot_clearance: -0.0002
Mean episode rew_frame_foot_clearance: -0.0001
      Mean episode rew_foot_mirror: -0.0008
Mean episode rew_frame_foot_mirror: -0.0005
       Mean episode rew_foot_slide: -0.0026
 Mean episode rew_frame_foot_slide: -0.0018
      Mean episode rew_has_contact: -0.0028
Mean episode rew_frame_has_contact: -0.0021
          Mean episode rew_hip_pos: -0.0055
    Mean episode rew_frame_hip_pos: -0.0042
        Mean episode rew_lin_vel_z: -0.0173
  Mean episode rew_frame_lin_vel_z: -0.0127
      Mean episode rew_orientation: -0.0010
Mean episode rew_frame_orientation: -0.0007
           Mean episode rew_powers: -0.0001
     Mean episode rew_frame_powers: -0.0001
      Mean episode rew_stand_still: -0.0002
Mean episode rew_frame_stand_still: -0.0001
          Mean episode rew_stumble: -0.0000
    Mean episode rew_frame_stumble: -0.0000
          Mean episode rew_torques: -0.0002
    Mean episode rew_frame_torques: -0.0002
Mean episode max_power_throughout_episode: 5658.2563
            Mean episode max_pos_x: 1.1109
            Mean episode min_pos_x: -0.2247
            Mean episode max_pos_y: 0.5883
            Mean episode min_pos_y: -0.5819
        Mean episode timeout_ratio: 0.0000
       Mean episode num_terminated: 203.6667
--------------------------------------------------------------------------------
                   Total timesteps: 1609344
                    Iteration time: 2.95s
                        Total time: 2936.66s
                               ETA: 11734.9s


------------------------------
Step: 24500 - Reward Breakdown:
  action_rate               | Scaled Avg:  -0.0141 | Raw Avg:   1.4115
  action_smoothness         | Scaled Avg:  -0.0005 | Raw Avg:   0.2475
  ang_vel_xy                | Scaled Avg:  -0.0073 | Raw Avg:   3.6490
  base_height               | Scaled Avg:  -0.0002 | Raw Avg:   0.0106
  collision                 | Scaled Avg:  -0.0018 | Raw Avg:   0.0904
  dof_acc                   | Scaled Avg:  -0.0013 | Raw Avg: 259119.7812
  feet_air_time             | Scaled Avg:   0.0001 | Raw Avg:   0.0031
  feet_contact_forces       | Scaled Avg:  -0.0000 | Raw Avg:   9.8220
  foot_clearance            | Scaled Avg:  -0.0001 | Raw Avg:   0.0136
  foot_mirror               | Scaled Avg:  -0.0005 | Raw Avg:   0.5169
  foot_slide                | Scaled Avg:  -0.0017 | Raw Avg:   1.7377
  has_contact               | Scaled Avg:  -0.0020 | Raw Avg:  -0.0490
  hip_pos                   | Scaled Avg:  -0.0038 | Raw Avg:   0.0381
  lin_vel_z                 | Scaled Avg:  -0.0116 | Raw Avg:   0.1452
  orientation               | Scaled Avg:  -0.0007 | Raw Avg:   0.1748
  powers                    | Scaled Avg:  -0.0001 | Raw Avg: 163.2457
  stand_still               | Scaled Avg:  -0.0002 | Raw Avg:   0.0082
  torques                   | Scaled Avg:  -0.0002 | Raw Avg: 846.0788
  TOTAL REWARD              | Scaled Avg:  -0.0460
------------------------------

------------------------------
Step: 25000 - Reward Breakdown:
  action_rate               | Scaled Avg:  -0.0139 | Raw Avg:   1.3867
  action_smoothness         | Scaled Avg:  -0.0005 | Raw Avg:   0.2431
  ang_vel_xy                | Scaled Avg:  -0.0071 | Raw Avg:   3.5592
  base_height               | Scaled Avg:  -0.0002 | Raw Avg:   0.0108
  collision                 | Scaled Avg:  -0.0020 | Raw Avg:   0.0991
  dof_acc                   | Scaled Avg:  -0.0014 | Raw Avg: 286163.3438
  feet_air_time             | Scaled Avg:   0.0001 | Raw Avg:   0.0034
  feet_contact_forces       | Scaled Avg:  -0.0000 | Raw Avg:   9.3912
  foot_clearance            | Scaled Avg:  -0.0001 | Raw Avg:   0.0129
  foot_mirror               | Scaled Avg:  -0.0005 | Raw Avg:   0.5119
  foot_slide                | Scaled Avg:  -0.0018 | Raw Avg:   1.7780
  has_contact               | Scaled Avg:  -0.0020 | Raw Avg:  -0.0505
  hip_pos                   | Scaled Avg:  -0.0036 | Raw Avg:   0.0364
  lin_vel_z                 | Scaled Avg:  -0.0120 | Raw Avg:   0.1505
  orientation               | Scaled Avg:  -0.0007 | Raw Avg:   0.1781
  powers                    | Scaled Avg:  -0.0001 | Raw Avg: 161.4679
  stand_still               | Scaled Avg:  -0.0001 | Raw Avg:   0.0050
  torques                   | Scaled Avg:  -0.0002 | Raw Avg: 824.6496
  TOTAL REWARD              | Scaled Avg:  -0.0462
------------------------------

------------------------------
Step: 25500 - Reward Breakdown:
  action_rate               | Scaled Avg:  -0.0140 | Raw Avg:   1.4026
  action_smoothness         | Scaled Avg:  -0.0005 | Raw Avg:   0.2452
  ang_vel_xy                | Scaled Avg:  -0.0071 | Raw Avg:   3.5739
  base_height               | Scaled Avg:  -0.0002 | Raw Avg:   0.0103
  collision                 | Scaled Avg:  -0.0019 | Raw Avg:   0.0961
  dof_acc                   | Scaled Avg:  -0.0015 | Raw Avg: 293091.2812
  feet_air_time             | Scaled Avg:   0.0001 | Raw Avg:   0.0038
  feet_contact_forces       | Scaled Avg:  -0.0000 | Raw Avg:  10.2607
  foot_clearance            | Scaled Avg:  -0.0001 | Raw Avg:   0.0131
  foot_mirror               | Scaled Avg:  -0.0005 | Raw Avg:   0.5140
  foot_slide                | Scaled Avg:  -0.0018 | Raw Avg:   1.7527
  has_contact               | Scaled Avg:  -0.0015 | Raw Avg:  -0.0382
  hip_pos                   | Scaled Avg:  -0.0037 | Raw Avg:   0.0374
  lin_vel_z                 | Scaled Avg:  -0.0118 | Raw Avg:   0.1470
  orientation               | Scaled Avg:  -0.0007 | Raw Avg:   0.1785
  powers                    | Scaled Avg:  -0.0001 | Raw Avg: 163.5075
  stand_still               | Scaled Avg:  -0.0001 | Raw Avg:   0.0069
  torques                   | Scaled Avg:  -0.0002 | Raw Avg: 853.3369
  TOTAL REWARD              | Scaled Avg:  -0.0457
------------------------------

------------------------------
Step: 26000 - Reward Breakdown:
  action_rate               | Scaled Avg:  -0.0140 | Raw Avg:   1.4042
  action_smoothness         | Scaled Avg:  -0.0005 | Raw Avg:   0.2480
  ang_vel_xy                | Scaled Avg:  -0.0071 | Raw Avg:   3.5468
  base_height               | Scaled Avg:  -0.0002 | Raw Avg:   0.0108
  collision                 | Scaled Avg:  -0.0019 | Raw Avg:   0.0958
  dof_acc                   | Scaled Avg:  -0.0015 | Raw Avg: 290939.2188
  feet_air_time             | Scaled Avg:   0.0001 | Raw Avg:   0.0032
  feet_contact_forces       | Scaled Avg:  -0.0000 | Raw Avg:   9.7255
  foot_clearance            | Scaled Avg:  -0.0001 | Raw Avg:   0.0139
  foot_mirror               | Scaled Avg:  -0.0005 | Raw Avg:   0.5347
  foot_slide                | Scaled Avg:  -0.0017 | Raw Avg:   1.7425
  has_contact               | Scaled Avg:  -0.0018 | Raw Avg:  -0.0453
  hip_pos                   | Scaled Avg:  -0.0036 | Raw Avg:   0.0355
  lin_vel_z                 | Scaled Avg:  -0.0121 | Raw Avg:   0.1508
  orientation               | Scaled Avg:  -0.0007 | Raw Avg:   0.1768
  powers                    | Scaled Avg:  -0.0001 | Raw Avg: 161.8867
  stand_still               | Scaled Avg:  -0.0001 | Raw Avg:   0.0071
  torques                   | Scaled Avg:  -0.0002 | Raw Avg: 822.6556
  TOTAL REWARD              | Scaled Avg:  -0.0461
------------------------------
################################################################################
                    [1m Learning iteration 6100/10000 [0m                     

                       Computation: 49171 steps/s (collection: 2.348s, learning 0.627s)
                     surrogate_loss -0.0064
                         value_loss 0.0167
                            entropy 2.2994
                     estimator_loss 0.0000
                         total_loss 0.0333
             Mean action noise std: 0.20
                       Mean reward: -1.33
               Mean episode length: 29.15
      Mean episode rew_action_rate: -0.0206
Mean episode rew_frame_action_rate: -0.0148
Mean episode rew_action_smoothness: -0.0007
Mean episode rew_frame_action_smoothness: -0.0005
       Mean episode rew_ang_vel_xy: -0.0105
 Mean episode rew_frame_ang_vel_xy: -0.0074
      Mean episode rew_base_height: -0.0003
Mean episode rew_frame_base_height: -0.0002
        Mean episode rew_collision: -0.0027
  Mean episode rew_frame_collision: -0.0018
          Mean episode rew_dof_acc: -0.0021
    Mean episode rew_frame_dof_acc: -0.0016
    Mean episode rew_feet_air_time: 0.0001
Mean episode rew_frame_feet_air_time: 0.0001
Mean episode rew_feet_contact_forces: -0.0000
Mean episode rew_frame_feet_contact_forces: -0.0000
   Mean episode rew_foot_clearance: -0.0002
Mean episode rew_frame_foot_clearance: -0.0002
      Mean episode rew_foot_mirror: -0.0008
Mean episode rew_frame_foot_mirror: -0.0006
       Mean episode rew_foot_slide: -0.0026
 Mean episode rew_frame_foot_slide: -0.0018
      Mean episode rew_has_contact: -0.0026
Mean episode rew_frame_has_contact: -0.0019
          Mean episode rew_hip_pos: -0.0053
    Mean episode rew_frame_hip_pos: -0.0041
        Mean episode rew_lin_vel_z: -0.0176
  Mean episode rew_frame_lin_vel_z: -0.0130
      Mean episode rew_orientation: -0.0010
Mean episode rew_frame_orientation: -0.0008
           Mean episode rew_powers: -0.0001
     Mean episode rew_frame_powers: -0.0001
      Mean episode rew_stand_still: -0.0002
Mean episode rew_frame_stand_still: -0.0002
          Mean episode rew_stumble: -0.0000
    Mean episode rew_frame_stumble: -0.0000
          Mean episode rew_torques: -0.0002
    Mean episode rew_frame_torques: -0.0002
Mean episode max_power_throughout_episode: 5648.5942
            Mean episode max_pos_x: 1.0966
            Mean episode min_pos_x: -0.1865
            Mean episode max_pos_y: 0.5655
            Mean episode min_pos_y: -0.5640
        Mean episode timeout_ratio: 0.0000
       Mean episode num_terminated: 207.8333
--------------------------------------------------------------------------------
                   Total timesteps: 1755648
                    Iteration time: 2.98s
                        Total time: 3255.75s
                               ETA: 11532.6s


------------------------------
Step: 26500 - Reward Breakdown:
  action_rate               | Scaled Avg:  -0.0141 | Raw Avg:   1.4058
  action_smoothness         | Scaled Avg:  -0.0005 | Raw Avg:   0.2476
  ang_vel_xy                | Scaled Avg:  -0.0072 | Raw Avg:   3.6212
  base_height               | Scaled Avg:  -0.0002 | Raw Avg:   0.0109
  collision                 | Scaled Avg:  -0.0017 | Raw Avg:   0.0868
  dof_acc                   | Scaled Avg:  -0.0014 | Raw Avg: 281618.1250
  feet_air_time             | Scaled Avg:   0.0001 | Raw Avg:   0.0040
  feet_contact_forces       | Scaled Avg:  -0.0000 | Raw Avg:   9.3379
  foot_clearance            | Scaled Avg:  -0.0001 | Raw Avg:   0.0145
  foot_mirror               | Scaled Avg:  -0.0005 | Raw Avg:   0.5386
  foot_slide                | Scaled Avg:  -0.0017 | Raw Avg:   1.7431
  has_contact               | Scaled Avg:  -0.0014 | Raw Avg:  -0.0358
  hip_pos                   | Scaled Avg:  -0.0038 | Raw Avg:   0.0381
  lin_vel_z                 | Scaled Avg:  -0.0120 | Raw Avg:   0.1500
  orientation               | Scaled Avg:  -0.0007 | Raw Avg:   0.1772
  powers                    | Scaled Avg:  -0.0001 | Raw Avg: 166.4473
  stand_still               | Scaled Avg:  -0.0002 | Raw Avg:   0.0083
  torques                   | Scaled Avg:  -0.0002 | Raw Avg: 834.4042
  TOTAL REWARD              | Scaled Avg:  -0.0459
------------------------------

------------------------------
Step: 27000 - Reward Breakdown:
  action_rate               | Scaled Avg:  -0.0138 | Raw Avg:   1.3754
  action_smoothness         | Scaled Avg:  -0.0005 | Raw Avg:   0.2456
  ang_vel_xy                | Scaled Avg:  -0.0073 | Raw Avg:   3.6259
  base_height               | Scaled Avg:  -0.0002 | Raw Avg:   0.0112
  collision                 | Scaled Avg:  -0.0019 | Raw Avg:   0.0969
  dof_acc                   | Scaled Avg:  -0.0013 | Raw Avg: 252262.2969
  feet_air_time             | Scaled Avg:   0.0001 | Raw Avg:   0.0023
  feet_contact_forces       | Scaled Avg:  -0.0000 | Raw Avg:   9.9995
  foot_clearance            | Scaled Avg:  -0.0001 | Raw Avg:   0.0137
  foot_mirror               | Scaled Avg:  -0.0005 | Raw Avg:   0.5418
  foot_slide                | Scaled Avg:  -0.0017 | Raw Avg:   1.7320
  has_contact               | Scaled Avg:  -0.0015 | Raw Avg:  -0.0363
  hip_pos                   | Scaled Avg:  -0.0038 | Raw Avg:   0.0380
  lin_vel_z                 | Scaled Avg:  -0.0120 | Raw Avg:   0.1494
  orientation               | Scaled Avg:  -0.0007 | Raw Avg:   0.1765
  powers                    | Scaled Avg:  -0.0001 | Raw Avg: 163.2662
  stand_still               | Scaled Avg:  -0.0001 | Raw Avg:   0.0027
  torques                   | Scaled Avg:  -0.0002 | Raw Avg: 838.4387
  TOTAL REWARD              | Scaled Avg:  -0.0455
------------------------------

------------------------------
Step: 27500 - Reward Breakdown:
  action_rate               | Scaled Avg:  -0.0141 | Raw Avg:   1.4082
  action_smoothness         | Scaled Avg:  -0.0005 | Raw Avg:   0.2468
  ang_vel_xy                | Scaled Avg:  -0.0073 | Raw Avg:   3.6347
  base_height               | Scaled Avg:  -0.0002 | Raw Avg:   0.0108
  collision                 | Scaled Avg:  -0.0017 | Raw Avg:   0.0861
  dof_acc                   | Scaled Avg:  -0.0014 | Raw Avg: 277748.5938
  feet_air_time             | Scaled Avg:   0.0001 | Raw Avg:   0.0034
  feet_contact_forces       | Scaled Avg:  -0.0000 | Raw Avg:   9.7734
  foot_clearance            | Scaled Avg:  -0.0001 | Raw Avg:   0.0137
  foot_mirror               | Scaled Avg:  -0.0005 | Raw Avg:   0.5432
  foot_slide                | Scaled Avg:  -0.0018 | Raw Avg:   1.7623
  has_contact               | Scaled Avg:  -0.0019 | Raw Avg:  -0.0472
  hip_pos                   | Scaled Avg:  -0.0038 | Raw Avg:   0.0378
  lin_vel_z                 | Scaled Avg:  -0.0116 | Raw Avg:   0.1455
  orientation               | Scaled Avg:  -0.0007 | Raw Avg:   0.1781
  powers                    | Scaled Avg:  -0.0001 | Raw Avg: 164.6216
  stand_still               | Scaled Avg:  -0.0002 | Raw Avg:   0.0107
  torques                   | Scaled Avg:  -0.0002 | Raw Avg: 838.0151
  TOTAL REWARD              | Scaled Avg:  -0.0460
------------------------------

------------------------------
Step: 28000 - Reward Breakdown:
  action_rate               | Scaled Avg:  -0.0141 | Raw Avg:   1.4072
  action_smoothness         | Scaled Avg:  -0.0005 | Raw Avg:   0.2508
  ang_vel_xy                | Scaled Avg:  -0.0071 | Raw Avg:   3.5507
  base_height               | Scaled Avg:  -0.0002 | Raw Avg:   0.0106
  collision                 | Scaled Avg:  -0.0020 | Raw Avg:   0.1007
  dof_acc                   | Scaled Avg:  -0.0013 | Raw Avg: 264690.3125
  feet_air_time             | Scaled Avg:   0.0001 | Raw Avg:   0.0032
  feet_contact_forces       | Scaled Avg:  -0.0000 | Raw Avg:   9.3765
  foot_clearance            | Scaled Avg:  -0.0001 | Raw Avg:   0.0140
  foot_mirror               | Scaled Avg:  -0.0006 | Raw Avg:   0.5501
  foot_slide                | Scaled Avg:  -0.0017 | Raw Avg:   1.7454
  has_contact               | Scaled Avg:  -0.0016 | Raw Avg:  -0.0402
  hip_pos                   | Scaled Avg:  -0.0035 | Raw Avg:   0.0354
  lin_vel_z                 | Scaled Avg:  -0.0116 | Raw Avg:   0.1453
  orientation               | Scaled Avg:  -0.0007 | Raw Avg:   0.1830
  powers                    | Scaled Avg:  -0.0001 | Raw Avg: 161.1367
  stand_still               | Scaled Avg:  -0.0002 | Raw Avg:   0.0088
  torques                   | Scaled Avg:  -0.0002 | Raw Avg: 826.3209
  TOTAL REWARD              | Scaled Avg:  -0.0455
------------------------------

------------------------------
Step: 28500 - Reward Breakdown:
  action_rate               | Scaled Avg:  -0.0136 | Raw Avg:   1.3632
  action_smoothness         | Scaled Avg:  -0.0005 | Raw Avg:   0.2466
  ang_vel_xy                | Scaled Avg:  -0.0074 | Raw Avg:   3.7222
  base_height               | Scaled Avg:  -0.0002 | Raw Avg:   0.0112
  collision                 | Scaled Avg:  -0.0019 | Raw Avg:   0.0969
  dof_acc                   | Scaled Avg:  -0.0013 | Raw Avg: 264286.4062
  feet_air_time             | Scaled Avg:   0.0001 | Raw Avg:   0.0026
  feet_contact_forces       | Scaled Avg:  -0.0000 | Raw Avg:   9.3236
  foot_clearance            | Scaled Avg:  -0.0001 | Raw Avg:   0.0141
  foot_mirror               | Scaled Avg:  -0.0006 | Raw Avg:   0.5570
  foot_slide                | Scaled Avg:  -0.0017 | Raw Avg:   1.7205
  has_contact               | Scaled Avg:  -0.0016 | Raw Avg:  -0.0394
  hip_pos                   | Scaled Avg:  -0.0036 | Raw Avg:   0.0365
  lin_vel_z                 | Scaled Avg:  -0.0121 | Raw Avg:   0.1513
  orientation               | Scaled Avg:  -0.0007 | Raw Avg:   0.1807
  powers                    | Scaled Avg:  -0.0001 | Raw Avg: 167.5776
  stand_still               | Scaled Avg:  -0.0001 | Raw Avg:   0.0066
  torques                   | Scaled Avg:  -0.0002 | Raw Avg: 838.8533
  TOTAL REWARD              | Scaled Avg:  -0.0458
------------------------------
################################################################################
                    [1m Learning iteration 6200/10000 [0m                     

                       Computation: 49598 steps/s (collection: 2.329s, learning 0.621s)
                     surrogate_loss -0.0030
                         value_loss 0.0185
                            entropy 2.2759
                     estimator_loss 0.0000
                         total_loss 0.0382
             Mean action noise std: 0.20
                       Mean reward: -1.25
               Mean episode length: 29.20
      Mean episode rew_action_rate: -0.0206
Mean episode rew_frame_action_rate: -0.0145
Mean episode rew_action_smoothness: -0.0007
Mean episode rew_frame_action_smoothness: -0.0005
       Mean episode rew_ang_vel_xy: -0.0104
 Mean episode rew_frame_ang_vel_xy: -0.0072
      Mean episode rew_base_height: -0.0003
Mean episode rew_frame_base_height: -0.0002
        Mean episode rew_collision: -0.0029
  Mean episode rew_frame_collision: -0.0019
          Mean episode rew_dof_acc: -0.0021
    Mean episode rew_frame_dof_acc: -0.0015
    Mean episode rew_feet_air_time: 0.0001
Mean episode rew_frame_feet_air_time: 0.0001
Mean episode rew_feet_contact_forces: -0.0000
Mean episode rew_frame_feet_contact_forces: -0.0000
   Mean episode rew_foot_clearance: -0.0002
Mean episode rew_frame_foot_clearance: -0.0001
      Mean episode rew_foot_mirror: -0.0009
Mean episode rew_frame_foot_mirror: -0.0006
       Mean episode rew_foot_slide: -0.0026
 Mean episode rew_frame_foot_slide: -0.0018
      Mean episode rew_has_contact: -0.0022
Mean episode rew_frame_has_contact: -0.0015
          Mean episode rew_hip_pos: -0.0056
    Mean episode rew_frame_hip_pos: -0.0042
        Mean episode rew_lin_vel_z: -0.0166
  Mean episode rew_frame_lin_vel_z: -0.0120
      Mean episode rew_orientation: -0.0011
Mean episode rew_frame_orientation: -0.0008
           Mean episode rew_powers: -0.0001
     Mean episode rew_frame_powers: -0.0001
      Mean episode rew_stand_still: -0.0002
Mean episode rew_frame_stand_still: -0.0001
          Mean episode rew_stumble: -0.0000
    Mean episode rew_frame_stumble: -0.0000
          Mean episode rew_torques: -0.0002
    Mean episode rew_frame_torques: -0.0002
Mean episode max_power_throughout_episode: 5591.7593
            Mean episode max_pos_x: 1.1180
            Mean episode min_pos_x: -0.2232
            Mean episode max_pos_y: 0.5812
            Mean episode min_pos_y: -0.5865
        Mean episode timeout_ratio: 0.0000
       Mean episode num_terminated: 204.5000
--------------------------------------------------------------------------------
                   Total timesteps: 1901952
                    Iteration time: 2.95s
                        Total time: 3557.35s
                               ETA: 11255.6s


------------------------------
Step: 29000 - Reward Breakdown:
  action_rate               | Scaled Avg:  -0.0140 | Raw Avg:   1.3957
  action_smoothness         | Scaled Avg:  -0.0005 | Raw Avg:   0.2486
  ang_vel_xy                | Scaled Avg:  -0.0069 | Raw Avg:   3.4340
  base_height               | Scaled Avg:  -0.0002 | Raw Avg:   0.0109
  collision                 | Scaled Avg:  -0.0018 | Raw Avg:   0.0919
  dof_acc                   | Scaled Avg:  -0.0015 | Raw Avg: 294114.7500
  feet_air_time             | Scaled Avg:   0.0001 | Raw Avg:   0.0032
  feet_contact_forces       | Scaled Avg:  -0.0000 | Raw Avg:   9.9093
  foot_clearance            | Scaled Avg:  -0.0001 | Raw Avg:   0.0132
  foot_mirror               | Scaled Avg:  -0.0005 | Raw Avg:   0.5256
  foot_slide                | Scaled Avg:  -0.0018 | Raw Avg:   1.8164
  has_contact               | Scaled Avg:  -0.0019 | Raw Avg:  -0.0476
  hip_pos                   | Scaled Avg:  -0.0034 | Raw Avg:   0.0343
  lin_vel_z                 | Scaled Avg:  -0.0108 | Raw Avg:   0.1351
  orientation               | Scaled Avg:  -0.0007 | Raw Avg:   0.1759
  powers                    | Scaled Avg:  -0.0001 | Raw Avg: 162.3209
  stand_still               | Scaled Avg:  -0.0002 | Raw Avg:   0.0123
  torques                   | Scaled Avg:  -0.0002 | Raw Avg: 832.6212
  TOTAL REWARD              | Scaled Avg:  -0.0446
------------------------------

------------------------------
Step: 29500 - Reward Breakdown:
  action_rate               | Scaled Avg:  -0.0133 | Raw Avg:   1.3314
  action_smoothness         | Scaled Avg:  -0.0005 | Raw Avg:   0.2406
  ang_vel_xy                | Scaled Avg:  -0.0068 | Raw Avg:   3.4139
  base_height               | Scaled Avg:  -0.0002 | Raw Avg:   0.0112
  collision                 | Scaled Avg:  -0.0019 | Raw Avg:   0.0947
  dof_acc                   | Scaled Avg:  -0.0014 | Raw Avg: 277896.0938
  feet_air_time             | Scaled Avg:   0.0001 | Raw Avg:   0.0029
  feet_contact_forces       | Scaled Avg:  -0.0000 | Raw Avg:   9.1487
  foot_clearance            | Scaled Avg:  -0.0001 | Raw Avg:   0.0133
  foot_mirror               | Scaled Avg:  -0.0005 | Raw Avg:   0.5448
  foot_slide                | Scaled Avg:  -0.0018 | Raw Avg:   1.7771
  has_contact               | Scaled Avg:  -0.0015 | Raw Avg:  -0.0387
  hip_pos                   | Scaled Avg:  -0.0038 | Raw Avg:   0.0381
  lin_vel_z                 | Scaled Avg:  -0.0104 | Raw Avg:   0.1300
  orientation               | Scaled Avg:  -0.0007 | Raw Avg:   0.1799
  powers                    | Scaled Avg:  -0.0001 | Raw Avg: 158.7641
  stand_still               | Scaled Avg:  -0.0001 | Raw Avg:   0.0055
  torques                   | Scaled Avg:  -0.0002 | Raw Avg: 839.3810
  TOTAL REWARD              | Scaled Avg:  -0.0433
------------------------------

------------------------------
Step: 30000 - Reward Breakdown:
  action_rate               | Scaled Avg:  -0.0141 | Raw Avg:   1.4111
  action_smoothness         | Scaled Avg:  -0.0005 | Raw Avg:   0.2466
  ang_vel_xy                | Scaled Avg:  -0.0072 | Raw Avg:   3.5915
  base_height               | Scaled Avg:  -0.0002 | Raw Avg:   0.0111
  collision                 | Scaled Avg:  -0.0019 | Raw Avg:   0.0953
  dof_acc                   | Scaled Avg:  -0.0015 | Raw Avg: 305214.6875
  feet_air_time             | Scaled Avg:   0.0001 | Raw Avg:   0.0029
  feet_contact_forces       | Scaled Avg:  -0.0000 | Raw Avg:   9.2868
  foot_clearance            | Scaled Avg:  -0.0001 | Raw Avg:   0.0134
  foot_mirror               | Scaled Avg:  -0.0006 | Raw Avg:   0.5622
  foot_slide                | Scaled Avg:  -0.0018 | Raw Avg:   1.8035
  has_contact               | Scaled Avg:  -0.0016 | Raw Avg:  -0.0410
  hip_pos                   | Scaled Avg:  -0.0038 | Raw Avg:   0.0376
  lin_vel_z                 | Scaled Avg:  -0.0115 | Raw Avg:   0.1441
  orientation               | Scaled Avg:  -0.0007 | Raw Avg:   0.1819
  powers                    | Scaled Avg:  -0.0001 | Raw Avg: 166.2544
  stand_still               | Scaled Avg:  -0.0001 | Raw Avg:   0.0059
  torques                   | Scaled Avg:  -0.0002 | Raw Avg: 839.0563
  TOTAL REWARD              | Scaled Avg:  -0.0459
------------------------------

------------------------------
Step: 30500 - Reward Breakdown:
  action_rate               | Scaled Avg:  -0.0141 | Raw Avg:   1.4051
  action_smoothness         | Scaled Avg:  -0.0005 | Raw Avg:   0.2474
  ang_vel_xy                | Scaled Avg:  -0.0070 | Raw Avg:   3.4984
  base_height               | Scaled Avg:  -0.0002 | Raw Avg:   0.0104
  collision                 | Scaled Avg:  -0.0019 | Raw Avg:   0.0966
  dof_acc                   | Scaled Avg:  -0.0014 | Raw Avg: 279361.4375
  feet_air_time             | Scaled Avg:   0.0001 | Raw Avg:   0.0034
  feet_contact_forces       | Scaled Avg:  -0.0000 | Raw Avg:   8.9104
  foot_clearance            | Scaled Avg:  -0.0001 | Raw Avg:   0.0127
  foot_mirror               | Scaled Avg:  -0.0005 | Raw Avg:   0.5351
  foot_slide                | Scaled Avg:  -0.0018 | Raw Avg:   1.7797
  has_contact               | Scaled Avg:  -0.0019 | Raw Avg:  -0.0482
  hip_pos                   | Scaled Avg:  -0.0035 | Raw Avg:   0.0354
  lin_vel_z                 | Scaled Avg:  -0.0111 | Raw Avg:   0.1387
  orientation               | Scaled Avg:  -0.0007 | Raw Avg:   0.1744
  powers                    | Scaled Avg:  -0.0001 | Raw Avg: 161.3352
  stand_still               | Scaled Avg:  -0.0003 | Raw Avg:   0.0131
  torques                   | Scaled Avg:  -0.0002 | Raw Avg: 828.1199
  TOTAL REWARD              | Scaled Avg:  -0.0452
------------------------------

------------------------------
Step: 31000 - Reward Breakdown:
  action_rate               | Scaled Avg:  -0.0137 | Raw Avg:   1.3693
  action_smoothness         | Scaled Avg:  -0.0005 | Raw Avg:   0.2427
  ang_vel_xy                | Scaled Avg:  -0.0068 | Raw Avg:   3.4187
  base_height               | Scaled Avg:  -0.0002 | Raw Avg:   0.0107
  collision                 | Scaled Avg:  -0.0018 | Raw Avg:   0.0892
  dof_acc                   | Scaled Avg:  -0.0014 | Raw Avg: 275234.4688
  feet_air_time             | Scaled Avg:   0.0001 | Raw Avg:   0.0029
  feet_contact_forces       | Scaled Avg:  -0.0000 | Raw Avg:   8.4004
  foot_clearance            | Scaled Avg:  -0.0001 | Raw Avg:   0.0131
  foot_mirror               | Scaled Avg:  -0.0005 | Raw Avg:   0.5309
  foot_slide                | Scaled Avg:  -0.0018 | Raw Avg:   1.7785
  has_contact               | Scaled Avg:  -0.0016 | Raw Avg:  -0.0400
  hip_pos                   | Scaled Avg:  -0.0036 | Raw Avg:   0.0362
  lin_vel_z                 | Scaled Avg:  -0.0108 | Raw Avg:   0.1344
  orientation               | Scaled Avg:  -0.0007 | Raw Avg:   0.1761
  powers                    | Scaled Avg:  -0.0001 | Raw Avg: 158.6130
  stand_still               | Scaled Avg:  -0.0001 | Raw Avg:   0.0072
  torques                   | Scaled Avg:  -0.0002 | Raw Avg: 835.4382
  TOTAL REWARD              | Scaled Avg:  -0.0438
------------------------------
################################################################################
                    [1m Learning iteration 6300/10000 [0m                     

                       Computation: 49666 steps/s (collection: 2.320s, learning 0.626s)
                     surrogate_loss -0.0029
                         value_loss 0.0158
                            entropy 2.3000
                     estimator_loss 0.0000
                         total_loss 0.0359
             Mean action noise std: 0.20
                       Mean reward: -1.33
               Mean episode length: 29.24
      Mean episode rew_action_rate: -0.0203
Mean episode rew_frame_action_rate: -0.0145
Mean episode rew_action_smoothness: -0.0007
Mean episode rew_frame_action_smoothness: -0.0005
       Mean episode rew_ang_vel_xy: -0.0105
 Mean episode rew_frame_ang_vel_xy: -0.0074
      Mean episode rew_base_height: -0.0003
Mean episode rew_frame_base_height: -0.0002
        Mean episode rew_collision: -0.0027
  Mean episode rew_frame_collision: -0.0018
          Mean episode rew_dof_acc: -0.0021
    Mean episode rew_frame_dof_acc: -0.0016
    Mean episode rew_feet_air_time: 0.0001
Mean episode rew_frame_feet_air_time: 0.0001
Mean episode rew_feet_contact_forces: -0.0000
Mean episode rew_frame_feet_contact_forces: -0.0000
   Mean episode rew_foot_clearance: -0.0002
Mean episode rew_frame_foot_clearance: -0.0001
      Mean episode rew_foot_mirror: -0.0008
Mean episode rew_frame_foot_mirror: -0.0006
       Mean episode rew_foot_slide: -0.0026
 Mean episode rew_frame_foot_slide: -0.0018
      Mean episode rew_has_contact: -0.0026
Mean episode rew_frame_has_contact: -0.0018
          Mean episode rew_hip_pos: -0.0053
    Mean episode rew_frame_hip_pos: -0.0041
        Mean episode rew_lin_vel_z: -0.0173
  Mean episode rew_frame_lin_vel_z: -0.0127
      Mean episode rew_orientation: -0.0010
Mean episode rew_frame_orientation: -0.0008
           Mean episode rew_powers: -0.0001
     Mean episode rew_frame_powers: -0.0001
      Mean episode rew_stand_still: -0.0002
Mean episode rew_frame_stand_still: -0.0001
          Mean episode rew_stumble: -0.0000
    Mean episode rew_frame_stumble: -0.0000
          Mean episode rew_torques: -0.0002
    Mean episode rew_frame_torques: -0.0002
Mean episode max_power_throughout_episode: 5687.7676
            Mean episode max_pos_x: 1.0997
            Mean episode min_pos_x: -0.2122
            Mean episode max_pos_y: 0.5897
            Mean episode min_pos_y: -0.5591
        Mean episode timeout_ratio: 0.0000
       Mean episode num_terminated: 208.0833
--------------------------------------------------------------------------------
                   Total timesteps: 2048256
                    Iteration time: 2.95s
                        Total time: 3856.62s
                               ETA: 10968.1s


------------------------------
Step: 31500 - Reward Breakdown:
  action_rate               | Scaled Avg:  -0.0138 | Raw Avg:   1.3830
  action_smoothness         | Scaled Avg:  -0.0005 | Raw Avg:   0.2477
  ang_vel_xy                | Scaled Avg:  -0.0073 | Raw Avg:   3.6667
  base_height               | Scaled Avg:  -0.0002 | Raw Avg:   0.0107
  collision                 | Scaled Avg:  -0.0017 | Raw Avg:   0.0866
  dof_acc                   | Scaled Avg:  -0.0015 | Raw Avg: 305344.2500
  feet_air_time             | Scaled Avg:   0.0001 | Raw Avg:   0.0032
  feet_contact_forces       | Scaled Avg:  -0.0000 | Raw Avg:   9.4628
  foot_clearance            | Scaled Avg:  -0.0001 | Raw Avg:   0.0140
  foot_mirror               | Scaled Avg:  -0.0005 | Raw Avg:   0.5472
  foot_slide                | Scaled Avg:  -0.0018 | Raw Avg:   1.7895
  has_contact               | Scaled Avg:  -0.0016 | Raw Avg:  -0.0405
  hip_pos                   | Scaled Avg:  -0.0038 | Raw Avg:   0.0381
  lin_vel_z                 | Scaled Avg:  -0.0120 | Raw Avg:   0.1496
  orientation               | Scaled Avg:  -0.0007 | Raw Avg:   0.1793
  powers                    | Scaled Avg:  -0.0001 | Raw Avg: 168.4902
  stand_still               | Scaled Avg:  -0.0002 | Raw Avg:   0.0088
  torques                   | Scaled Avg:  -0.0002 | Raw Avg: 846.7047
  TOTAL REWARD              | Scaled Avg:  -0.0461
------------------------------

------------------------------
Step: 32000 - Reward Breakdown:
  action_rate               | Scaled Avg:  -0.0141 | Raw Avg:   1.4072
  action_smoothness         | Scaled Avg:  -0.0005 | Raw Avg:   0.2543
  ang_vel_xy                | Scaled Avg:  -0.0074 | Raw Avg:   3.7235
  base_height               | Scaled Avg:  -0.0002 | Raw Avg:   0.0109
  collision                 | Scaled Avg:  -0.0018 | Raw Avg:   0.0879
  dof_acc                   | Scaled Avg:  -0.0015 | Raw Avg: 293340.4375
  feet_air_time             | Scaled Avg:   0.0001 | Raw Avg:   0.0033
  feet_contact_forces       | Scaled Avg:  -0.0000 | Raw Avg:   9.6202
  foot_clearance            | Scaled Avg:  -0.0001 | Raw Avg:   0.0140
  foot_mirror               | Scaled Avg:  -0.0006 | Raw Avg:   0.5543
  foot_slide                | Scaled Avg:  -0.0018 | Raw Avg:   1.7860
  has_contact               | Scaled Avg:  -0.0015 | Raw Avg:  -0.0384
  hip_pos                   | Scaled Avg:  -0.0037 | Raw Avg:   0.0370
  lin_vel_z                 | Scaled Avg:  -0.0130 | Raw Avg:   0.1624
  orientation               | Scaled Avg:  -0.0007 | Raw Avg:   0.1801
  powers                    | Scaled Avg:  -0.0001 | Raw Avg: 172.2624
  stand_still               | Scaled Avg:  -0.0001 | Raw Avg:   0.0052
  torques                   | Scaled Avg:  -0.0002 | Raw Avg: 840.3143
  TOTAL REWARD              | Scaled Avg:  -0.0472
------------------------------

------------------------------
Step: 32500 - Reward Breakdown:
  action_rate               | Scaled Avg:  -0.0139 | Raw Avg:   1.3861
  action_smoothness         | Scaled Avg:  -0.0005 | Raw Avg:   0.2481
  ang_vel_xy                | Scaled Avg:  -0.0074 | Raw Avg:   3.6959
  base_height               | Scaled Avg:  -0.0002 | Raw Avg:   0.0104
  collision                 | Scaled Avg:  -0.0019 | Raw Avg:   0.0938
  dof_acc                   | Scaled Avg:  -0.0014 | Raw Avg: 279446.4062
  feet_air_time             | Scaled Avg:   0.0001 | Raw Avg:   0.0029
  feet_contact_forces       | Scaled Avg:  -0.0000 | Raw Avg:   9.6461
  foot_clearance            | Scaled Avg:  -0.0001 | Raw Avg:   0.0130
  foot_mirror               | Scaled Avg:  -0.0005 | Raw Avg:   0.5346
  foot_slide                | Scaled Avg:  -0.0018 | Raw Avg:   1.7746
  has_contact               | Scaled Avg:  -0.0017 | Raw Avg:  -0.0418
  hip_pos                   | Scaled Avg:  -0.0035 | Raw Avg:   0.0351
  lin_vel_z                 | Scaled Avg:  -0.0111 | Raw Avg:   0.1390
  orientation               | Scaled Avg:  -0.0007 | Raw Avg:   0.1794
  powers                    | Scaled Avg:  -0.0001 | Raw Avg: 164.2683
  stand_still               | Scaled Avg:  -0.0001 | Raw Avg:   0.0054
  torques                   | Scaled Avg:  -0.0002 | Raw Avg: 830.2985
  TOTAL REWARD              | Scaled Avg:  -0.0450
------------------------------

------------------------------
Step: 33000 - Reward Breakdown:
  action_rate               | Scaled Avg:  -0.0141 | Raw Avg:   1.4052
  action_smoothness         | Scaled Avg:  -0.0005 | Raw Avg:   0.2492
  ang_vel_xy                | Scaled Avg:  -0.0071 | Raw Avg:   3.5344
  base_height               | Scaled Avg:  -0.0002 | Raw Avg:   0.0111
  collision                 | Scaled Avg:  -0.0017 | Raw Avg:   0.0835
  dof_acc                   | Scaled Avg:  -0.0014 | Raw Avg: 278213.4375
  feet_air_time             | Scaled Avg:   0.0001 | Raw Avg:   0.0028
  feet_contact_forces       | Scaled Avg:  -0.0000 | Raw Avg:   9.7847
  foot_clearance            | Scaled Avg:  -0.0001 | Raw Avg:   0.0132
  foot_mirror               | Scaled Avg:  -0.0005 | Raw Avg:   0.5193
  foot_slide                | Scaled Avg:  -0.0018 | Raw Avg:   1.7729
  has_contact               | Scaled Avg:  -0.0017 | Raw Avg:  -0.0427
  hip_pos                   | Scaled Avg:  -0.0037 | Raw Avg:   0.0373
  lin_vel_z                 | Scaled Avg:  -0.0120 | Raw Avg:   0.1504
  orientation               | Scaled Avg:  -0.0007 | Raw Avg:   0.1757
  powers                    | Scaled Avg:  -0.0001 | Raw Avg: 164.7156
  stand_still               | Scaled Avg:  -0.0002 | Raw Avg:   0.0089
  torques                   | Scaled Avg:  -0.0002 | Raw Avg: 829.5045
  TOTAL REWARD              | Scaled Avg:  -0.0459
------------------------------

------------------------------
Step: 33500 - Reward Breakdown:
  action_rate               | Scaled Avg:  -0.0139 | Raw Avg:   1.3929
  action_smoothness         | Scaled Avg:  -0.0005 | Raw Avg:   0.2524
  ang_vel_xy                | Scaled Avg:  -0.0072 | Raw Avg:   3.5860
  base_height               | Scaled Avg:  -0.0002 | Raw Avg:   0.0109
  collision                 | Scaled Avg:  -0.0018 | Raw Avg:   0.0876
  dof_acc                   | Scaled Avg:  -0.0013 | Raw Avg: 253892.1094
  feet_air_time             | Scaled Avg:   0.0001 | Raw Avg:   0.0028
  feet_contact_forces       | Scaled Avg:  -0.0000 | Raw Avg:   9.7176
  foot_clearance            | Scaled Avg:  -0.0001 | Raw Avg:   0.0135
  foot_mirror               | Scaled Avg:  -0.0005 | Raw Avg:   0.5234
  foot_slide                | Scaled Avg:  -0.0017 | Raw Avg:   1.7246
  has_contact               | Scaled Avg:  -0.0016 | Raw Avg:  -0.0399
  hip_pos                   | Scaled Avg:  -0.0036 | Raw Avg:   0.0360
  lin_vel_z                 | Scaled Avg:  -0.0120 | Raw Avg:   0.1495
  orientation               | Scaled Avg:  -0.0007 | Raw Avg:   0.1760
  powers                    | Scaled Avg:  -0.0001 | Raw Avg: 163.7361
  stand_still               | Scaled Avg:  -0.0002 | Raw Avg:   0.0103
  torques                   | Scaled Avg:  -0.0002 | Raw Avg: 832.2481
  TOTAL REWARD              | Scaled Avg:  -0.0455
------------------------------
################################################################################
                    [1m Learning iteration 6400/10000 [0m                     

                       Computation: 49607 steps/s (collection: 2.326s, learning 0.623s)
                     surrogate_loss -0.0051
                         value_loss 0.0187
                            entropy 2.2848
                     estimator_loss 0.0000
                         total_loss 0.0364
             Mean action noise std: 0.20
                       Mean reward: -1.42
               Mean episode length: 31.15
      Mean episode rew_action_rate: -0.0203
Mean episode rew_frame_action_rate: -0.0144
Mean episode rew_action_smoothness: -0.0007
Mean episode rew_frame_action_smoothness: -0.0005
       Mean episode rew_ang_vel_xy: -0.0104
 Mean episode rew_frame_ang_vel_xy: -0.0073
      Mean episode rew_base_height: -0.0003
Mean episode rew_frame_base_height: -0.0002
        Mean episode rew_collision: -0.0027
  Mean episode rew_frame_collision: -0.0017
          Mean episode rew_dof_acc: -0.0019
    Mean episode rew_frame_dof_acc: -0.0014
    Mean episode rew_feet_air_time: 0.0001
Mean episode rew_frame_feet_air_time: 0.0001
Mean episode rew_feet_contact_forces: -0.0000
Mean episode rew_frame_feet_contact_forces: -0.0000
   Mean episode rew_foot_clearance: -0.0002
Mean episode rew_frame_foot_clearance: -0.0001
      Mean episode rew_foot_mirror: -0.0008
Mean episode rew_frame_foot_mirror: -0.0005
       Mean episode rew_foot_slide: -0.0026
 Mean episode rew_frame_foot_slide: -0.0018
      Mean episode rew_has_contact: -0.0025
Mean episode rew_frame_has_contact: -0.0017
          Mean episode rew_hip_pos: -0.0058
    Mean episode rew_frame_hip_pos: -0.0041
        Mean episode rew_lin_vel_z: -0.0172
  Mean episode rew_frame_lin_vel_z: -0.0126
      Mean episode rew_orientation: -0.0010
Mean episode rew_frame_orientation: -0.0007
           Mean episode rew_powers: -0.0001
     Mean episode rew_frame_powers: -0.0001
      Mean episode rew_stand_still: -0.0002
Mean episode rew_frame_stand_still: -0.0002
          Mean episode rew_stumble: -0.0000
    Mean episode rew_frame_stumble: -0.0000
          Mean episode rew_torques: -0.0002
    Mean episode rew_frame_torques: -0.0002
Mean episode max_power_throughout_episode: 5639.8413
            Mean episode max_pos_x: 1.0909
            Mean episode min_pos_x: -0.2275
            Mean episode max_pos_y: 0.5914
            Mean episode min_pos_y: -0.5658
        Mean episode timeout_ratio: 0.0000
       Mean episode num_terminated: 203.0000
--------------------------------------------------------------------------------
                   Total timesteps: 2194560
                    Iteration time: 2.95s
                        Total time: 4155.10s
                               ETA: 10676.9s


------------------------------
Step: 34000 - Reward Breakdown:
  action_rate               | Scaled Avg:  -0.0138 | Raw Avg:   1.3824
  action_smoothness         | Scaled Avg:  -0.0005 | Raw Avg:   0.2464
  ang_vel_xy                | Scaled Avg:  -0.0073 | Raw Avg:   3.6375
  base_height               | Scaled Avg:  -0.0002 | Raw Avg:   0.0112
  collision                 | Scaled Avg:  -0.0018 | Raw Avg:   0.0919
  dof_acc                   | Scaled Avg:  -0.0012 | Raw Avg: 249198.1562
  feet_air_time             | Scaled Avg:   0.0001 | Raw Avg:   0.0033
  feet_contact_forces       | Scaled Avg:  -0.0000 | Raw Avg:   9.1104
  foot_clearance            | Scaled Avg:  -0.0001 | Raw Avg:   0.0139
  foot_mirror               | Scaled Avg:  -0.0005 | Raw Avg:   0.5301
  foot_slide                | Scaled Avg:  -0.0018 | Raw Avg:   1.7574
  has_contact               | Scaled Avg:  -0.0017 | Raw Avg:  -0.0428
  hip_pos                   | Scaled Avg:  -0.0038 | Raw Avg:   0.0375
  lin_vel_z                 | Scaled Avg:  -0.0116 | Raw Avg:   0.1453
  orientation               | Scaled Avg:  -0.0007 | Raw Avg:   0.1756
  powers                    | Scaled Avg:  -0.0001 | Raw Avg: 163.6542
  stand_still               | Scaled Avg:  -0.0002 | Raw Avg:   0.0097
  torques                   | Scaled Avg:  -0.0002 | Raw Avg: 824.2372
  TOTAL REWARD              | Scaled Avg:  -0.0455
------------------------------

------------------------------
Step: 34500 - Reward Breakdown:
  action_rate               | Scaled Avg:  -0.0139 | Raw Avg:   1.3909
  action_smoothness         | Scaled Avg:  -0.0005 | Raw Avg:   0.2479
  ang_vel_xy                | Scaled Avg:  -0.0073 | Raw Avg:   3.6347
  base_height               | Scaled Avg:  -0.0002 | Raw Avg:   0.0113
  collision                 | Scaled Avg:  -0.0018 | Raw Avg:   0.0924
  dof_acc                   | Scaled Avg:  -0.0013 | Raw Avg: 263146.4062
  feet_air_time             | Scaled Avg:   0.0001 | Raw Avg:   0.0034
  feet_contact_forces       | Scaled Avg:  -0.0000 | Raw Avg:   9.6296
  foot_clearance            | Scaled Avg:  -0.0001 | Raw Avg:   0.0145
  foot_mirror               | Scaled Avg:  -0.0005 | Raw Avg:   0.5243
  foot_slide                | Scaled Avg:  -0.0018 | Raw Avg:   1.7878
  has_contact               | Scaled Avg:  -0.0017 | Raw Avg:  -0.0430
  hip_pos                   | Scaled Avg:  -0.0038 | Raw Avg:   0.0376
  lin_vel_z                 | Scaled Avg:  -0.0119 | Raw Avg:   0.1493
  orientation               | Scaled Avg:  -0.0007 | Raw Avg:   0.1729
  powers                    | Scaled Avg:  -0.0001 | Raw Avg: 164.0683
  stand_still               | Scaled Avg:  -0.0001 | Raw Avg:   0.0066
  torques                   | Scaled Avg:  -0.0002 | Raw Avg: 812.6589
  TOTAL REWARD              | Scaled Avg:  -0.0459
------------------------------

------------------------------
Step: 35000 - Reward Breakdown:
  action_rate               | Scaled Avg:  -0.0137 | Raw Avg:   1.3721
  action_smoothness         | Scaled Avg:  -0.0005 | Raw Avg:   0.2444
  ang_vel_xy                | Scaled Avg:  -0.0070 | Raw Avg:   3.4844
  base_height               | Scaled Avg:  -0.0002 | Raw Avg:   0.0105
  collision                 | Scaled Avg:  -0.0018 | Raw Avg:   0.0915
  dof_acc                   | Scaled Avg:  -0.0014 | Raw Avg: 287759.3750
  feet_air_time             | Scaled Avg:   0.0001 | Raw Avg:   0.0031
  feet_contact_forces       | Scaled Avg:  -0.0000 | Raw Avg:   8.5944
  foot_clearance            | Scaled Avg:  -0.0001 | Raw Avg:   0.0125
  foot_mirror               | Scaled Avg:  -0.0005 | Raw Avg:   0.4950
  foot_slide                | Scaled Avg:  -0.0018 | Raw Avg:   1.8398
  has_contact               | Scaled Avg:  -0.0015 | Raw Avg:  -0.0377
  hip_pos                   | Scaled Avg:  -0.0037 | Raw Avg:   0.0367
  lin_vel_z                 | Scaled Avg:  -0.0101 | Raw Avg:   0.1268
  orientation               | Scaled Avg:  -0.0007 | Raw Avg:   0.1759
  powers                    | Scaled Avg:  -0.0001 | Raw Avg: 160.7008
  stand_still               | Scaled Avg:  -0.0002 | Raw Avg:   0.0095
  torques                   | Scaled Avg:  -0.0002 | Raw Avg: 826.5350
  TOTAL REWARD              | Scaled Avg:  -0.0435
------------------------------

------------------------------
Step: 35500 - Reward Breakdown:
  action_rate               | Scaled Avg:  -0.0139 | Raw Avg:   1.3941
  action_smoothness         | Scaled Avg:  -0.0005 | Raw Avg:   0.2466
  ang_vel_xy                | Scaled Avg:  -0.0071 | Raw Avg:   3.5403
  base_height               | Scaled Avg:  -0.0002 | Raw Avg:   0.0106
  collision                 | Scaled Avg:  -0.0019 | Raw Avg:   0.0927
  dof_acc                   | Scaled Avg:  -0.0015 | Raw Avg: 292575.4062
  feet_air_time             | Scaled Avg:   0.0001 | Raw Avg:   0.0027
  feet_contact_forces       | Scaled Avg:  -0.0000 | Raw Avg:   9.4502
  foot_clearance            | Scaled Avg:  -0.0001 | Raw Avg:   0.0129
  foot_mirror               | Scaled Avg:  -0.0005 | Raw Avg:   0.5134
  foot_slide                | Scaled Avg:  -0.0018 | Raw Avg:   1.8040
  has_contact               | Scaled Avg:  -0.0017 | Raw Avg:  -0.0417
  hip_pos                   | Scaled Avg:  -0.0036 | Raw Avg:   0.0364
  lin_vel_z                 | Scaled Avg:  -0.0107 | Raw Avg:   0.1334
  orientation               | Scaled Avg:  -0.0007 | Raw Avg:   0.1789
  powers                    | Scaled Avg:  -0.0001 | Raw Avg: 164.6667
  stand_still               | Scaled Avg:  -0.0002 | Raw Avg:   0.0082
  torques                   | Scaled Avg:  -0.0002 | Raw Avg: 835.3509
  TOTAL REWARD              | Scaled Avg:  -0.0445
------------------------------

------------------------------
Step: 36000 - Reward Breakdown:
  action_rate               | Scaled Avg:  -0.0137 | Raw Avg:   1.3747
  action_smoothness         | Scaled Avg:  -0.0005 | Raw Avg:   0.2433
  ang_vel_xy                | Scaled Avg:  -0.0070 | Raw Avg:   3.5027
  base_height               | Scaled Avg:  -0.0002 | Raw Avg:   0.0107
  collision                 | Scaled Avg:  -0.0017 | Raw Avg:   0.0866
  dof_acc                   | Scaled Avg:  -0.0013 | Raw Avg: 258922.9219
  feet_air_time             | Scaled Avg:   0.0001 | Raw Avg:   0.0033
  feet_contact_forces       | Scaled Avg:  -0.0000 | Raw Avg:   9.5043
  foot_clearance            | Scaled Avg:  -0.0001 | Raw Avg:   0.0135
  foot_mirror               | Scaled Avg:  -0.0005 | Raw Avg:   0.5354
  foot_slide                | Scaled Avg:  -0.0018 | Raw Avg:   1.7944
  has_contact               | Scaled Avg:  -0.0015 | Raw Avg:  -0.0371
  hip_pos                   | Scaled Avg:  -0.0037 | Raw Avg:   0.0366
  lin_vel_z                 | Scaled Avg:  -0.0115 | Raw Avg:   0.1436
  orientation               | Scaled Avg:  -0.0007 | Raw Avg:   0.1761
  powers                    | Scaled Avg:  -0.0001 | Raw Avg: 162.4891
  stand_still               | Scaled Avg:  -0.0002 | Raw Avg:   0.0081
  torques                   | Scaled Avg:  -0.0002 | Raw Avg: 833.4595
  TOTAL REWARD              | Scaled Avg:  -0.0446
------------------------------
################################################################################
                    [1m Learning iteration 6500/10000 [0m                     

                       Computation: 49247 steps/s (collection: 2.337s, learning 0.634s)
                     surrogate_loss -0.0004
                         value_loss 0.0163
                            entropy 2.2918
                     estimator_loss 0.0000
                         total_loss 0.0389
             Mean action noise std: 0.20
                       Mean reward: -1.41
               Mean episode length: 29.89
      Mean episode rew_action_rate: -0.0202
Mean episode rew_frame_action_rate: -0.0145
Mean episode rew_action_smoothness: -0.0007
Mean episode rew_frame_action_smoothness: -0.0005
       Mean episode rew_ang_vel_xy: -0.0105
 Mean episode rew_frame_ang_vel_xy: -0.0074
      Mean episode rew_base_height: -0.0003
Mean episode rew_frame_base_height: -0.0002
        Mean episode rew_collision: -0.0026
  Mean episode rew_frame_collision: -0.0017
          Mean episode rew_dof_acc: -0.0020
    Mean episode rew_frame_dof_acc: -0.0015
    Mean episode rew_feet_air_time: 0.0001
Mean episode rew_frame_feet_air_time: 0.0001
Mean episode rew_feet_contact_forces: -0.0000
Mean episode rew_frame_feet_contact_forces: -0.0000
   Mean episode rew_foot_clearance: -0.0002
Mean episode rew_frame_foot_clearance: -0.0001
      Mean episode rew_foot_mirror: -0.0008
Mean episode rew_frame_foot_mirror: -0.0005
       Mean episode rew_foot_slide: -0.0026
 Mean episode rew_frame_foot_slide: -0.0018
      Mean episode rew_has_contact: -0.0024
Mean episode rew_frame_has_contact: -0.0017
          Mean episode rew_hip_pos: -0.0053
    Mean episode rew_frame_hip_pos: -0.0040
        Mean episode rew_lin_vel_z: -0.0172
  Mean episode rew_frame_lin_vel_z: -0.0128
      Mean episode rew_orientation: -0.0010
Mean episode rew_frame_orientation: -0.0008
           Mean episode rew_powers: -0.0001
     Mean episode rew_frame_powers: -0.0001
      Mean episode rew_stand_still: -0.0002
Mean episode rew_frame_stand_still: -0.0002
          Mean episode rew_stumble: -0.0000
    Mean episode rew_frame_stumble: -0.0000
          Mean episode rew_torques: -0.0002
    Mean episode rew_frame_torques: -0.0002
Mean episode max_power_throughout_episode: 5674.7368
            Mean episode max_pos_x: 1.1279
            Mean episode min_pos_x: -0.2191
            Mean episode max_pos_y: 0.6123
            Mean episode min_pos_y: -0.5665
        Mean episode timeout_ratio: 0.0000
       Mean episode num_terminated: 209.4583
--------------------------------------------------------------------------------
                   Total timesteps: 2340864
                    Iteration time: 2.97s
                        Total time: 4450.32s
                               ETA: 10377.2s


------------------------------
Step: 36500 - Reward Breakdown:
  action_rate               | Scaled Avg:  -0.0137 | Raw Avg:   1.3722
  action_smoothness         | Scaled Avg:  -0.0005 | Raw Avg:   0.2444
  ang_vel_xy                | Scaled Avg:  -0.0071 | Raw Avg:   3.5404
  base_height               | Scaled Avg:  -0.0002 | Raw Avg:   0.0105
  collision                 | Scaled Avg:  -0.0019 | Raw Avg:   0.0950
  dof_acc                   | Scaled Avg:  -0.0013 | Raw Avg: 261028.3594
  feet_air_time             | Scaled Avg:   0.0001 | Raw Avg:   0.0028
  feet_contact_forces       | Scaled Avg:  -0.0000 | Raw Avg:   9.5783
  foot_clearance            | Scaled Avg:  -0.0001 | Raw Avg:   0.0135
  foot_mirror               | Scaled Avg:  -0.0005 | Raw Avg:   0.4942
  foot_slide                | Scaled Avg:  -0.0018 | Raw Avg:   1.7614
  has_contact               | Scaled Avg:  -0.0018 | Raw Avg:  -0.0458
  hip_pos                   | Scaled Avg:  -0.0035 | Raw Avg:   0.0353
  lin_vel_z                 | Scaled Avg:  -0.0118 | Raw Avg:   0.1472
  orientation               | Scaled Avg:  -0.0007 | Raw Avg:   0.1783
  powers                    | Scaled Avg:  -0.0001 | Raw Avg: 160.1421
  stand_still               | Scaled Avg:  -0.0002 | Raw Avg:   0.0079
  torques                   | Scaled Avg:  -0.0002 | Raw Avg: 823.1201
  TOTAL REWARD              | Scaled Avg:  -0.0453
------------------------------

------------------------------
Step: 37000 - Reward Breakdown:
  action_rate               | Scaled Avg:  -0.0136 | Raw Avg:   1.3556
  action_smoothness         | Scaled Avg:  -0.0005 | Raw Avg:   0.2436
  ang_vel_xy                | Scaled Avg:  -0.0068 | Raw Avg:   3.3845
  base_height               | Scaled Avg:  -0.0002 | Raw Avg:   0.0109
  collision                 | Scaled Avg:  -0.0017 | Raw Avg:   0.0863
  dof_acc                   | Scaled Avg:  -0.0013 | Raw Avg: 256031.6562
  feet_air_time             | Scaled Avg:   0.0001 | Raw Avg:   0.0031
  feet_contact_forces       | Scaled Avg:  -0.0000 | Raw Avg:   9.0646
  foot_clearance            | Scaled Avg:  -0.0001 | Raw Avg:   0.0134
  foot_mirror               | Scaled Avg:  -0.0005 | Raw Avg:   0.5428
  foot_slide                | Scaled Avg:  -0.0018 | Raw Avg:   1.7771
  has_contact               | Scaled Avg:  -0.0017 | Raw Avg:  -0.0427
  hip_pos                   | Scaled Avg:  -0.0037 | Raw Avg:   0.0366
  lin_vel_z                 | Scaled Avg:  -0.0109 | Raw Avg:   0.1366
  orientation               | Scaled Avg:  -0.0007 | Raw Avg:   0.1780
  powers                    | Scaled Avg:  -0.0001 | Raw Avg: 159.8385
  stand_still               | Scaled Avg:  -0.0002 | Raw Avg:   0.0108
  torques                   | Scaled Avg:  -0.0002 | Raw Avg: 827.8829
  TOTAL REWARD              | Scaled Avg:  -0.0439
------------------------------

------------------------------
Step: 37500 - Reward Breakdown:
  action_rate               | Scaled Avg:  -0.0136 | Raw Avg:   1.3578
  action_smoothness         | Scaled Avg:  -0.0005 | Raw Avg:   0.2465
  ang_vel_xy                | Scaled Avg:  -0.0075 | Raw Avg:   3.7556
  base_height               | Scaled Avg:  -0.0002 | Raw Avg:   0.0108
  collision                 | Scaled Avg:  -0.0018 | Raw Avg:   0.0910
  dof_acc                   | Scaled Avg:  -0.0015 | Raw Avg: 298997.7812
  feet_air_time             | Scaled Avg:   0.0001 | Raw Avg:   0.0036
  feet_contact_forces       | Scaled Avg:  -0.0000 | Raw Avg:   9.6042
  foot_clearance            | Scaled Avg:  -0.0001 | Raw Avg:   0.0146
  foot_mirror               | Scaled Avg:  -0.0006 | Raw Avg:   0.5507
  foot_slide                | Scaled Avg:  -0.0018 | Raw Avg:   1.7955
  has_contact               | Scaled Avg:  -0.0015 | Raw Avg:  -0.0387
  hip_pos                   | Scaled Avg:  -0.0038 | Raw Avg:   0.0377
  lin_vel_z                 | Scaled Avg:  -0.0124 | Raw Avg:   0.1548
  orientation               | Scaled Avg:  -0.0007 | Raw Avg:   0.1824
  powers                    | Scaled Avg:  -0.0001 | Raw Avg: 166.5135
  stand_still               | Scaled Avg:  -0.0001 | Raw Avg:   0.0051
  torques                   | Scaled Avg:  -0.0002 | Raw Avg: 832.7028
  TOTAL REWARD              | Scaled Avg:  -0.0463
------------------------------

------------------------------
Step: 38000 - Reward Breakdown:
  action_rate               | Scaled Avg:  -0.0137 | Raw Avg:   1.3744
  action_smoothness         | Scaled Avg:  -0.0005 | Raw Avg:   0.2451
  ang_vel_xy                | Scaled Avg:  -0.0074 | Raw Avg:   3.7161
  base_height               | Scaled Avg:  -0.0002 | Raw Avg:   0.0106
  collision                 | Scaled Avg:  -0.0018 | Raw Avg:   0.0904
  dof_acc                   | Scaled Avg:  -0.0014 | Raw Avg: 271619.0625
  feet_air_time             | Scaled Avg:   0.0001 | Raw Avg:   0.0040
  feet_contact_forces       | Scaled Avg:  -0.0000 | Raw Avg:   9.1346
  foot_clearance            | Scaled Avg:  -0.0001 | Raw Avg:   0.0143
  foot_mirror               | Scaled Avg:  -0.0006 | Raw Avg:   0.5519
  foot_slide                | Scaled Avg:  -0.0018 | Raw Avg:   1.7597
  has_contact               | Scaled Avg:  -0.0018 | Raw Avg:  -0.0443
  hip_pos                   | Scaled Avg:  -0.0037 | Raw Avg:   0.0367
  lin_vel_z                 | Scaled Avg:  -0.0122 | Raw Avg:   0.1528
  orientation               | Scaled Avg:  -0.0007 | Raw Avg:   0.1827
  powers                    | Scaled Avg:  -0.0001 | Raw Avg: 165.2131
  stand_still               | Scaled Avg:  -0.0001 | Raw Avg:   0.0064
  torques                   | Scaled Avg:  -0.0002 | Raw Avg: 839.5687
  TOTAL REWARD              | Scaled Avg:  -0.0462
------------------------------
################################################################################
                    [1m Learning iteration 6600/10000 [0m                     

                       Computation: 49456 steps/s (collection: 2.334s, learning 0.624s)
                     surrogate_loss -0.0044
                         value_loss 0.0189
                            entropy 2.2751
                     estimator_loss 0.0000
                         total_loss 0.0372
             Mean action noise std: 0.20
                       Mean reward: -1.42
               Mean episode length: 29.86
      Mean episode rew_action_rate: -0.0202
Mean episode rew_frame_action_rate: -0.0144
Mean episode rew_action_smoothness: -0.0007
Mean episode rew_frame_action_smoothness: -0.0005
       Mean episode rew_ang_vel_xy: -0.0105
 Mean episode rew_frame_ang_vel_xy: -0.0073
      Mean episode rew_base_height: -0.0003
Mean episode rew_frame_base_height: -0.0002
        Mean episode rew_collision: -0.0027
  Mean episode rew_frame_collision: -0.0018
          Mean episode rew_dof_acc: -0.0021
    Mean episode rew_frame_dof_acc: -0.0016
    Mean episode rew_feet_air_time: 0.0002
Mean episode rew_frame_feet_air_time: 0.0001
Mean episode rew_feet_contact_forces: -0.0000
Mean episode rew_frame_feet_contact_forces: -0.0000
   Mean episode rew_foot_clearance: -0.0002
Mean episode rew_frame_foot_clearance: -0.0001
      Mean episode rew_foot_mirror: -0.0008
Mean episode rew_frame_foot_mirror: -0.0006
       Mean episode rew_foot_slide: -0.0026
 Mean episode rew_frame_foot_slide: -0.0018
      Mean episode rew_has_contact: -0.0021
Mean episode rew_frame_has_contact: -0.0015
          Mean episode rew_hip_pos: -0.0055
    Mean episode rew_frame_hip_pos: -0.0042
        Mean episode rew_lin_vel_z: -0.0167
  Mean episode rew_frame_lin_vel_z: -0.0122
      Mean episode rew_orientation: -0.0011
Mean episode rew_frame_orientation: -0.0008
           Mean episode rew_powers: -0.0001
     Mean episode rew_frame_powers: -0.0001
      Mean episode rew_stand_still: -0.0002
Mean episode rew_frame_stand_still: -0.0001
          Mean episode rew_stumble: -0.0000
    Mean episode rew_frame_stumble: -0.0000
          Mean episode rew_torques: -0.0002
    Mean episode rew_frame_torques: -0.0002
Mean episode max_power_throughout_episode: 5644.3203
            Mean episode max_pos_x: 1.1280
            Mean episode min_pos_x: -0.2401
            Mean episode max_pos_y: 0.6024
            Mean episode min_pos_y: -0.5996
        Mean episode timeout_ratio: 0.0000
       Mean episode num_terminated: 205.9583
--------------------------------------------------------------------------------
                   Total timesteps: 2487168
                    Iteration time: 2.96s
                        Total time: 4747.76s
                               ETA: 10082.7s


------------------------------
Step: 38500 - Reward Breakdown:
  action_rate               | Scaled Avg:  -0.0139 | Raw Avg:   1.3869
  action_smoothness         | Scaled Avg:  -0.0005 | Raw Avg:   0.2483
  ang_vel_xy                | Scaled Avg:  -0.0071 | Raw Avg:   3.5381
  base_height               | Scaled Avg:  -0.0002 | Raw Avg:   0.0108
  collision                 | Scaled Avg:  -0.0018 | Raw Avg:   0.0884
  dof_acc                   | Scaled Avg:  -0.0014 | Raw Avg: 285881.1250
  feet_air_time             | Scaled Avg:   0.0001 | Raw Avg:   0.0032
  feet_contact_forces       | Scaled Avg:  -0.0000 | Raw Avg:   9.3240
  foot_clearance            | Scaled Avg:  -0.0001 | Raw Avg:   0.0138
  foot_mirror               | Scaled Avg:  -0.0005 | Raw Avg:   0.5455
  foot_slide                | Scaled Avg:  -0.0018 | Raw Avg:   1.7951
  has_contact               | Scaled Avg:  -0.0018 | Raw Avg:  -0.0456
  hip_pos                   | Scaled Avg:  -0.0039 | Raw Avg:   0.0389
  lin_vel_z                 | Scaled Avg:  -0.0118 | Raw Avg:   0.1473
  orientation               | Scaled Avg:  -0.0007 | Raw Avg:   0.1797
  powers                    | Scaled Avg:  -0.0001 | Raw Avg: 165.5842
  stand_still               | Scaled Avg:  -0.0002 | Raw Avg:   0.0101
  torques                   | Scaled Avg:  -0.0002 | Raw Avg: 841.7088
  TOTAL REWARD              | Scaled Avg:  -0.0459
------------------------------

------------------------------
Step: 39000 - Reward Breakdown:
  action_rate               | Scaled Avg:  -0.0137 | Raw Avg:   1.3702
  action_smoothness         | Scaled Avg:  -0.0005 | Raw Avg:   0.2459
  ang_vel_xy                | Scaled Avg:  -0.0071 | Raw Avg:   3.5570
  base_height               | Scaled Avg:  -0.0002 | Raw Avg:   0.0110
  collision                 | Scaled Avg:  -0.0018 | Raw Avg:   0.0919
  dof_acc                   | Scaled Avg:  -0.0014 | Raw Avg: 286147.6875
  feet_air_time             | Scaled Avg:   0.0001 | Raw Avg:   0.0033
  feet_contact_forces       | Scaled Avg:  -0.0000 | Raw Avg:   9.4205
  foot_clearance            | Scaled Avg:  -0.0001 | Raw Avg:   0.0141
  foot_mirror               | Scaled Avg:  -0.0005 | Raw Avg:   0.5256
  foot_slide                | Scaled Avg:  -0.0018 | Raw Avg:   1.7887
  has_contact               | Scaled Avg:  -0.0017 | Raw Avg:  -0.0418
  hip_pos                   | Scaled Avg:  -0.0037 | Raw Avg:   0.0373
  lin_vel_z                 | Scaled Avg:  -0.0121 | Raw Avg:   0.1506
  orientation               | Scaled Avg:  -0.0007 | Raw Avg:   0.1733
  powers                    | Scaled Avg:  -0.0001 | Raw Avg: 164.9030
  stand_still               | Scaled Avg:  -0.0002 | Raw Avg:   0.0108
  torques                   | Scaled Avg:  -0.0002 | Raw Avg: 827.7328
  TOTAL REWARD              | Scaled Avg:  -0.0458
------------------------------

------------------------------
Step: 39500 - Reward Breakdown:
  action_rate               | Scaled Avg:  -0.0138 | Raw Avg:   1.3843
  action_smoothness         | Scaled Avg:  -0.0005 | Raw Avg:   0.2461
  ang_vel_xy                | Scaled Avg:  -0.0070 | Raw Avg:   3.4795
  base_height               | Scaled Avg:  -0.0002 | Raw Avg:   0.0106
  collision                 | Scaled Avg:  -0.0018 | Raw Avg:   0.0891
  dof_acc                   | Scaled Avg:  -0.0013 | Raw Avg: 258352.3125
  feet_air_time             | Scaled Avg:   0.0001 | Raw Avg:   0.0033
  feet_contact_forces       | Scaled Avg:  -0.0000 | Raw Avg:   9.3352
  foot_clearance            | Scaled Avg:  -0.0001 | Raw Avg:   0.0135
  foot_mirror               | Scaled Avg:  -0.0005 | Raw Avg:   0.5238
  foot_slide                | Scaled Avg:  -0.0018 | Raw Avg:   1.7510
  has_contact               | Scaled Avg:  -0.0019 | Raw Avg:  -0.0471
  hip_pos                   | Scaled Avg:  -0.0037 | Raw Avg:   0.0365
  lin_vel_z                 | Scaled Avg:  -0.0114 | Raw Avg:   0.1420
  orientation               | Scaled Avg:  -0.0007 | Raw Avg:   0.1802
  powers                    | Scaled Avg:  -0.0001 | Raw Avg: 163.3541
  stand_still               | Scaled Avg:  -0.0002 | Raw Avg:   0.0083
  torques                   | Scaled Avg:  -0.0002 | Raw Avg: 834.9193
  TOTAL REWARD              | Scaled Avg:  -0.0449
------------------------------

------------------------------
Step: 40000 - Reward Breakdown:
  action_rate               | Scaled Avg:  -0.0135 | Raw Avg:   1.3464
  action_smoothness         | Scaled Avg:  -0.0005 | Raw Avg:   0.2427
  ang_vel_xy                | Scaled Avg:  -0.0071 | Raw Avg:   3.5640
  base_height               | Scaled Avg:  -0.0002 | Raw Avg:   0.0112
  collision                 | Scaled Avg:  -0.0018 | Raw Avg:   0.0887
  dof_acc                   | Scaled Avg:  -0.0014 | Raw Avg: 277224.7188
  feet_air_time             | Scaled Avg:   0.0001 | Raw Avg:   0.0031
  feet_contact_forces       | Scaled Avg:  -0.0000 | Raw Avg:   9.3628
  foot_clearance            | Scaled Avg:  -0.0001 | Raw Avg:   0.0142
  foot_mirror               | Scaled Avg:  -0.0005 | Raw Avg:   0.5426
  foot_slide                | Scaled Avg:  -0.0018 | Raw Avg:   1.7533
  has_contact               | Scaled Avg:  -0.0019 | Raw Avg:  -0.0463
  hip_pos                   | Scaled Avg:  -0.0037 | Raw Avg:   0.0366
  lin_vel_z                 | Scaled Avg:  -0.0112 | Raw Avg:   0.1403
  orientation               | Scaled Avg:  -0.0007 | Raw Avg:   0.1784
  powers                    | Scaled Avg:  -0.0001 | Raw Avg: 161.3190
  stand_still               | Scaled Avg:  -0.0001 | Raw Avg:   0.0058
  torques                   | Scaled Avg:  -0.0002 | Raw Avg: 823.6639
  TOTAL REWARD              | Scaled Avg:  -0.0446
------------------------------

------------------------------
Step: 40500 - Reward Breakdown:
  action_rate               | Scaled Avg:  -0.0136 | Raw Avg:   1.3551
  action_smoothness         | Scaled Avg:  -0.0005 | Raw Avg:   0.2417
  ang_vel_xy                | Scaled Avg:  -0.0068 | Raw Avg:   3.4167
  base_height               | Scaled Avg:  -0.0002 | Raw Avg:   0.0110
  collision                 | Scaled Avg:  -0.0019 | Raw Avg:   0.0945
  dof_acc                   | Scaled Avg:  -0.0014 | Raw Avg: 286487.4062
  feet_air_time             | Scaled Avg:   0.0001 | Raw Avg:   0.0030
  feet_contact_forces       | Scaled Avg:  -0.0000 | Raw Avg:   8.7065
  foot_clearance            | Scaled Avg:  -0.0001 | Raw Avg:   0.0144
  foot_mirror               | Scaled Avg:  -0.0005 | Raw Avg:   0.5457
  foot_slide                | Scaled Avg:  -0.0018 | Raw Avg:   1.7660
  has_contact               | Scaled Avg:  -0.0018 | Raw Avg:  -0.0453
  hip_pos                   | Scaled Avg:  -0.0036 | Raw Avg:   0.0360
  lin_vel_z                 | Scaled Avg:  -0.0105 | Raw Avg:   0.1315
  orientation               | Scaled Avg:  -0.0007 | Raw Avg:   0.1806
  powers                    | Scaled Avg:  -0.0001 | Raw Avg: 161.2449
  stand_still               | Scaled Avg:  -0.0002 | Raw Avg:   0.0081
  torques                   | Scaled Avg:  -0.0002 | Raw Avg: 832.2733
  TOTAL REWARD              | Scaled Avg:  -0.0439
------------------------------
################################################################################
                    [1m Learning iteration 6700/10000 [0m                     

                       Computation: 49257 steps/s (collection: 2.337s, learning 0.633s)
                     surrogate_loss -0.0025
                         value_loss 0.0179
                            entropy 2.2841
                     estimator_loss 0.0000
                         total_loss 0.0383
             Mean action noise std: 0.20
                       Mean reward: -1.27
               Mean episode length: 28.88
      Mean episode rew_action_rate: -0.0198
Mean episode rew_frame_action_rate: -0.0144
Mean episode rew_action_smoothness: -0.0007
Mean episode rew_frame_action_smoothness: -0.0005
       Mean episode rew_ang_vel_xy: -0.0105
 Mean episode rew_frame_ang_vel_xy: -0.0075
      Mean episode rew_base_height: -0.0003
Mean episode rew_frame_base_height: -0.0002
        Mean episode rew_collision: -0.0025
  Mean episode rew_frame_collision: -0.0017
          Mean episode rew_dof_acc: -0.0019
    Mean episode rew_frame_dof_acc: -0.0015
    Mean episode rew_feet_air_time: 0.0001
Mean episode rew_frame_feet_air_time: 0.0001
Mean episode rew_feet_contact_forces: -0.0000
Mean episode rew_frame_feet_contact_forces: -0.0000
   Mean episode rew_foot_clearance: -0.0002
Mean episode rew_frame_foot_clearance: -0.0001
      Mean episode rew_foot_mirror: -0.0008
Mean episode rew_frame_foot_mirror: -0.0005
       Mean episode rew_foot_slide: -0.0025
 Mean episode rew_frame_foot_slide: -0.0017
      Mean episode rew_has_contact: -0.0024
Mean episode rew_frame_has_contact: -0.0018
          Mean episode rew_hip_pos: -0.0055
    Mean episode rew_frame_hip_pos: -0.0042
        Mean episode rew_lin_vel_z: -0.0177
  Mean episode rew_frame_lin_vel_z: -0.0131
      Mean episode rew_orientation: -0.0010
Mean episode rew_frame_orientation: -0.0008
           Mean episode rew_powers: -0.0001
     Mean episode rew_frame_powers: -0.0001
      Mean episode rew_stand_still: -0.0002
Mean episode rew_frame_stand_still: -0.0001
          Mean episode rew_stumble: -0.0000
    Mean episode rew_frame_stumble: -0.0000
          Mean episode rew_torques: -0.0002
    Mean episode rew_frame_torques: -0.0002
Mean episode max_power_throughout_episode: 5550.0151
            Mean episode max_pos_x: 1.1192
            Mean episode min_pos_x: -0.2207
            Mean episode max_pos_y: 0.5939
            Mean episode min_pos_y: -0.5666
        Mean episode timeout_ratio: 0.0000
       Mean episode num_terminated: 209.9583
--------------------------------------------------------------------------------
                   Total timesteps: 2633472
                    Iteration time: 2.97s
                        Total time: 5043.19s
                               ETA: 9784.0s


------------------------------
Step: 41000 - Reward Breakdown:
  action_rate               | Scaled Avg:  -0.0136 | Raw Avg:   1.3605
  action_smoothness         | Scaled Avg:  -0.0005 | Raw Avg:   0.2438
  ang_vel_xy                | Scaled Avg:  -0.0071 | Raw Avg:   3.5732
  base_height               | Scaled Avg:  -0.0002 | Raw Avg:   0.0106
  collision                 | Scaled Avg:  -0.0018 | Raw Avg:   0.0883
  dof_acc                   | Scaled Avg:  -0.0014 | Raw Avg: 270465.6875
  feet_air_time             | Scaled Avg:   0.0001 | Raw Avg:   0.0027
  feet_contact_forces       | Scaled Avg:  -0.0000 | Raw Avg:   8.7007
  foot_clearance            | Scaled Avg:  -0.0001 | Raw Avg:   0.0142
  foot_mirror               | Scaled Avg:  -0.0005 | Raw Avg:   0.5439
  foot_slide                | Scaled Avg:  -0.0018 | Raw Avg:   1.7717
  has_contact               | Scaled Avg:  -0.0021 | Raw Avg:  -0.0530
  hip_pos                   | Scaled Avg:  -0.0035 | Raw Avg:   0.0355
  lin_vel_z                 | Scaled Avg:  -0.0113 | Raw Avg:   0.1414
  orientation               | Scaled Avg:  -0.0007 | Raw Avg:   0.1809
  powers                    | Scaled Avg:  -0.0001 | Raw Avg: 163.4389
  stand_still               | Scaled Avg:  -0.0001 | Raw Avg:   0.0052
  torques                   | Scaled Avg:  -0.0002 | Raw Avg: 833.5225
  TOTAL REWARD              | Scaled Avg:  -0.0450
------------------------------

------------------------------
Step: 41500 - Reward Breakdown:
  action_rate               | Scaled Avg:  -0.0136 | Raw Avg:   1.3564
  action_smoothness         | Scaled Avg:  -0.0005 | Raw Avg:   0.2437
  ang_vel_xy                | Scaled Avg:  -0.0071 | Raw Avg:   3.5549
  base_height               | Scaled Avg:  -0.0002 | Raw Avg:   0.0109
  collision                 | Scaled Avg:  -0.0019 | Raw Avg:   0.0947
  dof_acc                   | Scaled Avg:  -0.0014 | Raw Avg: 282193.1250
  feet_air_time             | Scaled Avg:   0.0001 | Raw Avg:   0.0028
  feet_contact_forces       | Scaled Avg:  -0.0000 | Raw Avg:   9.1048
  foot_clearance            | Scaled Avg:  -0.0001 | Raw Avg:   0.0149
  foot_mirror               | Scaled Avg:  -0.0005 | Raw Avg:   0.5471
  foot_slide                | Scaled Avg:  -0.0017 | Raw Avg:   1.7375
  has_contact               | Scaled Avg:  -0.0017 | Raw Avg:  -0.0435
  hip_pos                   | Scaled Avg:  -0.0038 | Raw Avg:   0.0376
  lin_vel_z                 | Scaled Avg:  -0.0111 | Raw Avg:   0.1391
  orientation               | Scaled Avg:  -0.0007 | Raw Avg:   0.1818
  powers                    | Scaled Avg:  -0.0001 | Raw Avg: 164.0735
  stand_still               | Scaled Avg:  -0.0002 | Raw Avg:   0.0077
  torques                   | Scaled Avg:  -0.0002 | Raw Avg: 831.7679
  TOTAL REWARD              | Scaled Avg:  -0.0448
------------------------------

------------------------------
Step: 42000 - Reward Breakdown:
  action_rate               | Scaled Avg:  -0.0137 | Raw Avg:   1.3709
  action_smoothness         | Scaled Avg:  -0.0005 | Raw Avg:   0.2458
  ang_vel_xy                | Scaled Avg:  -0.0072 | Raw Avg:   3.6093
  base_height               | Scaled Avg:  -0.0002 | Raw Avg:   0.0104
  collision                 | Scaled Avg:  -0.0017 | Raw Avg:   0.0868
  dof_acc                   | Scaled Avg:  -0.0014 | Raw Avg: 277498.1562
  feet_air_time             | Scaled Avg:   0.0001 | Raw Avg:   0.0030
  feet_contact_forces       | Scaled Avg:  -0.0000 | Raw Avg:   8.7335
  foot_clearance            | Scaled Avg:  -0.0001 | Raw Avg:   0.0142
  foot_mirror               | Scaled Avg:  -0.0005 | Raw Avg:   0.4930
  foot_slide                | Scaled Avg:  -0.0017 | Raw Avg:   1.7472
  has_contact               | Scaled Avg:  -0.0015 | Raw Avg:  -0.0363
  hip_pos                   | Scaled Avg:  -0.0037 | Raw Avg:   0.0367
  lin_vel_z                 | Scaled Avg:  -0.0111 | Raw Avg:   0.1389
  orientation               | Scaled Avg:  -0.0007 | Raw Avg:   0.1755
  powers                    | Scaled Avg:  -0.0001 | Raw Avg: 165.2530
  stand_still               | Scaled Avg:  -0.0002 | Raw Avg:   0.0123
  torques                   | Scaled Avg:  -0.0002 | Raw Avg: 831.7952
  TOTAL REWARD              | Scaled Avg:  -0.0445
------------------------------

------------------------------
Step: 42500 - Reward Breakdown:
  action_rate               | Scaled Avg:  -0.0136 | Raw Avg:   1.3627
  action_smoothness         | Scaled Avg:  -0.0005 | Raw Avg:   0.2429
  ang_vel_xy                | Scaled Avg:  -0.0068 | Raw Avg:   3.3847
  base_height               | Scaled Avg:  -0.0002 | Raw Avg:   0.0107
  collision                 | Scaled Avg:  -0.0018 | Raw Avg:   0.0884
  dof_acc                   | Scaled Avg:  -0.0013 | Raw Avg: 269464.7812
  feet_air_time             | Scaled Avg:   0.0001 | Raw Avg:   0.0036
  feet_contact_forces       | Scaled Avg:  -0.0000 | Raw Avg:   8.8970
  foot_clearance            | Scaled Avg:  -0.0001 | Raw Avg:   0.0133
  foot_mirror               | Scaled Avg:  -0.0005 | Raw Avg:   0.5339
  foot_slide                | Scaled Avg:  -0.0018 | Raw Avg:   1.7520
  has_contact               | Scaled Avg:  -0.0016 | Raw Avg:  -0.0412
  hip_pos                   | Scaled Avg:  -0.0035 | Raw Avg:   0.0349
  lin_vel_z                 | Scaled Avg:  -0.0104 | Raw Avg:   0.1295
  orientation               | Scaled Avg:  -0.0007 | Raw Avg:   0.1821
  powers                    | Scaled Avg:  -0.0001 | Raw Avg: 157.4171
  stand_still               | Scaled Avg:  -0.0002 | Raw Avg:   0.0079
  torques                   | Scaled Avg:  -0.0002 | Raw Avg: 814.3842
  TOTAL REWARD              | Scaled Avg:  -0.0432
------------------------------

------------------------------
Step: 43000 - Reward Breakdown:
  action_rate               | Scaled Avg:  -0.0137 | Raw Avg:   1.3734
  action_smoothness         | Scaled Avg:  -0.0005 | Raw Avg:   0.2448
  ang_vel_xy                | Scaled Avg:  -0.0069 | Raw Avg:   3.4481
  base_height               | Scaled Avg:  -0.0002 | Raw Avg:   0.0102
  collision                 | Scaled Avg:  -0.0018 | Raw Avg:   0.0881
  dof_acc                   | Scaled Avg:  -0.0014 | Raw Avg: 273965.8750
  feet_air_time             | Scaled Avg:   0.0001 | Raw Avg:   0.0031
  feet_contact_forces       | Scaled Avg:  -0.0000 | Raw Avg:   9.7544
  foot_clearance            | Scaled Avg:  -0.0001 | Raw Avg:   0.0137
  foot_mirror               | Scaled Avg:  -0.0005 | Raw Avg:   0.4910
  foot_slide                | Scaled Avg:  -0.0018 | Raw Avg:   1.7584
  has_contact               | Scaled Avg:  -0.0019 | Raw Avg:  -0.0472
  hip_pos                   | Scaled Avg:  -0.0035 | Raw Avg:   0.0348
  lin_vel_z                 | Scaled Avg:  -0.0106 | Raw Avg:   0.1324
  orientation               | Scaled Avg:  -0.0007 | Raw Avg:   0.1761
  powers                    | Scaled Avg:  -0.0001 | Raw Avg: 160.0555
  stand_still               | Scaled Avg:  -0.0002 | Raw Avg:   0.0091
  torques                   | Scaled Avg:  -0.0002 | Raw Avg: 836.7615
  TOTAL REWARD              | Scaled Avg:  -0.0439
------------------------------
################################################################################
                    [1m Learning iteration 6800/10000 [0m                     

                       Computation: 50203 steps/s (collection: 2.294s, learning 0.621s)
                     surrogate_loss -0.0052
                         value_loss 0.0181
                            entropy 2.3024
                     estimator_loss 0.0000
                         total_loss 0.0358
             Mean action noise std: 0.20
                       Mean reward: -1.37
               Mean episode length: 30.58
      Mean episode rew_action_rate: -0.0206
Mean episode rew_frame_action_rate: -0.0143
Mean episode rew_action_smoothness: -0.0007
Mean episode rew_frame_action_smoothness: -0.0005
       Mean episode rew_ang_vel_xy: -0.0103
 Mean episode rew_frame_ang_vel_xy: -0.0071
      Mean episode rew_base_height: -0.0003
Mean episode rew_frame_base_height: -0.0002
        Mean episode rew_collision: -0.0024
  Mean episode rew_frame_collision: -0.0016
          Mean episode rew_dof_acc: -0.0020
    Mean episode rew_frame_dof_acc: -0.0014
    Mean episode rew_feet_air_time: 0.0001
Mean episode rew_frame_feet_air_time: 0.0001
Mean episode rew_feet_contact_forces: -0.0000
Mean episode rew_frame_feet_contact_forces: -0.0000
   Mean episode rew_foot_clearance: -0.0002
Mean episode rew_frame_foot_clearance: -0.0001
      Mean episode rew_foot_mirror: -0.0007
Mean episode rew_frame_foot_mirror: -0.0005
       Mean episode rew_foot_slide: -0.0026
 Mean episode rew_frame_foot_slide: -0.0017
      Mean episode rew_has_contact: -0.0021
Mean episode rew_frame_has_contact: -0.0014
          Mean episode rew_hip_pos: -0.0053
    Mean episode rew_frame_hip_pos: -0.0041
        Mean episode rew_lin_vel_z: -0.0166
  Mean episode rew_frame_lin_vel_z: -0.0118
      Mean episode rew_orientation: -0.0010
Mean episode rew_frame_orientation: -0.0007
           Mean episode rew_powers: -0.0001
     Mean episode rew_frame_powers: -0.0001
      Mean episode rew_stand_still: -0.0002
Mean episode rew_frame_stand_still: -0.0002
          Mean episode rew_stumble: -0.0000
    Mean episode rew_frame_stumble: -0.0000
          Mean episode rew_torques: -0.0002
    Mean episode rew_frame_torques: -0.0002
Mean episode max_power_throughout_episode: 5599.7524
            Mean episode max_pos_x: 1.1180
            Mean episode min_pos_x: -0.2374
            Mean episode max_pos_y: 0.6007
            Mean episode min_pos_y: -0.5850
        Mean episode timeout_ratio: 0.0000
       Mean episode num_terminated: 203.0833
--------------------------------------------------------------------------------
                   Total timesteps: 2779776
                    Iteration time: 2.91s
                        Total time: 5338.17s
                               ETA: 9484.8s


------------------------------
Step: 43500 - Reward Breakdown:
  action_rate               | Scaled Avg:  -0.0137 | Raw Avg:   1.3655
  action_smoothness         | Scaled Avg:  -0.0005 | Raw Avg:   0.2471
  ang_vel_xy                | Scaled Avg:  -0.0071 | Raw Avg:   3.5296
  base_height               | Scaled Avg:  -0.0002 | Raw Avg:   0.0103
  collision                 | Scaled Avg:  -0.0015 | Raw Avg:   0.0758
  dof_acc                   | Scaled Avg:  -0.0013 | Raw Avg: 268339.0000
  feet_air_time             | Scaled Avg:   0.0001 | Raw Avg:   0.0033
  feet_contact_forces       | Scaled Avg:  -0.0000 | Raw Avg:   9.1872
  foot_clearance            | Scaled Avg:  -0.0001 | Raw Avg:   0.0136
  foot_mirror               | Scaled Avg:  -0.0005 | Raw Avg:   0.4799
  foot_slide                | Scaled Avg:  -0.0018 | Raw Avg:   1.7877
  has_contact               | Scaled Avg:  -0.0019 | Raw Avg:  -0.0476
  hip_pos                   | Scaled Avg:  -0.0035 | Raw Avg:   0.0347
  lin_vel_z                 | Scaled Avg:  -0.0116 | Raw Avg:   0.1446
  orientation               | Scaled Avg:  -0.0007 | Raw Avg:   0.1763
  powers                    | Scaled Avg:  -0.0001 | Raw Avg: 162.2079
  stand_still               | Scaled Avg:  -0.0002 | Raw Avg:   0.0090
  torques                   | Scaled Avg:  -0.0002 | Raw Avg: 822.4613
  TOTAL REWARD              | Scaled Avg:  -0.0447
------------------------------

------------------------------
Step: 44000 - Reward Breakdown:
  action_rate               | Scaled Avg:  -0.0135 | Raw Avg:   1.3521
  action_smoothness         | Scaled Avg:  -0.0005 | Raw Avg:   0.2407
  ang_vel_xy                | Scaled Avg:  -0.0070 | Raw Avg:   3.5169
  base_height               | Scaled Avg:  -0.0002 | Raw Avg:   0.0105
  collision                 | Scaled Avg:  -0.0016 | Raw Avg:   0.0817
  dof_acc                   | Scaled Avg:  -0.0013 | Raw Avg: 267977.8125
  feet_air_time             | Scaled Avg:   0.0001 | Raw Avg:   0.0034
  feet_contact_forces       | Scaled Avg:  -0.0000 | Raw Avg:   9.9680
  foot_clearance            | Scaled Avg:  -0.0001 | Raw Avg:   0.0142
  foot_mirror               | Scaled Avg:  -0.0005 | Raw Avg:   0.4991
  foot_slide                | Scaled Avg:  -0.0018 | Raw Avg:   1.7506
  has_contact               | Scaled Avg:  -0.0019 | Raw Avg:  -0.0474
  hip_pos                   | Scaled Avg:  -0.0039 | Raw Avg:   0.0385
  lin_vel_z                 | Scaled Avg:  -0.0115 | Raw Avg:   0.1433
  orientation               | Scaled Avg:  -0.0007 | Raw Avg:   0.1734
  powers                    | Scaled Avg:  -0.0001 | Raw Avg: 163.8552
  stand_still               | Scaled Avg:  -0.0001 | Raw Avg:   0.0073
  torques                   | Scaled Avg:  -0.0002 | Raw Avg: 843.0128
  TOTAL REWARD              | Scaled Avg:  -0.0448
------------------------------

------------------------------
Step: 44500 - Reward Breakdown:
  action_rate               | Scaled Avg:  -0.0139 | Raw Avg:   1.3926
  action_smoothness         | Scaled Avg:  -0.0005 | Raw Avg:   0.2499
  ang_vel_xy                | Scaled Avg:  -0.0075 | Raw Avg:   3.7313
  base_height               | Scaled Avg:  -0.0002 | Raw Avg:   0.0108
  collision                 | Scaled Avg:  -0.0017 | Raw Avg:   0.0866
  dof_acc                   | Scaled Avg:  -0.0014 | Raw Avg: 272143.3750
  feet_air_time             | Scaled Avg:   0.0001 | Raw Avg:   0.0028
  feet_contact_forces       | Scaled Avg:  -0.0000 | Raw Avg:   9.8506
  foot_clearance            | Scaled Avg:  -0.0001 | Raw Avg:   0.0141
  foot_mirror               | Scaled Avg:  -0.0005 | Raw Avg:   0.5348
  foot_slide                | Scaled Avg:  -0.0017 | Raw Avg:   1.7367
  has_contact               | Scaled Avg:  -0.0017 | Raw Avg:  -0.0433
  hip_pos                   | Scaled Avg:  -0.0035 | Raw Avg:   0.0348
  lin_vel_z                 | Scaled Avg:  -0.0120 | Raw Avg:   0.1503
  orientation               | Scaled Avg:  -0.0007 | Raw Avg:   0.1775
  powers                    | Scaled Avg:  -0.0001 | Raw Avg: 167.3944
  stand_still               | Scaled Avg:  -0.0002 | Raw Avg:   0.0096
  torques                   | Scaled Avg:  -0.0002 | Raw Avg: 830.4603
  TOTAL REWARD              | Scaled Avg:  -0.0459
------------------------------

------------------------------
Step: 45000 - Reward Breakdown:
  action_rate               | Scaled Avg:  -0.0140 | Raw Avg:   1.4043
  action_smoothness         | Scaled Avg:  -0.0005 | Raw Avg:   0.2464
  ang_vel_xy                | Scaled Avg:  -0.0070 | Raw Avg:   3.4905
  base_height               | Scaled Avg:  -0.0002 | Raw Avg:   0.0106
  collision                 | Scaled Avg:  -0.0017 | Raw Avg:   0.0871
  dof_acc                   | Scaled Avg:  -0.0014 | Raw Avg: 274847.0625
  feet_air_time             | Scaled Avg:   0.0001 | Raw Avg:   0.0031
  feet_contact_forces       | Scaled Avg:  -0.0000 | Raw Avg:   9.6582
  foot_clearance            | Scaled Avg:  -0.0001 | Raw Avg:   0.0140
  foot_mirror               | Scaled Avg:  -0.0005 | Raw Avg:   0.5270
  foot_slide                | Scaled Avg:  -0.0018 | Raw Avg:   1.7698
  has_contact               | Scaled Avg:  -0.0017 | Raw Avg:  -0.0427
  hip_pos                   | Scaled Avg:  -0.0036 | Raw Avg:   0.0360
  lin_vel_z                 | Scaled Avg:  -0.0110 | Raw Avg:   0.1376
  orientation               | Scaled Avg:  -0.0007 | Raw Avg:   0.1817
  powers                    | Scaled Avg:  -0.0001 | Raw Avg: 164.2482
  stand_still               | Scaled Avg:  -0.0002 | Raw Avg:   0.0086
  torques                   | Scaled Avg:  -0.0002 | Raw Avg: 835.7600
  TOTAL REWARD              | Scaled Avg:  -0.0447
------------------------------

------------------------------
Step: 45500 - Reward Breakdown:
  action_rate               | Scaled Avg:  -0.0140 | Raw Avg:   1.4042
  action_smoothness         | Scaled Avg:  -0.0005 | Raw Avg:   0.2485
  ang_vel_xy                | Scaled Avg:  -0.0071 | Raw Avg:   3.5299
  base_height               | Scaled Avg:  -0.0002 | Raw Avg:   0.0106
  collision                 | Scaled Avg:  -0.0018 | Raw Avg:   0.0876
  dof_acc                   | Scaled Avg:  -0.0014 | Raw Avg: 286869.0625
  feet_air_time             | Scaled Avg:   0.0001 | Raw Avg:   0.0028
  feet_contact_forces       | Scaled Avg:  -0.0000 | Raw Avg:   9.7746
  foot_clearance            | Scaled Avg:  -0.0001 | Raw Avg:   0.0145
  foot_mirror               | Scaled Avg:  -0.0005 | Raw Avg:   0.5437
  foot_slide                | Scaled Avg:  -0.0017 | Raw Avg:   1.7383
  has_contact               | Scaled Avg:  -0.0016 | Raw Avg:  -0.0392
  hip_pos                   | Scaled Avg:  -0.0037 | Raw Avg:   0.0369
  lin_vel_z                 | Scaled Avg:  -0.0109 | Raw Avg:   0.1358
  orientation               | Scaled Avg:  -0.0007 | Raw Avg:   0.1793
  powers                    | Scaled Avg:  -0.0001 | Raw Avg: 167.2745
  stand_still               | Scaled Avg:  -0.0002 | Raw Avg:   0.0118
  torques                   | Scaled Avg:  -0.0002 | Raw Avg: 835.8214
  TOTAL REWARD              | Scaled Avg:  -0.0447
------------------------------
################################################################################
                    [1m Learning iteration 6900/10000 [0m                     

                       Computation: 49525 steps/s (collection: 2.321s, learning 0.633s)
                     surrogate_loss -0.0048
                         value_loss 0.0153
                            entropy 2.3095
                     estimator_loss 0.0000
                         total_loss 0.0337
             Mean action noise std: 0.20
                       Mean reward: -1.35
               Mean episode length: 31.40
      Mean episode rew_action_rate: -0.0203
Mean episode rew_frame_action_rate: -0.0146
Mean episode rew_action_smoothness: -0.0007
Mean episode rew_frame_action_smoothness: -0.0005
       Mean episode rew_ang_vel_xy: -0.0103
 Mean episode rew_frame_ang_vel_xy: -0.0073
      Mean episode rew_base_height: -0.0003
Mean episode rew_frame_base_height: -0.0002
        Mean episode rew_collision: -0.0024
  Mean episode rew_frame_collision: -0.0016
          Mean episode rew_dof_acc: -0.0020
    Mean episode rew_frame_dof_acc: -0.0015
    Mean episode rew_feet_air_time: 0.0001
Mean episode rew_frame_feet_air_time: 0.0001
Mean episode rew_feet_contact_forces: -0.0000
Mean episode rew_frame_feet_contact_forces: -0.0000
   Mean episode rew_foot_clearance: -0.0002
Mean episode rew_frame_foot_clearance: -0.0002
      Mean episode rew_foot_mirror: -0.0008
Mean episode rew_frame_foot_mirror: -0.0005
       Mean episode rew_foot_slide: -0.0025
 Mean episode rew_frame_foot_slide: -0.0017
      Mean episode rew_has_contact: -0.0029
Mean episode rew_frame_has_contact: -0.0021
          Mean episode rew_hip_pos: -0.0052
    Mean episode rew_frame_hip_pos: -0.0040
        Mean episode rew_lin_vel_z: -0.0170
  Mean episode rew_frame_lin_vel_z: -0.0125
      Mean episode rew_orientation: -0.0010
Mean episode rew_frame_orientation: -0.0008
           Mean episode rew_powers: -0.0001
     Mean episode rew_frame_powers: -0.0001
      Mean episode rew_stand_still: -0.0004
Mean episode rew_frame_stand_still: -0.0003
          Mean episode rew_stumble: -0.0000
    Mean episode rew_frame_stumble: -0.0000
          Mean episode rew_torques: -0.0002
    Mean episode rew_frame_torques: -0.0002
Mean episode max_power_throughout_episode: 5652.1030
            Mean episode max_pos_x: 1.1003
            Mean episode min_pos_x: -0.2070
            Mean episode max_pos_y: 0.5710
            Mean episode min_pos_y: -0.5335
        Mean episode timeout_ratio: 0.0000
       Mean episode num_terminated: 210.5000
--------------------------------------------------------------------------------
                   Total timesteps: 2926080
                    Iteration time: 2.95s
                        Total time: 5632.91s
                               ETA: 9185.7s


------------------------------
Step: 46000 - Reward Breakdown:
  action_rate               | Scaled Avg:  -0.0141 | Raw Avg:   1.4071
  action_smoothness         | Scaled Avg:  -0.0005 | Raw Avg:   0.2513
  ang_vel_xy                | Scaled Avg:  -0.0075 | Raw Avg:   3.7353
  base_height               | Scaled Avg:  -0.0002 | Raw Avg:   0.0108
  collision                 | Scaled Avg:  -0.0017 | Raw Avg:   0.0827
  dof_acc                   | Scaled Avg:  -0.0013 | Raw Avg: 253156.4531
  feet_air_time             | Scaled Avg:   0.0001 | Raw Avg:   0.0036
  feet_contact_forces       | Scaled Avg:  -0.0000 | Raw Avg:   9.8239
  foot_clearance            | Scaled Avg:  -0.0002 | Raw Avg:   0.0151
  foot_mirror               | Scaled Avg:  -0.0006 | Raw Avg:   0.5706
  foot_slide                | Scaled Avg:  -0.0017 | Raw Avg:   1.7361
  has_contact               | Scaled Avg:  -0.0018 | Raw Avg:  -0.0445
  hip_pos                   | Scaled Avg:  -0.0035 | Raw Avg:   0.0350
  lin_vel_z                 | Scaled Avg:  -0.0125 | Raw Avg:   0.1560
  orientation               | Scaled Avg:  -0.0007 | Raw Avg:   0.1796
  powers                    | Scaled Avg:  -0.0001 | Raw Avg: 170.1672
  stand_still               | Scaled Avg:  -0.0002 | Raw Avg:   0.0108
  torques                   | Scaled Avg:  -0.0002 | Raw Avg: 836.5868
  TOTAL REWARD              | Scaled Avg:  -0.0465
------------------------------

------------------------------
Step: 46500 - Reward Breakdown:
  action_rate               | Scaled Avg:  -0.0136 | Raw Avg:   1.3629
  action_smoothness         | Scaled Avg:  -0.0005 | Raw Avg:   0.2441
  ang_vel_xy                | Scaled Avg:  -0.0068 | Raw Avg:   3.4072
  base_height               | Scaled Avg:  -0.0002 | Raw Avg:   0.0107
  collision                 | Scaled Avg:  -0.0016 | Raw Avg:   0.0814
  dof_acc                   | Scaled Avg:  -0.0014 | Raw Avg: 274224.8438
  feet_air_time             | Scaled Avg:   0.0001 | Raw Avg:   0.0029
  feet_contact_forces       | Scaled Avg:  -0.0000 | Raw Avg:   8.6699
  foot_clearance            | Scaled Avg:  -0.0001 | Raw Avg:   0.0141
  foot_mirror               | Scaled Avg:  -0.0005 | Raw Avg:   0.5415
  foot_slide                | Scaled Avg:  -0.0017 | Raw Avg:   1.7299
  has_contact               | Scaled Avg:  -0.0017 | Raw Avg:  -0.0417
  hip_pos                   | Scaled Avg:  -0.0036 | Raw Avg:   0.0362
  lin_vel_z                 | Scaled Avg:  -0.0111 | Raw Avg:   0.1383
  orientation               | Scaled Avg:  -0.0007 | Raw Avg:   0.1778
  powers                    | Scaled Avg:  -0.0001 | Raw Avg: 163.3439
  stand_still               | Scaled Avg:  -0.0002 | Raw Avg:   0.0106
  torques                   | Scaled Avg:  -0.0002 | Raw Avg: 833.1174
  TOTAL REWARD              | Scaled Avg:  -0.0440
------------------------------

------------------------------
Step: 47000 - Reward Breakdown:
  action_rate               | Scaled Avg:  -0.0138 | Raw Avg:   1.3792
  action_smoothness         | Scaled Avg:  -0.0005 | Raw Avg:   0.2451
  ang_vel_xy                | Scaled Avg:  -0.0069 | Raw Avg:   3.4583
  base_height               | Scaled Avg:  -0.0002 | Raw Avg:   0.0105
  collision                 | Scaled Avg:  -0.0018 | Raw Avg:   0.0883
  dof_acc                   | Scaled Avg:  -0.0014 | Raw Avg: 274001.2500
  feet_air_time             | Scaled Avg:   0.0001 | Raw Avg:   0.0033
  feet_contact_forces       | Scaled Avg:  -0.0000 | Raw Avg:   9.2873
  foot_clearance            | Scaled Avg:  -0.0001 | Raw Avg:   0.0141
  foot_mirror               | Scaled Avg:  -0.0005 | Raw Avg:   0.5293
  foot_slide                | Scaled Avg:  -0.0018 | Raw Avg:   1.7577
  has_contact               | Scaled Avg:  -0.0017 | Raw Avg:  -0.0435
  hip_pos                   | Scaled Avg:  -0.0035 | Raw Avg:   0.0351
  lin_vel_z                 | Scaled Avg:  -0.0107 | Raw Avg:   0.1340
  orientation               | Scaled Avg:  -0.0007 | Raw Avg:   0.1794
  powers                    | Scaled Avg:  -0.0001 | Raw Avg: 163.2615
  stand_still               | Scaled Avg:  -0.0001 | Raw Avg:   0.0066
  torques                   | Scaled Avg:  -0.0002 | Raw Avg: 834.7543
  TOTAL REWARD              | Scaled Avg:  -0.0440
------------------------------

------------------------------
Step: 47500 - Reward Breakdown:
  action_rate               | Scaled Avg:  -0.0136 | Raw Avg:   1.3627
  action_smoothness         | Scaled Avg:  -0.0005 | Raw Avg:   0.2446
  ang_vel_xy                | Scaled Avg:  -0.0069 | Raw Avg:   3.4706
  base_height               | Scaled Avg:  -0.0002 | Raw Avg:   0.0110
  collision                 | Scaled Avg:  -0.0017 | Raw Avg:   0.0842
  dof_acc                   | Scaled Avg:  -0.0013 | Raw Avg: 258072.5000
  feet_air_time             | Scaled Avg:   0.0001 | Raw Avg:   0.0027
  feet_contact_forces       | Scaled Avg:  -0.0000 | Raw Avg:   9.7738
  foot_clearance            | Scaled Avg:  -0.0001 | Raw Avg:   0.0142
  foot_mirror               | Scaled Avg:  -0.0006 | Raw Avg:   0.5613
  foot_slide                | Scaled Avg:  -0.0017 | Raw Avg:   1.7432
  has_contact               | Scaled Avg:  -0.0019 | Raw Avg:  -0.0463
  hip_pos                   | Scaled Avg:  -0.0036 | Raw Avg:   0.0364
  lin_vel_z                 | Scaled Avg:  -0.0117 | Raw Avg:   0.1468
  orientation               | Scaled Avg:  -0.0007 | Raw Avg:   0.1844
  powers                    | Scaled Avg:  -0.0001 | Raw Avg: 164.3974
  stand_still               | Scaled Avg:  -0.0002 | Raw Avg:   0.0096
  torques                   | Scaled Avg:  -0.0002 | Raw Avg: 818.8182
  TOTAL REWARD              | Scaled Avg:  -0.0450
------------------------------

------------------------------
Step: 48000 - Reward Breakdown:
  action_rate               | Scaled Avg:  -0.0138 | Raw Avg:   1.3775
  action_smoothness         | Scaled Avg:  -0.0005 | Raw Avg:   0.2462
  ang_vel_xy                | Scaled Avg:  -0.0071 | Raw Avg:   3.5353
  base_height               | Scaled Avg:  -0.0002 | Raw Avg:   0.0107
  collision                 | Scaled Avg:  -0.0018 | Raw Avg:   0.0879
  dof_acc                   | Scaled Avg:  -0.0012 | Raw Avg: 238322.6875
  feet_air_time             | Scaled Avg:   0.0001 | Raw Avg:   0.0031
  feet_contact_forces       | Scaled Avg:  -0.0000 | Raw Avg:   9.9031
  foot_clearance            | Scaled Avg:  -0.0001 | Raw Avg:   0.0132
  foot_mirror               | Scaled Avg:  -0.0006 | Raw Avg:   0.5715
  foot_slide                | Scaled Avg:  -0.0017 | Raw Avg:   1.7054
  has_contact               | Scaled Avg:  -0.0016 | Raw Avg:  -0.0397
  hip_pos                   | Scaled Avg:  -0.0036 | Raw Avg:   0.0356
  lin_vel_z                 | Scaled Avg:  -0.0114 | Raw Avg:   0.1424
  orientation               | Scaled Avg:  -0.0007 | Raw Avg:   0.1871
  powers                    | Scaled Avg:  -0.0001 | Raw Avg: 160.9989
  stand_still               | Scaled Avg:  -0.0001 | Raw Avg:   0.0060
  torques                   | Scaled Avg:  -0.0002 | Raw Avg: 810.2287
  TOTAL REWARD              | Scaled Avg:  -0.0445
------------------------------
################################################################################
                    [1m Learning iteration 7000/10000 [0m                     

                       Computation: 49613 steps/s (collection: 2.325s, learning 0.624s)
                     surrogate_loss -0.0045
                         value_loss 0.0165
                            entropy 2.3205
                     estimator_loss 0.0000
                         total_loss 0.0352
             Mean action noise std: 0.20
                       Mean reward: -1.30
               Mean episode length: 30.64
      Mean episode rew_action_rate: -0.0200
Mean episode rew_frame_action_rate: -0.0143
Mean episode rew_action_smoothness: -0.0007
Mean episode rew_frame_action_smoothness: -0.0005
       Mean episode rew_ang_vel_xy: -0.0103
 Mean episode rew_frame_ang_vel_xy: -0.0072
      Mean episode rew_base_height: -0.0003
Mean episode rew_frame_base_height: -0.0002
        Mean episode rew_collision: -0.0026
  Mean episode rew_frame_collision: -0.0017
          Mean episode rew_dof_acc: -0.0018
    Mean episode rew_frame_dof_acc: -0.0013
    Mean episode rew_feet_air_time: 0.0001
Mean episode rew_frame_feet_air_time: 0.0001
Mean episode rew_feet_contact_forces: -0.0000
Mean episode rew_frame_feet_contact_forces: -0.0000
   Mean episode rew_foot_clearance: -0.0002
Mean episode rew_frame_foot_clearance: -0.0001
      Mean episode rew_foot_mirror: -0.0008
Mean episode rew_frame_foot_mirror: -0.0006
       Mean episode rew_foot_slide: -0.0025
 Mean episode rew_frame_foot_slide: -0.0017
      Mean episode rew_has_contact: -0.0022
Mean episode rew_frame_has_contact: -0.0017
          Mean episode rew_hip_pos: -0.0053
    Mean episode rew_frame_hip_pos: -0.0040
        Mean episode rew_lin_vel_z: -0.0170
  Mean episode rew_frame_lin_vel_z: -0.0124
      Mean episode rew_orientation: -0.0011
Mean episode rew_frame_orientation: -0.0008
           Mean episode rew_powers: -0.0001
     Mean episode rew_frame_powers: -0.0001
      Mean episode rew_stand_still: -0.0001
Mean episode rew_frame_stand_still: -0.0001
          Mean episode rew_stumble: -0.0000
    Mean episode rew_frame_stumble: -0.0000
          Mean episode rew_torques: -0.0002
    Mean episode rew_frame_torques: -0.0002
Mean episode max_power_throughout_episode: 5516.6772
            Mean episode max_pos_x: 1.0912
            Mean episode min_pos_x: -0.1853
            Mean episode max_pos_y: 0.5557
            Mean episode min_pos_y: -0.5522
        Mean episode timeout_ratio: 0.0000
       Mean episode num_terminated: 206.9167
--------------------------------------------------------------------------------
                   Total timesteps: 3072384
                    Iteration time: 2.95s
                        Total time: 5929.68s
                               ETA: 8890.1s


------------------------------
Step: 48500 - Reward Breakdown:
  action_rate               | Scaled Avg:  -0.0134 | Raw Avg:   1.3400
  action_smoothness         | Scaled Avg:  -0.0005 | Raw Avg:   0.2385
  ang_vel_xy                | Scaled Avg:  -0.0070 | Raw Avg:   3.4786
  base_height               | Scaled Avg:  -0.0002 | Raw Avg:   0.0109
  collision                 | Scaled Avg:  -0.0019 | Raw Avg:   0.0951
  dof_acc                   | Scaled Avg:  -0.0012 | Raw Avg: 240444.0781
  feet_air_time             | Scaled Avg:   0.0001 | Raw Avg:   0.0038
  feet_contact_forces       | Scaled Avg:  -0.0000 | Raw Avg:   9.2435
  foot_clearance            | Scaled Avg:  -0.0001 | Raw Avg:   0.0131
  foot_mirror               | Scaled Avg:  -0.0006 | Raw Avg:   0.5520
  foot_slide                | Scaled Avg:  -0.0018 | Raw Avg:   1.7512
  has_contact               | Scaled Avg:  -0.0015 | Raw Avg:  -0.0364
  hip_pos                   | Scaled Avg:  -0.0036 | Raw Avg:   0.0357
  lin_vel_z                 | Scaled Avg:  -0.0113 | Raw Avg:   0.1407
  orientation               | Scaled Avg:  -0.0007 | Raw Avg:   0.1845
  powers                    | Scaled Avg:  -0.0001 | Raw Avg: 158.2399
  stand_still               | Scaled Avg:  -0.0002 | Raw Avg:   0.0105
  torques                   | Scaled Avg:  -0.0002 | Raw Avg: 820.4277
  TOTAL REWARD              | Scaled Avg:  -0.0440
------------------------------

------------------------------
Step: 49000 - Reward Breakdown:
  action_rate               | Scaled Avg:  -0.0137 | Raw Avg:   1.3652
  action_smoothness         | Scaled Avg:  -0.0005 | Raw Avg:   0.2417
  ang_vel_xy                | Scaled Avg:  -0.0070 | Raw Avg:   3.5129
  base_height               | Scaled Avg:  -0.0002 | Raw Avg:   0.0104
  collision                 | Scaled Avg:  -0.0018 | Raw Avg:   0.0919
  dof_acc                   | Scaled Avg:  -0.0014 | Raw Avg: 273710.3125
  feet_air_time             | Scaled Avg:   0.0001 | Raw Avg:   0.0029
  feet_contact_forces       | Scaled Avg:  -0.0000 | Raw Avg:   9.3107
  foot_clearance            | Scaled Avg:  -0.0001 | Raw Avg:   0.0133
  foot_mirror               | Scaled Avg:  -0.0005 | Raw Avg:   0.5335
  foot_slide                | Scaled Avg:  -0.0018 | Raw Avg:   1.7826
  has_contact               | Scaled Avg:  -0.0018 | Raw Avg:  -0.0458
  hip_pos                   | Scaled Avg:  -0.0037 | Raw Avg:   0.0370
  lin_vel_z                 | Scaled Avg:  -0.0111 | Raw Avg:   0.1388
  orientation               | Scaled Avg:  -0.0007 | Raw Avg:   0.1834
  powers                    | Scaled Avg:  -0.0001 | Raw Avg: 161.9646
  stand_still               | Scaled Avg:  -0.0002 | Raw Avg:   0.0104
  torques                   | Scaled Avg:  -0.0002 | Raw Avg: 844.3602
  TOTAL REWARD              | Scaled Avg:  -0.0448
------------------------------

------------------------------
Step: 49500 - Reward Breakdown:
  action_rate               | Scaled Avg:  -0.0140 | Raw Avg:   1.4010
  action_smoothness         | Scaled Avg:  -0.0005 | Raw Avg:   0.2457
  ang_vel_xy                | Scaled Avg:  -0.0070 | Raw Avg:   3.4923
  base_height               | Scaled Avg:  -0.0002 | Raw Avg:   0.0107
  collision                 | Scaled Avg:  -0.0017 | Raw Avg:   0.0873
  dof_acc                   | Scaled Avg:  -0.0013 | Raw Avg: 268383.8750
  feet_air_time             | Scaled Avg:   0.0001 | Raw Avg:   0.0032
  feet_contact_forces       | Scaled Avg:  -0.0000 | Raw Avg:   9.8031
  foot_clearance            | Scaled Avg:  -0.0001 | Raw Avg:   0.0138
  foot_mirror               | Scaled Avg:  -0.0005 | Raw Avg:   0.5413
  foot_slide                | Scaled Avg:  -0.0018 | Raw Avg:   1.7731
  has_contact               | Scaled Avg:  -0.0021 | Raw Avg:  -0.0531
  hip_pos                   | Scaled Avg:  -0.0035 | Raw Avg:   0.0347
  lin_vel_z                 | Scaled Avg:  -0.0114 | Raw Avg:   0.1424
  orientation               | Scaled Avg:  -0.0007 | Raw Avg:   0.1819
  powers                    | Scaled Avg:  -0.0001 | Raw Avg: 164.6072
  stand_still               | Scaled Avg:  -0.0002 | Raw Avg:   0.0075
  torques                   | Scaled Avg:  -0.0002 | Raw Avg: 843.5486
  TOTAL REWARD              | Scaled Avg:  -0.0453
------------------------------

------------------------------
Step: 50000 - Reward Breakdown:
  action_rate               | Scaled Avg:  -0.0138 | Raw Avg:   1.3830
  action_smoothness         | Scaled Avg:  -0.0005 | Raw Avg:   0.2445
  ang_vel_xy                | Scaled Avg:  -0.0069 | Raw Avg:   3.4688
  base_height               | Scaled Avg:  -0.0002 | Raw Avg:   0.0106
  collision                 | Scaled Avg:  -0.0018 | Raw Avg:   0.0889
  dof_acc                   | Scaled Avg:  -0.0014 | Raw Avg: 273337.4375
  feet_air_time             | Scaled Avg:   0.0001 | Raw Avg:   0.0027
  feet_contact_forces       | Scaled Avg:  -0.0000 | Raw Avg:   8.3188
  foot_clearance            | Scaled Avg:  -0.0001 | Raw Avg:   0.0134
  foot_mirror               | Scaled Avg:  -0.0006 | Raw Avg:   0.5634
  foot_slide                | Scaled Avg:  -0.0018 | Raw Avg:   1.8053
  has_contact               | Scaled Avg:  -0.0017 | Raw Avg:  -0.0415
  hip_pos                   | Scaled Avg:  -0.0034 | Raw Avg:   0.0343
  lin_vel_z                 | Scaled Avg:  -0.0112 | Raw Avg:   0.1406
  orientation               | Scaled Avg:  -0.0007 | Raw Avg:   0.1819
  powers                    | Scaled Avg:  -0.0001 | Raw Avg: 161.0903
  stand_still               | Scaled Avg:  -0.0002 | Raw Avg:   0.0080
  torques                   | Scaled Avg:  -0.0002 | Raw Avg: 827.2177
  TOTAL REWARD              | Scaled Avg:  -0.0445
------------------------------
################################################################################
                    [1m Learning iteration 7100/10000 [0m                     

                       Computation: 49999 steps/s (collection: 2.304s, learning 0.622s)
                     surrogate_loss -0.0052
                         value_loss 0.0144
                            entropy 2.2807
                     estimator_loss 0.0000
                         total_loss 0.0320
             Mean action noise std: 0.20
                       Mean reward: -1.38
               Mean episode length: 27.78
      Mean episode rew_action_rate: -0.0204
Mean episode rew_frame_action_rate: -0.0146
Mean episode rew_action_smoothness: -0.0007
Mean episode rew_frame_action_smoothness: -0.0005
       Mean episode rew_ang_vel_xy: -0.0103
 Mean episode rew_frame_ang_vel_xy: -0.0073
      Mean episode rew_base_height: -0.0003
Mean episode rew_frame_base_height: -0.0002
        Mean episode rew_collision: -0.0023
  Mean episode rew_frame_collision: -0.0016
          Mean episode rew_dof_acc: -0.0020
    Mean episode rew_frame_dof_acc: -0.0015
    Mean episode rew_feet_air_time: 0.0001
Mean episode rew_frame_feet_air_time: 0.0001
Mean episode rew_feet_contact_forces: -0.0000
Mean episode rew_frame_feet_contact_forces: -0.0000
   Mean episode rew_foot_clearance: -0.0002
Mean episode rew_frame_foot_clearance: -0.0001
      Mean episode rew_foot_mirror: -0.0008
Mean episode rew_frame_foot_mirror: -0.0005
       Mean episode rew_foot_slide: -0.0026
 Mean episode rew_frame_foot_slide: -0.0018
      Mean episode rew_has_contact: -0.0024
Mean episode rew_frame_has_contact: -0.0017
          Mean episode rew_hip_pos: -0.0052
    Mean episode rew_frame_hip_pos: -0.0041
        Mean episode rew_lin_vel_z: -0.0164
  Mean episode rew_frame_lin_vel_z: -0.0123
      Mean episode rew_orientation: -0.0010
Mean episode rew_frame_orientation: -0.0008
           Mean episode rew_powers: -0.0001
     Mean episode rew_frame_powers: -0.0001
      Mean episode rew_stand_still: -0.0002
Mean episode rew_frame_stand_still: -0.0002
          Mean episode rew_stumble: -0.0000
    Mean episode rew_frame_stumble: -0.0000
          Mean episode rew_torques: -0.0002
    Mean episode rew_frame_torques: -0.0002
Mean episode max_power_throughout_episode: 5705.0581
            Mean episode max_pos_x: 1.1298
            Mean episode min_pos_x: -0.2188
            Mean episode max_pos_y: 0.5972
            Mean episode min_pos_y: -0.5637
        Mean episode timeout_ratio: 0.0000
       Mean episode num_terminated: 204.9583
--------------------------------------------------------------------------------
                   Total timesteps: 3218688
                    Iteration time: 2.93s
                        Total time: 6225.14s
                               ETA: 8592.5s


------------------------------
Step: 50500 - Reward Breakdown:
  action_rate               | Scaled Avg:  -0.0140 | Raw Avg:   1.3972
  action_smoothness         | Scaled Avg:  -0.0005 | Raw Avg:   0.2430
  ang_vel_xy                | Scaled Avg:  -0.0072 | Raw Avg:   3.5770
  base_height               | Scaled Avg:  -0.0002 | Raw Avg:   0.0109
  collision                 | Scaled Avg:  -0.0017 | Raw Avg:   0.0848
  dof_acc                   | Scaled Avg:  -0.0015 | Raw Avg: 294016.0000
  feet_air_time             | Scaled Avg:   0.0001 | Raw Avg:   0.0028
  feet_contact_forces       | Scaled Avg:  -0.0000 | Raw Avg:   9.8966
  foot_clearance            | Scaled Avg:  -0.0001 | Raw Avg:   0.0138
  foot_mirror               | Scaled Avg:  -0.0005 | Raw Avg:   0.5384
  foot_slide                | Scaled Avg:  -0.0013 | Raw Avg:   1.3081
  has_contact               | Scaled Avg:  -0.0019 | Raw Avg:  -0.0474
  hip_pos                   | Scaled Avg:  -0.0036 | Raw Avg:   0.0359
  lin_vel_z                 | Scaled Avg:  -0.0111 | Raw Avg:   0.1387
  orientation               | Scaled Avg:  -0.0007 | Raw Avg:   0.1801
  powers                    | Scaled Avg:  -0.0001 | Raw Avg: 163.5969
  stand_still               | Scaled Avg:  -0.0001 | Raw Avg:   0.0074
  torques                   | Scaled Avg:  -0.0002 | Raw Avg: 837.5200
  TOTAL REWARD              | Scaled Avg:  -0.0446
------------------------------

------------------------------
Step: 51000 - Reward Breakdown:
  action_rate               | Scaled Avg:  -0.0139 | Raw Avg:   1.3860
  action_smoothness         | Scaled Avg:  -0.0005 | Raw Avg:   0.2448
  ang_vel_xy                | Scaled Avg:  -0.0072 | Raw Avg:   3.5833
  base_height               | Scaled Avg:  -0.0002 | Raw Avg:   0.0102
  collision                 | Scaled Avg:  -0.0018 | Raw Avg:   0.0883
  dof_acc                   | Scaled Avg:  -0.0015 | Raw Avg: 300548.1562
  feet_air_time             | Scaled Avg:   0.0001 | Raw Avg:   0.0026
  feet_contact_forces       | Scaled Avg:  -0.0000 | Raw Avg:   9.4753
  foot_clearance            | Scaled Avg:  -0.0001 | Raw Avg:   0.0139
  foot_mirror               | Scaled Avg:  -0.0005 | Raw Avg:   0.5327
  foot_slide                | Scaled Avg:  -0.0018 | Raw Avg:   1.7559
  has_contact               | Scaled Avg:  -0.0019 | Raw Avg:  -0.0469
  hip_pos                   | Scaled Avg:  -0.0036 | Raw Avg:   0.0359
  lin_vel_z                 | Scaled Avg:  -0.0113 | Raw Avg:   0.1415
  orientation               | Scaled Avg:  -0.0007 | Raw Avg:   0.1795
  powers                    | Scaled Avg:  -0.0001 | Raw Avg: 165.9987
  stand_still               | Scaled Avg:  -0.0002 | Raw Avg:   0.0111
  torques                   | Scaled Avg:  -0.0002 | Raw Avg: 848.1622
  TOTAL REWARD              | Scaled Avg:  -0.0453
------------------------------

------------------------------
Step: 51500 - Reward Breakdown:
  action_rate               | Scaled Avg:  -0.0138 | Raw Avg:   1.3811
  action_smoothness         | Scaled Avg:  -0.0005 | Raw Avg:   0.2424
  ang_vel_xy                | Scaled Avg:  -0.0069 | Raw Avg:   3.4476
  base_height               | Scaled Avg:  -0.0002 | Raw Avg:   0.0102
  collision                 | Scaled Avg:  -0.0018 | Raw Avg:   0.0892
  dof_acc                   | Scaled Avg:  -0.0013 | Raw Avg: 257055.5000
  feet_air_time             | Scaled Avg:   0.0001 | Raw Avg:   0.0035
  feet_contact_forces       | Scaled Avg:  -0.0000 | Raw Avg:   9.6219
  foot_clearance            | Scaled Avg:  -0.0001 | Raw Avg:   0.0123
  foot_mirror               | Scaled Avg:  -0.0005 | Raw Avg:   0.5167
  foot_slide                | Scaled Avg:  -0.0018 | Raw Avg:   1.7680
  has_contact               | Scaled Avg:  -0.0020 | Raw Avg:  -0.0499
  hip_pos                   | Scaled Avg:  -0.0034 | Raw Avg:   0.0343
  lin_vel_z                 | Scaled Avg:  -0.0112 | Raw Avg:   0.1395
  orientation               | Scaled Avg:  -0.0007 | Raw Avg:   0.1761
  powers                    | Scaled Avg:  -0.0001 | Raw Avg: 157.9229
  stand_still               | Scaled Avg:  -0.0002 | Raw Avg:   0.0107
  torques                   | Scaled Avg:  -0.0002 | Raw Avg: 835.3130
  TOTAL REWARD              | Scaled Avg:  -0.0445
------------------------------

------------------------------
Step: 52000 - Reward Breakdown:
  action_rate               | Scaled Avg:  -0.0137 | Raw Avg:   1.3663
  action_smoothness         | Scaled Avg:  -0.0005 | Raw Avg:   0.2415
  ang_vel_xy                | Scaled Avg:  -0.0069 | Raw Avg:   3.4287
  base_height               | Scaled Avg:  -0.0002 | Raw Avg:   0.0104
  collision                 | Scaled Avg:  -0.0016 | Raw Avg:   0.0809
  dof_acc                   | Scaled Avg:  -0.0013 | Raw Avg: 252233.0469
  feet_air_time             | Scaled Avg:   0.0001 | Raw Avg:   0.0028
  feet_contact_forces       | Scaled Avg:  -0.0000 | Raw Avg:   9.7736
  foot_clearance            | Scaled Avg:  -0.0001 | Raw Avg:   0.0136
  foot_mirror               | Scaled Avg:  -0.0005 | Raw Avg:   0.5474
  foot_slide                | Scaled Avg:  -0.0017 | Raw Avg:   1.7367
  has_contact               | Scaled Avg:  -0.0015 | Raw Avg:  -0.0374
  hip_pos                   | Scaled Avg:  -0.0034 | Raw Avg:   0.0338
  lin_vel_z                 | Scaled Avg:  -0.0112 | Raw Avg:   0.1397
  orientation               | Scaled Avg:  -0.0007 | Raw Avg:   0.1799
  powers                    | Scaled Avg:  -0.0001 | Raw Avg: 161.6697
  stand_still               | Scaled Avg:  -0.0002 | Raw Avg:   0.0115
  torques                   | Scaled Avg:  -0.0002 | Raw Avg: 831.5758
  TOTAL REWARD              | Scaled Avg:  -0.0437
------------------------------

------------------------------
Step: 52500 - Reward Breakdown:
  action_rate               | Scaled Avg:  -0.0134 | Raw Avg:   1.3441
  action_smoothness         | Scaled Avg:  -0.0005 | Raw Avg:   0.2398
  ang_vel_xy                | Scaled Avg:  -0.0066 | Raw Avg:   3.2922
  base_height               | Scaled Avg:  -0.0002 | Raw Avg:   0.0105
  collision                 | Scaled Avg:  -0.0017 | Raw Avg:   0.0843
  dof_acc                   | Scaled Avg:  -0.0014 | Raw Avg: 282166.2812
  feet_air_time             | Scaled Avg:   0.0001 | Raw Avg:   0.0042
  feet_contact_forces       | Scaled Avg:  -0.0000 | Raw Avg:   8.5045
  foot_clearance            | Scaled Avg:  -0.0001 | Raw Avg:   0.0136
  foot_mirror               | Scaled Avg:  -0.0005 | Raw Avg:   0.5241
  foot_slide                | Scaled Avg:  -0.0018 | Raw Avg:   1.8140
  has_contact               | Scaled Avg:  -0.0015 | Raw Avg:  -0.0367
  hip_pos                   | Scaled Avg:  -0.0034 | Raw Avg:   0.0341
  lin_vel_z                 | Scaled Avg:  -0.0103 | Raw Avg:   0.1282
  orientation               | Scaled Avg:  -0.0007 | Raw Avg:   0.1729
  powers                    | Scaled Avg:  -0.0001 | Raw Avg: 159.6415
  stand_still               | Scaled Avg:  -0.0001 | Raw Avg:   0.0034
  torques                   | Scaled Avg:  -0.0002 | Raw Avg: 825.2531
  TOTAL REWARD              | Scaled Avg:  -0.0423
------------------------------
################################################################################
                    [1m Learning iteration 7200/10000 [0m                     

                       Computation: 50114 steps/s (collection: 2.303s, learning 0.616s)
                     surrogate_loss -0.0018
                         value_loss 0.0146
                            entropy 2.3055
                     estimator_loss 0.0000
                         total_loss 0.0358
             Mean action noise std: 0.20
                       Mean reward: -1.23
               Mean episode length: 30.43
      Mean episode rew_action_rate: -0.0206
Mean episode rew_frame_action_rate: -0.0145
Mean episode rew_action_smoothness: -0.0007
Mean episode rew_frame_action_smoothness: -0.0005
       Mean episode rew_ang_vel_xy: -0.0103
 Mean episode rew_frame_ang_vel_xy: -0.0071
      Mean episode rew_base_height: -0.0003
Mean episode rew_frame_base_height: -0.0002
        Mean episode rew_collision: -0.0025
  Mean episode rew_frame_collision: -0.0016
          Mean episode rew_dof_acc: -0.0021
    Mean episode rew_frame_dof_acc: -0.0015
    Mean episode rew_feet_air_time: 0.0001
Mean episode rew_frame_feet_air_time: 0.0001
Mean episode rew_feet_contact_forces: -0.0000
Mean episode rew_frame_feet_contact_forces: -0.0000
   Mean episode rew_foot_clearance: -0.0002
Mean episode rew_frame_foot_clearance: -0.0001
      Mean episode rew_foot_mirror: -0.0008
Mean episode rew_frame_foot_mirror: -0.0005
       Mean episode rew_foot_slide: -0.0027
 Mean episode rew_frame_foot_slide: -0.0018
      Mean episode rew_has_contact: -0.0023
Mean episode rew_frame_has_contact: -0.0016
          Mean episode rew_hip_pos: -0.0051
    Mean episode rew_frame_hip_pos: -0.0039
        Mean episode rew_lin_vel_z: -0.0160
  Mean episode rew_frame_lin_vel_z: -0.0115
      Mean episode rew_orientation: -0.0011
Mean episode rew_frame_orientation: -0.0008
           Mean episode rew_powers: -0.0001
     Mean episode rew_frame_powers: -0.0001
      Mean episode rew_stand_still: -0.0003
Mean episode rew_frame_stand_still: -0.0002
          Mean episode rew_stumble: -0.0000
    Mean episode rew_frame_stumble: -0.0000
          Mean episode rew_torques: -0.0002
    Mean episode rew_frame_torques: -0.0002
Mean episode max_power_throughout_episode: 5594.5825
            Mean episode max_pos_x: 1.1170
            Mean episode min_pos_x: -0.1872
            Mean episode max_pos_y: 0.5847
            Mean episode min_pos_y: -0.5809
        Mean episode timeout_ratio: 0.0000
       Mean episode num_terminated: 201.7917
--------------------------------------------------------------------------------
                   Total timesteps: 3364992
                    Iteration time: 2.92s
                        Total time: 6518.25s
                               ETA: 8292.2s


------------------------------
Step: 53000 - Reward Breakdown:
  action_rate               | Scaled Avg:  -0.0139 | Raw Avg:   1.3882
  action_smoothness         | Scaled Avg:  -0.0005 | Raw Avg:   0.2430
  ang_vel_xy                | Scaled Avg:  -0.0069 | Raw Avg:   3.4288
  base_height               | Scaled Avg:  -0.0002 | Raw Avg:   0.0104
  collision                 | Scaled Avg:  -0.0016 | Raw Avg:   0.0812
  dof_acc                   | Scaled Avg:  -0.0014 | Raw Avg: 271886.0625
  feet_air_time             | Scaled Avg:   0.0001 | Raw Avg:   0.0033
  feet_contact_forces       | Scaled Avg:  -0.0000 | Raw Avg:   8.7432
  foot_clearance            | Scaled Avg:  -0.0001 | Raw Avg:   0.0139
  foot_mirror               | Scaled Avg:  -0.0005 | Raw Avg:   0.4933
  foot_slide                | Scaled Avg:  -0.0018 | Raw Avg:   1.7848
  has_contact               | Scaled Avg:  -0.0019 | Raw Avg:  -0.0474
  hip_pos                   | Scaled Avg:  -0.0035 | Raw Avg:   0.0348
  lin_vel_z                 | Scaled Avg:  -0.0106 | Raw Avg:   0.1327
  orientation               | Scaled Avg:  -0.0007 | Raw Avg:   0.1780
  powers                    | Scaled Avg:  -0.0001 | Raw Avg: 162.3419
  stand_still               | Scaled Avg:  -0.0002 | Raw Avg:   0.0105
  torques                   | Scaled Avg:  -0.0002 | Raw Avg: 834.8469
  TOTAL REWARD              | Scaled Avg:  -0.0439
------------------------------

------------------------------
Step: 53500 - Reward Breakdown:
  action_rate               | Scaled Avg:  -0.0141 | Raw Avg:   1.4053
  action_smoothness         | Scaled Avg:  -0.0005 | Raw Avg:   0.2438
  ang_vel_xy                | Scaled Avg:  -0.0072 | Raw Avg:   3.5900
  base_height               | Scaled Avg:  -0.0002 | Raw Avg:   0.0105
  collision                 | Scaled Avg:  -0.0018 | Raw Avg:   0.0906
  dof_acc                   | Scaled Avg:  -0.0014 | Raw Avg: 286053.2812
  feet_air_time             | Scaled Avg:   0.0001 | Raw Avg:   0.0032
  feet_contact_forces       | Scaled Avg:  -0.0000 | Raw Avg:   9.1149
  foot_clearance            | Scaled Avg:  -0.0001 | Raw Avg:   0.0143
  foot_mirror               | Scaled Avg:  -0.0005 | Raw Avg:   0.5299
  foot_slide                | Scaled Avg:  -0.0017 | Raw Avg:   1.7155
  has_contact               | Scaled Avg:  -0.0019 | Raw Avg:  -0.0463
  hip_pos                   | Scaled Avg:  -0.0034 | Raw Avg:   0.0337
  lin_vel_z                 | Scaled Avg:  -0.0113 | Raw Avg:   0.1409
  orientation               | Scaled Avg:  -0.0007 | Raw Avg:   0.1823
  powers                    | Scaled Avg:  -0.0001 | Raw Avg: 165.4695
  stand_still               | Scaled Avg:  -0.0002 | Raw Avg:   0.0121
  torques                   | Scaled Avg:  -0.0002 | Raw Avg: 837.0203
  TOTAL REWARD              | Scaled Avg:  -0.0452
------------------------------

------------------------------
Step: 54000 - Reward Breakdown:
  action_rate               | Scaled Avg:  -0.0135 | Raw Avg:   1.3474
  action_smoothness         | Scaled Avg:  -0.0005 | Raw Avg:   0.2389
  ang_vel_xy                | Scaled Avg:  -0.0064 | Raw Avg:   3.1943
  base_height               | Scaled Avg:  -0.0002 | Raw Avg:   0.0105
  collision                 | Scaled Avg:  -0.0018 | Raw Avg:   0.0878
  dof_acc                   | Scaled Avg:  -0.0014 | Raw Avg: 274301.6562
  feet_air_time             | Scaled Avg:   0.0001 | Raw Avg:   0.0029
  feet_contact_forces       | Scaled Avg:  -0.0000 | Raw Avg:   9.4534
  foot_clearance            | Scaled Avg:  -0.0001 | Raw Avg:   0.0130
  foot_mirror               | Scaled Avg:  -0.0005 | Raw Avg:   0.5178
  foot_slide                | Scaled Avg:  -0.0018 | Raw Avg:   1.7529
  has_contact               | Scaled Avg:  -0.0014 | Raw Avg:  -0.0349
  hip_pos                   | Scaled Avg:  -0.0033 | Raw Avg:   0.0331
  lin_vel_z                 | Scaled Avg:  -0.0095 | Raw Avg:   0.1190
  orientation               | Scaled Avg:  -0.0007 | Raw Avg:   0.1796
  powers                    | Scaled Avg:  -0.0001 | Raw Avg: 157.8358
  stand_still               | Scaled Avg:  -0.0002 | Raw Avg:   0.0093
  torques                   | Scaled Avg:  -0.0002 | Raw Avg: 825.9323
  TOTAL REWARD              | Scaled Avg:  -0.0414
------------------------------

------------------------------
Step: 54500 - Reward Breakdown:
  action_rate               | Scaled Avg:  -0.0138 | Raw Avg:   1.3843
  action_smoothness         | Scaled Avg:  -0.0005 | Raw Avg:   0.2442
  ang_vel_xy                | Scaled Avg:  -0.0072 | Raw Avg:   3.6195
  base_height               | Scaled Avg:  -0.0002 | Raw Avg:   0.0111
  collision                 | Scaled Avg:  -0.0017 | Raw Avg:   0.0874
  dof_acc                   | Scaled Avg:  -0.0015 | Raw Avg: 299114.7812
  feet_air_time             | Scaled Avg:   0.0001 | Raw Avg:   0.0031
  feet_contact_forces       | Scaled Avg:  -0.0000 | Raw Avg:   9.6823
  foot_clearance            | Scaled Avg:  -0.0001 | Raw Avg:   0.0141
  foot_mirror               | Scaled Avg:  -0.0005 | Raw Avg:   0.5249
  foot_slide                | Scaled Avg:  -0.0018 | Raw Avg:   1.7768
  has_contact               | Scaled Avg:  -0.0018 | Raw Avg:  -0.0449
  hip_pos                   | Scaled Avg:  -0.0035 | Raw Avg:   0.0354
  lin_vel_z                 | Scaled Avg:  -0.0121 | Raw Avg:   0.1518
  orientation               | Scaled Avg:  -0.0007 | Raw Avg:   0.1808
  powers                    | Scaled Avg:  -0.0001 | Raw Avg: 168.7808
  stand_still               | Scaled Avg:  -0.0001 | Raw Avg:   0.0058
  torques                   | Scaled Avg:  -0.0002 | Raw Avg: 830.6634
  TOTAL REWARD              | Scaled Avg:  -0.0460
------------------------------

------------------------------
Step: 55000 - Reward Breakdown:
  action_rate               | Scaled Avg:  -0.0144 | Raw Avg:   1.4391
  action_smoothness         | Scaled Avg:  -0.0005 | Raw Avg:   0.2525
  ang_vel_xy                | Scaled Avg:  -0.0071 | Raw Avg:   3.5467
  base_height               | Scaled Avg:  -0.0002 | Raw Avg:   0.0104
  collision                 | Scaled Avg:  -0.0017 | Raw Avg:   0.0833
  dof_acc                   | Scaled Avg:  -0.0015 | Raw Avg: 298559.8438
  feet_air_time             | Scaled Avg:   0.0001 | Raw Avg:   0.0036
  feet_contact_forces       | Scaled Avg:  -0.0000 | Raw Avg:   9.4749
  foot_clearance            | Scaled Avg:  -0.0001 | Raw Avg:   0.0145
  foot_mirror               | Scaled Avg:  -0.0005 | Raw Avg:   0.5400
  foot_slide                | Scaled Avg:  -0.0018 | Raw Avg:   1.7825
  has_contact               | Scaled Avg:  -0.0017 | Raw Avg:  -0.0417
  hip_pos                   | Scaled Avg:  -0.0036 | Raw Avg:   0.0359
  lin_vel_z                 | Scaled Avg:  -0.0112 | Raw Avg:   0.1400
  orientation               | Scaled Avg:  -0.0007 | Raw Avg:   0.1798
  powers                    | Scaled Avg:  -0.0001 | Raw Avg: 169.8979
  stand_still               | Scaled Avg:  -0.0001 | Raw Avg:   0.0071
  torques                   | Scaled Avg:  -0.0002 | Raw Avg: 831.9907
  TOTAL REWARD              | Scaled Avg:  -0.0453
------------------------------
################################################################################
                    [1m Learning iteration 7300/10000 [0m                     

                       Computation: 49447 steps/s (collection: 2.331s, learning 0.628s)
                     surrogate_loss -0.0049
                         value_loss 0.0155
                            entropy 2.3158
                     estimator_loss 0.0000
                         total_loss 0.0337
             Mean action noise std: 0.20
                       Mean reward: -1.27
               Mean episode length: 30.98
      Mean episode rew_action_rate: -0.0206
Mean episode rew_frame_action_rate: -0.0145
Mean episode rew_action_smoothness: -0.0007
Mean episode rew_frame_action_smoothness: -0.0005
       Mean episode rew_ang_vel_xy: -0.0101
 Mean episode rew_frame_ang_vel_xy: -0.0070
      Mean episode rew_base_height: -0.0003
Mean episode rew_frame_base_height: -0.0002
        Mean episode rew_collision: -0.0025
  Mean episode rew_frame_collision: -0.0017
          Mean episode rew_dof_acc: -0.0021
    Mean episode rew_frame_dof_acc: -0.0016
    Mean episode rew_feet_air_time: 0.0001
Mean episode rew_frame_feet_air_time: 0.0001
Mean episode rew_feet_contact_forces: -0.0000
Mean episode rew_frame_feet_contact_forces: -0.0000
   Mean episode rew_foot_clearance: -0.0002
Mean episode rew_frame_foot_clearance: -0.0001
      Mean episode rew_foot_mirror: -0.0008
Mean episode rew_frame_foot_mirror: -0.0005
       Mean episode rew_foot_slide: -0.0027
 Mean episode rew_frame_foot_slide: -0.0018
      Mean episode rew_has_contact: -0.0027
Mean episode rew_frame_has_contact: -0.0020
          Mean episode rew_hip_pos: -0.0052
    Mean episode rew_frame_hip_pos: -0.0039
        Mean episode rew_lin_vel_z: -0.0157
  Mean episode rew_frame_lin_vel_z: -0.0113
      Mean episode rew_orientation: -0.0011
Mean episode rew_frame_orientation: -0.0008
           Mean episode rew_powers: -0.0001
     Mean episode rew_frame_powers: -0.0001
      Mean episode rew_stand_still: -0.0002
Mean episode rew_frame_stand_still: -0.0002
          Mean episode rew_stumble: -0.0000
    Mean episode rew_frame_stumble: -0.0000
          Mean episode rew_torques: -0.0002
    Mean episode rew_frame_torques: -0.0002
Mean episode max_power_throughout_episode: 5640.3257
            Mean episode max_pos_x: 1.1032
            Mean episode min_pos_x: -0.1903
            Mean episode max_pos_y: 0.6002
            Mean episode min_pos_y: -0.5992
        Mean episode timeout_ratio: 0.0000
       Mean episode num_terminated: 205.7083
--------------------------------------------------------------------------------
                   Total timesteps: 3511296
                    Iteration time: 2.96s
                        Total time: 6813.13s
                               ETA: 7994.5s


------------------------------
Step: 55500 - Reward Breakdown:
  action_rate               | Scaled Avg:  -0.0138 | Raw Avg:   1.3788
  action_smoothness         | Scaled Avg:  -0.0005 | Raw Avg:   0.2430
  ang_vel_xy                | Scaled Avg:  -0.0070 | Raw Avg:   3.4785
  base_height               | Scaled Avg:  -0.0002 | Raw Avg:   0.0102
  collision                 | Scaled Avg:  -0.0018 | Raw Avg:   0.0883
  dof_acc                   | Scaled Avg:  -0.0015 | Raw Avg: 299085.3438
  feet_air_time             | Scaled Avg:   0.0001 | Raw Avg:   0.0029
  feet_contact_forces       | Scaled Avg:  -0.0000 | Raw Avg:   9.1003
  foot_clearance            | Scaled Avg:  -0.0001 | Raw Avg:   0.0144
  foot_mirror               | Scaled Avg:  -0.0005 | Raw Avg:   0.5324
  foot_slide                | Scaled Avg:  -0.0018 | Raw Avg:   1.7528
  has_contact               | Scaled Avg:  -0.0015 | Raw Avg:  -0.0382
  hip_pos                   | Scaled Avg:  -0.0034 | Raw Avg:   0.0344
  lin_vel_z                 | Scaled Avg:  -0.0104 | Raw Avg:   0.1305
  orientation               | Scaled Avg:  -0.0007 | Raw Avg:   0.1816
  powers                    | Scaled Avg:  -0.0001 | Raw Avg: 167.8219
  stand_still               | Scaled Avg:  -0.0001 | Raw Avg:   0.0067
  torques                   | Scaled Avg:  -0.0002 | Raw Avg: 852.5594
  TOTAL REWARD              | Scaled Avg:  -0.0436
------------------------------

------------------------------
Step: 56000 - Reward Breakdown:
  action_rate               | Scaled Avg:  -0.0136 | Raw Avg:   1.3635
  action_smoothness         | Scaled Avg:  -0.0005 | Raw Avg:   0.2387
  ang_vel_xy                | Scaled Avg:  -0.0066 | Raw Avg:   3.2798
  base_height               | Scaled Avg:  -0.0002 | Raw Avg:   0.0108
  collision                 | Scaled Avg:  -0.0016 | Raw Avg:   0.0815
  dof_acc                   | Scaled Avg:  -0.0016 | Raw Avg: 316576.2812
  feet_air_time             | Scaled Avg:   0.0001 | Raw Avg:   0.0040
  feet_contact_forces       | Scaled Avg:  -0.0000 | Raw Avg:   8.7841
  foot_clearance            | Scaled Avg:  -0.0001 | Raw Avg:   0.0140
  foot_mirror               | Scaled Avg:  -0.0005 | Raw Avg:   0.5336
  foot_slide                | Scaled Avg:  -0.0019 | Raw Avg:   1.8672
  has_contact               | Scaled Avg:  -0.0018 | Raw Avg:  -0.0456
  hip_pos                   | Scaled Avg:  -0.0036 | Raw Avg:   0.0362
  lin_vel_z                 | Scaled Avg:  -0.0102 | Raw Avg:   0.1270
  orientation               | Scaled Avg:  -0.0007 | Raw Avg:   0.1811
  powers                    | Scaled Avg:  -0.0001 | Raw Avg: 162.4757
  stand_still               | Scaled Avg:  -0.0001 | Raw Avg:   0.0071
  torques                   | Scaled Avg:  -0.0002 | Raw Avg: 838.8472
  TOTAL REWARD              | Scaled Avg:  -0.0433
------------------------------

------------------------------
Step: 56500 - Reward Breakdown:
  action_rate               | Scaled Avg:  -0.0140 | Raw Avg:   1.3952
  action_smoothness         | Scaled Avg:  -0.0005 | Raw Avg:   0.2453
  ang_vel_xy                | Scaled Avg:  -0.0070 | Raw Avg:   3.5042
  base_height               | Scaled Avg:  -0.0002 | Raw Avg:   0.0104
  collision                 | Scaled Avg:  -0.0018 | Raw Avg:   0.0891
  dof_acc                   | Scaled Avg:  -0.0015 | Raw Avg: 290611.7500
  feet_air_time             | Scaled Avg:   0.0001 | Raw Avg:   0.0032
  feet_contact_forces       | Scaled Avg:  -0.0000 | Raw Avg:   9.6420
  foot_clearance            | Scaled Avg:  -0.0002 | Raw Avg:   0.0155
  foot_mirror               | Scaled Avg:  -0.0006 | Raw Avg:   0.5554
  foot_slide                | Scaled Avg:  -0.0018 | Raw Avg:   1.7879
  has_contact               | Scaled Avg:  -0.0015 | Raw Avg:  -0.0364
  hip_pos                   | Scaled Avg:  -0.0036 | Raw Avg:   0.0357
  lin_vel_z                 | Scaled Avg:  -0.0112 | Raw Avg:   0.1397
  orientation               | Scaled Avg:  -0.0007 | Raw Avg:   0.1784
  powers                    | Scaled Avg:  -0.0001 | Raw Avg: 170.7354
  stand_still               | Scaled Avg:  -0.0002 | Raw Avg:   0.0088
  torques                   | Scaled Avg:  -0.0002 | Raw Avg: 860.3156
  TOTAL REWARD              | Scaled Avg:  -0.0447
------------------------------

------------------------------
Step: 57000 - Reward Breakdown:
  action_rate               | Scaled Avg:  -0.0137 | Raw Avg:   1.3713
  action_smoothness         | Scaled Avg:  -0.0005 | Raw Avg:   0.2451
  ang_vel_xy                | Scaled Avg:  -0.0069 | Raw Avg:   3.4314
  base_height               | Scaled Avg:  -0.0002 | Raw Avg:   0.0106
  collision                 | Scaled Avg:  -0.0018 | Raw Avg:   0.0896
  dof_acc                   | Scaled Avg:  -0.0015 | Raw Avg: 300055.3750
  feet_air_time             | Scaled Avg:   0.0001 | Raw Avg:   0.0034
  feet_contact_forces       | Scaled Avg:  -0.0000 | Raw Avg:   8.7225
  foot_clearance            | Scaled Avg:  -0.0001 | Raw Avg:   0.0145
  foot_mirror               | Scaled Avg:  -0.0005 | Raw Avg:   0.5255
  foot_slide                | Scaled Avg:  -0.0018 | Raw Avg:   1.7914
  has_contact               | Scaled Avg:  -0.0015 | Raw Avg:  -0.0377
  hip_pos                   | Scaled Avg:  -0.0035 | Raw Avg:   0.0350
  lin_vel_z                 | Scaled Avg:  -0.0110 | Raw Avg:   0.1380
  orientation               | Scaled Avg:  -0.0007 | Raw Avg:   0.1798
  powers                    | Scaled Avg:  -0.0001 | Raw Avg: 162.9566
  stand_still               | Scaled Avg:  -0.0001 | Raw Avg:   0.0055
  torques                   | Scaled Avg:  -0.0002 | Raw Avg: 830.2910
  TOTAL REWARD              | Scaled Avg:  -0.0441
------------------------------

------------------------------
Step: 57500 - Reward Breakdown:
  action_rate               | Scaled Avg:  -0.0140 | Raw Avg:   1.3967
  action_smoothness         | Scaled Avg:  -0.0005 | Raw Avg:   0.2480
  ang_vel_xy                | Scaled Avg:  -0.0068 | Raw Avg:   3.3779
  base_height               | Scaled Avg:  -0.0002 | Raw Avg:   0.0104
  collision                 | Scaled Avg:  -0.0019 | Raw Avg:   0.0930
  dof_acc                   | Scaled Avg:  -0.0014 | Raw Avg: 280829.9062
  feet_air_time             | Scaled Avg:   0.0001 | Raw Avg:   0.0030
  feet_contact_forces       | Scaled Avg:  -0.0000 | Raw Avg:   9.0952
  foot_clearance            | Scaled Avg:  -0.0001 | Raw Avg:   0.0139
  foot_mirror               | Scaled Avg:  -0.0005 | Raw Avg:   0.5145
  foot_slide                | Scaled Avg:  -0.0018 | Raw Avg:   1.7878
  has_contact               | Scaled Avg:  -0.0017 | Raw Avg:  -0.0417
  hip_pos                   | Scaled Avg:  -0.0035 | Raw Avg:   0.0349
  lin_vel_z                 | Scaled Avg:  -0.0116 | Raw Avg:   0.1451
  orientation               | Scaled Avg:  -0.0007 | Raw Avg:   0.1795
  powers                    | Scaled Avg:  -0.0001 | Raw Avg: 166.9240
  stand_still               | Scaled Avg:  -0.0002 | Raw Avg:   0.0118
  torques                   | Scaled Avg:  -0.0002 | Raw Avg: 831.1809
  TOTAL REWARD              | Scaled Avg:  -0.0450
------------------------------
################################################################################
                    [1m Learning iteration 7400/10000 [0m                     

                       Computation: 47873 steps/s (collection: 2.329s, learning 0.727s)
                     surrogate_loss -0.0015
                         value_loss 0.0141
                            entropy 2.2861
                     estimator_loss 0.0000
                         total_loss 0.0354
             Mean action noise std: 0.20
                       Mean reward: -1.24
               Mean episode length: 29.97
      Mean episode rew_action_rate: -0.0203
Mean episode rew_frame_action_rate: -0.0145
Mean episode rew_action_smoothness: -0.0007
Mean episode rew_frame_action_smoothness: -0.0005
       Mean episode rew_ang_vel_xy: -0.0100
 Mean episode rew_frame_ang_vel_xy: -0.0071
      Mean episode rew_base_height: -0.0003
Mean episode rew_frame_base_height: -0.0002
        Mean episode rew_collision: -0.0025
  Mean episode rew_frame_collision: -0.0016
          Mean episode rew_dof_acc: -0.0020
    Mean episode rew_frame_dof_acc: -0.0015
    Mean episode rew_feet_air_time: 0.0002
Mean episode rew_frame_feet_air_time: 0.0001
Mean episode rew_feet_contact_forces: -0.0000
Mean episode rew_frame_feet_contact_forces: -0.0000
   Mean episode rew_foot_clearance: -0.0002
Mean episode rew_frame_foot_clearance: -0.0002
      Mean episode rew_foot_mirror: -0.0008
Mean episode rew_frame_foot_mirror: -0.0005
       Mean episode rew_foot_slide: -0.0026
 Mean episode rew_frame_foot_slide: -0.0018
      Mean episode rew_has_contact: -0.0026
Mean episode rew_frame_has_contact: -0.0018
          Mean episode rew_hip_pos: -0.0051
    Mean episode rew_frame_hip_pos: -0.0039
        Mean episode rew_lin_vel_z: -0.0165
  Mean episode rew_frame_lin_vel_z: -0.0121
      Mean episode rew_orientation: -0.0010
Mean episode rew_frame_orientation: -0.0008
           Mean episode rew_powers: -0.0001
     Mean episode rew_frame_powers: -0.0001
      Mean episode rew_stand_still: -0.0002
Mean episode rew_frame_stand_still: -0.0002
          Mean episode rew_stumble: -0.0000
    Mean episode rew_frame_stumble: -0.0000
          Mean episode rew_torques: -0.0002
    Mean episode rew_frame_torques: -0.0002
Mean episode max_power_throughout_episode: 5465.8555
            Mean episode max_pos_x: 1.1359
            Mean episode min_pos_x: -0.2166
            Mean episode max_pos_y: 0.5708
            Mean episode min_pos_y: -0.5794
        Mean episode timeout_ratio: 0.0000
       Mean episode num_terminated: 207.2917
--------------------------------------------------------------------------------
                   Total timesteps: 3657600
                    Iteration time: 3.06s
                        Total time: 7108.45s
                               ETA: 7697.6s


------------------------------
Step: 58000 - Reward Breakdown:
  action_rate               | Scaled Avg:  -0.0138 | Raw Avg:   1.3850
  action_smoothness         | Scaled Avg:  -0.0005 | Raw Avg:   0.2443
  ang_vel_xy                | Scaled Avg:  -0.0068 | Raw Avg:   3.3853
  base_height               | Scaled Avg:  -0.0002 | Raw Avg:   0.0106
  collision                 | Scaled Avg:  -0.0017 | Raw Avg:   0.0846
  dof_acc                   | Scaled Avg:  -0.0015 | Raw Avg: 290073.6875
  feet_air_time             | Scaled Avg:   0.0001 | Raw Avg:   0.0034
  feet_contact_forces       | Scaled Avg:  -0.0000 | Raw Avg:   9.4606
  foot_clearance            | Scaled Avg:  -0.0001 | Raw Avg:   0.0142
  foot_mirror               | Scaled Avg:  -0.0005 | Raw Avg:   0.5047
  foot_slide                | Scaled Avg:  -0.0018 | Raw Avg:   1.7860
  has_contact               | Scaled Avg:  -0.0016 | Raw Avg:  -0.0392
  hip_pos                   | Scaled Avg:  -0.0036 | Raw Avg:   0.0356
  lin_vel_z                 | Scaled Avg:  -0.0109 | Raw Avg:   0.1359
  orientation               | Scaled Avg:  -0.0007 | Raw Avg:   0.1803
  powers                    | Scaled Avg:  -0.0001 | Raw Avg: 165.8448
  stand_still               | Scaled Avg:  -0.0001 | Raw Avg:   0.0069
  torques                   | Scaled Avg:  -0.0002 | Raw Avg: 840.0596
  TOTAL REWARD              | Scaled Avg:  -0.0439
------------------------------

------------------------------
Step: 58500 - Reward Breakdown:
  action_rate               | Scaled Avg:  -0.0139 | Raw Avg:   1.3949
  action_smoothness         | Scaled Avg:  -0.0005 | Raw Avg:   0.2447
  ang_vel_xy                | Scaled Avg:  -0.0072 | Raw Avg:   3.5857
  base_height               | Scaled Avg:  -0.0002 | Raw Avg:   0.0104
  collision                 | Scaled Avg:  -0.0019 | Raw Avg:   0.0956
  dof_acc                   | Scaled Avg:  -0.0014 | Raw Avg: 281656.0312
  feet_air_time             | Scaled Avg:   0.0001 | Raw Avg:   0.0032
  feet_contact_forces       | Scaled Avg:  -0.0000 | Raw Avg:   9.1907
  foot_clearance            | Scaled Avg:  -0.0001 | Raw Avg:   0.0145
  foot_mirror               | Scaled Avg:  -0.0005 | Raw Avg:   0.5476
  foot_slide                | Scaled Avg:  -0.0017 | Raw Avg:   1.7257
  has_contact               | Scaled Avg:  -0.0020 | Raw Avg:  -0.0509
  hip_pos                   | Scaled Avg:  -0.0034 | Raw Avg:   0.0341
  lin_vel_z                 | Scaled Avg:  -0.0117 | Raw Avg:   0.1468
  orientation               | Scaled Avg:  -0.0007 | Raw Avg:   0.1842
  powers                    | Scaled Avg:  -0.0001 | Raw Avg: 166.7993
  stand_still               | Scaled Avg:  -0.0002 | Raw Avg:   0.0106
  torques                   | Scaled Avg:  -0.0002 | Raw Avg: 840.2782
  TOTAL REWARD              | Scaled Avg:  -0.0459
------------------------------

------------------------------
Step: 59000 - Reward Breakdown:
  action_rate               | Scaled Avg:  -0.0139 | Raw Avg:   1.3878
  action_smoothness         | Scaled Avg:  -0.0005 | Raw Avg:   0.2410
  ang_vel_xy                | Scaled Avg:  -0.0069 | Raw Avg:   3.4733
  base_height               | Scaled Avg:  -0.0002 | Raw Avg:   0.0104
  collision                 | Scaled Avg:  -0.0017 | Raw Avg:   0.0863
  dof_acc                   | Scaled Avg:  -0.0015 | Raw Avg: 305119.5312
  feet_air_time             | Scaled Avg:   0.0001 | Raw Avg:   0.0037
  feet_contact_forces       | Scaled Avg:  -0.0000 | Raw Avg:   9.6654
  foot_clearance            | Scaled Avg:  -0.0001 | Raw Avg:   0.0139
  foot_mirror               | Scaled Avg:  -0.0005 | Raw Avg:   0.5228
  foot_slide                | Scaled Avg:  -0.0018 | Raw Avg:   1.7880
  has_contact               | Scaled Avg:  -0.0021 | Raw Avg:  -0.0530
  hip_pos                   | Scaled Avg:  -0.0034 | Raw Avg:   0.0341
  lin_vel_z                 | Scaled Avg:  -0.0106 | Raw Avg:   0.1325
  orientation               | Scaled Avg:  -0.0007 | Raw Avg:   0.1818
  powers                    | Scaled Avg:  -0.0001 | Raw Avg: 166.8125
  stand_still               | Scaled Avg:  -0.0002 | Raw Avg:   0.0084
  torques                   | Scaled Avg:  -0.0002 | Raw Avg: 852.1255
  TOTAL REWARD              | Scaled Avg:  -0.0444
------------------------------

------------------------------
Step: 59500 - Reward Breakdown:
  action_rate               | Scaled Avg:  -0.0140 | Raw Avg:   1.3966
  action_smoothness         | Scaled Avg:  -0.0005 | Raw Avg:   0.2430
  ang_vel_xy                | Scaled Avg:  -0.0068 | Raw Avg:   3.3978
  base_height               | Scaled Avg:  -0.0002 | Raw Avg:   0.0106
  collision                 | Scaled Avg:  -0.0017 | Raw Avg:   0.0858
  dof_acc                   | Scaled Avg:  -0.0014 | Raw Avg: 285301.8438
  feet_air_time             | Scaled Avg:   0.0001 | Raw Avg:   0.0032
  feet_contact_forces       | Scaled Avg:  -0.0000 | Raw Avg:   9.3788
  foot_clearance            | Scaled Avg:  -0.0002 | Raw Avg:   0.0152
  foot_mirror               | Scaled Avg:  -0.0005 | Raw Avg:   0.4979
  foot_slide                | Scaled Avg:  -0.0018 | Raw Avg:   1.7652
  has_contact               | Scaled Avg:  -0.0016 | Raw Avg:  -0.0400
  hip_pos                   | Scaled Avg:  -0.0036 | Raw Avg:   0.0360
  lin_vel_z                 | Scaled Avg:  -0.0107 | Raw Avg:   0.1334
  orientation               | Scaled Avg:  -0.0007 | Raw Avg:   0.1775
  powers                    | Scaled Avg:  -0.0001 | Raw Avg: 164.9617
  stand_still               | Scaled Avg:  -0.0002 | Raw Avg:   0.0102
  torques                   | Scaled Avg:  -0.0002 | Raw Avg: 846.0633
  TOTAL REWARD              | Scaled Avg:  -0.0440
------------------------------

------------------------------
Step: 60000 - Reward Breakdown:
  action_rate               | Scaled Avg:  -0.0136 | Raw Avg:   1.3580
  action_smoothness         | Scaled Avg:  -0.0005 | Raw Avg:   0.2405
  ang_vel_xy                | Scaled Avg:  -0.0068 | Raw Avg:   3.3766
  base_height               | Scaled Avg:  -0.0002 | Raw Avg:   0.0103
  collision                 | Scaled Avg:  -0.0018 | Raw Avg:   0.0876
  dof_acc                   | Scaled Avg:  -0.0014 | Raw Avg: 272842.5938
  feet_air_time             | Scaled Avg:   0.0001 | Raw Avg:   0.0040
  feet_contact_forces       | Scaled Avg:  -0.0000 | Raw Avg:   9.5231
  foot_clearance            | Scaled Avg:  -0.0001 | Raw Avg:   0.0143
  foot_mirror               | Scaled Avg:  -0.0005 | Raw Avg:   0.5455
  foot_slide                | Scaled Avg:  -0.0018 | Raw Avg:   1.7882
  has_contact               | Scaled Avg:  -0.0017 | Raw Avg:  -0.0428
  hip_pos                   | Scaled Avg:  -0.0035 | Raw Avg:   0.0354
  lin_vel_z                 | Scaled Avg:  -0.0102 | Raw Avg:   0.1272
  orientation               | Scaled Avg:  -0.0007 | Raw Avg:   0.1828
  powers                    | Scaled Avg:  -0.0001 | Raw Avg: 162.1295
  stand_still               | Scaled Avg:  -0.0001 | Raw Avg:   0.0064
  torques                   | Scaled Avg:  -0.0002 | Raw Avg: 851.2627
  TOTAL REWARD              | Scaled Avg:  -0.0431
------------------------------
################################################################################
                    [1m Learning iteration 7500/10000 [0m                     

                       Computation: 50178 steps/s (collection: 2.305s, learning 0.611s)
                     surrogate_loss -0.0050
                         value_loss 0.0150
                            entropy 2.3224
                     estimator_loss 0.0000
                         total_loss 0.0331
             Mean action noise std: 0.20
                       Mean reward: -1.31
               Mean episode length: 30.38
      Mean episode rew_action_rate: -0.0208
Mean episode rew_frame_action_rate: -0.0144
Mean episode rew_action_smoothness: -0.0007
Mean episode rew_frame_action_smoothness: -0.0005
       Mean episode rew_ang_vel_xy: -0.0103
 Mean episode rew_frame_ang_vel_xy: -0.0070
      Mean episode rew_base_height: -0.0003
Mean episode rew_frame_base_height: -0.0002
        Mean episode rew_collision: -0.0026
  Mean episode rew_frame_collision: -0.0017
          Mean episode rew_dof_acc: -0.0021
    Mean episode rew_frame_dof_acc: -0.0015
    Mean episode rew_feet_air_time: 0.0002
Mean episode rew_frame_feet_air_time: 0.0001
Mean episode rew_feet_contact_forces: -0.0000
Mean episode rew_frame_feet_contact_forces: -0.0000
   Mean episode rew_foot_clearance: -0.0002
Mean episode rew_frame_foot_clearance: -0.0002
      Mean episode rew_foot_mirror: -0.0008
Mean episode rew_frame_foot_mirror: -0.0005
       Mean episode rew_foot_slide: -0.0027
 Mean episode rew_frame_foot_slide: -0.0018
      Mean episode rew_has_contact: -0.0027
Mean episode rew_frame_has_contact: -0.0019
          Mean episode rew_hip_pos: -0.0053
    Mean episode rew_frame_hip_pos: -0.0039
        Mean episode rew_lin_vel_z: -0.0152
  Mean episode rew_frame_lin_vel_z: -0.0108
      Mean episode rew_orientation: -0.0011
Mean episode rew_frame_orientation: -0.0008
           Mean episode rew_powers: -0.0001
     Mean episode rew_frame_powers: -0.0001
      Mean episode rew_stand_still: -0.0002
Mean episode rew_frame_stand_still: -0.0001
          Mean episode rew_stumble: -0.0000
    Mean episode rew_frame_stumble: -0.0000
          Mean episode rew_torques: -0.0003
    Mean episode rew_frame_torques: -0.0002
Mean episode max_power_throughout_episode: 5568.6841
            Mean episode max_pos_x: 1.1250
            Mean episode min_pos_x: -0.2302
            Mean episode max_pos_y: 0.6054
            Mean episode min_pos_y: -0.6018
        Mean episode timeout_ratio: 0.0000
       Mean episode num_terminated: 198.7083
--------------------------------------------------------------------------------
                   Total timesteps: 3803904
                    Iteration time: 2.92s
                        Total time: 7404.08s
                               ETA: 7401.1s


------------------------------
Step: 60500 - Reward Breakdown:
  action_rate               | Scaled Avg:  -0.0137 | Raw Avg:   1.3746
  action_smoothness         | Scaled Avg:  -0.0005 | Raw Avg:   0.2417
  ang_vel_xy                | Scaled Avg:  -0.0065 | Raw Avg:   3.2655
  base_height               | Scaled Avg:  -0.0002 | Raw Avg:   0.0105
  collision                 | Scaled Avg:  -0.0016 | Raw Avg:   0.0820
  dof_acc                   | Scaled Avg:  -0.0012 | Raw Avg: 247778.3281
  feet_air_time             | Scaled Avg:   0.0001 | Raw Avg:   0.0034
  feet_contact_forces       | Scaled Avg:  -0.0000 | Raw Avg:   9.2590
  foot_clearance            | Scaled Avg:  -0.0001 | Raw Avg:   0.0136
  foot_mirror               | Scaled Avg:  -0.0005 | Raw Avg:   0.5267
  foot_slide                | Scaled Avg:  -0.0017 | Raw Avg:   1.7176
  has_contact               | Scaled Avg:  -0.0016 | Raw Avg:  -0.0400
  hip_pos                   | Scaled Avg:  -0.0036 | Raw Avg:   0.0359
  lin_vel_z                 | Scaled Avg:  -0.0103 | Raw Avg:   0.1282
  orientation               | Scaled Avg:  -0.0007 | Raw Avg:   0.1835
  powers                    | Scaled Avg:  -0.0001 | Raw Avg: 158.9960
  stand_still               | Scaled Avg:  -0.0001 | Raw Avg:   0.0050
  torques                   | Scaled Avg:  -0.0002 | Raw Avg: 839.6808
  TOTAL REWARD              | Scaled Avg:  -0.0427
------------------------------

------------------------------
Step: 61000 - Reward Breakdown:
  action_rate               | Scaled Avg:  -0.0138 | Raw Avg:   1.3788
  action_smoothness         | Scaled Avg:  -0.0005 | Raw Avg:   0.2436
  ang_vel_xy                | Scaled Avg:  -0.0068 | Raw Avg:   3.4078
  base_height               | Scaled Avg:  -0.0002 | Raw Avg:   0.0106
  collision                 | Scaled Avg:  -0.0017 | Raw Avg:   0.0869
  dof_acc                   | Scaled Avg:  -0.0013 | Raw Avg: 260047.5625
  feet_air_time             | Scaled Avg:   0.0001 | Raw Avg:   0.0043
  feet_contact_forces       | Scaled Avg:  -0.0000 | Raw Avg:  10.0892
  foot_clearance            | Scaled Avg:  -0.0001 | Raw Avg:   0.0143
  foot_mirror               | Scaled Avg:  -0.0006 | Raw Avg:   0.5548
  foot_slide                | Scaled Avg:  -0.0017 | Raw Avg:   1.7118
  has_contact               | Scaled Avg:  -0.0015 | Raw Avg:  -0.0363
  hip_pos                   | Scaled Avg:  -0.0036 | Raw Avg:   0.0358
  lin_vel_z                 | Scaled Avg:  -0.0110 | Raw Avg:   0.1373
  orientation               | Scaled Avg:  -0.0007 | Raw Avg:   0.1833
  powers                    | Scaled Avg:  -0.0001 | Raw Avg: 164.6288
  stand_still               | Scaled Avg:  -0.0002 | Raw Avg:   0.0093
  torques                   | Scaled Avg:  -0.0002 | Raw Avg: 850.3264
  TOTAL REWARD              | Scaled Avg:  -0.0438
------------------------------

------------------------------
Step: 61500 - Reward Breakdown:
  action_rate               | Scaled Avg:  -0.0138 | Raw Avg:   1.3770
  action_smoothness         | Scaled Avg:  -0.0005 | Raw Avg:   0.2407
  ang_vel_xy                | Scaled Avg:  -0.0068 | Raw Avg:   3.3761
  base_height               | Scaled Avg:  -0.0002 | Raw Avg:   0.0112
  collision                 | Scaled Avg:  -0.0016 | Raw Avg:   0.0810
  dof_acc                   | Scaled Avg:  -0.0012 | Raw Avg: 242063.5781
  feet_air_time             | Scaled Avg:   0.0001 | Raw Avg:   0.0033
  feet_contact_forces       | Scaled Avg:  -0.0000 | Raw Avg:   9.6829
  foot_clearance            | Scaled Avg:  -0.0001 | Raw Avg:   0.0149
  foot_mirror               | Scaled Avg:  -0.0005 | Raw Avg:   0.5464
  foot_slide                | Scaled Avg:  -0.0017 | Raw Avg:   1.6978
  has_contact               | Scaled Avg:  -0.0019 | Raw Avg:  -0.0486
  hip_pos                   | Scaled Avg:  -0.0035 | Raw Avg:   0.0347
  lin_vel_z                 | Scaled Avg:  -0.0114 | Raw Avg:   0.1428
  orientation               | Scaled Avg:  -0.0007 | Raw Avg:   0.1805
  powers                    | Scaled Avg:  -0.0001 | Raw Avg: 162.9559
  stand_still               | Scaled Avg:  -0.0002 | Raw Avg:   0.0090
  torques                   | Scaled Avg:  -0.0002 | Raw Avg: 836.4910
  TOTAL REWARD              | Scaled Avg:  -0.0444
------------------------------

------------------------------
Step: 62000 - Reward Breakdown:
  action_rate               | Scaled Avg:  -0.0142 | Raw Avg:   1.4162
  action_smoothness         | Scaled Avg:  -0.0005 | Raw Avg:   0.2479
  ang_vel_xy                | Scaled Avg:  -0.0072 | Raw Avg:   3.6076
  base_height               | Scaled Avg:  -0.0002 | Raw Avg:   0.0104
  collision                 | Scaled Avg:  -0.0016 | Raw Avg:   0.0817
  dof_acc                   | Scaled Avg:  -0.0012 | Raw Avg: 245038.9844
  feet_air_time             | Scaled Avg:   0.0001 | Raw Avg:   0.0031
  feet_contact_forces       | Scaled Avg:  -0.0000 | Raw Avg:  10.0189
  foot_clearance            | Scaled Avg:  -0.0002 | Raw Avg:   0.0156
  foot_mirror               | Scaled Avg:  -0.0005 | Raw Avg:   0.5410
  foot_slide                | Scaled Avg:  -0.0017 | Raw Avg:   1.7125
  has_contact               | Scaled Avg:  -0.0019 | Raw Avg:  -0.0471
  hip_pos                   | Scaled Avg:  -0.0036 | Raw Avg:   0.0359
  lin_vel_z                 | Scaled Avg:  -0.0115 | Raw Avg:   0.1444
  orientation               | Scaled Avg:  -0.0007 | Raw Avg:   0.1854
  powers                    | Scaled Avg:  -0.0001 | Raw Avg: 168.0576
  stand_still               | Scaled Avg:  -0.0002 | Raw Avg:   0.0090
  torques                   | Scaled Avg:  -0.0002 | Raw Avg: 852.5325
  TOTAL REWARD              | Scaled Avg:  -0.0455
------------------------------
################################################################################
                    [1m Learning iteration 7600/10000 [0m                     

                       Computation: 49480 steps/s (collection: 2.325s, learning 0.631s)
                     surrogate_loss -0.0036
                         value_loss 0.0153
                            entropy 2.3031
                     estimator_loss 0.0000
                         total_loss 0.0347
             Mean action noise std: 0.20
                       Mean reward: -1.25
               Mean episode length: 29.29
      Mean episode rew_action_rate: -0.0204
Mean episode rew_frame_action_rate: -0.0146
Mean episode rew_action_smoothness: -0.0007
Mean episode rew_frame_action_smoothness: -0.0005
       Mean episode rew_ang_vel_xy: -0.0101
 Mean episode rew_frame_ang_vel_xy: -0.0071
      Mean episode rew_base_height: -0.0003
Mean episode rew_frame_base_height: -0.0002
        Mean episode rew_collision: -0.0024
  Mean episode rew_frame_collision: -0.0016
          Mean episode rew_dof_acc: -0.0019
    Mean episode rew_frame_dof_acc: -0.0014
    Mean episode rew_feet_air_time: 0.0002
Mean episode rew_frame_feet_air_time: 0.0001
Mean episode rew_feet_contact_forces: -0.0000
Mean episode rew_frame_feet_contact_forces: -0.0000
   Mean episode rew_foot_clearance: -0.0002
Mean episode rew_frame_foot_clearance: -0.0002
      Mean episode rew_foot_mirror: -0.0008
Mean episode rew_frame_foot_mirror: -0.0006
       Mean episode rew_foot_slide: -0.0025
 Mean episode rew_frame_foot_slide: -0.0017
      Mean episode rew_has_contact: -0.0025
Mean episode rew_frame_has_contact: -0.0018
          Mean episode rew_hip_pos: -0.0052
    Mean episode rew_frame_hip_pos: -0.0040
        Mean episode rew_lin_vel_z: -0.0159
  Mean episode rew_frame_lin_vel_z: -0.0117
      Mean episode rew_orientation: -0.0011
Mean episode rew_frame_orientation: -0.0008
           Mean episode rew_powers: -0.0001
     Mean episode rew_frame_powers: -0.0001
      Mean episode rew_stand_still: -0.0001
Mean episode rew_frame_stand_still: -0.0001
          Mean episode rew_stumble: -0.0000
    Mean episode rew_frame_stumble: -0.0000
          Mean episode rew_torques: -0.0002
    Mean episode rew_frame_torques: -0.0002
Mean episode max_power_throughout_episode: 5550.9644
            Mean episode max_pos_x: 1.0984
            Mean episode min_pos_x: -0.1819
            Mean episode max_pos_y: 0.5611
            Mean episode min_pos_y: -0.5929
        Mean episode timeout_ratio: 0.0000
       Mean episode num_terminated: 209.0417
--------------------------------------------------------------------------------
                   Total timesteps: 3950208
                    Iteration time: 2.96s
                        Total time: 7699.15s
                               ETA: 7104.2s


------------------------------
Step: 62500 - Reward Breakdown:
  action_rate               | Scaled Avg:  -0.0139 | Raw Avg:   1.3862
  action_smoothness         | Scaled Avg:  -0.0005 | Raw Avg:   0.2484
  ang_vel_xy                | Scaled Avg:  -0.0072 | Raw Avg:   3.5835
  base_height               | Scaled Avg:  -0.0002 | Raw Avg:   0.0104
  collision                 | Scaled Avg:  -0.0017 | Raw Avg:   0.0825
  dof_acc                   | Scaled Avg:  -0.0011 | Raw Avg: 228428.2188
  feet_air_time             | Scaled Avg:   0.0001 | Raw Avg:   0.0032
  feet_contact_forces       | Scaled Avg:  -0.0000 | Raw Avg:   9.5046
  foot_clearance            | Scaled Avg:  -0.0001 | Raw Avg:   0.0148
  foot_mirror               | Scaled Avg:  -0.0006 | Raw Avg:   0.5614
  foot_slide                | Scaled Avg:  -0.0017 | Raw Avg:   1.6905
  has_contact               | Scaled Avg:  -0.0017 | Raw Avg:  -0.0433
  hip_pos                   | Scaled Avg:  -0.0036 | Raw Avg:   0.0356
  lin_vel_z                 | Scaled Avg:  -0.0116 | Raw Avg:   0.1455
  orientation               | Scaled Avg:  -0.0007 | Raw Avg:   0.1818
  powers                    | Scaled Avg:  -0.0001 | Raw Avg: 163.0877
  stand_still               | Scaled Avg:  -0.0002 | Raw Avg:   0.0107
  torques                   | Scaled Avg:  -0.0002 | Raw Avg: 835.5198
  TOTAL REWARD              | Scaled Avg:  -0.0450
------------------------------

------------------------------
Step: 63000 - Reward Breakdown:
  action_rate               | Scaled Avg:  -0.0136 | Raw Avg:   1.3573
  action_smoothness         | Scaled Avg:  -0.0005 | Raw Avg:   0.2362
  ang_vel_xy                | Scaled Avg:  -0.0068 | Raw Avg:   3.4015
  base_height               | Scaled Avg:  -0.0002 | Raw Avg:   0.0106
  collision                 | Scaled Avg:  -0.0017 | Raw Avg:   0.0866
  dof_acc                   | Scaled Avg:  -0.0014 | Raw Avg: 273894.3125
  feet_air_time             | Scaled Avg:   0.0001 | Raw Avg:   0.0036
  feet_contact_forces       | Scaled Avg:  -0.0000 | Raw Avg:   9.0456
  foot_clearance            | Scaled Avg:  -0.0001 | Raw Avg:   0.0145
  foot_mirror               | Scaled Avg:  -0.0006 | Raw Avg:   0.5676
  foot_slide                | Scaled Avg:  -0.0017 | Raw Avg:   1.7404
  has_contact               | Scaled Avg:  -0.0016 | Raw Avg:  -0.0407
  hip_pos                   | Scaled Avg:  -0.0036 | Raw Avg:   0.0357
  lin_vel_z                 | Scaled Avg:  -0.0100 | Raw Avg:   0.1256
  orientation               | Scaled Avg:  -0.0007 | Raw Avg:   0.1862
  powers                    | Scaled Avg:  -0.0001 | Raw Avg: 160.5718
  stand_still               | Scaled Avg:  -0.0002 | Raw Avg:   0.0120
  torques                   | Scaled Avg:  -0.0002 | Raw Avg: 838.6568
  TOTAL REWARD              | Scaled Avg:  -0.0430
------------------------------

------------------------------
Step: 63500 - Reward Breakdown:
  action_rate               | Scaled Avg:  -0.0136 | Raw Avg:   1.3644
  action_smoothness         | Scaled Avg:  -0.0005 | Raw Avg:   0.2417
  ang_vel_xy                | Scaled Avg:  -0.0066 | Raw Avg:   3.3074
  base_height               | Scaled Avg:  -0.0002 | Raw Avg:   0.0103
  collision                 | Scaled Avg:  -0.0016 | Raw Avg:   0.0781
  dof_acc                   | Scaled Avg:  -0.0014 | Raw Avg: 278551.1250
  feet_air_time             | Scaled Avg:   0.0001 | Raw Avg:   0.0032
  feet_contact_forces       | Scaled Avg:  -0.0000 | Raw Avg:   9.1569
  foot_clearance            | Scaled Avg:  -0.0002 | Raw Avg:   0.0152
  foot_mirror               | Scaled Avg:  -0.0005 | Raw Avg:   0.5357
  foot_slide                | Scaled Avg:  -0.0017 | Raw Avg:   1.7432
  has_contact               | Scaled Avg:  -0.0016 | Raw Avg:  -0.0410
  hip_pos                   | Scaled Avg:  -0.0039 | Raw Avg:   0.0388
  lin_vel_z                 | Scaled Avg:  -0.0099 | Raw Avg:   0.1234
  orientation               | Scaled Avg:  -0.0007 | Raw Avg:   0.1783
  powers                    | Scaled Avg:  -0.0001 | Raw Avg: 164.2718
  stand_still               | Scaled Avg:  -0.0002 | Raw Avg:   0.0095
  torques                   | Scaled Avg:  -0.0002 | Raw Avg: 851.4593
  TOTAL REWARD              | Scaled Avg:  -0.0428
------------------------------

------------------------------
Step: 64000 - Reward Breakdown:
  action_rate               | Scaled Avg:  -0.0136 | Raw Avg:   1.3573
  action_smoothness         | Scaled Avg:  -0.0005 | Raw Avg:   0.2402
  ang_vel_xy                | Scaled Avg:  -0.0066 | Raw Avg:   3.3113
  base_height               | Scaled Avg:  -0.0002 | Raw Avg:   0.0103
  collision                 | Scaled Avg:  -0.0018 | Raw Avg:   0.0883
  dof_acc                   | Scaled Avg:  -0.0015 | Raw Avg: 293388.8438
  feet_air_time             | Scaled Avg:   0.0001 | Raw Avg:   0.0031
  feet_contact_forces       | Scaled Avg:  -0.0000 | Raw Avg:   9.0136
  foot_clearance            | Scaled Avg:  -0.0001 | Raw Avg:   0.0146
  foot_mirror               | Scaled Avg:  -0.0006 | Raw Avg:   0.5556
  foot_slide                | Scaled Avg:  -0.0018 | Raw Avg:   1.7522
  has_contact               | Scaled Avg:  -0.0016 | Raw Avg:  -0.0408
  hip_pos                   | Scaled Avg:  -0.0036 | Raw Avg:   0.0360
  lin_vel_z                 | Scaled Avg:  -0.0104 | Raw Avg:   0.1298
  orientation               | Scaled Avg:  -0.0007 | Raw Avg:   0.1829
  powers                    | Scaled Avg:  -0.0001 | Raw Avg: 163.4834
  stand_still               | Scaled Avg:  -0.0002 | Raw Avg:   0.0103
  torques                   | Scaled Avg:  -0.0002 | Raw Avg: 838.5492
  TOTAL REWARD              | Scaled Avg:  -0.0433
------------------------------

------------------------------
Step: 64500 - Reward Breakdown:
  action_rate               | Scaled Avg:  -0.0136 | Raw Avg:   1.3585
  action_smoothness         | Scaled Avg:  -0.0005 | Raw Avg:   0.2395
  ang_vel_xy                | Scaled Avg:  -0.0065 | Raw Avg:   3.2303
  base_height               | Scaled Avg:  -0.0002 | Raw Avg:   0.0105
  collision                 | Scaled Avg:  -0.0017 | Raw Avg:   0.0848
  dof_acc                   | Scaled Avg:  -0.0015 | Raw Avg: 302496.8750
  feet_air_time             | Scaled Avg:   0.0001 | Raw Avg:   0.0038
  feet_contact_forces       | Scaled Avg:  -0.0000 | Raw Avg:   8.6181
  foot_clearance            | Scaled Avg:  -0.0001 | Raw Avg:   0.0138
  foot_mirror               | Scaled Avg:  -0.0005 | Raw Avg:   0.5322
  foot_slide                | Scaled Avg:  -0.0018 | Raw Avg:   1.7639
  has_contact               | Scaled Avg:  -0.0013 | Raw Avg:  -0.0330
  hip_pos                   | Scaled Avg:  -0.0036 | Raw Avg:   0.0360
  lin_vel_z                 | Scaled Avg:  -0.0095 | Raw Avg:   0.1186
  orientation               | Scaled Avg:  -0.0007 | Raw Avg:   0.1811
  powers                    | Scaled Avg:  -0.0001 | Raw Avg: 162.7382
  stand_still               | Scaled Avg:  -0.0002 | Raw Avg:   0.0089
  torques                   | Scaled Avg:  -0.0002 | Raw Avg: 845.9396
  TOTAL REWARD              | Scaled Avg:  -0.0418
------------------------------
################################################################################
                    [1m Learning iteration 7700/10000 [0m                     

                       Computation: 50102 steps/s (collection: 2.301s, learning 0.619s)
                     surrogate_loss -0.0029
                         value_loss 0.0144
                            entropy 2.3096
                     estimator_loss 0.0000
                         total_loss 0.0345
             Mean action noise std: 0.20
                       Mean reward: -1.28
               Mean episode length: 31.05
      Mean episode rew_action_rate: -0.0207
Mean episode rew_frame_action_rate: -0.0143
Mean episode rew_action_smoothness: -0.0007
Mean episode rew_frame_action_smoothness: -0.0005
       Mean episode rew_ang_vel_xy: -0.0100
 Mean episode rew_frame_ang_vel_xy: -0.0068
      Mean episode rew_base_height: -0.0003
Mean episode rew_frame_base_height: -0.0002
        Mean episode rew_collision: -0.0025
  Mean episode rew_frame_collision: -0.0016
          Mean episode rew_dof_acc: -0.0021
    Mean episode rew_frame_dof_acc: -0.0015
    Mean episode rew_feet_air_time: 0.0001
Mean episode rew_frame_feet_air_time: 0.0001
Mean episode rew_feet_contact_forces: -0.0000
Mean episode rew_frame_feet_contact_forces: -0.0000
   Mean episode rew_foot_clearance: -0.0002
Mean episode rew_frame_foot_clearance: -0.0002
      Mean episode rew_foot_mirror: -0.0008
Mean episode rew_frame_foot_mirror: -0.0005
       Mean episode rew_foot_slide: -0.0027
 Mean episode rew_frame_foot_slide: -0.0018
      Mean episode rew_has_contact: -0.0024
Mean episode rew_frame_has_contact: -0.0017
          Mean episode rew_hip_pos: -0.0055
    Mean episode rew_frame_hip_pos: -0.0041
        Mean episode rew_lin_vel_z: -0.0150
  Mean episode rew_frame_lin_vel_z: -0.0106
      Mean episode rew_orientation: -0.0011
Mean episode rew_frame_orientation: -0.0008
           Mean episode rew_powers: -0.0001
     Mean episode rew_frame_powers: -0.0001
      Mean episode rew_stand_still: -0.0002
Mean episode rew_frame_stand_still: -0.0002
          Mean episode rew_stumble: -0.0000
    Mean episode rew_frame_stumble: -0.0000
          Mean episode rew_torques: -0.0003
    Mean episode rew_frame_torques: -0.0002
Mean episode max_power_throughout_episode: 5517.3384
            Mean episode max_pos_x: 1.1041
            Mean episode min_pos_x: -0.1730
            Mean episode max_pos_y: 0.5881
            Mean episode min_pos_y: -0.5835
        Mean episode timeout_ratio: 0.0000
       Mean episode num_terminated: 200.7083
--------------------------------------------------------------------------------
                   Total timesteps: 4096512
                    Iteration time: 2.92s
                        Total time: 7991.73s
                               ETA: 6805.2s


------------------------------
Step: 65000 - Reward Breakdown:
  action_rate               | Scaled Avg:  -0.0136 | Raw Avg:   1.3637
  action_smoothness         | Scaled Avg:  -0.0005 | Raw Avg:   0.2386
  ang_vel_xy                | Scaled Avg:  -0.0065 | Raw Avg:   3.2263
  base_height               | Scaled Avg:  -0.0002 | Raw Avg:   0.0105
  collision                 | Scaled Avg:  -0.0017 | Raw Avg:   0.0853
  dof_acc                   | Scaled Avg:  -0.0013 | Raw Avg: 265587.8750
  feet_air_time             | Scaled Avg:   0.0001 | Raw Avg:   0.0034
  feet_contact_forces       | Scaled Avg:  -0.0000 | Raw Avg:   8.9612
  foot_clearance            | Scaled Avg:  -0.0001 | Raw Avg:   0.0142
  foot_mirror               | Scaled Avg:  -0.0006 | Raw Avg:   0.5667
  foot_slide                | Scaled Avg:  -0.0017 | Raw Avg:   1.7265
  has_contact               | Scaled Avg:  -0.0017 | Raw Avg:  -0.0420
  hip_pos                   | Scaled Avg:  -0.0036 | Raw Avg:   0.0365
  lin_vel_z                 | Scaled Avg:  -0.0100 | Raw Avg:   0.1255
  orientation               | Scaled Avg:  -0.0007 | Raw Avg:   0.1854
  powers                    | Scaled Avg:  -0.0001 | Raw Avg: 162.0335
  stand_still               | Scaled Avg:  -0.0002 | Raw Avg:   0.0099
  torques                   | Scaled Avg:  -0.0002 | Raw Avg: 858.9347
  TOTAL REWARD              | Scaled Avg:  -0.0427
------------------------------

------------------------------
Step: 65500 - Reward Breakdown:
  action_rate               | Scaled Avg:  -0.0140 | Raw Avg:   1.4005
  action_smoothness         | Scaled Avg:  -0.0005 | Raw Avg:   0.2446
  ang_vel_xy                | Scaled Avg:  -0.0067 | Raw Avg:   3.3253
  base_height               | Scaled Avg:  -0.0002 | Raw Avg:   0.0105
  collision                 | Scaled Avg:  -0.0017 | Raw Avg:   0.0856
  dof_acc                   | Scaled Avg:  -0.0014 | Raw Avg: 281427.6250
  feet_air_time             | Scaled Avg:   0.0001 | Raw Avg:   0.0036
  feet_contact_forces       | Scaled Avg:  -0.0000 | Raw Avg:   9.2733
  foot_clearance            | Scaled Avg:  -0.0001 | Raw Avg:   0.0145
  foot_mirror               | Scaled Avg:  -0.0005 | Raw Avg:   0.5427
  foot_slide                | Scaled Avg:  -0.0017 | Raw Avg:   1.7250
  has_contact               | Scaled Avg:  -0.0019 | Raw Avg:  -0.0476
  hip_pos                   | Scaled Avg:  -0.0036 | Raw Avg:   0.0361
  lin_vel_z                 | Scaled Avg:  -0.0105 | Raw Avg:   0.1309
  orientation               | Scaled Avg:  -0.0007 | Raw Avg:   0.1816
  powers                    | Scaled Avg:  -0.0001 | Raw Avg: 164.3114
  stand_still               | Scaled Avg:  -0.0002 | Raw Avg:   0.0110
  torques                   | Scaled Avg:  -0.0002 | Raw Avg: 851.9113
  TOTAL REWARD              | Scaled Avg:  -0.0440
------------------------------

------------------------------
Step: 66000 - Reward Breakdown:
  action_rate               | Scaled Avg:  -0.0137 | Raw Avg:   1.3706
  action_smoothness         | Scaled Avg:  -0.0005 | Raw Avg:   0.2394
  ang_vel_xy                | Scaled Avg:  -0.0068 | Raw Avg:   3.3946
  base_height               | Scaled Avg:  -0.0002 | Raw Avg:   0.0103
  collision                 | Scaled Avg:  -0.0017 | Raw Avg:   0.0869
  dof_acc                   | Scaled Avg:  -0.0014 | Raw Avg: 278415.1250
  feet_air_time             | Scaled Avg:   0.0001 | Raw Avg:   0.0032
  feet_contact_forces       | Scaled Avg:  -0.0000 | Raw Avg:   9.4869
  foot_clearance            | Scaled Avg:  -0.0001 | Raw Avg:   0.0144
  foot_mirror               | Scaled Avg:  -0.0005 | Raw Avg:   0.5319
  foot_slide                | Scaled Avg:  -0.0017 | Raw Avg:   1.7301
  has_contact               | Scaled Avg:  -0.0018 | Raw Avg:  -0.0440
  hip_pos                   | Scaled Avg:  -0.0039 | Raw Avg:   0.0386
  lin_vel_z                 | Scaled Avg:  -0.0102 | Raw Avg:   0.1278
  orientation               | Scaled Avg:  -0.0007 | Raw Avg:   0.1793
  powers                    | Scaled Avg:  -0.0001 | Raw Avg: 167.5733
  stand_still               | Scaled Avg:  -0.0002 | Raw Avg:   0.0091
  torques                   | Scaled Avg:  -0.0002 | Raw Avg: 880.5692
  TOTAL REWARD              | Scaled Avg:  -0.0436
------------------------------

------------------------------
Step: 66500 - Reward Breakdown:
  action_rate               | Scaled Avg:  -0.0138 | Raw Avg:   1.3804
  action_smoothness         | Scaled Avg:  -0.0005 | Raw Avg:   0.2462
  ang_vel_xy                | Scaled Avg:  -0.0071 | Raw Avg:   3.5567
  base_height               | Scaled Avg:  -0.0002 | Raw Avg:   0.0105
  collision                 | Scaled Avg:  -0.0015 | Raw Avg:   0.0768
  dof_acc                   | Scaled Avg:  -0.0013 | Raw Avg: 269352.5312
  feet_air_time             | Scaled Avg:   0.0001 | Raw Avg:   0.0040
  feet_contact_forces       | Scaled Avg:  -0.0000 | Raw Avg:   9.4844
  foot_clearance            | Scaled Avg:  -0.0001 | Raw Avg:   0.0147
  foot_mirror               | Scaled Avg:  -0.0005 | Raw Avg:   0.5422
  foot_slide                | Scaled Avg:  -0.0018 | Raw Avg:   1.7507
  has_contact               | Scaled Avg:  -0.0016 | Raw Avg:  -0.0404
  hip_pos                   | Scaled Avg:  -0.0034 | Raw Avg:   0.0345
  lin_vel_z                 | Scaled Avg:  -0.0111 | Raw Avg:   0.1381
  orientation               | Scaled Avg:  -0.0007 | Raw Avg:   0.1844
  powers                    | Scaled Avg:  -0.0001 | Raw Avg: 165.9617
  stand_still               | Scaled Avg:  -0.0001 | Raw Avg:   0.0057
  torques                   | Scaled Avg:  -0.0002 | Raw Avg: 852.4065
  TOTAL REWARD              | Scaled Avg:  -0.0441
------------------------------

------------------------------
Step: 67000 - Reward Breakdown:
  action_rate               | Scaled Avg:  -0.0135 | Raw Avg:   1.3453
  action_smoothness         | Scaled Avg:  -0.0005 | Raw Avg:   0.2398
  ang_vel_xy                | Scaled Avg:  -0.0069 | Raw Avg:   3.4525
  base_height               | Scaled Avg:  -0.0002 | Raw Avg:   0.0103
  collision                 | Scaled Avg:  -0.0015 | Raw Avg:   0.0740
  dof_acc                   | Scaled Avg:  -0.0013 | Raw Avg: 253751.5156
  feet_air_time             | Scaled Avg:   0.0001 | Raw Avg:   0.0030
  feet_contact_forces       | Scaled Avg:  -0.0000 | Raw Avg:   9.6812
  foot_clearance            | Scaled Avg:  -0.0001 | Raw Avg:   0.0142
  foot_mirror               | Scaled Avg:  -0.0005 | Raw Avg:   0.5191
  foot_slide                | Scaled Avg:  -0.0017 | Raw Avg:   1.6968
  has_contact               | Scaled Avg:  -0.0015 | Raw Avg:  -0.0379
  hip_pos                   | Scaled Avg:  -0.0033 | Raw Avg:   0.0331
  lin_vel_z                 | Scaled Avg:  -0.0107 | Raw Avg:   0.1336
  orientation               | Scaled Avg:  -0.0007 | Raw Avg:   0.1764
  powers                    | Scaled Avg:  -0.0001 | Raw Avg: 163.0508
  stand_still               | Scaled Avg:  -0.0001 | Raw Avg:   0.0060
  torques                   | Scaled Avg:  -0.0002 | Raw Avg: 849.9911
  TOTAL REWARD              | Scaled Avg:  -0.0427
------------------------------
################################################################################
                    [1m Learning iteration 7800/10000 [0m                     

                       Computation: 49784 steps/s (collection: 2.309s, learning 0.630s)
                     surrogate_loss -0.0037
                         value_loss 0.0159
                            entropy 2.3087
                     estimator_loss 0.0000
                         total_loss 0.0353
             Mean action noise std: 0.20
                       Mean reward: -1.30
               Mean episode length: 29.58
      Mean episode rew_action_rate: -0.0205
Mean episode rew_frame_action_rate: -0.0145
Mean episode rew_action_smoothness: -0.0007
Mean episode rew_frame_action_smoothness: -0.0005
       Mean episode rew_ang_vel_xy: -0.0100
 Mean episode rew_frame_ang_vel_xy: -0.0069
      Mean episode rew_base_height: -0.0003
Mean episode rew_frame_base_height: -0.0002
        Mean episode rew_collision: -0.0022
  Mean episode rew_frame_collision: -0.0015
          Mean episode rew_dof_acc: -0.0019
    Mean episode rew_frame_dof_acc: -0.0014
    Mean episode rew_feet_air_time: 0.0002
Mean episode rew_frame_feet_air_time: 0.0001
Mean episode rew_feet_contact_forces: -0.0000
Mean episode rew_frame_feet_contact_forces: -0.0000
   Mean episode rew_foot_clearance: -0.0002
Mean episode rew_frame_foot_clearance: -0.0002
      Mean episode rew_foot_mirror: -0.0007
Mean episode rew_frame_foot_mirror: -0.0005
       Mean episode rew_foot_slide: -0.0026
 Mean episode rew_frame_foot_slide: -0.0017
      Mean episode rew_has_contact: -0.0020
Mean episode rew_frame_has_contact: -0.0015
          Mean episode rew_hip_pos: -0.0053
    Mean episode rew_frame_hip_pos: -0.0041
        Mean episode rew_lin_vel_z: -0.0162
  Mean episode rew_frame_lin_vel_z: -0.0117
      Mean episode rew_orientation: -0.0011
Mean episode rew_frame_orientation: -0.0008
           Mean episode rew_powers: -0.0001
     Mean episode rew_frame_powers: -0.0001
      Mean episode rew_stand_still: -0.0002
Mean episode rew_frame_stand_still: -0.0001
          Mean episode rew_stumble: -0.0000
    Mean episode rew_frame_stumble: -0.0000
          Mean episode rew_torques: -0.0003
    Mean episode rew_frame_torques: -0.0002
Mean episode max_power_throughout_episode: 5529.8672
            Mean episode max_pos_x: 1.1222
            Mean episode min_pos_x: -0.2027
            Mean episode max_pos_y: 0.5627
            Mean episode min_pos_y: -0.5643
        Mean episode timeout_ratio: 0.0000
       Mean episode num_terminated: 205.5000
--------------------------------------------------------------------------------
                   Total timesteps: 4242816
                    Iteration time: 2.94s
                        Total time: 8284.94s
                               ETA: 6507.3s


------------------------------
Step: 67500 - Reward Breakdown:
  action_rate               | Scaled Avg:  -0.0135 | Raw Avg:   1.3508
  action_smoothness         | Scaled Avg:  -0.0005 | Raw Avg:   0.2431
  ang_vel_xy                | Scaled Avg:  -0.0067 | Raw Avg:   3.3442
  base_height               | Scaled Avg:  -0.0002 | Raw Avg:   0.0103
  collision                 | Scaled Avg:  -0.0016 | Raw Avg:   0.0819
  dof_acc                   | Scaled Avg:  -0.0012 | Raw Avg: 245531.4375
  feet_air_time             | Scaled Avg:   0.0001 | Raw Avg:   0.0034
  feet_contact_forces       | Scaled Avg:  -0.0000 | Raw Avg:   9.6163
  foot_clearance            | Scaled Avg:  -0.0001 | Raw Avg:   0.0144
  foot_mirror               | Scaled Avg:  -0.0005 | Raw Avg:   0.5218
  foot_slide                | Scaled Avg:  -0.0017 | Raw Avg:   1.7047
  has_contact               | Scaled Avg:  -0.0015 | Raw Avg:  -0.0382
  hip_pos                   | Scaled Avg:  -0.0037 | Raw Avg:   0.0365
  lin_vel_z                 | Scaled Avg:  -0.0105 | Raw Avg:   0.1315
  orientation               | Scaled Avg:  -0.0007 | Raw Avg:   0.1809
  powers                    | Scaled Avg:  -0.0001 | Raw Avg: 164.8107
  stand_still               | Scaled Avg:  -0.0002 | Raw Avg:   0.0076
  torques                   | Scaled Avg:  -0.0002 | Raw Avg: 860.3264
  TOTAL REWARD              | Scaled Avg:  -0.0429
------------------------------

------------------------------
Step: 68000 - Reward Breakdown:
  action_rate               | Scaled Avg:  -0.0136 | Raw Avg:   1.3624
  action_smoothness         | Scaled Avg:  -0.0005 | Raw Avg:   0.2392
  ang_vel_xy                | Scaled Avg:  -0.0067 | Raw Avg:   3.3386
  base_height               | Scaled Avg:  -0.0002 | Raw Avg:   0.0106
  collision                 | Scaled Avg:  -0.0018 | Raw Avg:   0.0879
  dof_acc                   | Scaled Avg:  -0.0013 | Raw Avg: 254406.9688
  feet_air_time             | Scaled Avg:   0.0001 | Raw Avg:   0.0036
  feet_contact_forces       | Scaled Avg:  -0.0000 | Raw Avg:   9.9742
  foot_clearance            | Scaled Avg:  -0.0001 | Raw Avg:   0.0139
  foot_mirror               | Scaled Avg:  -0.0005 | Raw Avg:   0.5433
  foot_slide                | Scaled Avg:  -0.0018 | Raw Avg:   1.7651
  has_contact               | Scaled Avg:  -0.0014 | Raw Avg:  -0.0344
  hip_pos                   | Scaled Avg:  -0.0036 | Raw Avg:   0.0358
  lin_vel_z                 | Scaled Avg:  -0.0106 | Raw Avg:   0.1321
  orientation               | Scaled Avg:  -0.0007 | Raw Avg:   0.1858
  powers                    | Scaled Avg:  -0.0001 | Raw Avg: 163.2654
  stand_still               | Scaled Avg:  -0.0001 | Raw Avg:   0.0072
  torques                   | Scaled Avg:  -0.0002 | Raw Avg: 848.2066
  TOTAL REWARD              | Scaled Avg:  -0.0430
------------------------------

------------------------------
Step: 68500 - Reward Breakdown:
  action_rate               | Scaled Avg:  -0.0139 | Raw Avg:   1.3941
  action_smoothness         | Scaled Avg:  -0.0005 | Raw Avg:   0.2447
  ang_vel_xy                | Scaled Avg:  -0.0069 | Raw Avg:   3.4453
  base_height               | Scaled Avg:  -0.0002 | Raw Avg:   0.0108
  collision                 | Scaled Avg:  -0.0016 | Raw Avg:   0.0814
  dof_acc                   | Scaled Avg:  -0.0014 | Raw Avg: 272766.4062
  feet_air_time             | Scaled Avg:   0.0001 | Raw Avg:   0.0032
  feet_contact_forces       | Scaled Avg:  -0.0000 | Raw Avg:   9.2522
  foot_clearance            | Scaled Avg:  -0.0001 | Raw Avg:   0.0148
  foot_mirror               | Scaled Avg:  -0.0005 | Raw Avg:   0.5309
  foot_slide                | Scaled Avg:  -0.0018 | Raw Avg:   1.7780
  has_contact               | Scaled Avg:  -0.0016 | Raw Avg:  -0.0395
  hip_pos                   | Scaled Avg:  -0.0034 | Raw Avg:   0.0339
  lin_vel_z                 | Scaled Avg:  -0.0104 | Raw Avg:   0.1300
  orientation               | Scaled Avg:  -0.0007 | Raw Avg:   0.1807
  powers                    | Scaled Avg:  -0.0001 | Raw Avg: 165.1519
  stand_still               | Scaled Avg:  -0.0002 | Raw Avg:   0.0087
  torques                   | Scaled Avg:  -0.0002 | Raw Avg: 844.6694
  TOTAL REWARD              | Scaled Avg:  -0.0434
------------------------------

------------------------------
Step: 69000 - Reward Breakdown:
  action_rate               | Scaled Avg:  -0.0139 | Raw Avg:   1.3919
  action_smoothness         | Scaled Avg:  -0.0005 | Raw Avg:   0.2446
  ang_vel_xy                | Scaled Avg:  -0.0069 | Raw Avg:   3.4580
  base_height               | Scaled Avg:  -0.0002 | Raw Avg:   0.0107
  collision                 | Scaled Avg:  -0.0016 | Raw Avg:   0.0807
  dof_acc                   | Scaled Avg:  -0.0013 | Raw Avg: 256839.6406
  feet_air_time             | Scaled Avg:   0.0001 | Raw Avg:   0.0032
  feet_contact_forces       | Scaled Avg:  -0.0000 | Raw Avg:   9.6434
  foot_clearance            | Scaled Avg:  -0.0002 | Raw Avg:   0.0154
  foot_mirror               | Scaled Avg:  -0.0006 | Raw Avg:   0.5693
  foot_slide                | Scaled Avg:  -0.0017 | Raw Avg:   1.7101
  has_contact               | Scaled Avg:  -0.0018 | Raw Avg:  -0.0443
  hip_pos                   | Scaled Avg:  -0.0034 | Raw Avg:   0.0343
  lin_vel_z                 | Scaled Avg:  -0.0112 | Raw Avg:   0.1396
  orientation               | Scaled Avg:  -0.0007 | Raw Avg:   0.1799
  powers                    | Scaled Avg:  -0.0001 | Raw Avg: 165.1637
  stand_still               | Scaled Avg:  -0.0002 | Raw Avg:   0.0078
  torques                   | Scaled Avg:  -0.0002 | Raw Avg: 843.3358
  TOTAL REWARD              | Scaled Avg:  -0.0443
------------------------------

------------------------------
Step: 69500 - Reward Breakdown:
  action_rate               | Scaled Avg:  -0.0137 | Raw Avg:   1.3709
  action_smoothness         | Scaled Avg:  -0.0005 | Raw Avg:   0.2404
  ang_vel_xy                | Scaled Avg:  -0.0066 | Raw Avg:   3.3124
  base_height               | Scaled Avg:  -0.0002 | Raw Avg:   0.0106
  collision                 | Scaled Avg:  -0.0017 | Raw Avg:   0.0866
  dof_acc                   | Scaled Avg:  -0.0013 | Raw Avg: 261201.7656
  feet_air_time             | Scaled Avg:   0.0001 | Raw Avg:   0.0035
  feet_contact_forces       | Scaled Avg:  -0.0000 | Raw Avg:   9.3057
  foot_clearance            | Scaled Avg:  -0.0001 | Raw Avg:   0.0146
  foot_mirror               | Scaled Avg:  -0.0005 | Raw Avg:   0.5270
  foot_slide                | Scaled Avg:  -0.0017 | Raw Avg:   1.7371
  has_contact               | Scaled Avg:  -0.0018 | Raw Avg:  -0.0448
  hip_pos                   | Scaled Avg:  -0.0035 | Raw Avg:   0.0355
  lin_vel_z                 | Scaled Avg:  -0.0105 | Raw Avg:   0.1317
  orientation               | Scaled Avg:  -0.0007 | Raw Avg:   0.1846
  powers                    | Scaled Avg:  -0.0001 | Raw Avg: 161.7237
  stand_still               | Scaled Avg:  -0.0002 | Raw Avg:   0.0096
  torques                   | Scaled Avg:  -0.0002 | Raw Avg: 837.1155
  TOTAL REWARD              | Scaled Avg:  -0.0434
------------------------------
################################################################################
                    [1m Learning iteration 7900/10000 [0m                     

                       Computation: 50635 steps/s (collection: 2.276s, learning 0.613s)
                     surrogate_loss -0.0054
                         value_loss 0.0163
                            entropy 2.3230
                     estimator_loss 0.0000
                         total_loss 0.0342
             Mean action noise std: 0.20
                       Mean reward: -1.37
               Mean episode length: 31.26
      Mean episode rew_action_rate: -0.0205
Mean episode rew_frame_action_rate: -0.0142
Mean episode rew_action_smoothness: -0.0007
Mean episode rew_frame_action_smoothness: -0.0005
       Mean episode rew_ang_vel_xy: -0.0102
 Mean episode rew_frame_ang_vel_xy: -0.0070
      Mean episode rew_base_height: -0.0003
Mean episode rew_frame_base_height: -0.0002
        Mean episode rew_collision: -0.0026
  Mean episode rew_frame_collision: -0.0017
          Mean episode rew_dof_acc: -0.0021
    Mean episode rew_frame_dof_acc: -0.0016
    Mean episode rew_feet_air_time: 0.0002
Mean episode rew_frame_feet_air_time: 0.0001
Mean episode rew_feet_contact_forces: -0.0000
Mean episode rew_frame_feet_contact_forces: -0.0000
   Mean episode rew_foot_clearance: -0.0002
Mean episode rew_frame_foot_clearance: -0.0002
      Mean episode rew_foot_mirror: -0.0008
Mean episode rew_frame_foot_mirror: -0.0005
       Mean episode rew_foot_slide: -0.0027
 Mean episode rew_frame_foot_slide: -0.0018
      Mean episode rew_has_contact: -0.0024
Mean episode rew_frame_has_contact: -0.0018
          Mean episode rew_hip_pos: -0.0053
    Mean episode rew_frame_hip_pos: -0.0040
        Mean episode rew_lin_vel_z: -0.0155
  Mean episode rew_frame_lin_vel_z: -0.0110
      Mean episode rew_orientation: -0.0011
Mean episode rew_frame_orientation: -0.0008
           Mean episode rew_powers: -0.0001
     Mean episode rew_frame_powers: -0.0001
      Mean episode rew_stand_still: -0.0002
Mean episode rew_frame_stand_still: -0.0002
          Mean episode rew_stumble: -0.0000
    Mean episode rew_frame_stumble: -0.0000
          Mean episode rew_torques: -0.0003
    Mean episode rew_frame_torques: -0.0002
Mean episode max_power_throughout_episode: 5453.7729
            Mean episode max_pos_x: 1.1073
            Mean episode min_pos_x: -0.2106
            Mean episode max_pos_y: 0.5957
            Mean episode min_pos_y: -0.6026
        Mean episode timeout_ratio: 0.0000
       Mean episode num_terminated: 198.1250
--------------------------------------------------------------------------------
                   Total timesteps: 4389120
                    Iteration time: 2.89s
                        Total time: 8577.80s
                               ETA: 6209.4s


------------------------------
Step: 70000 - Reward Breakdown:
  action_rate               | Scaled Avg:  -0.0134 | Raw Avg:   1.3381
  action_smoothness         | Scaled Avg:  -0.0005 | Raw Avg:   0.2421
  ang_vel_xy                | Scaled Avg:  -0.0065 | Raw Avg:   3.2655
  base_height               | Scaled Avg:  -0.0002 | Raw Avg:   0.0103
  collision                 | Scaled Avg:  -0.0016 | Raw Avg:   0.0809
  dof_acc                   | Scaled Avg:  -0.0013 | Raw Avg: 264126.9062
  feet_air_time             | Scaled Avg:   0.0001 | Raw Avg:   0.0031
  feet_contact_forces       | Scaled Avg:  -0.0000 | Raw Avg:   9.5018
  foot_clearance            | Scaled Avg:  -0.0001 | Raw Avg:   0.0140
  foot_mirror               | Scaled Avg:  -0.0005 | Raw Avg:   0.5184
  foot_slide                | Scaled Avg:  -0.0017 | Raw Avg:   1.7329
  has_contact               | Scaled Avg:  -0.0017 | Raw Avg:  -0.0418
  hip_pos                   | Scaled Avg:  -0.0036 | Raw Avg:   0.0355
  lin_vel_z                 | Scaled Avg:  -0.0100 | Raw Avg:   0.1253
  orientation               | Scaled Avg:  -0.0007 | Raw Avg:   0.1811
  powers                    | Scaled Avg:  -0.0001 | Raw Avg: 164.0793
  stand_still               | Scaled Avg:  -0.0001 | Raw Avg:   0.0061
  torques                   | Scaled Avg:  -0.0002 | Raw Avg: 851.5905
  TOTAL REWARD              | Scaled Avg:  -0.0422
------------------------------

------------------------------
Step: 70500 - Reward Breakdown:
  action_rate               | Scaled Avg:  -0.0135 | Raw Avg:   1.3458
  action_smoothness         | Scaled Avg:  -0.0005 | Raw Avg:   0.2385
  ang_vel_xy                | Scaled Avg:  -0.0065 | Raw Avg:   3.2634
  base_height               | Scaled Avg:  -0.0002 | Raw Avg:   0.0106
  collision                 | Scaled Avg:  -0.0015 | Raw Avg:   0.0758
  dof_acc                   | Scaled Avg:  -0.0013 | Raw Avg: 264701.4688
  feet_air_time             | Scaled Avg:   0.0001 | Raw Avg:   0.0037
  feet_contact_forces       | Scaled Avg:  -0.0000 | Raw Avg:   9.5359
  foot_clearance            | Scaled Avg:  -0.0001 | Raw Avg:   0.0145
  foot_mirror               | Scaled Avg:  -0.0005 | Raw Avg:   0.5366
  foot_slide                | Scaled Avg:  -0.0017 | Raw Avg:   1.7313
  has_contact               | Scaled Avg:  -0.0018 | Raw Avg:  -0.0458
  hip_pos                   | Scaled Avg:  -0.0033 | Raw Avg:   0.0334
  lin_vel_z                 | Scaled Avg:  -0.0106 | Raw Avg:   0.1323
  orientation               | Scaled Avg:  -0.0007 | Raw Avg:   0.1766
  powers                    | Scaled Avg:  -0.0001 | Raw Avg: 162.0319
  stand_still               | Scaled Avg:  -0.0002 | Raw Avg:   0.0097
  torques                   | Scaled Avg:  -0.0002 | Raw Avg: 841.7108
  TOTAL REWARD              | Scaled Avg:  -0.0427
------------------------------

------------------------------
Step: 71000 - Reward Breakdown:
  action_rate               | Scaled Avg:  -0.0137 | Raw Avg:   1.3650
  action_smoothness         | Scaled Avg:  -0.0005 | Raw Avg:   0.2434
  ang_vel_xy                | Scaled Avg:  -0.0067 | Raw Avg:   3.3672
  base_height               | Scaled Avg:  -0.0002 | Raw Avg:   0.0103
  collision                 | Scaled Avg:  -0.0017 | Raw Avg:   0.0828
  dof_acc                   | Scaled Avg:  -0.0015 | Raw Avg: 291247.9062
  feet_air_time             | Scaled Avg:   0.0001 | Raw Avg:   0.0036
  feet_contact_forces       | Scaled Avg:  -0.0000 | Raw Avg:   9.7949
  foot_clearance            | Scaled Avg:  -0.0001 | Raw Avg:   0.0142
  foot_mirror               | Scaled Avg:  -0.0005 | Raw Avg:   0.5354
  foot_slide                | Scaled Avg:  -0.0018 | Raw Avg:   1.7874
  has_contact               | Scaled Avg:  -0.0015 | Raw Avg:  -0.0379
  hip_pos                   | Scaled Avg:  -0.0035 | Raw Avg:   0.0355
  lin_vel_z                 | Scaled Avg:  -0.0105 | Raw Avg:   0.1315
  orientation               | Scaled Avg:  -0.0007 | Raw Avg:   0.1809
  powers                    | Scaled Avg:  -0.0001 | Raw Avg: 163.7493
  stand_still               | Scaled Avg:  -0.0002 | Raw Avg:   0.0088
  torques                   | Scaled Avg:  -0.0002 | Raw Avg: 845.0200
  TOTAL REWARD              | Scaled Avg:  -0.0433
------------------------------

------------------------------
Step: 71500 - Reward Breakdown:
  action_rate               | Scaled Avg:  -0.0133 | Raw Avg:   1.3343
  action_smoothness         | Scaled Avg:  -0.0005 | Raw Avg:   0.2371
  ang_vel_xy                | Scaled Avg:  -0.0069 | Raw Avg:   3.4636
  base_height               | Scaled Avg:  -0.0002 | Raw Avg:   0.0106
  collision                 | Scaled Avg:  -0.0017 | Raw Avg:   0.0861
  dof_acc                   | Scaled Avg:  -0.0013 | Raw Avg: 267185.5000
  feet_air_time             | Scaled Avg:   0.0001 | Raw Avg:   0.0037
  feet_contact_forces       | Scaled Avg:  -0.0000 | Raw Avg:   9.1317
  foot_clearance            | Scaled Avg:  -0.0001 | Raw Avg:   0.0139
  foot_mirror               | Scaled Avg:  -0.0006 | Raw Avg:   0.5555
  foot_slide                | Scaled Avg:  -0.0018 | Raw Avg:   1.7572
  has_contact               | Scaled Avg:  -0.0017 | Raw Avg:  -0.0418
  hip_pos                   | Scaled Avg:  -0.0036 | Raw Avg:   0.0362
  lin_vel_z                 | Scaled Avg:  -0.0102 | Raw Avg:   0.1280
  orientation               | Scaled Avg:  -0.0007 | Raw Avg:   0.1779
  powers                    | Scaled Avg:  -0.0001 | Raw Avg: 164.4906
  stand_still               | Scaled Avg:  -0.0002 | Raw Avg:   0.0076
  torques                   | Scaled Avg:  -0.0002 | Raw Avg: 855.4719
  TOTAL REWARD              | Scaled Avg:  -0.0430
------------------------------

------------------------------
Step: 72000 - Reward Breakdown:
  action_rate               | Scaled Avg:  -0.0134 | Raw Avg:   1.3396
  action_smoothness         | Scaled Avg:  -0.0005 | Raw Avg:   0.2411
  ang_vel_xy                | Scaled Avg:  -0.0069 | Raw Avg:   3.4442
  base_height               | Scaled Avg:  -0.0002 | Raw Avg:   0.0106
  collision                 | Scaled Avg:  -0.0017 | Raw Avg:   0.0874
  dof_acc                   | Scaled Avg:  -0.0013 | Raw Avg: 264660.2500
  feet_air_time             | Scaled Avg:   0.0001 | Raw Avg:   0.0027
  feet_contact_forces       | Scaled Avg:  -0.0000 | Raw Avg:   9.8531
  foot_clearance            | Scaled Avg:  -0.0001 | Raw Avg:   0.0141
  foot_mirror               | Scaled Avg:  -0.0005 | Raw Avg:   0.5298
  foot_slide                | Scaled Avg:  -0.0017 | Raw Avg:   1.7464
  has_contact               | Scaled Avg:  -0.0015 | Raw Avg:  -0.0363
  hip_pos                   | Scaled Avg:  -0.0035 | Raw Avg:   0.0353
  lin_vel_z                 | Scaled Avg:  -0.0104 | Raw Avg:   0.1294
  orientation               | Scaled Avg:  -0.0007 | Raw Avg:   0.1846
  powers                    | Scaled Avg:  -0.0001 | Raw Avg: 162.1207
  stand_still               | Scaled Avg:  -0.0001 | Raw Avg:   0.0071
  torques                   | Scaled Avg:  -0.0002 | Raw Avg: 849.2164
  TOTAL REWARD              | Scaled Avg:  -0.0429
------------------------------
################################################################################
                    [1m Learning iteration 8000/10000 [0m                     

                       Computation: 50878 steps/s (collection: 2.264s, learning 0.612s)
                     surrogate_loss -0.0041
                         value_loss 0.0147
                            entropy 2.2750
                     estimator_loss 0.0000
                         total_loss 0.0334
             Mean action noise std: 0.20
                       Mean reward: -1.35
               Mean episode length: 30.99
      Mean episode rew_action_rate: -0.0204
Mean episode rew_frame_action_rate: -0.0140
Mean episode rew_action_smoothness: -0.0007
Mean episode rew_frame_action_smoothness: -0.0005
       Mean episode rew_ang_vel_xy: -0.0102
 Mean episode rew_frame_ang_vel_xy: -0.0070
      Mean episode rew_base_height: -0.0003
Mean episode rew_frame_base_height: -0.0002
        Mean episode rew_collision: -0.0027
  Mean episode rew_frame_collision: -0.0018
          Mean episode rew_dof_acc: -0.0021
    Mean episode rew_frame_dof_acc: -0.0015
    Mean episode rew_feet_air_time: 0.0002
Mean episode rew_frame_feet_air_time: 0.0001
Mean episode rew_feet_contact_forces: -0.0000
Mean episode rew_frame_feet_contact_forces: -0.0000
   Mean episode rew_foot_clearance: -0.0002
Mean episode rew_frame_foot_clearance: -0.0002
      Mean episode rew_foot_mirror: -0.0008
Mean episode rew_frame_foot_mirror: -0.0005
       Mean episode rew_foot_slide: -0.0027
 Mean episode rew_frame_foot_slide: -0.0018
      Mean episode rew_has_contact: -0.0024
Mean episode rew_frame_has_contact: -0.0017
          Mean episode rew_hip_pos: -0.0055
    Mean episode rew_frame_hip_pos: -0.0041
        Mean episode rew_lin_vel_z: -0.0150
  Mean episode rew_frame_lin_vel_z: -0.0106
      Mean episode rew_orientation: -0.0011
Mean episode rew_frame_orientation: -0.0008
           Mean episode rew_powers: -0.0001
     Mean episode rew_frame_powers: -0.0001
      Mean episode rew_stand_still: -0.0002
Mean episode rew_frame_stand_still: -0.0001
          Mean episode rew_stumble: -0.0000
    Mean episode rew_frame_stumble: -0.0000
          Mean episode rew_torques: -0.0003
    Mean episode rew_frame_torques: -0.0002
Mean episode max_power_throughout_episode: 5601.1265
            Mean episode max_pos_x: 1.1254
            Mean episode min_pos_x: -0.2219
            Mean episode max_pos_y: 0.5897
            Mean episode min_pos_y: -0.5724
        Mean episode timeout_ratio: 0.0000
       Mean episode num_terminated: 198.6667
--------------------------------------------------------------------------------
                   Total timesteps: 4535424
                    Iteration time: 2.88s
                        Total time: 8871.22s
                               ETA: 5912.2s


------------------------------
Step: 72500 - Reward Breakdown:
  action_rate               | Scaled Avg:  -0.0134 | Raw Avg:   1.3366
  action_smoothness         | Scaled Avg:  -0.0005 | Raw Avg:   0.2400
  ang_vel_xy                | Scaled Avg:  -0.0066 | Raw Avg:   3.2930
  base_height               | Scaled Avg:  -0.0002 | Raw Avg:   0.0106
  collision                 | Scaled Avg:  -0.0017 | Raw Avg:   0.0861
  dof_acc                   | Scaled Avg:  -0.0013 | Raw Avg: 265022.4062
  feet_air_time             | Scaled Avg:   0.0001 | Raw Avg:   0.0035
  feet_contact_forces       | Scaled Avg:  -0.0000 | Raw Avg:   9.9586
  foot_clearance            | Scaled Avg:  -0.0001 | Raw Avg:   0.0141
  foot_mirror               | Scaled Avg:  -0.0005 | Raw Avg:   0.5479
  foot_slide                | Scaled Avg:  -0.0018 | Raw Avg:   1.8068
  has_contact               | Scaled Avg:  -0.0013 | Raw Avg:  -0.0335
  hip_pos                   | Scaled Avg:  -0.0033 | Raw Avg:   0.0334
  lin_vel_z                 | Scaled Avg:  -0.0096 | Raw Avg:   0.1201
  orientation               | Scaled Avg:  -0.0007 | Raw Avg:   0.1836
  powers                    | Scaled Avg:  -0.0001 | Raw Avg: 161.6003
  stand_still               | Scaled Avg:  -0.0001 | Raw Avg:   0.0071
  torques                   | Scaled Avg:  -0.0002 | Raw Avg: 838.7003
  TOTAL REWARD              | Scaled Avg:  -0.0415
------------------------------

------------------------------
Step: 73000 - Reward Breakdown:
  action_rate               | Scaled Avg:  -0.0134 | Raw Avg:   1.3392
  action_smoothness         | Scaled Avg:  -0.0005 | Raw Avg:   0.2425
  ang_vel_xy                | Scaled Avg:  -0.0066 | Raw Avg:   3.3081
  base_height               | Scaled Avg:  -0.0002 | Raw Avg:   0.0104
  collision                 | Scaled Avg:  -0.0015 | Raw Avg:   0.0751
  dof_acc                   | Scaled Avg:  -0.0011 | Raw Avg: 212966.3750
  feet_air_time             | Scaled Avg:   0.0001 | Raw Avg:   0.0036
  feet_contact_forces       | Scaled Avg:  -0.0000 | Raw Avg:  10.5668
  foot_clearance            | Scaled Avg:  -0.0001 | Raw Avg:   0.0146
  foot_mirror               | Scaled Avg:  -0.0005 | Raw Avg:   0.5350
  foot_slide                | Scaled Avg:  -0.0017 | Raw Avg:   1.7239
  has_contact               | Scaled Avg:  -0.0016 | Raw Avg:  -0.0407
  hip_pos                   | Scaled Avg:  -0.0033 | Raw Avg:   0.0335
  lin_vel_z                 | Scaled Avg:  -0.0113 | Raw Avg:   0.1418
  orientation               | Scaled Avg:  -0.0007 | Raw Avg:   0.1785
  powers                    | Scaled Avg:  -0.0001 | Raw Avg: 161.4938
  stand_still               | Scaled Avg:  -0.0001 | Raw Avg:   0.0059
  torques                   | Scaled Avg:  -0.0002 | Raw Avg: 841.8870
  TOTAL REWARD              | Scaled Avg:  -0.0430
------------------------------

------------------------------
Step: 73500 - Reward Breakdown:
  action_rate               | Scaled Avg:  -0.0136 | Raw Avg:   1.3626
  action_smoothness         | Scaled Avg:  -0.0005 | Raw Avg:   0.2427
  ang_vel_xy                | Scaled Avg:  -0.0065 | Raw Avg:   3.2677
  base_height               | Scaled Avg:  -0.0002 | Raw Avg:   0.0109
  collision                 | Scaled Avg:  -0.0016 | Raw Avg:   0.0812
  dof_acc                   | Scaled Avg:  -0.0013 | Raw Avg: 265219.7500
  feet_air_time             | Scaled Avg:   0.0001 | Raw Avg:   0.0038
  feet_contact_forces       | Scaled Avg:  -0.0000 | Raw Avg:   8.7968
  foot_clearance            | Scaled Avg:  -0.0001 | Raw Avg:   0.0147
  foot_mirror               | Scaled Avg:  -0.0005 | Raw Avg:   0.5211
  foot_slide                | Scaled Avg:  -0.0018 | Raw Avg:   1.7930
  has_contact               | Scaled Avg:  -0.0019 | Raw Avg:  -0.0469
  hip_pos                   | Scaled Avg:  -0.0035 | Raw Avg:   0.0351
  lin_vel_z                 | Scaled Avg:  -0.0104 | Raw Avg:   0.1303
  orientation               | Scaled Avg:  -0.0007 | Raw Avg:   0.1772
  powers                    | Scaled Avg:  -0.0001 | Raw Avg: 162.8577
  stand_still               | Scaled Avg:  -0.0002 | Raw Avg:   0.0105
  torques                   | Scaled Avg:  -0.0002 | Raw Avg: 835.1716
  TOTAL REWARD              | Scaled Avg:  -0.0432
------------------------------

------------------------------
Step: 74000 - Reward Breakdown:
  action_rate               | Scaled Avg:  -0.0135 | Raw Avg:   1.3517
  action_smoothness         | Scaled Avg:  -0.0005 | Raw Avg:   0.2375
  ang_vel_xy                | Scaled Avg:  -0.0065 | Raw Avg:   3.2412
  base_height               | Scaled Avg:  -0.0002 | Raw Avg:   0.0107
  collision                 | Scaled Avg:  -0.0017 | Raw Avg:   0.0845
  dof_acc                   | Scaled Avg:  -0.0014 | Raw Avg: 289918.0938
  feet_air_time             | Scaled Avg:   0.0001 | Raw Avg:   0.0039
  feet_contact_forces       | Scaled Avg:  -0.0000 | Raw Avg:   9.7749
  foot_clearance            | Scaled Avg:  -0.0001 | Raw Avg:   0.0139
  foot_mirror               | Scaled Avg:  -0.0005 | Raw Avg:   0.4877
  foot_slide                | Scaled Avg:  -0.0018 | Raw Avg:   1.8060
  has_contact               | Scaled Avg:  -0.0016 | Raw Avg:  -0.0390
  hip_pos                   | Scaled Avg:  -0.0034 | Raw Avg:   0.0342
  lin_vel_z                 | Scaled Avg:  -0.0104 | Raw Avg:   0.1300
  orientation               | Scaled Avg:  -0.0007 | Raw Avg:   0.1736
  powers                    | Scaled Avg:  -0.0001 | Raw Avg: 161.1052
  stand_still               | Scaled Avg:  -0.0001 | Raw Avg:   0.0069
  torques                   | Scaled Avg:  -0.0002 | Raw Avg: 843.8817
  TOTAL REWARD              | Scaled Avg:  -0.0426
------------------------------
################################################################################
                    [1m Learning iteration 8100/10000 [0m                     

                       Computation: 49714 steps/s (collection: 2.319s, learning 0.624s)
                     surrogate_loss -0.0015
                         value_loss 0.0161
                            entropy 2.2840
                     estimator_loss 0.0000
                         total_loss 0.0374
             Mean action noise std: 0.20
                       Mean reward: -1.30
               Mean episode length: 30.62
      Mean episode rew_action_rate: -0.0199
Mean episode rew_frame_action_rate: -0.0142
Mean episode rew_action_smoothness: -0.0007
Mean episode rew_frame_action_smoothness: -0.0005
       Mean episode rew_ang_vel_xy: -0.0101
 Mean episode rew_frame_ang_vel_xy: -0.0070
      Mean episode rew_base_height: -0.0003
Mean episode rew_frame_base_height: -0.0002
        Mean episode rew_collision: -0.0024
  Mean episode rew_frame_collision: -0.0016
          Mean episode rew_dof_acc: -0.0020
    Mean episode rew_frame_dof_acc: -0.0015
    Mean episode rew_feet_air_time: 0.0002
Mean episode rew_frame_feet_air_time: 0.0001
Mean episode rew_feet_contact_forces: -0.0000
Mean episode rew_frame_feet_contact_forces: -0.0000
   Mean episode rew_foot_clearance: -0.0002
Mean episode rew_frame_foot_clearance: -0.0001
      Mean episode rew_foot_mirror: -0.0008
Mean episode rew_frame_foot_mirror: -0.0005
       Mean episode rew_foot_slide: -0.0026
 Mean episode rew_frame_foot_slide: -0.0018
      Mean episode rew_has_contact: -0.0024
Mean episode rew_frame_has_contact: -0.0018
          Mean episode rew_hip_pos: -0.0051
    Mean episode rew_frame_hip_pos: -0.0039
        Mean episode rew_lin_vel_z: -0.0163
  Mean episode rew_frame_lin_vel_z: -0.0118
      Mean episode rew_orientation: -0.0011
Mean episode rew_frame_orientation: -0.0008
           Mean episode rew_powers: -0.0001
     Mean episode rew_frame_powers: -0.0001
      Mean episode rew_stand_still: -0.0004
Mean episode rew_frame_stand_still: -0.0002
          Mean episode rew_stumble: -0.0000
    Mean episode rew_frame_stumble: -0.0000
          Mean episode rew_torques: -0.0002
    Mean episode rew_frame_torques: -0.0002
Mean episode max_power_throughout_episode: 5537.7812
            Mean episode max_pos_x: 1.0975
            Mean episode min_pos_x: -0.1945
            Mean episode max_pos_y: 0.5783
            Mean episode min_pos_y: -0.5923
        Mean episode timeout_ratio: 0.0000
       Mean episode num_terminated: 206.7083
--------------------------------------------------------------------------------
                   Total timesteps: 4681728
                    Iteration time: 2.94s
                        Total time: 9163.80s
                               ETA: 5614.7s


------------------------------
Step: 74500 - Reward Breakdown:
  action_rate               | Scaled Avg:  -0.0135 | Raw Avg:   1.3512
  action_smoothness         | Scaled Avg:  -0.0005 | Raw Avg:   0.2407
  ang_vel_xy                | Scaled Avg:  -0.0069 | Raw Avg:   3.4685
  base_height               | Scaled Avg:  -0.0002 | Raw Avg:   0.0101
  collision                 | Scaled Avg:  -0.0018 | Raw Avg:   0.0886
  dof_acc                   | Scaled Avg:  -0.0014 | Raw Avg: 288671.2188
  feet_air_time             | Scaled Avg:   0.0001 | Raw Avg:   0.0034
  feet_contact_forces       | Scaled Avg:  -0.0000 | Raw Avg:   9.4832
  foot_clearance            | Scaled Avg:  -0.0001 | Raw Avg:   0.0147
  foot_mirror               | Scaled Avg:  -0.0005 | Raw Avg:   0.5293
  foot_slide                | Scaled Avg:  -0.0018 | Raw Avg:   1.7977
  has_contact               | Scaled Avg:  -0.0018 | Raw Avg:  -0.0451
  hip_pos                   | Scaled Avg:  -0.0036 | Raw Avg:   0.0357
  lin_vel_z                 | Scaled Avg:  -0.0109 | Raw Avg:   0.1368
  orientation               | Scaled Avg:  -0.0007 | Raw Avg:   0.1841
  powers                    | Scaled Avg:  -0.0001 | Raw Avg: 163.5767
  stand_still               | Scaled Avg:  -0.0002 | Raw Avg:   0.0091
  torques                   | Scaled Avg:  -0.0002 | Raw Avg: 840.3237
  TOTAL REWARD              | Scaled Avg:  -0.0442
------------------------------

------------------------------
Step: 75000 - Reward Breakdown:
  action_rate               | Scaled Avg:  -0.0134 | Raw Avg:   1.3384
  action_smoothness         | Scaled Avg:  -0.0005 | Raw Avg:   0.2425
  ang_vel_xy                | Scaled Avg:  -0.0063 | Raw Avg:   3.1655
  base_height               | Scaled Avg:  -0.0002 | Raw Avg:   0.0103
  collision                 | Scaled Avg:  -0.0018 | Raw Avg:   0.0919
  dof_acc                   | Scaled Avg:  -0.0014 | Raw Avg: 278584.0312
  feet_air_time             | Scaled Avg:   0.0001 | Raw Avg:   0.0037
  feet_contact_forces       | Scaled Avg:  -0.0000 | Raw Avg:   9.1314
  foot_clearance            | Scaled Avg:  -0.0001 | Raw Avg:   0.0132
  foot_mirror               | Scaled Avg:  -0.0005 | Raw Avg:   0.5184
  foot_slide                | Scaled Avg:  -0.0017 | Raw Avg:   1.7418
  has_contact               | Scaled Avg:  -0.0016 | Raw Avg:  -0.0407
  hip_pos                   | Scaled Avg:  -0.0033 | Raw Avg:   0.0332
  lin_vel_z                 | Scaled Avg:  -0.0100 | Raw Avg:   0.1253
  orientation               | Scaled Avg:  -0.0007 | Raw Avg:   0.1806
  powers                    | Scaled Avg:  -0.0001 | Raw Avg: 159.6527
  stand_still               | Scaled Avg:  -0.0002 | Raw Avg:   0.0082
  torques                   | Scaled Avg:  -0.0002 | Raw Avg: 823.6870
  TOTAL REWARD              | Scaled Avg:  -0.0420
------------------------------

------------------------------
Step: 75500 - Reward Breakdown:
  action_rate               | Scaled Avg:  -0.0133 | Raw Avg:   1.3301
  action_smoothness         | Scaled Avg:  -0.0005 | Raw Avg:   0.2402
  ang_vel_xy                | Scaled Avg:  -0.0067 | Raw Avg:   3.3712
  base_height               | Scaled Avg:  -0.0002 | Raw Avg:   0.0106
  collision                 | Scaled Avg:  -0.0017 | Raw Avg:   0.0850
  dof_acc                   | Scaled Avg:  -0.0012 | Raw Avg: 246166.8281
  feet_air_time             | Scaled Avg:   0.0001 | Raw Avg:   0.0034
  feet_contact_forces       | Scaled Avg:  -0.0000 | Raw Avg:   9.5618
  foot_clearance            | Scaled Avg:  -0.0001 | Raw Avg:   0.0135
  foot_mirror               | Scaled Avg:  -0.0005 | Raw Avg:   0.5025
  foot_slide                | Scaled Avg:  -0.0017 | Raw Avg:   1.7476
  has_contact               | Scaled Avg:  -0.0015 | Raw Avg:  -0.0374
  hip_pos                   | Scaled Avg:  -0.0035 | Raw Avg:   0.0346
  lin_vel_z                 | Scaled Avg:  -0.0104 | Raw Avg:   0.1300
  orientation               | Scaled Avg:  -0.0007 | Raw Avg:   0.1790
  powers                    | Scaled Avg:  -0.0001 | Raw Avg: 161.8648
  stand_still               | Scaled Avg:  -0.0001 | Raw Avg:   0.0052
  torques                   | Scaled Avg:  -0.0002 | Raw Avg: 835.1964
  TOTAL REWARD              | Scaled Avg:  -0.0424
------------------------------

------------------------------
Step: 76000 - Reward Breakdown:
  action_rate               | Scaled Avg:  -0.0135 | Raw Avg:   1.3472
  action_smoothness         | Scaled Avg:  -0.0005 | Raw Avg:   0.2402
  ang_vel_xy                | Scaled Avg:  -0.0068 | Raw Avg:   3.3787
  base_height               | Scaled Avg:  -0.0002 | Raw Avg:   0.0105
  collision                 | Scaled Avg:  -0.0017 | Raw Avg:   0.0861
  dof_acc                   | Scaled Avg:  -0.0014 | Raw Avg: 279367.5312
  feet_air_time             | Scaled Avg:   0.0001 | Raw Avg:   0.0044
  feet_contact_forces       | Scaled Avg:  -0.0000 | Raw Avg:  10.4035
  foot_clearance            | Scaled Avg:  -0.0001 | Raw Avg:   0.0133
  foot_mirror               | Scaled Avg:  -0.0005 | Raw Avg:   0.4889
  foot_slide                | Scaled Avg:  -0.0018 | Raw Avg:   1.7903
  has_contact               | Scaled Avg:  -0.0016 | Raw Avg:  -0.0400
  hip_pos                   | Scaled Avg:  -0.0032 | Raw Avg:   0.0318
  lin_vel_z                 | Scaled Avg:  -0.0111 | Raw Avg:   0.1382
  orientation               | Scaled Avg:  -0.0007 | Raw Avg:   0.1808
  powers                    | Scaled Avg:  -0.0001 | Raw Avg: 160.2854
  stand_still               | Scaled Avg:  -0.0002 | Raw Avg:   0.0095
  torques                   | Scaled Avg:  -0.0002 | Raw Avg: 825.8386
  TOTAL REWARD              | Scaled Avg:  -0.0433
------------------------------

------------------------------
Step: 76500 - Reward Breakdown:
  action_rate               | Scaled Avg:  -0.0134 | Raw Avg:   1.3359
  action_smoothness         | Scaled Avg:  -0.0005 | Raw Avg:   0.2385
  ang_vel_xy                | Scaled Avg:  -0.0066 | Raw Avg:   3.3143
  base_height               | Scaled Avg:  -0.0002 | Raw Avg:   0.0104
  collision                 | Scaled Avg:  -0.0017 | Raw Avg:   0.0863
  dof_acc                   | Scaled Avg:  -0.0014 | Raw Avg: 279037.6562
  feet_air_time             | Scaled Avg:   0.0001 | Raw Avg:   0.0036
  feet_contact_forces       | Scaled Avg:  -0.0000 | Raw Avg:  10.0490
  foot_clearance            | Scaled Avg:  -0.0001 | Raw Avg:   0.0140
  foot_mirror               | Scaled Avg:  -0.0005 | Raw Avg:   0.5013
  foot_slide                | Scaled Avg:  -0.0018 | Raw Avg:   1.7538
  has_contact               | Scaled Avg:  -0.0017 | Raw Avg:  -0.0435
  hip_pos                   | Scaled Avg:  -0.0032 | Raw Avg:   0.0325
  lin_vel_z                 | Scaled Avg:  -0.0100 | Raw Avg:   0.1250
  orientation               | Scaled Avg:  -0.0007 | Raw Avg:   0.1742
  powers                    | Scaled Avg:  -0.0001 | Raw Avg: 162.6611
  stand_still               | Scaled Avg:  -0.0002 | Raw Avg:   0.0090
  torques                   | Scaled Avg:  -0.0002 | Raw Avg: 838.4692
  TOTAL REWARD              | Scaled Avg:  -0.0422
------------------------------
################################################################################
                    [1m Learning iteration 8200/10000 [0m                     

                       Computation: 49047 steps/s (collection: 2.369s, learning 0.613s)
                     surrogate_loss -0.0006
                         value_loss 0.0160
                            entropy 2.2847
                     estimator_loss 0.0000
                         total_loss 0.0383
             Mean action noise std: 0.20
                       Mean reward: -1.30
               Mean episode length: 32.06
      Mean episode rew_action_rate: -0.0206
Mean episode rew_frame_action_rate: -0.0139
Mean episode rew_action_smoothness: -0.0007
Mean episode rew_frame_action_smoothness: -0.0005
       Mean episode rew_ang_vel_xy: -0.0100
 Mean episode rew_frame_ang_vel_xy: -0.0067
      Mean episode rew_base_height: -0.0003
Mean episode rew_frame_base_height: -0.0002
        Mean episode rew_collision: -0.0025
  Mean episode rew_frame_collision: -0.0015
          Mean episode rew_dof_acc: -0.0022
    Mean episode rew_frame_dof_acc: -0.0016
    Mean episode rew_feet_air_time: 0.0002
Mean episode rew_frame_feet_air_time: 0.0001
Mean episode rew_feet_contact_forces: -0.0000
Mean episode rew_frame_feet_contact_forces: -0.0000
   Mean episode rew_foot_clearance: -0.0002
Mean episode rew_frame_foot_clearance: -0.0001
      Mean episode rew_foot_mirror: -0.0008
Mean episode rew_frame_foot_mirror: -0.0005
       Mean episode rew_foot_slide: -0.0028
 Mean episode rew_frame_foot_slide: -0.0018
      Mean episode rew_has_contact: -0.0023
Mean episode rew_frame_has_contact: -0.0017
          Mean episode rew_hip_pos: -0.0053
    Mean episode rew_frame_hip_pos: -0.0038
        Mean episode rew_lin_vel_z: -0.0153
  Mean episode rew_frame_lin_vel_z: -0.0106
      Mean episode rew_orientation: -0.0011
Mean episode rew_frame_orientation: -0.0007
           Mean episode rew_powers: -0.0001
     Mean episode rew_frame_powers: -0.0001
      Mean episode rew_stand_still: -0.0002
Mean episode rew_frame_stand_still: -0.0001
          Mean episode rew_stumble: -0.0000
    Mean episode rew_frame_stumble: -0.0000
          Mean episode rew_torques: -0.0003
    Mean episode rew_frame_torques: -0.0002
Mean episode max_power_throughout_episode: 5496.3008
            Mean episode max_pos_x: 1.1271
            Mean episode min_pos_x: -0.2272
            Mean episode max_pos_y: 0.6123
            Mean episode min_pos_y: -0.5850
        Mean episode timeout_ratio: 0.0000
       Mean episode num_terminated: 198.0000
--------------------------------------------------------------------------------
                   Total timesteps: 4828032
                    Iteration time: 2.98s
                        Total time: 9456.76s
                               ETA: 5317.8s


------------------------------
Step: 77000 - Reward Breakdown:
  action_rate               | Scaled Avg:  -0.0131 | Raw Avg:   1.3130
  action_smoothness         | Scaled Avg:  -0.0005 | Raw Avg:   0.2342
  ang_vel_xy                | Scaled Avg:  -0.0063 | Raw Avg:   3.1607
  base_height               | Scaled Avg:  -0.0002 | Raw Avg:   0.0107
  collision                 | Scaled Avg:  -0.0016 | Raw Avg:   0.0812
  dof_acc                   | Scaled Avg:  -0.0012 | Raw Avg: 249835.7500
  feet_air_time             | Scaled Avg:   0.0001 | Raw Avg:   0.0036
  feet_contact_forces       | Scaled Avg:  -0.0000 | Raw Avg:   9.3248
  foot_clearance            | Scaled Avg:  -0.0001 | Raw Avg:   0.0142
  foot_mirror               | Scaled Avg:  -0.0005 | Raw Avg:   0.5029
  foot_slide                | Scaled Avg:  -0.0018 | Raw Avg:   1.7622
  has_contact               | Scaled Avg:  -0.0014 | Raw Avg:  -0.0353
  hip_pos                   | Scaled Avg:  -0.0036 | Raw Avg:   0.0356
  lin_vel_z                 | Scaled Avg:  -0.0100 | Raw Avg:   0.1253
  orientation               | Scaled Avg:  -0.0007 | Raw Avg:   0.1760
  powers                    | Scaled Avg:  -0.0001 | Raw Avg: 158.5758
  stand_still               | Scaled Avg:  -0.0002 | Raw Avg:   0.0077
  torques                   | Scaled Avg:  -0.0002 | Raw Avg: 843.4067
  TOTAL REWARD              | Scaled Avg:  -0.0414
------------------------------

------------------------------
Step: 77500 - Reward Breakdown:
  action_rate               | Scaled Avg:  -0.0134 | Raw Avg:   1.3378
  action_smoothness         | Scaled Avg:  -0.0005 | Raw Avg:   0.2385
  ang_vel_xy                | Scaled Avg:  -0.0065 | Raw Avg:   3.2739
  base_height               | Scaled Avg:  -0.0002 | Raw Avg:   0.0103
  collision                 | Scaled Avg:  -0.0016 | Raw Avg:   0.0809
  dof_acc                   | Scaled Avg:  -0.0015 | Raw Avg: 298165.4688
  feet_air_time             | Scaled Avg:   0.0001 | Raw Avg:   0.0027
  feet_contact_forces       | Scaled Avg:  -0.0000 | Raw Avg:   8.7944
  foot_clearance            | Scaled Avg:  -0.0001 | Raw Avg:   0.0139
  foot_mirror               | Scaled Avg:  -0.0005 | Raw Avg:   0.4892
  foot_slide                | Scaled Avg:  -0.0018 | Raw Avg:   1.7731
  has_contact               | Scaled Avg:  -0.0016 | Raw Avg:  -0.0408
  hip_pos                   | Scaled Avg:  -0.0035 | Raw Avg:   0.0350
  lin_vel_z                 | Scaled Avg:  -0.0100 | Raw Avg:   0.1248
  orientation               | Scaled Avg:  -0.0007 | Raw Avg:   0.1796
  powers                    | Scaled Avg:  -0.0001 | Raw Avg: 160.7860
  stand_still               | Scaled Avg:  -0.0002 | Raw Avg:   0.0100
  torques                   | Scaled Avg:  -0.0002 | Raw Avg: 847.3395
  TOTAL REWARD              | Scaled Avg:  -0.0423
------------------------------

------------------------------
Step: 78000 - Reward Breakdown:
  action_rate               | Scaled Avg:  -0.0134 | Raw Avg:   1.3425
  action_smoothness         | Scaled Avg:  -0.0005 | Raw Avg:   0.2402
  ang_vel_xy                | Scaled Avg:  -0.0064 | Raw Avg:   3.1944
  base_height               | Scaled Avg:  -0.0002 | Raw Avg:   0.0101
  collision                 | Scaled Avg:  -0.0016 | Raw Avg:   0.0815
  dof_acc                   | Scaled Avg:  -0.0014 | Raw Avg: 270731.0938
  feet_air_time             | Scaled Avg:   0.0001 | Raw Avg:   0.0037
  feet_contact_forces       | Scaled Avg:  -0.0000 | Raw Avg:   9.8301
  foot_clearance            | Scaled Avg:  -0.0001 | Raw Avg:   0.0136
  foot_mirror               | Scaled Avg:  -0.0005 | Raw Avg:   0.5265
  foot_slide                | Scaled Avg:  -0.0017 | Raw Avg:   1.7060
  has_contact               | Scaled Avg:  -0.0014 | Raw Avg:  -0.0343
  hip_pos                   | Scaled Avg:  -0.0037 | Raw Avg:   0.0367
  lin_vel_z                 | Scaled Avg:  -0.0098 | Raw Avg:   0.1229
  orientation               | Scaled Avg:  -0.0007 | Raw Avg:   0.1760
  powers                    | Scaled Avg:  -0.0001 | Raw Avg: 162.2791
  stand_still               | Scaled Avg:  -0.0001 | Raw Avg:   0.0074
  torques                   | Scaled Avg:  -0.0002 | Raw Avg: 858.3197
  TOTAL REWARD              | Scaled Avg:  -0.0417
------------------------------

------------------------------
Step: 78500 - Reward Breakdown:
  action_rate               | Scaled Avg:  -0.0133 | Raw Avg:   1.3335
  action_smoothness         | Scaled Avg:  -0.0005 | Raw Avg:   0.2387
  ang_vel_xy                | Scaled Avg:  -0.0067 | Raw Avg:   3.3320
  base_height               | Scaled Avg:  -0.0002 | Raw Avg:   0.0105
  collision                 | Scaled Avg:  -0.0017 | Raw Avg:   0.0843
  dof_acc                   | Scaled Avg:  -0.0014 | Raw Avg: 275917.8750
  feet_air_time             | Scaled Avg:   0.0001 | Raw Avg:   0.0045
  feet_contact_forces       | Scaled Avg:  -0.0000 | Raw Avg:   8.9281
  foot_clearance            | Scaled Avg:  -0.0001 | Raw Avg:   0.0140
  foot_mirror               | Scaled Avg:  -0.0006 | Raw Avg:   0.5667
  foot_slide                | Scaled Avg:  -0.0017 | Raw Avg:   1.6990
  has_contact               | Scaled Avg:  -0.0017 | Raw Avg:  -0.0428
  hip_pos                   | Scaled Avg:  -0.0037 | Raw Avg:   0.0367
  lin_vel_z                 | Scaled Avg:  -0.0105 | Raw Avg:   0.1316
  orientation               | Scaled Avg:  -0.0007 | Raw Avg:   0.1796
  powers                    | Scaled Avg:  -0.0001 | Raw Avg: 164.1461
  stand_still               | Scaled Avg:  -0.0001 | Raw Avg:   0.0061
  torques                   | Scaled Avg:  -0.0002 | Raw Avg: 855.3671
  TOTAL REWARD              | Scaled Avg:  -0.0430
------------------------------

------------------------------
Step: 79000 - Reward Breakdown:
  action_rate               | Scaled Avg:  -0.0135 | Raw Avg:   1.3509
  action_smoothness         | Scaled Avg:  -0.0005 | Raw Avg:   0.2396
  ang_vel_xy                | Scaled Avg:  -0.0067 | Raw Avg:   3.3735
  base_height               | Scaled Avg:  -0.0002 | Raw Avg:   0.0105
  collision                 | Scaled Avg:  -0.0018 | Raw Avg:   0.0894
  dof_acc                   | Scaled Avg:  -0.0013 | Raw Avg: 255447.6406
  feet_air_time             | Scaled Avg:   0.0001 | Raw Avg:   0.0037
  feet_contact_forces       | Scaled Avg:  -0.0000 | Raw Avg:   9.6978
  foot_clearance            | Scaled Avg:  -0.0001 | Raw Avg:   0.0135
  foot_mirror               | Scaled Avg:  -0.0005 | Raw Avg:   0.5335
  foot_slide                | Scaled Avg:  -0.0018 | Raw Avg:   1.7506
  has_contact               | Scaled Avg:  -0.0016 | Raw Avg:  -0.0405
  hip_pos                   | Scaled Avg:  -0.0035 | Raw Avg:   0.0348
  lin_vel_z                 | Scaled Avg:  -0.0103 | Raw Avg:   0.1284
  orientation               | Scaled Avg:  -0.0007 | Raw Avg:   0.1806
  powers                    | Scaled Avg:  -0.0001 | Raw Avg: 161.5785
  stand_still               | Scaled Avg:  -0.0001 | Raw Avg:   0.0065
  torques                   | Scaled Avg:  -0.0002 | Raw Avg: 833.5342
  TOTAL REWARD              | Scaled Avg:  -0.0428
------------------------------
################################################################################
                    [1m Learning iteration 8300/10000 [0m                     

                       Computation: 50139 steps/s (collection: 2.296s, learning 0.622s)
                     surrogate_loss -0.0041
                         value_loss 0.0152
                            entropy 2.3044
                     estimator_loss 0.0000
                         total_loss 0.0341
             Mean action noise std: 0.20
                       Mean reward: -1.19
               Mean episode length: 28.72
      Mean episode rew_action_rate: -0.0201
Mean episode rew_frame_action_rate: -0.0140
Mean episode rew_action_smoothness: -0.0007
Mean episode rew_frame_action_smoothness: -0.0005
       Mean episode rew_ang_vel_xy: -0.0101
 Mean episode rew_frame_ang_vel_xy: -0.0069
      Mean episode rew_base_height: -0.0003
Mean episode rew_frame_base_height: -0.0002
        Mean episode rew_collision: -0.0024
  Mean episode rew_frame_collision: -0.0016
          Mean episode rew_dof_acc: -0.0018
    Mean episode rew_frame_dof_acc: -0.0014
    Mean episode rew_feet_air_time: 0.0002
Mean episode rew_frame_feet_air_time: 0.0001
Mean episode rew_feet_contact_forces: -0.0000
Mean episode rew_frame_feet_contact_forces: -0.0000
   Mean episode rew_foot_clearance: -0.0002
Mean episode rew_frame_foot_clearance: -0.0001
      Mean episode rew_foot_mirror: -0.0008
Mean episode rew_frame_foot_mirror: -0.0005
       Mean episode rew_foot_slide: -0.0026
 Mean episode rew_frame_foot_slide: -0.0017
      Mean episode rew_has_contact: -0.0025
Mean episode rew_frame_has_contact: -0.0018
          Mean episode rew_hip_pos: -0.0053
    Mean episode rew_frame_hip_pos: -0.0040
        Mean episode rew_lin_vel_z: -0.0158
  Mean episode rew_frame_lin_vel_z: -0.0113
      Mean episode rew_orientation: -0.0011
Mean episode rew_frame_orientation: -0.0008
           Mean episode rew_powers: -0.0001
     Mean episode rew_frame_powers: -0.0001
      Mean episode rew_stand_still: -0.0002
Mean episode rew_frame_stand_still: -0.0002
          Mean episode rew_stumble: -0.0000
    Mean episode rew_frame_stumble: -0.0000
          Mean episode rew_torques: -0.0003
    Mean episode rew_frame_torques: -0.0002
Mean episode max_power_throughout_episode: 5528.9829
            Mean episode max_pos_x: 1.1037
            Mean episode min_pos_x: -0.2288
            Mean episode max_pos_y: 0.5736
            Mean episode min_pos_y: -0.5648
        Mean episode timeout_ratio: 0.0000
       Mean episode num_terminated: 201.6667
--------------------------------------------------------------------------------
                   Total timesteps: 4974336
                    Iteration time: 2.92s
                        Total time: 9748.54s
                               ETA: 5020.5s


------------------------------
Step: 79500 - Reward Breakdown:
  action_rate               | Scaled Avg:  -0.0134 | Raw Avg:   1.3406
  action_smoothness         | Scaled Avg:  -0.0005 | Raw Avg:   0.2384
  ang_vel_xy                | Scaled Avg:  -0.0066 | Raw Avg:   3.2809
  base_height               | Scaled Avg:  -0.0002 | Raw Avg:   0.0106
  collision                 | Scaled Avg:  -0.0016 | Raw Avg:   0.0786
  dof_acc                   | Scaled Avg:  -0.0012 | Raw Avg: 232692.5625
  feet_air_time             | Scaled Avg:   0.0001 | Raw Avg:   0.0034
  feet_contact_forces       | Scaled Avg:  -0.0000 | Raw Avg:   8.9227
  foot_clearance            | Scaled Avg:  -0.0001 | Raw Avg:   0.0136
  foot_mirror               | Scaled Avg:  -0.0006 | Raw Avg:   0.5527
  foot_slide                | Scaled Avg:  -0.0017 | Raw Avg:   1.7333
  has_contact               | Scaled Avg:  -0.0021 | Raw Avg:  -0.0515
  hip_pos                   | Scaled Avg:  -0.0036 | Raw Avg:   0.0359
  lin_vel_z                 | Scaled Avg:  -0.0107 | Raw Avg:   0.1340
  orientation               | Scaled Avg:  -0.0007 | Raw Avg:   0.1808
  powers                    | Scaled Avg:  -0.0001 | Raw Avg: 160.8212
  stand_still               | Scaled Avg:  -0.0002 | Raw Avg:   0.0089
  torques                   | Scaled Avg:  -0.0002 | Raw Avg: 840.7057
  TOTAL REWARD              | Scaled Avg:  -0.0432
------------------------------

------------------------------
Step: 80000 - Reward Breakdown:
  action_rate               | Scaled Avg:  -0.0136 | Raw Avg:   1.3636
  action_smoothness         | Scaled Avg:  -0.0005 | Raw Avg:   0.2447
  ang_vel_xy                | Scaled Avg:  -0.0066 | Raw Avg:   3.3167
  base_height               | Scaled Avg:  -0.0002 | Raw Avg:   0.0101
  collision                 | Scaled Avg:  -0.0017 | Raw Avg:   0.0850
  dof_acc                   | Scaled Avg:  -0.0013 | Raw Avg: 255124.2031
  feet_air_time             | Scaled Avg:   0.0001 | Raw Avg:   0.0044
  feet_contact_forces       | Scaled Avg:  -0.0000 | Raw Avg:   9.0350
  foot_clearance            | Scaled Avg:  -0.0001 | Raw Avg:   0.0131
  foot_mirror               | Scaled Avg:  -0.0006 | Raw Avg:   0.5602
  foot_slide                | Scaled Avg:  -0.0017 | Raw Avg:   1.6730
  has_contact               | Scaled Avg:  -0.0014 | Raw Avg:  -0.0358
  hip_pos                   | Scaled Avg:  -0.0035 | Raw Avg:   0.0352
  lin_vel_z                 | Scaled Avg:  -0.0103 | Raw Avg:   0.1292
  orientation               | Scaled Avg:  -0.0007 | Raw Avg:   0.1863
  powers                    | Scaled Avg:  -0.0001 | Raw Avg: 160.5081
  stand_still               | Scaled Avg:  -0.0002 | Raw Avg:   0.0078
  torques                   | Scaled Avg:  -0.0002 | Raw Avg: 843.3256
  TOTAL REWARD              | Scaled Avg:  -0.0426
------------------------------

------------------------------
Step: 80500 - Reward Breakdown:
  action_rate               | Scaled Avg:  -0.0137 | Raw Avg:   1.3750
  action_smoothness         | Scaled Avg:  -0.0005 | Raw Avg:   0.2451
  ang_vel_xy                | Scaled Avg:  -0.0068 | Raw Avg:   3.4092
  base_height               | Scaled Avg:  -0.0002 | Raw Avg:   0.0107
  collision                 | Scaled Avg:  -0.0019 | Raw Avg:   0.0925
  dof_acc                   | Scaled Avg:  -0.0012 | Raw Avg: 248013.5156
  feet_air_time             | Scaled Avg:   0.0001 | Raw Avg:   0.0042
  feet_contact_forces       | Scaled Avg:  -0.0000 | Raw Avg:  10.8334
  foot_clearance            | Scaled Avg:  -0.0001 | Raw Avg:   0.0140
  foot_mirror               | Scaled Avg:  -0.0006 | Raw Avg:   0.5752
  foot_slide                | Scaled Avg:  -0.0017 | Raw Avg:   1.7075
  has_contact               | Scaled Avg:  -0.0016 | Raw Avg:  -0.0399
  hip_pos                   | Scaled Avg:  -0.0035 | Raw Avg:   0.0354
  lin_vel_z                 | Scaled Avg:  -0.0115 | Raw Avg:   0.1439
  orientation               | Scaled Avg:  -0.0007 | Raw Avg:   0.1861
  powers                    | Scaled Avg:  -0.0001 | Raw Avg: 166.4002
  stand_still               | Scaled Avg:  -0.0002 | Raw Avg:   0.0080
  torques                   | Scaled Avg:  -0.0002 | Raw Avg: 836.0076
  TOTAL REWARD              | Scaled Avg:  -0.0445
------------------------------

------------------------------
Step: 81000 - Reward Breakdown:
  action_rate               | Scaled Avg:  -0.0138 | Raw Avg:   1.3844
  action_smoothness         | Scaled Avg:  -0.0005 | Raw Avg:   0.2427
  ang_vel_xy                | Scaled Avg:  -0.0068 | Raw Avg:   3.4199
  base_height               | Scaled Avg:  -0.0002 | Raw Avg:   0.0107
  collision                 | Scaled Avg:  -0.0016 | Raw Avg:   0.0823
  dof_acc                   | Scaled Avg:  -0.0012 | Raw Avg: 246117.8750
  feet_air_time             | Scaled Avg:   0.0001 | Raw Avg:   0.0044
  feet_contact_forces       | Scaled Avg:  -0.0000 | Raw Avg:   9.2718
  foot_clearance            | Scaled Avg:  -0.0001 | Raw Avg:   0.0139
  foot_mirror               | Scaled Avg:  -0.0006 | Raw Avg:   0.5555
  foot_slide                | Scaled Avg:  -0.0017 | Raw Avg:   1.7478
  has_contact               | Scaled Avg:  -0.0017 | Raw Avg:  -0.0420
  hip_pos                   | Scaled Avg:  -0.0036 | Raw Avg:   0.0361
  lin_vel_z                 | Scaled Avg:  -0.0106 | Raw Avg:   0.1330
  orientation               | Scaled Avg:  -0.0007 | Raw Avg:   0.1840
  powers                    | Scaled Avg:  -0.0001 | Raw Avg: 165.8505
  stand_still               | Scaled Avg:  -0.0002 | Raw Avg:   0.0075
  torques                   | Scaled Avg:  -0.0002 | Raw Avg: 844.4193
  TOTAL REWARD              | Scaled Avg:  -0.0437
------------------------------

------------------------------
Step: 81500 - Reward Breakdown:
  action_rate               | Scaled Avg:  -0.0134 | Raw Avg:   1.3381
  action_smoothness         | Scaled Avg:  -0.0005 | Raw Avg:   0.2380
  ang_vel_xy                | Scaled Avg:  -0.0066 | Raw Avg:   3.2867
  base_height               | Scaled Avg:  -0.0002 | Raw Avg:   0.0104
  collision                 | Scaled Avg:  -0.0017 | Raw Avg:   0.0838
  dof_acc                   | Scaled Avg:  -0.0013 | Raw Avg: 256202.4062
  feet_air_time             | Scaled Avg:   0.0001 | Raw Avg:   0.0043
  feet_contact_forces       | Scaled Avg:  -0.0000 | Raw Avg:   9.6720
  foot_clearance            | Scaled Avg:  -0.0001 | Raw Avg:   0.0131
  foot_mirror               | Scaled Avg:  -0.0005 | Raw Avg:   0.5343
  foot_slide                | Scaled Avg:  -0.0018 | Raw Avg:   1.7595
  has_contact               | Scaled Avg:  -0.0017 | Raw Avg:  -0.0413
  hip_pos                   | Scaled Avg:  -0.0034 | Raw Avg:   0.0342
  lin_vel_z                 | Scaled Avg:  -0.0101 | Raw Avg:   0.1258
  orientation               | Scaled Avg:  -0.0007 | Raw Avg:   0.1833
  powers                    | Scaled Avg:  -0.0001 | Raw Avg: 158.7685
  stand_still               | Scaled Avg:  -0.0001 | Raw Avg:   0.0057
  torques                   | Scaled Avg:  -0.0002 | Raw Avg: 825.1234
  TOTAL REWARD              | Scaled Avg:  -0.0421
------------------------------
################################################################################
                    [1m Learning iteration 8400/10000 [0m                     

                       Computation: 50071 steps/s (collection: 2.298s, learning 0.624s)
                     surrogate_loss -0.0056
                         value_loss 0.0161
                            entropy 2.3120
                     estimator_loss 0.0000
                         total_loss 0.0337
             Mean action noise std: 0.20
                       Mean reward: -1.37
               Mean episode length: 29.16
      Mean episode rew_action_rate: -0.0200
Mean episode rew_frame_action_rate: -0.0142
Mean episode rew_action_smoothness: -0.0007
Mean episode rew_frame_action_smoothness: -0.0005
       Mean episode rew_ang_vel_xy: -0.0098
 Mean episode rew_frame_ang_vel_xy: -0.0068
      Mean episode rew_base_height: -0.0003
Mean episode rew_frame_base_height: -0.0002
        Mean episode rew_collision: -0.0023
  Mean episode rew_frame_collision: -0.0015
          Mean episode rew_dof_acc: -0.0020
    Mean episode rew_frame_dof_acc: -0.0015
    Mean episode rew_feet_air_time: 0.0002
Mean episode rew_frame_feet_air_time: 0.0001
Mean episode rew_feet_contact_forces: -0.0000
Mean episode rew_frame_feet_contact_forces: -0.0000
   Mean episode rew_foot_clearance: -0.0002
Mean episode rew_frame_foot_clearance: -0.0001
      Mean episode rew_foot_mirror: -0.0008
Mean episode rew_frame_foot_mirror: -0.0005
       Mean episode rew_foot_slide: -0.0026
 Mean episode rew_frame_foot_slide: -0.0018
      Mean episode rew_has_contact: -0.0023
Mean episode rew_frame_has_contact: -0.0016
          Mean episode rew_hip_pos: -0.0050
    Mean episode rew_frame_hip_pos: -0.0039
        Mean episode rew_lin_vel_z: -0.0157
  Mean episode rew_frame_lin_vel_z: -0.0113
      Mean episode rew_orientation: -0.0011
Mean episode rew_frame_orientation: -0.0008
           Mean episode rew_powers: -0.0001
     Mean episode rew_frame_powers: -0.0001
      Mean episode rew_stand_still: -0.0004
Mean episode rew_frame_stand_still: -0.0002
          Mean episode rew_stumble: -0.0000
    Mean episode rew_frame_stumble: -0.0000
          Mean episode rew_torques: -0.0002
    Mean episode rew_frame_torques: -0.0002
Mean episode max_power_throughout_episode: 5603.2812
            Mean episode max_pos_x: 1.1266
            Mean episode min_pos_x: -0.1874
            Mean episode max_pos_y: 0.5888
            Mean episode min_pos_y: -0.5712
        Mean episode timeout_ratio: 0.0000
       Mean episode num_terminated: 204.2917
--------------------------------------------------------------------------------
                   Total timesteps: 5120640
                    Iteration time: 2.92s
                        Total time: 10042.68s
                               ETA: 4724.6s


------------------------------
Step: 82000 - Reward Breakdown:
  action_rate               | Scaled Avg:  -0.0132 | Raw Avg:   1.3248
  action_smoothness         | Scaled Avg:  -0.0005 | Raw Avg:   0.2384
  ang_vel_xy                | Scaled Avg:  -0.0065 | Raw Avg:   3.2342
  base_height               | Scaled Avg:  -0.0002 | Raw Avg:   0.0103
  collision                 | Scaled Avg:  -0.0016 | Raw Avg:   0.0801
  dof_acc                   | Scaled Avg:  -0.0013 | Raw Avg: 258194.8750
  feet_air_time             | Scaled Avg:   0.0001 | Raw Avg:   0.0037
  feet_contact_forces       | Scaled Avg:  -0.0000 | Raw Avg:   9.3827
  foot_clearance            | Scaled Avg:  -0.0001 | Raw Avg:   0.0132
  foot_mirror               | Scaled Avg:  -0.0005 | Raw Avg:   0.5298
  foot_slide                | Scaled Avg:  -0.0017 | Raw Avg:   1.7446
  has_contact               | Scaled Avg:  -0.0017 | Raw Avg:  -0.0428
  hip_pos                   | Scaled Avg:  -0.0036 | Raw Avg:   0.0361
  lin_vel_z                 | Scaled Avg:  -0.0102 | Raw Avg:   0.1276
  orientation               | Scaled Avg:  -0.0007 | Raw Avg:   0.1834
  powers                    | Scaled Avg:  -0.0001 | Raw Avg: 158.4088
  stand_still               | Scaled Avg:  -0.0003 | Raw Avg:   0.0125
  torques                   | Scaled Avg:  -0.0002 | Raw Avg: 835.9921
  TOTAL REWARD              | Scaled Avg:  -0.0424
------------------------------

------------------------------
Step: 82500 - Reward Breakdown:
  action_rate               | Scaled Avg:  -0.0136 | Raw Avg:   1.3560
  action_smoothness         | Scaled Avg:  -0.0005 | Raw Avg:   0.2410
  ang_vel_xy                | Scaled Avg:  -0.0065 | Raw Avg:   3.2548
  base_height               | Scaled Avg:  -0.0002 | Raw Avg:   0.0098
  collision                 | Scaled Avg:  -0.0015 | Raw Avg:   0.0758
  dof_acc                   | Scaled Avg:  -0.0013 | Raw Avg: 256073.4062
  feet_air_time             | Scaled Avg:   0.0001 | Raw Avg:   0.0033
  feet_contact_forces       | Scaled Avg:  -0.0000 | Raw Avg:   9.8653
  foot_clearance            | Scaled Avg:  -0.0001 | Raw Avg:   0.0130
  foot_mirror               | Scaled Avg:  -0.0005 | Raw Avg:   0.4885
  foot_slide                | Scaled Avg:  -0.0017 | Raw Avg:   1.7305
  has_contact               | Scaled Avg:  -0.0015 | Raw Avg:  -0.0371
  hip_pos                   | Scaled Avg:  -0.0033 | Raw Avg:   0.0329
  lin_vel_z                 | Scaled Avg:  -0.0104 | Raw Avg:   0.1302
  orientation               | Scaled Avg:  -0.0007 | Raw Avg:   0.1808
  powers                    | Scaled Avg:  -0.0001 | Raw Avg: 159.3019
  stand_still               | Scaled Avg:  -0.0001 | Raw Avg:   0.0071
  torques                   | Scaled Avg:  -0.0002 | Raw Avg: 821.4170
  TOTAL REWARD              | Scaled Avg:  -0.0421
------------------------------

------------------------------
Step: 83000 - Reward Breakdown:
  action_rate               | Scaled Avg:  -0.0136 | Raw Avg:   1.3644
  action_smoothness         | Scaled Avg:  -0.0005 | Raw Avg:   0.2420
  ang_vel_xy                | Scaled Avg:  -0.0067 | Raw Avg:   3.3277
  base_height               | Scaled Avg:  -0.0002 | Raw Avg:   0.0103
  collision                 | Scaled Avg:  -0.0017 | Raw Avg:   0.0863
  dof_acc                   | Scaled Avg:  -0.0013 | Raw Avg: 253082.0625
  feet_air_time             | Scaled Avg:   0.0001 | Raw Avg:   0.0035
  feet_contact_forces       | Scaled Avg:  -0.0000 | Raw Avg:   9.5962
  foot_clearance            | Scaled Avg:  -0.0001 | Raw Avg:   0.0140
  foot_mirror               | Scaled Avg:  -0.0005 | Raw Avg:   0.5361
  foot_slide                | Scaled Avg:  -0.0017 | Raw Avg:   1.6970
  has_contact               | Scaled Avg:  -0.0015 | Raw Avg:  -0.0371
  hip_pos                   | Scaled Avg:  -0.0036 | Raw Avg:   0.0358
  lin_vel_z                 | Scaled Avg:  -0.0110 | Raw Avg:   0.1372
  orientation               | Scaled Avg:  -0.0008 | Raw Avg:   0.1913
  powers                    | Scaled Avg:  -0.0001 | Raw Avg: 162.0661
  stand_still               | Scaled Avg:  -0.0001 | Raw Avg:   0.0057
  torques                   | Scaled Avg:  -0.0002 | Raw Avg: 827.0506
  TOTAL REWARD              | Scaled Avg:  -0.0434
------------------------------

------------------------------
Step: 83500 - Reward Breakdown:
  action_rate               | Scaled Avg:  -0.0134 | Raw Avg:   1.3361
  action_smoothness         | Scaled Avg:  -0.0005 | Raw Avg:   0.2378
  ang_vel_xy                | Scaled Avg:  -0.0067 | Raw Avg:   3.3744
  base_height               | Scaled Avg:  -0.0002 | Raw Avg:   0.0103
  collision                 | Scaled Avg:  -0.0016 | Raw Avg:   0.0823
  dof_acc                   | Scaled Avg:  -0.0012 | Raw Avg: 249208.8125
  feet_air_time             | Scaled Avg:   0.0001 | Raw Avg:   0.0038
  feet_contact_forces       | Scaled Avg:  -0.0000 | Raw Avg:   8.9474
  foot_clearance            | Scaled Avg:  -0.0001 | Raw Avg:   0.0136
  foot_mirror               | Scaled Avg:  -0.0005 | Raw Avg:   0.5139
  foot_slide                | Scaled Avg:  -0.0017 | Raw Avg:   1.7090
  has_contact               | Scaled Avg:  -0.0016 | Raw Avg:  -0.0412
  hip_pos                   | Scaled Avg:  -0.0035 | Raw Avg:   0.0352
  lin_vel_z                 | Scaled Avg:  -0.0100 | Raw Avg:   0.1252
  orientation               | Scaled Avg:  -0.0007 | Raw Avg:   0.1806
  powers                    | Scaled Avg:  -0.0001 | Raw Avg: 158.2351
  stand_still               | Scaled Avg:  -0.0002 | Raw Avg:   0.0089
  torques                   | Scaled Avg:  -0.0002 | Raw Avg: 821.7013
  TOTAL REWARD              | Scaled Avg:  -0.0423
------------------------------

------------------------------
Step: 84000 - Reward Breakdown:
  action_rate               | Scaled Avg:  -0.0138 | Raw Avg:   1.3764
  action_smoothness         | Scaled Avg:  -0.0005 | Raw Avg:   0.2418
  ang_vel_xy                | Scaled Avg:  -0.0067 | Raw Avg:   3.3601
  base_height               | Scaled Avg:  -0.0002 | Raw Avg:   0.0103
  collision                 | Scaled Avg:  -0.0016 | Raw Avg:   0.0810
  dof_acc                   | Scaled Avg:  -0.0013 | Raw Avg: 265322.4062
  feet_air_time             | Scaled Avg:   0.0001 | Raw Avg:   0.0044
  feet_contact_forces       | Scaled Avg:  -0.0000 | Raw Avg:   9.0985
  foot_clearance            | Scaled Avg:  -0.0001 | Raw Avg:   0.0139
  foot_mirror               | Scaled Avg:  -0.0005 | Raw Avg:   0.5490
  foot_slide                | Scaled Avg:  -0.0018 | Raw Avg:   1.7651
  has_contact               | Scaled Avg:  -0.0013 | Raw Avg:  -0.0331
  hip_pos                   | Scaled Avg:  -0.0035 | Raw Avg:   0.0355
  lin_vel_z                 | Scaled Avg:  -0.0099 | Raw Avg:   0.1237
  orientation               | Scaled Avg:  -0.0007 | Raw Avg:   0.1863
  powers                    | Scaled Avg:  -0.0001 | Raw Avg: 162.5899
  stand_still               | Scaled Avg:  -0.0001 | Raw Avg:   0.0067
  torques                   | Scaled Avg:  -0.0002 | Raw Avg: 832.3358
  TOTAL REWARD              | Scaled Avg:  -0.0424
------------------------------
################################################################################
                    [1m Learning iteration 8500/10000 [0m                     

                       Computation: 49679 steps/s (collection: 2.321s, learning 0.624s)
                     surrogate_loss -0.0045
                         value_loss 0.0148
                            entropy 2.3216
                     estimator_loss 0.0000
                         total_loss 0.0336
             Mean action noise std: 0.20
                       Mean reward: -1.26
               Mean episode length: 30.40
      Mean episode rew_action_rate: -0.0204
Mean episode rew_frame_action_rate: -0.0142
Mean episode rew_action_smoothness: -0.0007
Mean episode rew_frame_action_smoothness: -0.0005
       Mean episode rew_ang_vel_xy: -0.0099
 Mean episode rew_frame_ang_vel_xy: -0.0068
      Mean episode rew_base_height: -0.0003
Mean episode rew_frame_base_height: -0.0002
        Mean episode rew_collision: -0.0024
  Mean episode rew_frame_collision: -0.0016
          Mean episode rew_dof_acc: -0.0019
    Mean episode rew_frame_dof_acc: -0.0014
    Mean episode rew_feet_air_time: 0.0002
Mean episode rew_frame_feet_air_time: 0.0001
Mean episode rew_feet_contact_forces: -0.0000
Mean episode rew_frame_feet_contact_forces: -0.0000
   Mean episode rew_foot_clearance: -0.0002
Mean episode rew_frame_foot_clearance: -0.0001
      Mean episode rew_foot_mirror: -0.0008
Mean episode rew_frame_foot_mirror: -0.0005
       Mean episode rew_foot_slide: -0.0026
 Mean episode rew_frame_foot_slide: -0.0017
      Mean episode rew_has_contact: -0.0019
Mean episode rew_frame_has_contact: -0.0014
          Mean episode rew_hip_pos: -0.0051
    Mean episode rew_frame_hip_pos: -0.0039
        Mean episode rew_lin_vel_z: -0.0151
  Mean episode rew_frame_lin_vel_z: -0.0107
      Mean episode rew_orientation: -0.0011
Mean episode rew_frame_orientation: -0.0008
           Mean episode rew_powers: -0.0001
     Mean episode rew_frame_powers: -0.0001
      Mean episode rew_stand_still: -0.0002
Mean episode rew_frame_stand_still: -0.0001
          Mean episode rew_stumble: -0.0000
    Mean episode rew_frame_stumble: -0.0000
          Mean episode rew_torques: -0.0002
    Mean episode rew_frame_torques: -0.0002
Mean episode max_power_throughout_episode: 5580.9399
            Mean episode max_pos_x: 1.0870
            Mean episode min_pos_x: -0.2076
            Mean episode max_pos_y: 0.5869
            Mean episode min_pos_y: -0.5875
        Mean episode timeout_ratio: 0.0000
       Mean episode num_terminated: 202.7083
--------------------------------------------------------------------------------
                   Total timesteps: 5266944
                    Iteration time: 2.94s
                        Total time: 10334.72s
                               ETA: 4427.9s


------------------------------
Step: 84500 - Reward Breakdown:
  action_rate               | Scaled Avg:  -0.0134 | Raw Avg:   1.3356
  action_smoothness         | Scaled Avg:  -0.0005 | Raw Avg:   0.2417
  ang_vel_xy                | Scaled Avg:  -0.0064 | Raw Avg:   3.2075
  base_height               | Scaled Avg:  -0.0002 | Raw Avg:   0.0106
  collision                 | Scaled Avg:  -0.0015 | Raw Avg:   0.0756
  dof_acc                   | Scaled Avg:  -0.0013 | Raw Avg: 261692.1406
  feet_air_time             | Scaled Avg:   0.0001 | Raw Avg:   0.0042
  feet_contact_forces       | Scaled Avg:  -0.0000 | Raw Avg:   9.5523
  foot_clearance            | Scaled Avg:  -0.0001 | Raw Avg:   0.0141
  foot_mirror               | Scaled Avg:  -0.0006 | Raw Avg:   0.5735
  foot_slide                | Scaled Avg:  -0.0017 | Raw Avg:   1.7019
  has_contact               | Scaled Avg:  -0.0014 | Raw Avg:  -0.0346
  hip_pos                   | Scaled Avg:  -0.0035 | Raw Avg:   0.0354
  lin_vel_z                 | Scaled Avg:  -0.0099 | Raw Avg:   0.1233
  orientation               | Scaled Avg:  -0.0007 | Raw Avg:   0.1822
  powers                    | Scaled Avg:  -0.0001 | Raw Avg: 160.1934
  stand_still               | Scaled Avg:  -0.0001 | Raw Avg:   0.0071
  torques                   | Scaled Avg:  -0.0002 | Raw Avg: 834.2755
  TOTAL REWARD              | Scaled Avg:  -0.0415
------------------------------

------------------------------
Step: 85000 - Reward Breakdown:
  action_rate               | Scaled Avg:  -0.0137 | Raw Avg:   1.3653
  action_smoothness         | Scaled Avg:  -0.0005 | Raw Avg:   0.2440
  ang_vel_xy                | Scaled Avg:  -0.0069 | Raw Avg:   3.4363
  base_height               | Scaled Avg:  -0.0002 | Raw Avg:   0.0106
  collision                 | Scaled Avg:  -0.0016 | Raw Avg:   0.0820
  dof_acc                   | Scaled Avg:  -0.0014 | Raw Avg: 273148.3438
  feet_air_time             | Scaled Avg:   0.0001 | Raw Avg:   0.0040
  feet_contact_forces       | Scaled Avg:  -0.0000 | Raw Avg:   9.8997
  foot_clearance            | Scaled Avg:  -0.0001 | Raw Avg:   0.0136
  foot_mirror               | Scaled Avg:  -0.0006 | Raw Avg:   0.5874
  foot_slide                | Scaled Avg:  -0.0017 | Raw Avg:   1.7107
  has_contact               | Scaled Avg:  -0.0012 | Raw Avg:  -0.0300
  hip_pos                   | Scaled Avg:  -0.0033 | Raw Avg:   0.0333
  lin_vel_z                 | Scaled Avg:  -0.0109 | Raw Avg:   0.1357
  orientation               | Scaled Avg:  -0.0008 | Raw Avg:   0.1879
  powers                    | Scaled Avg:  -0.0001 | Raw Avg: 163.2421
  stand_still               | Scaled Avg:  -0.0000 | Raw Avg:   0.0017
  torques                   | Scaled Avg:  -0.0002 | Raw Avg: 822.1038
  TOTAL REWARD              | Scaled Avg:  -0.0430
------------------------------

------------------------------
Step: 85500 - Reward Breakdown:
  action_rate               | Scaled Avg:  -0.0131 | Raw Avg:   1.3115
  action_smoothness         | Scaled Avg:  -0.0005 | Raw Avg:   0.2369
  ang_vel_xy                | Scaled Avg:  -0.0064 | Raw Avg:   3.1888
  base_height               | Scaled Avg:  -0.0002 | Raw Avg:   0.0106
  collision                 | Scaled Avg:  -0.0018 | Raw Avg:   0.0896
  dof_acc                   | Scaled Avg:  -0.0012 | Raw Avg: 247575.5781
  feet_air_time             | Scaled Avg:   0.0001 | Raw Avg:   0.0041
  feet_contact_forces       | Scaled Avg:  -0.0000 | Raw Avg:   9.3158
  foot_clearance            | Scaled Avg:  -0.0001 | Raw Avg:   0.0135
  foot_mirror               | Scaled Avg:  -0.0006 | Raw Avg:   0.5757
  foot_slide                | Scaled Avg:  -0.0017 | Raw Avg:   1.7188
  has_contact               | Scaled Avg:  -0.0014 | Raw Avg:  -0.0346
  hip_pos                   | Scaled Avg:  -0.0035 | Raw Avg:   0.0347
  lin_vel_z                 | Scaled Avg:  -0.0096 | Raw Avg:   0.1204
  orientation               | Scaled Avg:  -0.0007 | Raw Avg:   0.1868
  powers                    | Scaled Avg:  -0.0001 | Raw Avg: 157.5152
  stand_still               | Scaled Avg:  -0.0002 | Raw Avg:   0.0091
  torques                   | Scaled Avg:  -0.0002 | Raw Avg: 839.4680
  TOTAL REWARD              | Scaled Avg:  -0.0412
------------------------------

------------------------------
Step: 86000 - Reward Breakdown:
  action_rate               | Scaled Avg:  -0.0136 | Raw Avg:   1.3550
  action_smoothness         | Scaled Avg:  -0.0005 | Raw Avg:   0.2409
  ang_vel_xy                | Scaled Avg:  -0.0066 | Raw Avg:   3.3015
  base_height               | Scaled Avg:  -0.0002 | Raw Avg:   0.0106
  collision                 | Scaled Avg:  -0.0016 | Raw Avg:   0.0789
  dof_acc                   | Scaled Avg:  -0.0013 | Raw Avg: 255458.7656
  feet_air_time             | Scaled Avg:   0.0001 | Raw Avg:   0.0043
  feet_contact_forces       | Scaled Avg:  -0.0000 | Raw Avg:   9.7429
  foot_clearance            | Scaled Avg:  -0.0001 | Raw Avg:   0.0136
  foot_mirror               | Scaled Avg:  -0.0005 | Raw Avg:   0.5396
  foot_slide                | Scaled Avg:  -0.0017 | Raw Avg:   1.7026
  has_contact               | Scaled Avg:  -0.0015 | Raw Avg:  -0.0387
  hip_pos                   | Scaled Avg:  -0.0035 | Raw Avg:   0.0345
  lin_vel_z                 | Scaled Avg:  -0.0104 | Raw Avg:   0.1294
  orientation               | Scaled Avg:  -0.0007 | Raw Avg:   0.1826
  powers                    | Scaled Avg:  -0.0001 | Raw Avg: 159.7056
  stand_still               | Scaled Avg:  -0.0002 | Raw Avg:   0.0097
  torques                   | Scaled Avg:  -0.0002 | Raw Avg: 831.1150
  TOTAL REWARD              | Scaled Avg:  -0.0425
------------------------------
################################################################################
                    [1m Learning iteration 8600/10000 [0m                     

                       Computation: 50250 steps/s (collection: 2.290s, learning 0.621s)
                     surrogate_loss -0.0081
                         value_loss 0.0126
                            entropy 2.3259
                     estimator_loss 0.0000
                         total_loss 0.0277
             Mean action noise std: 0.20
                       Mean reward: -1.31
               Mean episode length: 29.79
      Mean episode rew_action_rate: -0.0204
Mean episode rew_frame_action_rate: -0.0140
Mean episode rew_action_smoothness: -0.0007
Mean episode rew_frame_action_smoothness: -0.0005
       Mean episode rew_ang_vel_xy: -0.0098
 Mean episode rew_frame_ang_vel_xy: -0.0066
      Mean episode rew_base_height: -0.0003
Mean episode rew_frame_base_height: -0.0002
        Mean episode rew_collision: -0.0024
  Mean episode rew_frame_collision: -0.0015
          Mean episode rew_dof_acc: -0.0020
    Mean episode rew_frame_dof_acc: -0.0014
    Mean episode rew_feet_air_time: 0.0002
Mean episode rew_frame_feet_air_time: 0.0001
Mean episode rew_feet_contact_forces: -0.0000
Mean episode rew_frame_feet_contact_forces: -0.0000
   Mean episode rew_foot_clearance: -0.0002
Mean episode rew_frame_foot_clearance: -0.0001
      Mean episode rew_foot_mirror: -0.0008
Mean episode rew_frame_foot_mirror: -0.0005
       Mean episode rew_foot_slide: -0.0026
 Mean episode rew_frame_foot_slide: -0.0017
      Mean episode rew_has_contact: -0.0020
Mean episode rew_frame_has_contact: -0.0014
          Mean episode rew_hip_pos: -0.0053
    Mean episode rew_frame_hip_pos: -0.0039
        Mean episode rew_lin_vel_z: -0.0151
  Mean episode rew_frame_lin_vel_z: -0.0105
      Mean episode rew_orientation: -0.0011
Mean episode rew_frame_orientation: -0.0008
           Mean episode rew_powers: -0.0001
     Mean episode rew_frame_powers: -0.0001
      Mean episode rew_stand_still: -0.0003
Mean episode rew_frame_stand_still: -0.0002
          Mean episode rew_stumble: -0.0000
    Mean episode rew_frame_stumble: -0.0000
          Mean episode rew_torques: -0.0003
    Mean episode rew_frame_torques: -0.0002
Mean episode max_power_throughout_episode: 5410.0596
            Mean episode max_pos_x: 1.1491
            Mean episode min_pos_x: -0.2017
            Mean episode max_pos_y: 0.5765
            Mean episode min_pos_y: -0.6186
        Mean episode timeout_ratio: 0.0000
       Mean episode num_terminated: 202.0833
--------------------------------------------------------------------------------
                   Total timesteps: 5413248
                    Iteration time: 2.91s
                        Total time: 10627.61s
                               ETA: 4131.8s


------------------------------
Step: 86500 - Reward Breakdown:
  action_rate               | Scaled Avg:  -0.0134 | Raw Avg:   1.3375
  action_smoothness         | Scaled Avg:  -0.0005 | Raw Avg:   0.2400
  ang_vel_xy                | Scaled Avg:  -0.0064 | Raw Avg:   3.2108
  base_height               | Scaled Avg:  -0.0002 | Raw Avg:   0.0103
  collision                 | Scaled Avg:  -0.0015 | Raw Avg:   0.0756
  dof_acc                   | Scaled Avg:  -0.0013 | Raw Avg: 262941.3125
  feet_air_time             | Scaled Avg:   0.0001 | Raw Avg:   0.0046
  feet_contact_forces       | Scaled Avg:  -0.0000 | Raw Avg:   9.2906
  foot_clearance            | Scaled Avg:  -0.0001 | Raw Avg:   0.0137
  foot_mirror               | Scaled Avg:  -0.0005 | Raw Avg:   0.4990
  foot_slide                | Scaled Avg:  -0.0017 | Raw Avg:   1.7015
  has_contact               | Scaled Avg:  -0.0015 | Raw Avg:  -0.0382
  hip_pos                   | Scaled Avg:  -0.0035 | Raw Avg:   0.0346
  lin_vel_z                 | Scaled Avg:  -0.0099 | Raw Avg:   0.1233
  orientation               | Scaled Avg:  -0.0007 | Raw Avg:   0.1804
  powers                    | Scaled Avg:  -0.0001 | Raw Avg: 156.8965
  stand_still               | Scaled Avg:  -0.0001 | Raw Avg:   0.0064
  torques                   | Scaled Avg:  -0.0002 | Raw Avg: 825.9635
  TOTAL REWARD              | Scaled Avg:  -0.0415
------------------------------

------------------------------
Step: 87000 - Reward Breakdown:
  action_rate               | Scaled Avg:  -0.0132 | Raw Avg:   1.3228
  action_smoothness         | Scaled Avg:  -0.0005 | Raw Avg:   0.2384
  ang_vel_xy                | Scaled Avg:  -0.0066 | Raw Avg:   3.2959
  base_height               | Scaled Avg:  -0.0002 | Raw Avg:   0.0102
  collision                 | Scaled Avg:  -0.0016 | Raw Avg:   0.0804
  dof_acc                   | Scaled Avg:  -0.0013 | Raw Avg: 260299.1719
  feet_air_time             | Scaled Avg:   0.0001 | Raw Avg:   0.0040
  feet_contact_forces       | Scaled Avg:  -0.0000 | Raw Avg:   8.6382
  foot_clearance            | Scaled Avg:  -0.0001 | Raw Avg:   0.0140
  foot_mirror               | Scaled Avg:  -0.0005 | Raw Avg:   0.5385
  foot_slide                | Scaled Avg:  -0.0018 | Raw Avg:   1.7592
  has_contact               | Scaled Avg:  -0.0018 | Raw Avg:  -0.0443
  hip_pos                   | Scaled Avg:  -0.0033 | Raw Avg:   0.0330
  lin_vel_z                 | Scaled Avg:  -0.0097 | Raw Avg:   0.1209
  orientation               | Scaled Avg:  -0.0007 | Raw Avg:   0.1788
  powers                    | Scaled Avg:  -0.0001 | Raw Avg: 155.9911
  stand_still               | Scaled Avg:  -0.0001 | Raw Avg:   0.0061
  torques                   | Scaled Avg:  -0.0002 | Raw Avg: 822.3381
  TOTAL REWARD              | Scaled Avg:  -0.0416
------------------------------

------------------------------
Step: 87500 - Reward Breakdown:
  action_rate               | Scaled Avg:  -0.0134 | Raw Avg:   1.3377
  action_smoothness         | Scaled Avg:  -0.0005 | Raw Avg:   0.2375
  ang_vel_xy                | Scaled Avg:  -0.0065 | Raw Avg:   3.2682
  base_height               | Scaled Avg:  -0.0002 | Raw Avg:   0.0101
  collision                 | Scaled Avg:  -0.0015 | Raw Avg:   0.0773
  dof_acc                   | Scaled Avg:  -0.0013 | Raw Avg: 253756.4219
  feet_air_time             | Scaled Avg:   0.0001 | Raw Avg:   0.0040
  feet_contact_forces       | Scaled Avg:  -0.0000 | Raw Avg:   8.6731
  foot_clearance            | Scaled Avg:  -0.0001 | Raw Avg:   0.0144
  foot_mirror               | Scaled Avg:  -0.0005 | Raw Avg:   0.5319
  foot_slide                | Scaled Avg:  -0.0017 | Raw Avg:   1.7466
  has_contact               | Scaled Avg:  -0.0014 | Raw Avg:  -0.0353
  hip_pos                   | Scaled Avg:  -0.0034 | Raw Avg:   0.0338
  lin_vel_z                 | Scaled Avg:  -0.0107 | Raw Avg:   0.1339
  orientation               | Scaled Avg:  -0.0007 | Raw Avg:   0.1825
  powers                    | Scaled Avg:  -0.0001 | Raw Avg: 160.1266
  stand_still               | Scaled Avg:  -0.0002 | Raw Avg:   0.0119
  torques                   | Scaled Avg:  -0.0002 | Raw Avg: 826.8122
  TOTAL REWARD              | Scaled Avg:  -0.0424
------------------------------

------------------------------
Step: 88000 - Reward Breakdown:
  action_rate               | Scaled Avg:  -0.0135 | Raw Avg:   1.3477
  action_smoothness         | Scaled Avg:  -0.0005 | Raw Avg:   0.2395
  ang_vel_xy                | Scaled Avg:  -0.0064 | Raw Avg:   3.1917
  base_height               | Scaled Avg:  -0.0002 | Raw Avg:   0.0103
  collision                 | Scaled Avg:  -0.0016 | Raw Avg:   0.0778
  dof_acc                   | Scaled Avg:  -0.0012 | Raw Avg: 246386.4375
  feet_air_time             | Scaled Avg:   0.0001 | Raw Avg:   0.0041
  feet_contact_forces       | Scaled Avg:  -0.0000 | Raw Avg:   9.1705
  foot_clearance            | Scaled Avg:  -0.0001 | Raw Avg:   0.0141
  foot_mirror               | Scaled Avg:  -0.0005 | Raw Avg:   0.5363
  foot_slide                | Scaled Avg:  -0.0017 | Raw Avg:   1.7112
  has_contact               | Scaled Avg:  -0.0014 | Raw Avg:  -0.0338
  hip_pos                   | Scaled Avg:  -0.0032 | Raw Avg:   0.0324
  lin_vel_z                 | Scaled Avg:  -0.0105 | Raw Avg:   0.1315
  orientation               | Scaled Avg:  -0.0007 | Raw Avg:   0.1821
  powers                    | Scaled Avg:  -0.0001 | Raw Avg: 157.8472
  stand_still               | Scaled Avg:  -0.0002 | Raw Avg:   0.0094
  torques                   | Scaled Avg:  -0.0002 | Raw Avg: 830.8945
  TOTAL REWARD              | Scaled Avg:  -0.0419
------------------------------

------------------------------
Step: 88500 - Reward Breakdown:
  action_rate               | Scaled Avg:  -0.0134 | Raw Avg:   1.3403
  action_smoothness         | Scaled Avg:  -0.0005 | Raw Avg:   0.2393
  ang_vel_xy                | Scaled Avg:  -0.0065 | Raw Avg:   3.2445
  base_height               | Scaled Avg:  -0.0002 | Raw Avg:   0.0100
  collision                 | Scaled Avg:  -0.0015 | Raw Avg:   0.0760
  dof_acc                   | Scaled Avg:  -0.0012 | Raw Avg: 246925.4375
  feet_air_time             | Scaled Avg:   0.0001 | Raw Avg:   0.0036
  feet_contact_forces       | Scaled Avg:  -0.0000 | Raw Avg:   9.5464
  foot_clearance            | Scaled Avg:  -0.0001 | Raw Avg:   0.0136
  foot_mirror               | Scaled Avg:  -0.0006 | Raw Avg:   0.5504
  foot_slide                | Scaled Avg:  -0.0017 | Raw Avg:   1.6913
  has_contact               | Scaled Avg:  -0.0015 | Raw Avg:  -0.0381
  hip_pos                   | Scaled Avg:  -0.0033 | Raw Avg:   0.0332
  lin_vel_z                 | Scaled Avg:  -0.0103 | Raw Avg:   0.1291
  orientation               | Scaled Avg:  -0.0007 | Raw Avg:   0.1818
  powers                    | Scaled Avg:  -0.0001 | Raw Avg: 158.6028
  stand_still               | Scaled Avg:  -0.0002 | Raw Avg:   0.0081
  torques                   | Scaled Avg:  -0.0002 | Raw Avg: 834.6360
  TOTAL REWARD              | Scaled Avg:  -0.0419
------------------------------
################################################################################
                    [1m Learning iteration 8700/10000 [0m                     

                       Computation: 50825 steps/s (collection: 2.270s, learning 0.609s)
                     surrogate_loss -0.0026
                         value_loss 0.0128
                            entropy 2.2969
                     estimator_loss 0.0000
                         total_loss 0.0332
             Mean action noise std: 0.20
                       Mean reward: -1.19
               Mean episode length: 31.08
      Mean episode rew_action_rate: -0.0207
Mean episode rew_frame_action_rate: -0.0138
Mean episode rew_action_smoothness: -0.0007
Mean episode rew_frame_action_smoothness: -0.0005
       Mean episode rew_ang_vel_xy: -0.0099
 Mean episode rew_frame_ang_vel_xy: -0.0065
      Mean episode rew_base_height: -0.0003
Mean episode rew_frame_base_height: -0.0002
        Mean episode rew_collision: -0.0025
  Mean episode rew_frame_collision: -0.0015
          Mean episode rew_dof_acc: -0.0022
    Mean episode rew_frame_dof_acc: -0.0015
    Mean episode rew_feet_air_time: 0.0002
Mean episode rew_frame_feet_air_time: 0.0001
Mean episode rew_feet_contact_forces: -0.0000
Mean episode rew_frame_feet_contact_forces: -0.0000
   Mean episode rew_foot_clearance: -0.0002
Mean episode rew_frame_foot_clearance: -0.0001
      Mean episode rew_foot_mirror: -0.0008
Mean episode rew_frame_foot_mirror: -0.0005
       Mean episode rew_foot_slide: -0.0027
 Mean episode rew_frame_foot_slide: -0.0017
      Mean episode rew_has_contact: -0.0021
Mean episode rew_frame_has_contact: -0.0016
          Mean episode rew_hip_pos: -0.0052
    Mean episode rew_frame_hip_pos: -0.0037
        Mean episode rew_lin_vel_z: -0.0143
  Mean episode rew_frame_lin_vel_z: -0.0098
      Mean episode rew_orientation: -0.0012
Mean episode rew_frame_orientation: -0.0008
           Mean episode rew_powers: -0.0001
     Mean episode rew_frame_powers: -0.0001
      Mean episode rew_stand_still: -0.0001
Mean episode rew_frame_stand_still: -0.0001
          Mean episode rew_stumble: -0.0000
    Mean episode rew_frame_stumble: -0.0000
          Mean episode rew_torques: -0.0003
    Mean episode rew_frame_torques: -0.0002
Mean episode max_power_throughout_episode: 5354.7593
            Mean episode max_pos_x: 1.1371
            Mean episode min_pos_x: -0.1957
            Mean episode max_pos_y: 0.5901
            Mean episode min_pos_y: -0.5923
        Mean episode timeout_ratio: 0.0000
       Mean episode num_terminated: 194.3333
--------------------------------------------------------------------------------
                   Total timesteps: 5559552
                    Iteration time: 2.88s
                        Total time: 10921.51s
                               ETA: 3836.3s


------------------------------
Step: 89000 - Reward Breakdown:
  action_rate               | Scaled Avg:  -0.0132 | Raw Avg:   1.3238
  action_smoothness         | Scaled Avg:  -0.0005 | Raw Avg:   0.2396
  ang_vel_xy                | Scaled Avg:  -0.0063 | Raw Avg:   3.1552
  base_height               | Scaled Avg:  -0.0002 | Raw Avg:   0.0099
  collision                 | Scaled Avg:  -0.0015 | Raw Avg:   0.0755
  dof_acc                   | Scaled Avg:  -0.0014 | Raw Avg: 284252.6250
  feet_air_time             | Scaled Avg:   0.0001 | Raw Avg:   0.0041
  feet_contact_forces       | Scaled Avg:  -0.0000 | Raw Avg:   8.9775
  foot_clearance            | Scaled Avg:  -0.0001 | Raw Avg:   0.0134
  foot_mirror               | Scaled Avg:  -0.0005 | Raw Avg:   0.5172
  foot_slide                | Scaled Avg:  -0.0017 | Raw Avg:   1.7401
  has_contact               | Scaled Avg:  -0.0016 | Raw Avg:  -0.0392
  hip_pos                   | Scaled Avg:  -0.0033 | Raw Avg:   0.0329
  lin_vel_z                 | Scaled Avg:  -0.0097 | Raw Avg:   0.1213
  orientation               | Scaled Avg:  -0.0007 | Raw Avg:   0.1819
  powers                    | Scaled Avg:  -0.0001 | Raw Avg: 158.4657
  stand_still               | Scaled Avg:  -0.0002 | Raw Avg:   0.0101
  torques                   | Scaled Avg:  -0.0002 | Raw Avg: 829.6935
  TOTAL REWARD              | Scaled Avg:  -0.0412
------------------------------

------------------------------
Step: 89500 - Reward Breakdown:
  action_rate               | Scaled Avg:  -0.0137 | Raw Avg:   1.3718
  action_smoothness         | Scaled Avg:  -0.0005 | Raw Avg:   0.2419
  ang_vel_xy                | Scaled Avg:  -0.0065 | Raw Avg:   3.2720
  base_height               | Scaled Avg:  -0.0002 | Raw Avg:   0.0101
  collision                 | Scaled Avg:  -0.0017 | Raw Avg:   0.0828
  dof_acc                   | Scaled Avg:  -0.0016 | Raw Avg: 320583.9688
  feet_air_time             | Scaled Avg:   0.0001 | Raw Avg:   0.0037
  feet_contact_forces       | Scaled Avg:  -0.0000 | Raw Avg:   9.3955
  foot_clearance            | Scaled Avg:  -0.0001 | Raw Avg:   0.0143
  foot_mirror               | Scaled Avg:  -0.0005 | Raw Avg:   0.5293
  foot_slide                | Scaled Avg:  -0.0017 | Raw Avg:   1.7356
  has_contact               | Scaled Avg:  -0.0017 | Raw Avg:  -0.0422
  hip_pos                   | Scaled Avg:  -0.0035 | Raw Avg:   0.0355
  lin_vel_z                 | Scaled Avg:  -0.0097 | Raw Avg:   0.1214
  orientation               | Scaled Avg:  -0.0007 | Raw Avg:   0.1846
  powers                    | Scaled Avg:  -0.0001 | Raw Avg: 164.3492
  stand_still               | Scaled Avg:  -0.0002 | Raw Avg:   0.0104
  torques                   | Scaled Avg:  -0.0002 | Raw Avg: 850.3638
  TOTAL REWARD              | Scaled Avg:  -0.0427
------------------------------

------------------------------
Step: 90000 - Reward Breakdown:
  action_rate               | Scaled Avg:  -0.0134 | Raw Avg:   1.3373
  action_smoothness         | Scaled Avg:  -0.0005 | Raw Avg:   0.2362
  ang_vel_xy                | Scaled Avg:  -0.0063 | Raw Avg:   3.1739
  base_height               | Scaled Avg:  -0.0002 | Raw Avg:   0.0102
  collision                 | Scaled Avg:  -0.0015 | Raw Avg:   0.0746
  dof_acc                   | Scaled Avg:  -0.0014 | Raw Avg: 287506.9688
  feet_air_time             | Scaled Avg:   0.0001 | Raw Avg:   0.0034
  feet_contact_forces       | Scaled Avg:  -0.0000 | Raw Avg:   9.0746
  foot_clearance            | Scaled Avg:  -0.0001 | Raw Avg:   0.0139
  foot_mirror               | Scaled Avg:  -0.0005 | Raw Avg:   0.5129
  foot_slide                | Scaled Avg:  -0.0017 | Raw Avg:   1.7369
  has_contact               | Scaled Avg:  -0.0015 | Raw Avg:  -0.0379
  hip_pos                   | Scaled Avg:  -0.0033 | Raw Avg:   0.0332
  lin_vel_z                 | Scaled Avg:  -0.0088 | Raw Avg:   0.1104
  orientation               | Scaled Avg:  -0.0007 | Raw Avg:   0.1834
  powers                    | Scaled Avg:  -0.0001 | Raw Avg: 157.1583
  stand_still               | Scaled Avg:  -0.0002 | Raw Avg:   0.0092
  torques                   | Scaled Avg:  -0.0002 | Raw Avg: 830.0039
  TOTAL REWARD              | Scaled Avg:  -0.0405
------------------------------

------------------------------
Step: 90500 - Reward Breakdown:
  action_rate               | Scaled Avg:  -0.0134 | Raw Avg:   1.3407
  action_smoothness         | Scaled Avg:  -0.0005 | Raw Avg:   0.2371
  ang_vel_xy                | Scaled Avg:  -0.0063 | Raw Avg:   3.1619
  base_height               | Scaled Avg:  -0.0002 | Raw Avg:   0.0104
  collision                 | Scaled Avg:  -0.0016 | Raw Avg:   0.0794
  dof_acc                   | Scaled Avg:  -0.0013 | Raw Avg: 265911.3125
  feet_air_time             | Scaled Avg:   0.0001 | Raw Avg:   0.0040
  feet_contact_forces       | Scaled Avg:  -0.0000 | Raw Avg:   9.8100
  foot_clearance            | Scaled Avg:  -0.0001 | Raw Avg:   0.0138
  foot_mirror               | Scaled Avg:  -0.0005 | Raw Avg:   0.4999
  foot_slide                | Scaled Avg:  -0.0017 | Raw Avg:   1.7497
  has_contact               | Scaled Avg:  -0.0014 | Raw Avg:  -0.0338
  hip_pos                   | Scaled Avg:  -0.0032 | Raw Avg:   0.0323
  lin_vel_z                 | Scaled Avg:  -0.0101 | Raw Avg:   0.1263
  orientation               | Scaled Avg:  -0.0007 | Raw Avg:   0.1827
  powers                    | Scaled Avg:  -0.0001 | Raw Avg: 156.9876
  stand_still               | Scaled Avg:  -0.0002 | Raw Avg:   0.0079
  torques                   | Scaled Avg:  -0.0002 | Raw Avg: 824.1718
  TOTAL REWARD              | Scaled Avg:  -0.0414
------------------------------

------------------------------
Step: 91000 - Reward Breakdown:
  action_rate               | Scaled Avg:  -0.0132 | Raw Avg:   1.3238
  action_smoothness         | Scaled Avg:  -0.0005 | Raw Avg:   0.2362
  ang_vel_xy                | Scaled Avg:  -0.0068 | Raw Avg:   3.4011
  base_height               | Scaled Avg:  -0.0002 | Raw Avg:   0.0105
  collision                 | Scaled Avg:  -0.0015 | Raw Avg:   0.0745
  dof_acc                   | Scaled Avg:  -0.0013 | Raw Avg: 251306.9531
  feet_air_time             | Scaled Avg:   0.0001 | Raw Avg:   0.0041
  feet_contact_forces       | Scaled Avg:  -0.0000 | Raw Avg:   9.8253
  foot_clearance            | Scaled Avg:  -0.0001 | Raw Avg:   0.0134
  foot_mirror               | Scaled Avg:  -0.0005 | Raw Avg:   0.4995
  foot_slide                | Scaled Avg:  -0.0017 | Raw Avg:   1.7352
  has_contact               | Scaled Avg:  -0.0012 | Raw Avg:  -0.0308
  hip_pos                   | Scaled Avg:  -0.0035 | Raw Avg:   0.0354
  lin_vel_z                 | Scaled Avg:  -0.0100 | Raw Avg:   0.1249
  orientation               | Scaled Avg:  -0.0007 | Raw Avg:   0.1794
  powers                    | Scaled Avg:  -0.0001 | Raw Avg: 159.0871
  stand_still               | Scaled Avg:  -0.0001 | Raw Avg:   0.0061
  torques                   | Scaled Avg:  -0.0002 | Raw Avg: 851.0141
  TOTAL REWARD              | Scaled Avg:  -0.0416
------------------------------
################################################################################
                    [1m Learning iteration 8800/10000 [0m                     

                       Computation: 50852 steps/s (collection: 2.269s, learning 0.608s)
                     surrogate_loss -0.0054
                         value_loss 0.0134
                            entropy 2.2950
                     estimator_loss 0.0000
                         total_loss 0.0310
             Mean action noise std: 0.20
                       Mean reward: -1.24
               Mean episode length: 31.29
      Mean episode rew_action_rate: -0.0205
Mean episode rew_frame_action_rate: -0.0139
Mean episode rew_action_smoothness: -0.0007
Mean episode rew_frame_action_smoothness: -0.0005
       Mean episode rew_ang_vel_xy: -0.0099
 Mean episode rew_frame_ang_vel_xy: -0.0066
      Mean episode rew_base_height: -0.0003
Mean episode rew_frame_base_height: -0.0002
        Mean episode rew_collision: -0.0023
  Mean episode rew_frame_collision: -0.0015
          Mean episode rew_dof_acc: -0.0021
    Mean episode rew_frame_dof_acc: -0.0015
    Mean episode rew_feet_air_time: 0.0002
Mean episode rew_frame_feet_air_time: 0.0001
Mean episode rew_feet_contact_forces: -0.0000
Mean episode rew_frame_feet_contact_forces: -0.0000
   Mean episode rew_foot_clearance: -0.0002
Mean episode rew_frame_foot_clearance: -0.0001
      Mean episode rew_foot_mirror: -0.0008
Mean episode rew_frame_foot_mirror: -0.0005
       Mean episode rew_foot_slide: -0.0027
 Mean episode rew_frame_foot_slide: -0.0017
      Mean episode rew_has_contact: -0.0023
Mean episode rew_frame_has_contact: -0.0016
          Mean episode rew_hip_pos: -0.0051
    Mean episode rew_frame_hip_pos: -0.0037
        Mean episode rew_lin_vel_z: -0.0148
  Mean episode rew_frame_lin_vel_z: -0.0103
      Mean episode rew_orientation: -0.0011
Mean episode rew_frame_orientation: -0.0008
           Mean episode rew_powers: -0.0001
     Mean episode rew_frame_powers: -0.0001
      Mean episode rew_stand_still: -0.0003
Mean episode rew_frame_stand_still: -0.0002
          Mean episode rew_stumble: -0.0000
    Mean episode rew_frame_stumble: -0.0000
          Mean episode rew_torques: -0.0003
    Mean episode rew_frame_torques: -0.0002
Mean episode max_power_throughout_episode: 5494.7324
            Mean episode max_pos_x: 1.1155
            Mean episode min_pos_x: -0.2036
            Mean episode max_pos_y: 0.5871
            Mean episode min_pos_y: -0.5745
        Mean episode timeout_ratio: 0.0000
       Mean episode num_terminated: 196.0000
--------------------------------------------------------------------------------
                   Total timesteps: 5705856
                    Iteration time: 2.88s
                        Total time: 11211.98s
                               ETA: 3539.7s


------------------------------
Step: 91500 - Reward Breakdown:
  action_rate               | Scaled Avg:  -0.0134 | Raw Avg:   1.3428
  action_smoothness         | Scaled Avg:  -0.0005 | Raw Avg:   0.2396
  ang_vel_xy                | Scaled Avg:  -0.0066 | Raw Avg:   3.3038
  base_height               | Scaled Avg:  -0.0002 | Raw Avg:   0.0102
  collision                 | Scaled Avg:  -0.0017 | Raw Avg:   0.0825
  dof_acc                   | Scaled Avg:  -0.0014 | Raw Avg: 289882.7812
  feet_air_time             | Scaled Avg:   0.0001 | Raw Avg:   0.0037
  feet_contact_forces       | Scaled Avg:  -0.0000 | Raw Avg:   9.6080
  foot_clearance            | Scaled Avg:  -0.0001 | Raw Avg:   0.0131
  foot_mirror               | Scaled Avg:  -0.0005 | Raw Avg:   0.4722
  foot_slide                | Scaled Avg:  -0.0017 | Raw Avg:   1.7418
  has_contact               | Scaled Avg:  -0.0014 | Raw Avg:  -0.0351
  hip_pos                   | Scaled Avg:  -0.0034 | Raw Avg:   0.0344
  lin_vel_z                 | Scaled Avg:  -0.0096 | Raw Avg:   0.1206
  orientation               | Scaled Avg:  -0.0007 | Raw Avg:   0.1794
  powers                    | Scaled Avg:  -0.0001 | Raw Avg: 158.0973
  stand_still               | Scaled Avg:  -0.0002 | Raw Avg:   0.0089
  torques                   | Scaled Avg:  -0.0002 | Raw Avg: 850.7218
  TOTAL REWARD              | Scaled Avg:  -0.0417
------------------------------

------------------------------
Step: 92000 - Reward Breakdown:
  action_rate               | Scaled Avg:  -0.0131 | Raw Avg:   1.3144
  action_smoothness         | Scaled Avg:  -0.0005 | Raw Avg:   0.2375
  ang_vel_xy                | Scaled Avg:  -0.0064 | Raw Avg:   3.2203
  base_height               | Scaled Avg:  -0.0002 | Raw Avg:   0.0103
  collision                 | Scaled Avg:  -0.0017 | Raw Avg:   0.0842
  dof_acc                   | Scaled Avg:  -0.0013 | Raw Avg: 266224.3750
  feet_air_time             | Scaled Avg:   0.0001 | Raw Avg:   0.0042
  feet_contact_forces       | Scaled Avg:  -0.0000 | Raw Avg:   9.5758
  foot_clearance            | Scaled Avg:  -0.0001 | Raw Avg:   0.0135
  foot_mirror               | Scaled Avg:  -0.0005 | Raw Avg:   0.4685
  foot_slide                | Scaled Avg:  -0.0017 | Raw Avg:   1.7275
  has_contact               | Scaled Avg:  -0.0013 | Raw Avg:  -0.0328
  hip_pos                   | Scaled Avg:  -0.0034 | Raw Avg:   0.0342
  lin_vel_z                 | Scaled Avg:  -0.0097 | Raw Avg:   0.1218
  orientation               | Scaled Avg:  -0.0007 | Raw Avg:   0.1789
  powers                    | Scaled Avg:  -0.0001 | Raw Avg: 157.9234
  stand_still               | Scaled Avg:  -0.0001 | Raw Avg:   0.0055
  torques                   | Scaled Avg:  -0.0002 | Raw Avg: 841.2863
  TOTAL REWARD              | Scaled Avg:  -0.0411
------------------------------

------------------------------
Step: 92500 - Reward Breakdown:
  action_rate               | Scaled Avg:  -0.0133 | Raw Avg:   1.3276
  action_smoothness         | Scaled Avg:  -0.0005 | Raw Avg:   0.2341
  ang_vel_xy                | Scaled Avg:  -0.0063 | Raw Avg:   3.1638
  base_height               | Scaled Avg:  -0.0002 | Raw Avg:   0.0101
  collision                 | Scaled Avg:  -0.0017 | Raw Avg:   0.0851
  dof_acc                   | Scaled Avg:  -0.0014 | Raw Avg: 285543.0312
  feet_air_time             | Scaled Avg:   0.0001 | Raw Avg:   0.0040
  feet_contact_forces       | Scaled Avg:  -0.0000 | Raw Avg:   9.3996
  foot_clearance            | Scaled Avg:  -0.0001 | Raw Avg:   0.0129
  foot_mirror               | Scaled Avg:  -0.0005 | Raw Avg:   0.4535
  foot_slide                | Scaled Avg:  -0.0017 | Raw Avg:   1.7478
  has_contact               | Scaled Avg:  -0.0015 | Raw Avg:  -0.0363
  hip_pos                   | Scaled Avg:  -0.0032 | Raw Avg:   0.0323
  lin_vel_z                 | Scaled Avg:  -0.0093 | Raw Avg:   0.1162
  orientation               | Scaled Avg:  -0.0007 | Raw Avg:   0.1747
  powers                    | Scaled Avg:  -0.0001 | Raw Avg: 156.9519
  stand_still               | Scaled Avg:  -0.0001 | Raw Avg:   0.0057
  torques                   | Scaled Avg:  -0.0002 | Raw Avg: 843.1236
  TOTAL REWARD              | Scaled Avg:  -0.0407
------------------------------

------------------------------
Step: 93000 - Reward Breakdown:
  action_rate               | Scaled Avg:  -0.0132 | Raw Avg:   1.3160
  action_smoothness         | Scaled Avg:  -0.0005 | Raw Avg:   0.2362
  ang_vel_xy                | Scaled Avg:  -0.0066 | Raw Avg:   3.2995
  base_height               | Scaled Avg:  -0.0002 | Raw Avg:   0.0102
  collision                 | Scaled Avg:  -0.0017 | Raw Avg:   0.0825
  dof_acc                   | Scaled Avg:  -0.0014 | Raw Avg: 280248.0312
  feet_air_time             | Scaled Avg:   0.0001 | Raw Avg:   0.0037
  feet_contact_forces       | Scaled Avg:  -0.0000 | Raw Avg:   8.6577
  foot_clearance            | Scaled Avg:  -0.0001 | Raw Avg:   0.0132
  foot_mirror               | Scaled Avg:  -0.0005 | Raw Avg:   0.4945
  foot_slide                | Scaled Avg:  -0.0017 | Raw Avg:   1.7207
  has_contact               | Scaled Avg:  -0.0014 | Raw Avg:  -0.0351
  hip_pos                   | Scaled Avg:  -0.0033 | Raw Avg:   0.0329
  lin_vel_z                 | Scaled Avg:  -0.0090 | Raw Avg:   0.1126
  orientation               | Scaled Avg:  -0.0007 | Raw Avg:   0.1790
  powers                    | Scaled Avg:  -0.0001 | Raw Avg: 158.5316
  stand_still               | Scaled Avg:  -0.0002 | Raw Avg:   0.0087
  torques                   | Scaled Avg:  -0.0002 | Raw Avg: 842.1624
  TOTAL REWARD              | Scaled Avg:  -0.0406
------------------------------

------------------------------
Step: 93500 - Reward Breakdown:
  action_rate               | Scaled Avg:  -0.0134 | Raw Avg:   1.3394
  action_smoothness         | Scaled Avg:  -0.0005 | Raw Avg:   0.2385
  ang_vel_xy                | Scaled Avg:  -0.0067 | Raw Avg:   3.3252
  base_height               | Scaled Avg:  -0.0002 | Raw Avg:   0.0105
  collision                 | Scaled Avg:  -0.0017 | Raw Avg:   0.0842
  dof_acc                   | Scaled Avg:  -0.0013 | Raw Avg: 267633.4375
  feet_air_time             | Scaled Avg:   0.0001 | Raw Avg:   0.0043
  feet_contact_forces       | Scaled Avg:  -0.0000 | Raw Avg:   8.8772
  foot_clearance            | Scaled Avg:  -0.0001 | Raw Avg:   0.0127
  foot_mirror               | Scaled Avg:  -0.0005 | Raw Avg:   0.4685
  foot_slide                | Scaled Avg:  -0.0018 | Raw Avg:   1.7511
  has_contact               | Scaled Avg:  -0.0013 | Raw Avg:  -0.0313
  hip_pos                   | Scaled Avg:  -0.0032 | Raw Avg:   0.0319
  lin_vel_z                 | Scaled Avg:  -0.0095 | Raw Avg:   0.1187
  orientation               | Scaled Avg:  -0.0007 | Raw Avg:   0.1797
  powers                    | Scaled Avg:  -0.0001 | Raw Avg: 158.8275
  stand_still               | Scaled Avg:  -0.0001 | Raw Avg:   0.0069
  torques                   | Scaled Avg:  -0.0002 | Raw Avg: 836.5402
  TOTAL REWARD              | Scaled Avg:  -0.0410
------------------------------
################################################################################
                    [1m Learning iteration 8900/10000 [0m                     

                       Computation: 50802 steps/s (collection: 2.268s, learning 0.612s)
                     surrogate_loss -0.0042
                         value_loss 0.0142
                            entropy 2.3155
                     estimator_loss 0.0000
                         total_loss 0.0331
             Mean action noise std: 0.20
                       Mean reward: -1.24
               Mean episode length: 29.70
      Mean episode rew_action_rate: -0.0207
Mean episode rew_frame_action_rate: -0.0140
Mean episode rew_action_smoothness: -0.0007
Mean episode rew_frame_action_smoothness: -0.0005
       Mean episode rew_ang_vel_xy: -0.0098
 Mean episode rew_frame_ang_vel_xy: -0.0065
      Mean episode rew_base_height: -0.0003
Mean episode rew_frame_base_height: -0.0002
        Mean episode rew_collision: -0.0026
  Mean episode rew_frame_collision: -0.0017
          Mean episode rew_dof_acc: -0.0021
    Mean episode rew_frame_dof_acc: -0.0015
    Mean episode rew_feet_air_time: 0.0002
Mean episode rew_frame_feet_air_time: 0.0001
Mean episode rew_feet_contact_forces: -0.0000
Mean episode rew_frame_feet_contact_forces: -0.0000
   Mean episode rew_foot_clearance: -0.0002
Mean episode rew_frame_foot_clearance: -0.0001
      Mean episode rew_foot_mirror: -0.0008
Mean episode rew_frame_foot_mirror: -0.0005
       Mean episode rew_foot_slide: -0.0027
 Mean episode rew_frame_foot_slide: -0.0018
      Mean episode rew_has_contact: -0.0020
Mean episode rew_frame_has_contact: -0.0014
          Mean episode rew_hip_pos: -0.0052
    Mean episode rew_frame_hip_pos: -0.0038
        Mean episode rew_lin_vel_z: -0.0144
  Mean episode rew_frame_lin_vel_z: -0.0099
      Mean episode rew_orientation: -0.0011
Mean episode rew_frame_orientation: -0.0008
           Mean episode rew_powers: -0.0001
     Mean episode rew_frame_powers: -0.0001
      Mean episode rew_stand_still: -0.0003
Mean episode rew_frame_stand_still: -0.0002
          Mean episode rew_stumble: -0.0000
    Mean episode rew_frame_stumble: -0.0000
          Mean episode rew_torques: -0.0003
    Mean episode rew_frame_torques: -0.0002
Mean episode max_power_throughout_episode: 5461.4937
            Mean episode max_pos_x: 1.1129
            Mean episode min_pos_x: -0.2139
            Mean episode max_pos_y: 0.5693
            Mean episode min_pos_y: -0.5859
        Mean episode timeout_ratio: 0.0000
       Mean episode num_terminated: 197.3333
--------------------------------------------------------------------------------
                   Total timesteps: 5852160
                    Iteration time: 2.88s
                        Total time: 11501.24s
                               ETA: 3243.1s


------------------------------
Step: 94000 - Reward Breakdown:
  action_rate               | Scaled Avg:  -0.0133 | Raw Avg:   1.3302
  action_smoothness         | Scaled Avg:  -0.0005 | Raw Avg:   0.2378
  ang_vel_xy                | Scaled Avg:  -0.0066 | Raw Avg:   3.2852
  base_height               | Scaled Avg:  -0.0002 | Raw Avg:   0.0103
  collision                 | Scaled Avg:  -0.0015 | Raw Avg:   0.0735
  dof_acc                   | Scaled Avg:  -0.0014 | Raw Avg: 287630.0312
  feet_air_time             | Scaled Avg:   0.0001 | Raw Avg:   0.0038
  feet_contact_forces       | Scaled Avg:  -0.0000 | Raw Avg:   8.9463
  foot_clearance            | Scaled Avg:  -0.0001 | Raw Avg:   0.0133
  foot_mirror               | Scaled Avg:  -0.0005 | Raw Avg:   0.4726
  foot_slide                | Scaled Avg:  -0.0018 | Raw Avg:   1.7689
  has_contact               | Scaled Avg:  -0.0013 | Raw Avg:  -0.0313
  hip_pos                   | Scaled Avg:  -0.0034 | Raw Avg:   0.0338
  lin_vel_z                 | Scaled Avg:  -0.0098 | Raw Avg:   0.1220
  orientation               | Scaled Avg:  -0.0007 | Raw Avg:   0.1770
  powers                    | Scaled Avg:  -0.0001 | Raw Avg: 160.9677
  stand_still               | Scaled Avg:  -0.0001 | Raw Avg:   0.0068
  torques                   | Scaled Avg:  -0.0002 | Raw Avg: 844.5768
  TOTAL REWARD              | Scaled Avg:  -0.0412
------------------------------

------------------------------
Step: 94500 - Reward Breakdown:
  action_rate               | Scaled Avg:  -0.0132 | Raw Avg:   1.3163
  action_smoothness         | Scaled Avg:  -0.0005 | Raw Avg:   0.2369
  ang_vel_xy                | Scaled Avg:  -0.0062 | Raw Avg:   3.1083
  base_height               | Scaled Avg:  -0.0002 | Raw Avg:   0.0101
  collision                 | Scaled Avg:  -0.0015 | Raw Avg:   0.0748
  dof_acc                   | Scaled Avg:  -0.0013 | Raw Avg: 267452.3438
  feet_air_time             | Scaled Avg:   0.0001 | Raw Avg:   0.0049
  feet_contact_forces       | Scaled Avg:  -0.0000 | Raw Avg:   9.0021
  foot_clearance            | Scaled Avg:  -0.0001 | Raw Avg:   0.0134
  foot_mirror               | Scaled Avg:  -0.0005 | Raw Avg:   0.5061
  foot_slide                | Scaled Avg:  -0.0017 | Raw Avg:   1.7012
  has_contact               | Scaled Avg:  -0.0016 | Raw Avg:  -0.0389
  hip_pos                   | Scaled Avg:  -0.0034 | Raw Avg:   0.0342
  lin_vel_z                 | Scaled Avg:  -0.0092 | Raw Avg:   0.1146
  orientation               | Scaled Avg:  -0.0007 | Raw Avg:   0.1846
  powers                    | Scaled Avg:  -0.0001 | Raw Avg: 157.2808
  stand_still               | Scaled Avg:  -0.0001 | Raw Avg:   0.0073
  torques                   | Scaled Avg:  -0.0002 | Raw Avg: 845.6763
  TOTAL REWARD              | Scaled Avg:  -0.0404
------------------------------

------------------------------
Step: 95000 - Reward Breakdown:
  action_rate               | Scaled Avg:  -0.0135 | Raw Avg:   1.3482
  action_smoothness         | Scaled Avg:  -0.0005 | Raw Avg:   0.2423
  ang_vel_xy                | Scaled Avg:  -0.0064 | Raw Avg:   3.2135
  base_height               | Scaled Avg:  -0.0002 | Raw Avg:   0.0103
  collision                 | Scaled Avg:  -0.0015 | Raw Avg:   0.0774
  dof_acc                   | Scaled Avg:  -0.0013 | Raw Avg: 252108.0781
  feet_air_time             | Scaled Avg:   0.0001 | Raw Avg:   0.0049
  feet_contact_forces       | Scaled Avg:  -0.0000 | Raw Avg:   8.9364
  foot_clearance            | Scaled Avg:  -0.0001 | Raw Avg:   0.0133
  foot_mirror               | Scaled Avg:  -0.0005 | Raw Avg:   0.5231
  foot_slide                | Scaled Avg:  -0.0017 | Raw Avg:   1.7334
  has_contact               | Scaled Avg:  -0.0016 | Raw Avg:  -0.0394
  hip_pos                   | Scaled Avg:  -0.0032 | Raw Avg:   0.0316
  lin_vel_z                 | Scaled Avg:  -0.0096 | Raw Avg:   0.1202
  orientation               | Scaled Avg:  -0.0007 | Raw Avg:   0.1825
  powers                    | Scaled Avg:  -0.0001 | Raw Avg: 158.7861
  stand_still               | Scaled Avg:  -0.0002 | Raw Avg:   0.0079
  torques                   | Scaled Avg:  -0.0002 | Raw Avg: 820.0300
  TOTAL REWARD              | Scaled Avg:  -0.0412
------------------------------

------------------------------
Step: 95500 - Reward Breakdown:
  action_rate               | Scaled Avg:  -0.0132 | Raw Avg:   1.3196
  action_smoothness         | Scaled Avg:  -0.0005 | Raw Avg:   0.2358
  ang_vel_xy                | Scaled Avg:  -0.0065 | Raw Avg:   3.2448
  base_height               | Scaled Avg:  -0.0002 | Raw Avg:   0.0102
  collision                 | Scaled Avg:  -0.0016 | Raw Avg:   0.0802
  dof_acc                   | Scaled Avg:  -0.0013 | Raw Avg: 264257.4688
  feet_air_time             | Scaled Avg:   0.0001 | Raw Avg:   0.0041
  feet_contact_forces       | Scaled Avg:  -0.0000 | Raw Avg:   9.0513
  foot_clearance            | Scaled Avg:  -0.0001 | Raw Avg:   0.0127
  foot_mirror               | Scaled Avg:  -0.0005 | Raw Avg:   0.5005
  foot_slide                | Scaled Avg:  -0.0017 | Raw Avg:   1.7276
  has_contact               | Scaled Avg:  -0.0019 | Raw Avg:  -0.0476
  hip_pos                   | Scaled Avg:  -0.0032 | Raw Avg:   0.0317
  lin_vel_z                 | Scaled Avg:  -0.0091 | Raw Avg:   0.1139
  orientation               | Scaled Avg:  -0.0007 | Raw Avg:   0.1800
  powers                    | Scaled Avg:  -0.0001 | Raw Avg: 155.4893
  stand_still               | Scaled Avg:  -0.0001 | Raw Avg:   0.0044
  torques                   | Scaled Avg:  -0.0002 | Raw Avg: 823.9714
  TOTAL REWARD              | Scaled Avg:  -0.0408
------------------------------

------------------------------
Step: 96000 - Reward Breakdown:
  action_rate               | Scaled Avg:  -0.0132 | Raw Avg:   1.3196
  action_smoothness         | Scaled Avg:  -0.0005 | Raw Avg:   0.2392
  ang_vel_xy                | Scaled Avg:  -0.0065 | Raw Avg:   3.2583
  base_height               | Scaled Avg:  -0.0002 | Raw Avg:   0.0105
  collision                 | Scaled Avg:  -0.0016 | Raw Avg:   0.0804
  dof_acc                   | Scaled Avg:  -0.0014 | Raw Avg: 277234.2812
  feet_air_time             | Scaled Avg:   0.0001 | Raw Avg:   0.0049
  feet_contact_forces       | Scaled Avg:  -0.0000 | Raw Avg:   9.2597
  foot_clearance            | Scaled Avg:  -0.0001 | Raw Avg:   0.0131
  foot_mirror               | Scaled Avg:  -0.0005 | Raw Avg:   0.4740
  foot_slide                | Scaled Avg:  -0.0018 | Raw Avg:   1.7533
  has_contact               | Scaled Avg:  -0.0015 | Raw Avg:  -0.0364
  hip_pos                   | Scaled Avg:  -0.0033 | Raw Avg:   0.0331
  lin_vel_z                 | Scaled Avg:  -0.0098 | Raw Avg:   0.1231
  orientation               | Scaled Avg:  -0.0007 | Raw Avg:   0.1787
  powers                    | Scaled Avg:  -0.0001 | Raw Avg: 159.0021
  stand_still               | Scaled Avg:  -0.0001 | Raw Avg:   0.0044
  torques                   | Scaled Avg:  -0.0002 | Raw Avg: 832.3097
  TOTAL REWARD              | Scaled Avg:  -0.0413
------------------------------
################################################################################
                    [1m Learning iteration 9000/10000 [0m                     

                       Computation: 50830 steps/s (collection: 2.268s, learning 0.610s)
                     surrogate_loss -0.0037
                         value_loss 0.0124
                            entropy 2.3095
                     estimator_loss 0.0000
                         total_loss 0.0317
             Mean action noise std: 0.20
                       Mean reward: -1.19
               Mean episode length: 30.17
      Mean episode rew_action_rate: -0.0205
Mean episode rew_frame_action_rate: -0.0141
Mean episode rew_action_smoothness: -0.0007
Mean episode rew_frame_action_smoothness: -0.0005
       Mean episode rew_ang_vel_xy: -0.0099
 Mean episode rew_frame_ang_vel_xy: -0.0066
      Mean episode rew_base_height: -0.0003
Mean episode rew_frame_base_height: -0.0002
        Mean episode rew_collision: -0.0024
  Mean episode rew_frame_collision: -0.0015
          Mean episode rew_dof_acc: -0.0021
    Mean episode rew_frame_dof_acc: -0.0015
    Mean episode rew_feet_air_time: 0.0002
Mean episode rew_frame_feet_air_time: 0.0001
Mean episode rew_feet_contact_forces: -0.0000
Mean episode rew_frame_feet_contact_forces: -0.0000
   Mean episode rew_foot_clearance: -0.0002
Mean episode rew_frame_foot_clearance: -0.0001
      Mean episode rew_foot_mirror: -0.0007
Mean episode rew_frame_foot_mirror: -0.0005
       Mean episode rew_foot_slide: -0.0027
 Mean episode rew_frame_foot_slide: -0.0018
      Mean episode rew_has_contact: -0.0022
Mean episode rew_frame_has_contact: -0.0017
          Mean episode rew_hip_pos: -0.0049
    Mean episode rew_frame_hip_pos: -0.0037
        Mean episode rew_lin_vel_z: -0.0149
  Mean episode rew_frame_lin_vel_z: -0.0105
      Mean episode rew_orientation: -0.0011
Mean episode rew_frame_orientation: -0.0008
           Mean episode rew_powers: -0.0001
     Mean episode rew_frame_powers: -0.0001
      Mean episode rew_stand_still: -0.0002
Mean episode rew_frame_stand_still: -0.0001
          Mean episode rew_stumble: -0.0000
    Mean episode rew_frame_stumble: -0.0000
          Mean episode rew_torques: -0.0003
    Mean episode rew_frame_torques: -0.0002
Mean episode max_power_throughout_episode: 5508.0562
            Mean episode max_pos_x: 1.1038
            Mean episode min_pos_x: -0.2151
            Mean episode max_pos_y: 0.5815
            Mean episode min_pos_y: -0.5933
        Mean episode timeout_ratio: 0.0000
       Mean episode num_terminated: 197.6250
--------------------------------------------------------------------------------
                   Total timesteps: 5998464
                    Iteration time: 2.88s
                        Total time: 11792.94s
                               ETA: 2947.5s


------------------------------
Step: 96500 - Reward Breakdown:
  action_rate               | Scaled Avg:  -0.0130 | Raw Avg:   1.3029
  action_smoothness         | Scaled Avg:  -0.0005 | Raw Avg:   0.2328
  ang_vel_xy                | Scaled Avg:  -0.0063 | Raw Avg:   3.1736
  base_height               | Scaled Avg:  -0.0002 | Raw Avg:   0.0101
  collision                 | Scaled Avg:  -0.0015 | Raw Avg:   0.0771
  dof_acc                   | Scaled Avg:  -0.0014 | Raw Avg: 280638.3125
  feet_air_time             | Scaled Avg:   0.0001 | Raw Avg:   0.0042
  feet_contact_forces       | Scaled Avg:  -0.0000 | Raw Avg:   8.9923
  foot_clearance            | Scaled Avg:  -0.0001 | Raw Avg:   0.0132
  foot_mirror               | Scaled Avg:  -0.0005 | Raw Avg:   0.4959
  foot_slide                | Scaled Avg:  -0.0017 | Raw Avg:   1.7224
  has_contact               | Scaled Avg:  -0.0014 | Raw Avg:  -0.0348
  hip_pos                   | Scaled Avg:  -0.0033 | Raw Avg:   0.0331
  lin_vel_z                 | Scaled Avg:  -0.0089 | Raw Avg:   0.1112
  orientation               | Scaled Avg:  -0.0007 | Raw Avg:   0.1754
  powers                    | Scaled Avg:  -0.0001 | Raw Avg: 156.2592
  stand_still               | Scaled Avg:  -0.0001 | Raw Avg:   0.0039
  torques                   | Scaled Avg:  -0.0002 | Raw Avg: 846.8730
  TOTAL REWARD              | Scaled Avg:  -0.0399
------------------------------

------------------------------
Step: 97000 - Reward Breakdown:
  action_rate               | Scaled Avg:  -0.0134 | Raw Avg:   1.3375
  action_smoothness         | Scaled Avg:  -0.0005 | Raw Avg:   0.2393
  ang_vel_xy                | Scaled Avg:  -0.0065 | Raw Avg:   3.2719
  base_height               | Scaled Avg:  -0.0002 | Raw Avg:   0.0104
  collision                 | Scaled Avg:  -0.0015 | Raw Avg:   0.0761
  dof_acc                   | Scaled Avg:  -0.0013 | Raw Avg: 266050.9688
  feet_air_time             | Scaled Avg:   0.0001 | Raw Avg:   0.0040
  feet_contact_forces       | Scaled Avg:  -0.0000 | Raw Avg:  10.0230
  foot_clearance            | Scaled Avg:  -0.0001 | Raw Avg:   0.0131
  foot_mirror               | Scaled Avg:  -0.0005 | Raw Avg:   0.4863
  foot_slide                | Scaled Avg:  -0.0017 | Raw Avg:   1.7405
  has_contact               | Scaled Avg:  -0.0015 | Raw Avg:  -0.0387
  hip_pos                   | Scaled Avg:  -0.0033 | Raw Avg:   0.0330
  lin_vel_z                 | Scaled Avg:  -0.0100 | Raw Avg:   0.1251
  orientation               | Scaled Avg:  -0.0007 | Raw Avg:   0.1810
  powers                    | Scaled Avg:  -0.0001 | Raw Avg: 161.8460
  stand_still               | Scaled Avg:  -0.0001 | Raw Avg:   0.0048
  torques                   | Scaled Avg:  -0.0002 | Raw Avg: 844.3197
  TOTAL REWARD              | Scaled Avg:  -0.0416
------------------------------

------------------------------
Step: 97500 - Reward Breakdown:
  action_rate               | Scaled Avg:  -0.0136 | Raw Avg:   1.3609
  action_smoothness         | Scaled Avg:  -0.0005 | Raw Avg:   0.2421
  ang_vel_xy                | Scaled Avg:  -0.0062 | Raw Avg:   3.1135
  base_height               | Scaled Avg:  -0.0002 | Raw Avg:   0.0103
  collision                 | Scaled Avg:  -0.0016 | Raw Avg:   0.0794
  dof_acc                   | Scaled Avg:  -0.0016 | Raw Avg: 316256.3750
  feet_air_time             | Scaled Avg:   0.0001 | Raw Avg:   0.0040
  feet_contact_forces       | Scaled Avg:  -0.0000 | Raw Avg:   8.6609
  foot_clearance            | Scaled Avg:  -0.0001 | Raw Avg:   0.0129
  foot_mirror               | Scaled Avg:  -0.0005 | Raw Avg:   0.4834
  foot_slide                | Scaled Avg:  -0.0018 | Raw Avg:   1.7921
  has_contact               | Scaled Avg:  -0.0013 | Raw Avg:  -0.0328
  hip_pos                   | Scaled Avg:  -0.0032 | Raw Avg:   0.0323
  lin_vel_z                 | Scaled Avg:  -0.0098 | Raw Avg:   0.1226
  orientation               | Scaled Avg:  -0.0007 | Raw Avg:   0.1787
  powers                    | Scaled Avg:  -0.0001 | Raw Avg: 160.9466
  stand_still               | Scaled Avg:  -0.0001 | Raw Avg:   0.0042
  torques                   | Scaled Avg:  -0.0002 | Raw Avg: 844.6045
  TOTAL REWARD              | Scaled Avg:  -0.0414
------------------------------

------------------------------
Step: 98000 - Reward Breakdown:
  action_rate               | Scaled Avg:  -0.0134 | Raw Avg:   1.3362
  action_smoothness         | Scaled Avg:  -0.0005 | Raw Avg:   0.2387
  ang_vel_xy                | Scaled Avg:  -0.0064 | Raw Avg:   3.2095
  base_height               | Scaled Avg:  -0.0002 | Raw Avg:   0.0104
  collision                 | Scaled Avg:  -0.0015 | Raw Avg:   0.0769
  dof_acc                   | Scaled Avg:  -0.0014 | Raw Avg: 270240.5625
  feet_air_time             | Scaled Avg:   0.0001 | Raw Avg:   0.0036
  feet_contact_forces       | Scaled Avg:  -0.0000 | Raw Avg:   9.4755
  foot_clearance            | Scaled Avg:  -0.0001 | Raw Avg:   0.0128
  foot_mirror               | Scaled Avg:  -0.0005 | Raw Avg:   0.5136
  foot_slide                | Scaled Avg:  -0.0017 | Raw Avg:   1.7377
  has_contact               | Scaled Avg:  -0.0012 | Raw Avg:  -0.0312
  hip_pos                   | Scaled Avg:  -0.0032 | Raw Avg:   0.0318
  lin_vel_z                 | Scaled Avg:  -0.0098 | Raw Avg:   0.1223
  orientation               | Scaled Avg:  -0.0007 | Raw Avg:   0.1786
  powers                    | Scaled Avg:  -0.0001 | Raw Avg: 158.2119
  stand_still               | Scaled Avg:  -0.0002 | Raw Avg:   0.0088
  torques                   | Scaled Avg:  -0.0002 | Raw Avg: 829.4846
  TOTAL REWARD              | Scaled Avg:  -0.0410
------------------------------
################################################################################
                    [1m Learning iteration 9100/10000 [0m                     

                       Computation: 48038 steps/s (collection: 2.301s, learning 0.744s)
                     surrogate_loss -0.0049
                         value_loss 0.0136
                            entropy 2.3135
                     estimator_loss 0.0000
                         total_loss 0.0319
             Mean action noise std: 0.20
                       Mean reward: -1.25
               Mean episode length: 32.17
      Mean episode rew_action_rate: -0.0203
Mean episode rew_frame_action_rate: -0.0140
Mean episode rew_action_smoothness: -0.0007
Mean episode rew_frame_action_smoothness: -0.0005
       Mean episode rew_ang_vel_xy: -0.0096
 Mean episode rew_frame_ang_vel_xy: -0.0065
      Mean episode rew_base_height: -0.0003
Mean episode rew_frame_base_height: -0.0002
        Mean episode rew_collision: -0.0022
  Mean episode rew_frame_collision: -0.0014
          Mean episode rew_dof_acc: -0.0020
    Mean episode rew_frame_dof_acc: -0.0015
    Mean episode rew_feet_air_time: 0.0002
Mean episode rew_frame_feet_air_time: 0.0001
Mean episode rew_feet_contact_forces: -0.0000
Mean episode rew_frame_feet_contact_forces: -0.0000
   Mean episode rew_foot_clearance: -0.0002
Mean episode rew_frame_foot_clearance: -0.0001
      Mean episode rew_foot_mirror: -0.0007
Mean episode rew_frame_foot_mirror: -0.0005
       Mean episode rew_foot_slide: -0.0026
 Mean episode rew_frame_foot_slide: -0.0017
      Mean episode rew_has_contact: -0.0020
Mean episode rew_frame_has_contact: -0.0015
          Mean episode rew_hip_pos: -0.0050
    Mean episode rew_frame_hip_pos: -0.0037
        Mean episode rew_lin_vel_z: -0.0151
  Mean episode rew_frame_lin_vel_z: -0.0107
      Mean episode rew_orientation: -0.0011
Mean episode rew_frame_orientation: -0.0008
           Mean episode rew_powers: -0.0001
     Mean episode rew_frame_powers: -0.0001
      Mean episode rew_stand_still: -0.0002
Mean episode rew_frame_stand_still: -0.0002
          Mean episode rew_stumble: -0.0000
    Mean episode rew_frame_stumble: -0.0000
          Mean episode rew_torques: -0.0002
    Mean episode rew_frame_torques: -0.0002
Mean episode max_power_throughout_episode: 5483.3008
            Mean episode max_pos_x: 1.1389
            Mean episode min_pos_x: -0.2130
            Mean episode max_pos_y: 0.5718
            Mean episode min_pos_y: -0.5749
        Mean episode timeout_ratio: 0.0000
       Mean episode num_terminated: 201.0833
--------------------------------------------------------------------------------
                   Total timesteps: 6144768
                    Iteration time: 3.05s
                        Total time: 12083.89s
                               ETA: 2651.9s


------------------------------
Step: 98500 - Reward Breakdown:
  action_rate               | Scaled Avg:  -0.0136 | Raw Avg:   1.3569
  action_smoothness         | Scaled Avg:  -0.0005 | Raw Avg:   0.2403
  ang_vel_xy                | Scaled Avg:  -0.0065 | Raw Avg:   3.2709
  base_height               | Scaled Avg:  -0.0002 | Raw Avg:   0.0103
  collision                 | Scaled Avg:  -0.0016 | Raw Avg:   0.0784
  dof_acc                   | Scaled Avg:  -0.0014 | Raw Avg: 272843.9375
  feet_air_time             | Scaled Avg:   0.0001 | Raw Avg:   0.0048
  feet_contact_forces       | Scaled Avg:  -0.0000 | Raw Avg:   9.4182
  foot_clearance            | Scaled Avg:  -0.0001 | Raw Avg:   0.0128
  foot_mirror               | Scaled Avg:  -0.0005 | Raw Avg:   0.5094
  foot_slide                | Scaled Avg:  -0.0017 | Raw Avg:   1.7122
  has_contact               | Scaled Avg:  -0.0017 | Raw Avg:  -0.0427
  hip_pos                   | Scaled Avg:  -0.0034 | Raw Avg:   0.0338
  lin_vel_z                 | Scaled Avg:  -0.0101 | Raw Avg:   0.1262
  orientation               | Scaled Avg:  -0.0007 | Raw Avg:   0.1802
  powers                    | Scaled Avg:  -0.0001 | Raw Avg: 161.1623
  stand_still               | Scaled Avg:  -0.0001 | Raw Avg:   0.0062
  torques                   | Scaled Avg:  -0.0002 | Raw Avg: 832.0670
  TOTAL REWARD              | Scaled Avg:  -0.0422
------------------------------

------------------------------
Step: 99000 - Reward Breakdown:
  action_rate               | Scaled Avg:  -0.0133 | Raw Avg:   1.3323
  action_smoothness         | Scaled Avg:  -0.0005 | Raw Avg:   0.2396
  ang_vel_xy                | Scaled Avg:  -0.0063 | Raw Avg:   3.1722
  base_height               | Scaled Avg:  -0.0002 | Raw Avg:   0.0102
  collision                 | Scaled Avg:  -0.0015 | Raw Avg:   0.0758
  dof_acc                   | Scaled Avg:  -0.0014 | Raw Avg: 274280.4688
  feet_air_time             | Scaled Avg:   0.0001 | Raw Avg:   0.0047
  feet_contact_forces       | Scaled Avg:  -0.0000 | Raw Avg:   9.0565
  foot_clearance            | Scaled Avg:  -0.0001 | Raw Avg:   0.0129
  foot_mirror               | Scaled Avg:  -0.0005 | Raw Avg:   0.5302
  foot_slide                | Scaled Avg:  -0.0017 | Raw Avg:   1.6989
  has_contact               | Scaled Avg:  -0.0011 | Raw Avg:  -0.0281
  hip_pos                   | Scaled Avg:  -0.0033 | Raw Avg:   0.0327
  lin_vel_z                 | Scaled Avg:  -0.0094 | Raw Avg:   0.1177
  orientation               | Scaled Avg:  -0.0007 | Raw Avg:   0.1850
  powers                    | Scaled Avg:  -0.0001 | Raw Avg: 160.7248
  stand_still               | Scaled Avg:  -0.0001 | Raw Avg:   0.0068
  torques                   | Scaled Avg:  -0.0002 | Raw Avg: 834.6934
  TOTAL REWARD              | Scaled Avg:  -0.0404
------------------------------

------------------------------
Step: 99500 - Reward Breakdown:
  action_rate               | Scaled Avg:  -0.0133 | Raw Avg:   1.3313
  action_smoothness         | Scaled Avg:  -0.0005 | Raw Avg:   0.2376
  ang_vel_xy                | Scaled Avg:  -0.0063 | Raw Avg:   3.1723
  base_height               | Scaled Avg:  -0.0002 | Raw Avg:   0.0099
  collision                 | Scaled Avg:  -0.0015 | Raw Avg:   0.0771
  dof_acc                   | Scaled Avg:  -0.0013 | Raw Avg: 264150.4375
  feet_air_time             | Scaled Avg:   0.0001 | Raw Avg:   0.0045
  feet_contact_forces       | Scaled Avg:  -0.0000 | Raw Avg:   8.8122
  foot_clearance            | Scaled Avg:  -0.0001 | Raw Avg:   0.0129
  foot_mirror               | Scaled Avg:  -0.0005 | Raw Avg:   0.4703
  foot_slide                | Scaled Avg:  -0.0017 | Raw Avg:   1.7001
  has_contact               | Scaled Avg:  -0.0016 | Raw Avg:  -0.0392
  hip_pos                   | Scaled Avg:  -0.0034 | Raw Avg:   0.0345
  lin_vel_z                 | Scaled Avg:  -0.0091 | Raw Avg:   0.1136
  orientation               | Scaled Avg:  -0.0007 | Raw Avg:   0.1791
  powers                    | Scaled Avg:  -0.0001 | Raw Avg: 157.2185
  stand_still               | Scaled Avg:  -0.0001 | Raw Avg:   0.0060
  torques                   | Scaled Avg:  -0.0002 | Raw Avg: 844.8113
  TOTAL REWARD              | Scaled Avg:  -0.0406
------------------------------

------------------------------
Step: 100000 - Reward Breakdown:
  action_rate               | Scaled Avg:  -0.0135 | Raw Avg:   1.3483
  action_smoothness         | Scaled Avg:  -0.0005 | Raw Avg:   0.2401
  ang_vel_xy                | Scaled Avg:  -0.0065 | Raw Avg:   3.2749
  base_height               | Scaled Avg:  -0.0002 | Raw Avg:   0.0102
  collision                 | Scaled Avg:  -0.0014 | Raw Avg:   0.0719
  dof_acc                   | Scaled Avg:  -0.0014 | Raw Avg: 280522.3750
  feet_air_time             | Scaled Avg:   0.0001 | Raw Avg:   0.0041
  feet_contact_forces       | Scaled Avg:  -0.0000 | Raw Avg:   9.4093
  foot_clearance            | Scaled Avg:  -0.0001 | Raw Avg:   0.0138
  foot_mirror               | Scaled Avg:  -0.0005 | Raw Avg:   0.5160
  foot_slide                | Scaled Avg:  -0.0017 | Raw Avg:   1.7105
  has_contact               | Scaled Avg:  -0.0015 | Raw Avg:  -0.0364
  hip_pos                   | Scaled Avg:  -0.0034 | Raw Avg:   0.0337
  lin_vel_z                 | Scaled Avg:  -0.0097 | Raw Avg:   0.1215
  orientation               | Scaled Avg:  -0.0007 | Raw Avg:   0.1815
  powers                    | Scaled Avg:  -0.0001 | Raw Avg: 163.5540
  stand_still               | Scaled Avg:  -0.0001 | Raw Avg:   0.0044
  torques                   | Scaled Avg:  -0.0002 | Raw Avg: 853.1750
  TOTAL REWARD              | Scaled Avg:  -0.0414
------------------------------

------------------------------
Step: 100500 - Reward Breakdown:
  action_rate               | Scaled Avg:  -0.0130 | Raw Avg:   1.3004
  action_smoothness         | Scaled Avg:  -0.0005 | Raw Avg:   0.2343
  ang_vel_xy                | Scaled Avg:  -0.0066 | Raw Avg:   3.2879
  base_height               | Scaled Avg:  -0.0002 | Raw Avg:   0.0107
  collision                 | Scaled Avg:  -0.0017 | Raw Avg:   0.0851
  dof_acc                   | Scaled Avg:  -0.0013 | Raw Avg: 266897.9375
  feet_air_time             | Scaled Avg:   0.0001 | Raw Avg:   0.0044
  feet_contact_forces       | Scaled Avg:  -0.0000 | Raw Avg:   8.9317
  foot_clearance            | Scaled Avg:  -0.0001 | Raw Avg:   0.0136
  foot_mirror               | Scaled Avg:  -0.0005 | Raw Avg:   0.4988
  foot_slide                | Scaled Avg:  -0.0017 | Raw Avg:   1.6962
  has_contact               | Scaled Avg:  -0.0014 | Raw Avg:  -0.0348
  hip_pos                   | Scaled Avg:  -0.0035 | Raw Avg:   0.0348
  lin_vel_z                 | Scaled Avg:  -0.0097 | Raw Avg:   0.1208
  orientation               | Scaled Avg:  -0.0007 | Raw Avg:   0.1805
  powers                    | Scaled Avg:  -0.0001 | Raw Avg: 157.6195
  stand_still               | Scaled Avg:  -0.0002 | Raw Avg:   0.0076
  torques                   | Scaled Avg:  -0.0002 | Raw Avg: 842.4088
  TOTAL REWARD              | Scaled Avg:  -0.0412
------------------------------
################################################################################
                    [1m Learning iteration 9200/10000 [0m                     

                       Computation: 50810 steps/s (collection: 2.267s, learning 0.612s)
                     surrogate_loss -0.0059
                         value_loss 0.0120
                            entropy 2.3246
                     estimator_loss 0.0000
                         total_loss 0.0293
             Mean action noise std: 0.20
                       Mean reward: -1.36
               Mean episode length: 30.94
      Mean episode rew_action_rate: -0.0206
Mean episode rew_frame_action_rate: -0.0139
Mean episode rew_action_smoothness: -0.0007
Mean episode rew_frame_action_smoothness: -0.0005
       Mean episode rew_ang_vel_xy: -0.0097
 Mean episode rew_frame_ang_vel_xy: -0.0064
      Mean episode rew_base_height: -0.0003
Mean episode rew_frame_base_height: -0.0002
        Mean episode rew_collision: -0.0023
  Mean episode rew_frame_collision: -0.0015
          Mean episode rew_dof_acc: -0.0021
    Mean episode rew_frame_dof_acc: -0.0015
    Mean episode rew_feet_air_time: 0.0002
Mean episode rew_frame_feet_air_time: 0.0001
Mean episode rew_feet_contact_forces: -0.0000
Mean episode rew_frame_feet_contact_forces: -0.0000
   Mean episode rew_foot_clearance: -0.0002
Mean episode rew_frame_foot_clearance: -0.0001
      Mean episode rew_foot_mirror: -0.0008
Mean episode rew_frame_foot_mirror: -0.0005
       Mean episode rew_foot_slide: -0.0026
 Mean episode rew_frame_foot_slide: -0.0017
      Mean episode rew_has_contact: -0.0021
Mean episode rew_frame_has_contact: -0.0015
          Mean episode rew_hip_pos: -0.0050
    Mean episode rew_frame_hip_pos: -0.0037
        Mean episode rew_lin_vel_z: -0.0146
  Mean episode rew_frame_lin_vel_z: -0.0101
      Mean episode rew_orientation: -0.0011
Mean episode rew_frame_orientation: -0.0008
           Mean episode rew_powers: -0.0001
     Mean episode rew_frame_powers: -0.0001
      Mean episode rew_stand_still: -0.0002
Mean episode rew_frame_stand_still: -0.0001
          Mean episode rew_stumble: -0.0000
    Mean episode rew_frame_stumble: -0.0000
          Mean episode rew_torques: -0.0003
    Mean episode rew_frame_torques: -0.0002
Mean episode max_power_throughout_episode: 5324.6733
            Mean episode max_pos_x: 1.1189
            Mean episode min_pos_x: -0.2280
            Mean episode max_pos_y: 0.5895
            Mean episode min_pos_y: -0.5957
        Mean episode timeout_ratio: 0.0000
       Mean episode num_terminated: 197.0417
--------------------------------------------------------------------------------
                   Total timesteps: 6291072
                    Iteration time: 2.88s
                        Total time: 12374.21s
                               ETA: 2356.4s


------------------------------
Step: 101000 - Reward Breakdown:
  action_rate               | Scaled Avg:  -0.0132 | Raw Avg:   1.3218
  action_smoothness         | Scaled Avg:  -0.0005 | Raw Avg:   0.2364
  ang_vel_xy                | Scaled Avg:  -0.0065 | Raw Avg:   3.2362
  base_height               | Scaled Avg:  -0.0002 | Raw Avg:   0.0101
  collision                 | Scaled Avg:  -0.0016 | Raw Avg:   0.0820
  dof_acc                   | Scaled Avg:  -0.0014 | Raw Avg: 276668.1250
  feet_air_time             | Scaled Avg:   0.0001 | Raw Avg:   0.0042
  feet_contact_forces       | Scaled Avg:  -0.0000 | Raw Avg:   9.5988
  foot_clearance            | Scaled Avg:  -0.0001 | Raw Avg:   0.0130
  foot_mirror               | Scaled Avg:  -0.0005 | Raw Avg:   0.4798
  foot_slide                | Scaled Avg:  -0.0012 | Raw Avg:   1.2258
  has_contact               | Scaled Avg:  -0.0012 | Raw Avg:  -0.0307
  hip_pos                   | Scaled Avg:  -0.0032 | Raw Avg:   0.0321
  lin_vel_z                 | Scaled Avg:  -0.0091 | Raw Avg:   0.1135
  orientation               | Scaled Avg:  -0.0007 | Raw Avg:   0.1811
  powers                    | Scaled Avg:  -0.0001 | Raw Avg: 156.0165
  stand_still               | Scaled Avg:  -0.0001 | Raw Avg:   0.0053
  torques                   | Scaled Avg:  -0.0002 | Raw Avg: 835.2882
  TOTAL REWARD              | Scaled Avg:  -0.0397
------------------------------

------------------------------
Step: 101500 - Reward Breakdown:
  action_rate               | Scaled Avg:  -0.0135 | Raw Avg:   1.3544
  action_smoothness         | Scaled Avg:  -0.0005 | Raw Avg:   0.2379
  ang_vel_xy                | Scaled Avg:  -0.0064 | Raw Avg:   3.2210
  base_height               | Scaled Avg:  -0.0002 | Raw Avg:   0.0101
  collision                 | Scaled Avg:  -0.0014 | Raw Avg:   0.0702
  dof_acc                   | Scaled Avg:  -0.0014 | Raw Avg: 282267.1250
  feet_air_time             | Scaled Avg:   0.0001 | Raw Avg:   0.0041
  feet_contact_forces       | Scaled Avg:  -0.0000 | Raw Avg:   9.4495
  foot_clearance            | Scaled Avg:  -0.0001 | Raw Avg:   0.0144
  foot_mirror               | Scaled Avg:  -0.0005 | Raw Avg:   0.4632
  foot_slide                | Scaled Avg:  -0.0017 | Raw Avg:   1.7230
  has_contact               | Scaled Avg:  -0.0010 | Raw Avg:  -0.0240
  hip_pos                   | Scaled Avg:  -0.0034 | Raw Avg:   0.0337
  lin_vel_z                 | Scaled Avg:  -0.0096 | Raw Avg:   0.1204
  orientation               | Scaled Avg:  -0.0007 | Raw Avg:   0.1722
  powers                    | Scaled Avg:  -0.0001 | Raw Avg: 164.3149
  stand_still               | Scaled Avg:  -0.0001 | Raw Avg:   0.0049
  torques                   | Scaled Avg:  -0.0002 | Raw Avg: 853.7069
  TOTAL REWARD              | Scaled Avg:  -0.0407
------------------------------

------------------------------
Step: 102000 - Reward Breakdown:
  action_rate               | Scaled Avg:  -0.0136 | Raw Avg:   1.3572
  action_smoothness         | Scaled Avg:  -0.0005 | Raw Avg:   0.2369
  ang_vel_xy                | Scaled Avg:  -0.0063 | Raw Avg:   3.1433
  base_height               | Scaled Avg:  -0.0002 | Raw Avg:   0.0101
  collision                 | Scaled Avg:  -0.0015 | Raw Avg:   0.0730
  dof_acc                   | Scaled Avg:  -0.0014 | Raw Avg: 273375.0312
  feet_air_time             | Scaled Avg:   0.0001 | Raw Avg:   0.0048
  feet_contact_forces       | Scaled Avg:  -0.0000 | Raw Avg:   9.8175
  foot_clearance            | Scaled Avg:  -0.0001 | Raw Avg:   0.0136
  foot_mirror               | Scaled Avg:  -0.0005 | Raw Avg:   0.4626
  foot_slide                | Scaled Avg:  -0.0017 | Raw Avg:   1.6966
  has_contact               | Scaled Avg:  -0.0014 | Raw Avg:  -0.0343
  hip_pos                   | Scaled Avg:  -0.0030 | Raw Avg:   0.0303
  lin_vel_z                 | Scaled Avg:  -0.0093 | Raw Avg:   0.1165
  orientation               | Scaled Avg:  -0.0007 | Raw Avg:   0.1721
  powers                    | Scaled Avg:  -0.0001 | Raw Avg: 158.7551
  stand_still               | Scaled Avg:  -0.0001 | Raw Avg:   0.0064
  torques                   | Scaled Avg:  -0.0002 | Raw Avg: 840.3963
  TOTAL REWARD              | Scaled Avg:  -0.0403
------------------------------

------------------------------
Step: 102500 - Reward Breakdown:
  action_rate               | Scaled Avg:  -0.0131 | Raw Avg:   1.3124
  action_smoothness         | Scaled Avg:  -0.0005 | Raw Avg:   0.2358
  ang_vel_xy                | Scaled Avg:  -0.0062 | Raw Avg:   3.1052
  base_height               | Scaled Avg:  -0.0002 | Raw Avg:   0.0100
  collision                 | Scaled Avg:  -0.0015 | Raw Avg:   0.0748
  dof_acc                   | Scaled Avg:  -0.0013 | Raw Avg: 269156.4062
  feet_air_time             | Scaled Avg:   0.0001 | Raw Avg:   0.0044
  feet_contact_forces       | Scaled Avg:  -0.0000 | Raw Avg:   8.7649
  foot_clearance            | Scaled Avg:  -0.0001 | Raw Avg:   0.0133
  foot_mirror               | Scaled Avg:  -0.0005 | Raw Avg:   0.4869
  foot_slide                | Scaled Avg:  -0.0017 | Raw Avg:   1.7258
  has_contact               | Scaled Avg:  -0.0013 | Raw Avg:  -0.0323
  hip_pos                   | Scaled Avg:  -0.0032 | Raw Avg:   0.0319
  lin_vel_z                 | Scaled Avg:  -0.0094 | Raw Avg:   0.1169
  orientation               | Scaled Avg:  -0.0007 | Raw Avg:   0.1748
  powers                    | Scaled Avg:  -0.0001 | Raw Avg: 158.7578
  stand_still               | Scaled Avg:  -0.0001 | Raw Avg:   0.0045
  torques                   | Scaled Avg:  -0.0002 | Raw Avg: 844.7163
  TOTAL REWARD              | Scaled Avg:  -0.0400
------------------------------

------------------------------
Step: 103000 - Reward Breakdown:
  action_rate               | Scaled Avg:  -0.0137 | Raw Avg:   1.3657
  action_smoothness         | Scaled Avg:  -0.0005 | Raw Avg:   0.2355
  ang_vel_xy                | Scaled Avg:  -0.0064 | Raw Avg:   3.2070
  base_height               | Scaled Avg:  -0.0002 | Raw Avg:   0.0102
  collision                 | Scaled Avg:  -0.0016 | Raw Avg:   0.0781
  dof_acc                   | Scaled Avg:  -0.0013 | Raw Avg: 259014.2969
  feet_air_time             | Scaled Avg:   0.0001 | Raw Avg:   0.0044
  feet_contact_forces       | Scaled Avg:  -0.0000 | Raw Avg:   9.2606
  foot_clearance            | Scaled Avg:  -0.0001 | Raw Avg:   0.0146
  foot_mirror               | Scaled Avg:  -0.0005 | Raw Avg:   0.4817
  foot_slide                | Scaled Avg:  -0.0017 | Raw Avg:   1.7210
  has_contact               | Scaled Avg:  -0.0015 | Raw Avg:  -0.0364
  hip_pos                   | Scaled Avg:  -0.0033 | Raw Avg:   0.0333
  lin_vel_z                 | Scaled Avg:  -0.0098 | Raw Avg:   0.1227
  orientation               | Scaled Avg:  -0.0007 | Raw Avg:   0.1761
  powers                    | Scaled Avg:  -0.0001 | Raw Avg: 160.4330
  stand_still               | Scaled Avg:  -0.0001 | Raw Avg:   0.0073
  torques                   | Scaled Avg:  -0.0002 | Raw Avg: 845.6742
  TOTAL REWARD              | Scaled Avg:  -0.0415
------------------------------
################################################################################
                    [1m Learning iteration 9300/10000 [0m                     

                       Computation: 50371 steps/s (collection: 2.283s, learning 0.621s)
                     surrogate_loss -0.0058
                         value_loss 0.0141
                            entropy 2.3154
                     estimator_loss 0.0000
                         total_loss 0.0315
             Mean action noise std: 0.20
                       Mean reward: -1.25
               Mean episode length: 30.12
      Mean episode rew_action_rate: -0.0205
Mean episode rew_frame_action_rate: -0.0144
Mean episode rew_action_smoothness: -0.0007
Mean episode rew_frame_action_smoothness: -0.0005
       Mean episode rew_ang_vel_xy: -0.0098
 Mean episode rew_frame_ang_vel_xy: -0.0067
      Mean episode rew_base_height: -0.0003
Mean episode rew_frame_base_height: -0.0002
        Mean episode rew_collision: -0.0022
  Mean episode rew_frame_collision: -0.0014
          Mean episode rew_dof_acc: -0.0019
    Mean episode rew_frame_dof_acc: -0.0014
    Mean episode rew_feet_air_time: 0.0002
Mean episode rew_frame_feet_air_time: 0.0001
Mean episode rew_feet_contact_forces: -0.0000
Mean episode rew_frame_feet_contact_forces: -0.0000
   Mean episode rew_foot_clearance: -0.0002
Mean episode rew_frame_foot_clearance: -0.0001
      Mean episode rew_foot_mirror: -0.0007
Mean episode rew_frame_foot_mirror: -0.0005
       Mean episode rew_foot_slide: -0.0025
 Mean episode rew_frame_foot_slide: -0.0017
      Mean episode rew_has_contact: -0.0017
Mean episode rew_frame_has_contact: -0.0014
          Mean episode rew_hip_pos: -0.0048
    Mean episode rew_frame_hip_pos: -0.0037
        Mean episode rew_lin_vel_z: -0.0152
  Mean episode rew_frame_lin_vel_z: -0.0109
      Mean episode rew_orientation: -0.0011
Mean episode rew_frame_orientation: -0.0008
           Mean episode rew_powers: -0.0001
     Mean episode rew_frame_powers: -0.0001
      Mean episode rew_stand_still: -0.0002
Mean episode rew_frame_stand_still: -0.0001
          Mean episode rew_stumble: -0.0000
    Mean episode rew_frame_stumble: -0.0000
          Mean episode rew_torques: -0.0003
    Mean episode rew_frame_torques: -0.0002
Mean episode max_power_throughout_episode: 5491.1133
            Mean episode max_pos_x: 1.1254
            Mean episode min_pos_x: -0.1872
            Mean episode max_pos_y: 0.5799
            Mean episode min_pos_y: -0.5935
        Mean episode timeout_ratio: 0.0000
       Mean episode num_terminated: 203.4583
--------------------------------------------------------------------------------
                   Total timesteps: 6437376
                    Iteration time: 2.90s
                        Total time: 12664.70s
                               ETA: 2061.2s


------------------------------
Step: 103500 - Reward Breakdown:
  action_rate               | Scaled Avg:  -0.0138 | Raw Avg:   1.3768
  action_smoothness         | Scaled Avg:  -0.0005 | Raw Avg:   0.2438
  ang_vel_xy                | Scaled Avg:  -0.0065 | Raw Avg:   3.2596
  base_height               | Scaled Avg:  -0.0002 | Raw Avg:   0.0098
  collision                 | Scaled Avg:  -0.0015 | Raw Avg:   0.0738
  dof_acc                   | Scaled Avg:  -0.0012 | Raw Avg: 247732.9531
  feet_air_time             | Scaled Avg:   0.0001 | Raw Avg:   0.0046
  feet_contact_forces       | Scaled Avg:  -0.0000 | Raw Avg:   9.4433
  foot_clearance            | Scaled Avg:  -0.0001 | Raw Avg:   0.0136
  foot_mirror               | Scaled Avg:  -0.0005 | Raw Avg:   0.5163
  foot_slide                | Scaled Avg:  -0.0017 | Raw Avg:   1.7001
  has_contact               | Scaled Avg:  -0.0014 | Raw Avg:  -0.0344
  hip_pos                   | Scaled Avg:  -0.0033 | Raw Avg:   0.0333
  lin_vel_z                 | Scaled Avg:  -0.0105 | Raw Avg:   0.1308
  orientation               | Scaled Avg:  -0.0007 | Raw Avg:   0.1799
  powers                    | Scaled Avg:  -0.0001 | Raw Avg: 162.9071
  stand_still               | Scaled Avg:  -0.0002 | Raw Avg:   0.0112
  torques                   | Scaled Avg:  -0.0002 | Raw Avg: 843.7932
  TOTAL REWARD              | Scaled Avg:  -0.0423
------------------------------

------------------------------
Step: 104000 - Reward Breakdown:
  action_rate               | Scaled Avg:  -0.0135 | Raw Avg:   1.3488
  action_smoothness         | Scaled Avg:  -0.0005 | Raw Avg:   0.2368
  ang_vel_xy                | Scaled Avg:  -0.0066 | Raw Avg:   3.2943
  base_height               | Scaled Avg:  -0.0002 | Raw Avg:   0.0100
  collision                 | Scaled Avg:  -0.0015 | Raw Avg:   0.0746
  dof_acc                   | Scaled Avg:  -0.0012 | Raw Avg: 241376.2344
  feet_air_time             | Scaled Avg:   0.0001 | Raw Avg:   0.0040
  feet_contact_forces       | Scaled Avg:  -0.0000 | Raw Avg:   9.4010
  foot_clearance            | Scaled Avg:  -0.0001 | Raw Avg:   0.0142
  foot_mirror               | Scaled Avg:  -0.0005 | Raw Avg:   0.4894
  foot_slide                | Scaled Avg:  -0.0017 | Raw Avg:   1.6685
  has_contact               | Scaled Avg:  -0.0014 | Raw Avg:  -0.0341
  hip_pos                   | Scaled Avg:  -0.0032 | Raw Avg:   0.0318
  lin_vel_z                 | Scaled Avg:  -0.0097 | Raw Avg:   0.1208
  orientation               | Scaled Avg:  -0.0007 | Raw Avg:   0.1760
  powers                    | Scaled Avg:  -0.0001 | Raw Avg: 159.1605
  stand_still               | Scaled Avg:  -0.0001 | Raw Avg:   0.0069
  torques                   | Scaled Avg:  -0.0002 | Raw Avg: 837.3729
  TOTAL REWARD              | Scaled Avg:  -0.0410
------------------------------

------------------------------
Step: 104500 - Reward Breakdown:
  action_rate               | Scaled Avg:  -0.0136 | Raw Avg:   1.3630
  action_smoothness         | Scaled Avg:  -0.0005 | Raw Avg:   0.2393
  ang_vel_xy                | Scaled Avg:  -0.0066 | Raw Avg:   3.2964
  base_height               | Scaled Avg:  -0.0002 | Raw Avg:   0.0101
  collision                 | Scaled Avg:  -0.0015 | Raw Avg:   0.0755
  dof_acc                   | Scaled Avg:  -0.0012 | Raw Avg: 239699.7500
  feet_air_time             | Scaled Avg:   0.0001 | Raw Avg:   0.0045
  feet_contact_forces       | Scaled Avg:  -0.0000 | Raw Avg:   9.6002
  foot_clearance            | Scaled Avg:  -0.0001 | Raw Avg:   0.0144
  foot_mirror               | Scaled Avg:  -0.0005 | Raw Avg:   0.5062
  foot_slide                | Scaled Avg:  -0.0017 | Raw Avg:   1.6550
  has_contact               | Scaled Avg:  -0.0014 | Raw Avg:  -0.0359
  hip_pos                   | Scaled Avg:  -0.0032 | Raw Avg:   0.0319
  lin_vel_z                 | Scaled Avg:  -0.0100 | Raw Avg:   0.1250
  orientation               | Scaled Avg:  -0.0007 | Raw Avg:   0.1809
  powers                    | Scaled Avg:  -0.0001 | Raw Avg: 160.6178
  stand_still               | Scaled Avg:  -0.0002 | Raw Avg:   0.0122
  torques                   | Scaled Avg:  -0.0002 | Raw Avg: 835.0813
  TOTAL REWARD              | Scaled Avg:  -0.0416
------------------------------

------------------------------
Step: 105000 - Reward Breakdown:
  action_rate               | Scaled Avg:  -0.0133 | Raw Avg:   1.3329
  action_smoothness         | Scaled Avg:  -0.0005 | Raw Avg:   0.2366
  ang_vel_xy                | Scaled Avg:  -0.0064 | Raw Avg:   3.2058
  base_height               | Scaled Avg:  -0.0002 | Raw Avg:   0.0102
  collision                 | Scaled Avg:  -0.0014 | Raw Avg:   0.0722
  dof_acc                   | Scaled Avg:  -0.0011 | Raw Avg: 225444.0312
  feet_air_time             | Scaled Avg:   0.0001 | Raw Avg:   0.0046
  feet_contact_forces       | Scaled Avg:  -0.0000 | Raw Avg:   9.3287
  foot_clearance            | Scaled Avg:  -0.0001 | Raw Avg:   0.0145
  foot_mirror               | Scaled Avg:  -0.0005 | Raw Avg:   0.5048
  foot_slide                | Scaled Avg:  -0.0017 | Raw Avg:   1.6815
  has_contact               | Scaled Avg:  -0.0014 | Raw Avg:  -0.0344
  hip_pos                   | Scaled Avg:  -0.0032 | Raw Avg:   0.0324
  lin_vel_z                 | Scaled Avg:  -0.0095 | Raw Avg:   0.1191
  orientation               | Scaled Avg:  -0.0007 | Raw Avg:   0.1797
  powers                    | Scaled Avg:  -0.0001 | Raw Avg: 159.1964
  stand_still               | Scaled Avg:  -0.0001 | Raw Avg:   0.0069
  torques                   | Scaled Avg:  -0.0002 | Raw Avg: 844.3443
  TOTAL REWARD              | Scaled Avg:  -0.0405
------------------------------

------------------------------
Step: 105500 - Reward Breakdown:
  action_rate               | Scaled Avg:  -0.0135 | Raw Avg:   1.3468
  action_smoothness         | Scaled Avg:  -0.0005 | Raw Avg:   0.2398
  ang_vel_xy                | Scaled Avg:  -0.0067 | Raw Avg:   3.3677
  base_height               | Scaled Avg:  -0.0002 | Raw Avg:   0.0104
  collision                 | Scaled Avg:  -0.0015 | Raw Avg:   0.0751
  dof_acc                   | Scaled Avg:  -0.0012 | Raw Avg: 243978.4375
  feet_air_time             | Scaled Avg:   0.0001 | Raw Avg:   0.0036
  feet_contact_forces       | Scaled Avg:  -0.0000 | Raw Avg:   9.3360
  foot_clearance            | Scaled Avg:  -0.0001 | Raw Avg:   0.0145
  foot_mirror               | Scaled Avg:  -0.0005 | Raw Avg:   0.5431
  foot_slide                | Scaled Avg:  -0.0017 | Raw Avg:   1.6931
  has_contact               | Scaled Avg:  -0.0014 | Raw Avg:  -0.0359
  hip_pos                   | Scaled Avg:  -0.0032 | Raw Avg:   0.0325
  lin_vel_z                 | Scaled Avg:  -0.0104 | Raw Avg:   0.1296
  orientation               | Scaled Avg:  -0.0007 | Raw Avg:   0.1816
  powers                    | Scaled Avg:  -0.0001 | Raw Avg: 162.4124
  stand_still               | Scaled Avg:  -0.0001 | Raw Avg:   0.0054
  torques                   | Scaled Avg:  -0.0002 | Raw Avg: 830.3133
  TOTAL REWARD              | Scaled Avg:  -0.0420
------------------------------
################################################################################
                    [1m Learning iteration 9400/10000 [0m                     

                       Computation: 49945 steps/s (collection: 2.310s, learning 0.619s)
                     surrogate_loss -0.0072
                         value_loss 0.0150
                            entropy 2.3294
                     estimator_loss 0.0000
                         total_loss 0.0311
             Mean action noise std: 0.20
                       Mean reward: -1.17
               Mean episode length: 30.96
      Mean episode rew_action_rate: -0.0203
Mean episode rew_frame_action_rate: -0.0143
Mean episode rew_action_smoothness: -0.0007
Mean episode rew_frame_action_smoothness: -0.0005
       Mean episode rew_ang_vel_xy: -0.0100
 Mean episode rew_frame_ang_vel_xy: -0.0069
      Mean episode rew_base_height: -0.0003
Mean episode rew_frame_base_height: -0.0002
        Mean episode rew_collision: -0.0023
  Mean episode rew_frame_collision: -0.0015
          Mean episode rew_dof_acc: -0.0019
    Mean episode rew_frame_dof_acc: -0.0014
    Mean episode rew_feet_air_time: 0.0002
Mean episode rew_frame_feet_air_time: 0.0001
Mean episode rew_feet_contact_forces: -0.0000
Mean episode rew_frame_feet_contact_forces: -0.0000
   Mean episode rew_foot_clearance: -0.0002
Mean episode rew_frame_foot_clearance: -0.0002
      Mean episode rew_foot_mirror: -0.0008
Mean episode rew_frame_foot_mirror: -0.0005
       Mean episode rew_foot_slide: -0.0025
 Mean episode rew_frame_foot_slide: -0.0017
      Mean episode rew_has_contact: -0.0021
Mean episode rew_frame_has_contact: -0.0017
          Mean episode rew_hip_pos: -0.0047
    Mean episode rew_frame_hip_pos: -0.0035
        Mean episode rew_lin_vel_z: -0.0151
  Mean episode rew_frame_lin_vel_z: -0.0109
      Mean episode rew_orientation: -0.0011
Mean episode rew_frame_orientation: -0.0008
           Mean episode rew_powers: -0.0001
     Mean episode rew_frame_powers: -0.0001
      Mean episode rew_stand_still: -0.0003
Mean episode rew_frame_stand_still: -0.0002
          Mean episode rew_stumble: -0.0000
    Mean episode rew_frame_stumble: -0.0000
          Mean episode rew_torques: -0.0002
    Mean episode rew_frame_torques: -0.0002
Mean episode max_power_throughout_episode: 5661.4824
            Mean episode max_pos_x: 1.1195
            Mean episode min_pos_x: -0.2070
            Mean episode max_pos_y: 0.5564
            Mean episode min_pos_y: -0.5805
        Mean episode timeout_ratio: 0.0000
       Mean episode num_terminated: 202.6667
--------------------------------------------------------------------------------
                   Total timesteps: 6583680
                    Iteration time: 2.93s
                        Total time: 12958.24s
                               ETA: 1766.6s


------------------------------
Step: 106000 - Reward Breakdown:
  action_rate               | Scaled Avg:  -0.0138 | Raw Avg:   1.3815
  action_smoothness         | Scaled Avg:  -0.0005 | Raw Avg:   0.2459
  ang_vel_xy                | Scaled Avg:  -0.0065 | Raw Avg:   3.2636
  base_height               | Scaled Avg:  -0.0002 | Raw Avg:   0.0101
  collision                 | Scaled Avg:  -0.0016 | Raw Avg:   0.0809
  dof_acc                   | Scaled Avg:  -0.0014 | Raw Avg: 280422.8125
  feet_air_time             | Scaled Avg:   0.0001 | Raw Avg:   0.0038
  feet_contact_forces       | Scaled Avg:  -0.0000 | Raw Avg:   9.3971
  foot_clearance            | Scaled Avg:  -0.0001 | Raw Avg:   0.0140
  foot_mirror               | Scaled Avg:  -0.0005 | Raw Avg:   0.5377
  foot_slide                | Scaled Avg:  -0.0017 | Raw Avg:   1.7324
  has_contact               | Scaled Avg:  -0.0013 | Raw Avg:  -0.0330
  hip_pos                   | Scaled Avg:  -0.0032 | Raw Avg:   0.0321
  lin_vel_z                 | Scaled Avg:  -0.0098 | Raw Avg:   0.1229
  orientation               | Scaled Avg:  -0.0007 | Raw Avg:   0.1853
  powers                    | Scaled Avg:  -0.0001 | Raw Avg: 162.5458
  stand_still               | Scaled Avg:  -0.0002 | Raw Avg:   0.0079
  torques                   | Scaled Avg:  -0.0002 | Raw Avg: 826.2726
  TOTAL REWARD              | Scaled Avg:  -0.0419
------------------------------

------------------------------
Step: 106500 - Reward Breakdown:
  action_rate               | Scaled Avg:  -0.0135 | Raw Avg:   1.3462
  action_smoothness         | Scaled Avg:  -0.0005 | Raw Avg:   0.2395
  ang_vel_xy                | Scaled Avg:  -0.0065 | Raw Avg:   3.2301
  base_height               | Scaled Avg:  -0.0002 | Raw Avg:   0.0103
  collision                 | Scaled Avg:  -0.0017 | Raw Avg:   0.0827
  dof_acc                   | Scaled Avg:  -0.0012 | Raw Avg: 239484.5781
  feet_air_time             | Scaled Avg:   0.0001 | Raw Avg:   0.0044
  feet_contact_forces       | Scaled Avg:  -0.0000 | Raw Avg:   9.6075
  foot_clearance            | Scaled Avg:  -0.0001 | Raw Avg:   0.0139
  foot_mirror               | Scaled Avg:  -0.0005 | Raw Avg:   0.5325
  foot_slide                | Scaled Avg:  -0.0017 | Raw Avg:   1.7195
  has_contact               | Scaled Avg:  -0.0010 | Raw Avg:  -0.0261
  hip_pos                   | Scaled Avg:  -0.0033 | Raw Avg:   0.0328
  lin_vel_z                 | Scaled Avg:  -0.0098 | Raw Avg:   0.1220
  orientation               | Scaled Avg:  -0.0007 | Raw Avg:   0.1826
  powers                    | Scaled Avg:  -0.0001 | Raw Avg: 159.8499
  stand_still               | Scaled Avg:  -0.0001 | Raw Avg:   0.0063
  torques                   | Scaled Avg:  -0.0002 | Raw Avg: 825.0644
  TOTAL REWARD              | Scaled Avg:  -0.0409
------------------------------

------------------------------
Step: 107000 - Reward Breakdown:
  action_rate               | Scaled Avg:  -0.0136 | Raw Avg:   1.3573
  action_smoothness         | Scaled Avg:  -0.0005 | Raw Avg:   0.2429
  ang_vel_xy                | Scaled Avg:  -0.0065 | Raw Avg:   3.2385
  base_height               | Scaled Avg:  -0.0002 | Raw Avg:   0.0104
  collision                 | Scaled Avg:  -0.0015 | Raw Avg:   0.0735
  dof_acc                   | Scaled Avg:  -0.0012 | Raw Avg: 245036.6562
  feet_air_time             | Scaled Avg:   0.0001 | Raw Avg:   0.0047
  feet_contact_forces       | Scaled Avg:  -0.0000 | Raw Avg:   9.5457
  foot_clearance            | Scaled Avg:  -0.0001 | Raw Avg:   0.0146
  foot_mirror               | Scaled Avg:  -0.0005 | Raw Avg:   0.5116
  foot_slide                | Scaled Avg:  -0.0017 | Raw Avg:   1.7020
  has_contact               | Scaled Avg:  -0.0015 | Raw Avg:  -0.0364
  hip_pos                   | Scaled Avg:  -0.0032 | Raw Avg:   0.0320
  lin_vel_z                 | Scaled Avg:  -0.0106 | Raw Avg:   0.1323
  orientation               | Scaled Avg:  -0.0007 | Raw Avg:   0.1793
  powers                    | Scaled Avg:  -0.0001 | Raw Avg: 161.6486
  stand_still               | Scaled Avg:  -0.0002 | Raw Avg:   0.0077
  torques                   | Scaled Avg:  -0.0002 | Raw Avg: 837.6429
  TOTAL REWARD              | Scaled Avg:  -0.0420
------------------------------

------------------------------
Step: 107500 - Reward Breakdown:
  action_rate               | Scaled Avg:  -0.0137 | Raw Avg:   1.3695
  action_smoothness         | Scaled Avg:  -0.0005 | Raw Avg:   0.2405
  ang_vel_xy                | Scaled Avg:  -0.0066 | Raw Avg:   3.3014
  base_height               | Scaled Avg:  -0.0002 | Raw Avg:   0.0104
  collision                 | Scaled Avg:  -0.0015 | Raw Avg:   0.0737
  dof_acc                   | Scaled Avg:  -0.0012 | Raw Avg: 245968.8438
  feet_air_time             | Scaled Avg:   0.0002 | Raw Avg:   0.0051
  feet_contact_forces       | Scaled Avg:  -0.0000 | Raw Avg:   9.5174
  foot_clearance            | Scaled Avg:  -0.0001 | Raw Avg:   0.0144
  foot_mirror               | Scaled Avg:  -0.0005 | Raw Avg:   0.5499
  foot_slide                | Scaled Avg:  -0.0017 | Raw Avg:   1.7066
  has_contact               | Scaled Avg:  -0.0014 | Raw Avg:  -0.0341
  hip_pos                   | Scaled Avg:  -0.0032 | Raw Avg:   0.0318
  lin_vel_z                 | Scaled Avg:  -0.0099 | Raw Avg:   0.1243
  orientation               | Scaled Avg:  -0.0007 | Raw Avg:   0.1854
  powers                    | Scaled Avg:  -0.0001 | Raw Avg: 161.9398
  stand_still               | Scaled Avg:  -0.0001 | Raw Avg:   0.0040
  torques                   | Scaled Avg:  -0.0002 | Raw Avg: 842.3569
  TOTAL REWARD              | Scaled Avg:  -0.0415
------------------------------

------------------------------
Step: 108000 - Reward Breakdown:
  action_rate               | Scaled Avg:  -0.0135 | Raw Avg:   1.3460
  action_smoothness         | Scaled Avg:  -0.0005 | Raw Avg:   0.2399
  ang_vel_xy                | Scaled Avg:  -0.0064 | Raw Avg:   3.2090
  base_height               | Scaled Avg:  -0.0002 | Raw Avg:   0.0103
  collision                 | Scaled Avg:  -0.0015 | Raw Avg:   0.0761
  dof_acc                   | Scaled Avg:  -0.0012 | Raw Avg: 238245.2500
  feet_air_time             | Scaled Avg:   0.0001 | Raw Avg:   0.0038
  feet_contact_forces       | Scaled Avg:  -0.0000 | Raw Avg:   9.2651
  foot_clearance            | Scaled Avg:  -0.0001 | Raw Avg:   0.0147
  foot_mirror               | Scaled Avg:  -0.0005 | Raw Avg:   0.5364
  foot_slide                | Scaled Avg:  -0.0017 | Raw Avg:   1.7418
  has_contact               | Scaled Avg:  -0.0015 | Raw Avg:  -0.0371
  hip_pos                   | Scaled Avg:  -0.0032 | Raw Avg:   0.0315
  lin_vel_z                 | Scaled Avg:  -0.0101 | Raw Avg:   0.1259
  orientation               | Scaled Avg:  -0.0007 | Raw Avg:   0.1803
  powers                    | Scaled Avg:  -0.0001 | Raw Avg: 162.0356
  stand_still               | Scaled Avg:  -0.0002 | Raw Avg:   0.0079
  torques                   | Scaled Avg:  -0.0002 | Raw Avg: 844.6544
  TOTAL REWARD              | Scaled Avg:  -0.0414
------------------------------
################################################################################
                    [1m Learning iteration 9500/10000 [0m                     

                       Computation: 50037 steps/s (collection: 2.299s, learning 0.625s)
                     surrogate_loss -0.0020
                         value_loss 0.0136
                            entropy 2.3043
                     estimator_loss 0.0000
                         total_loss 0.0347
             Mean action noise std: 0.20
                       Mean reward: -1.22
               Mean episode length: 29.91
      Mean episode rew_action_rate: -0.0204
Mean episode rew_frame_action_rate: -0.0143
Mean episode rew_action_smoothness: -0.0007
Mean episode rew_frame_action_smoothness: -0.0005
       Mean episode rew_ang_vel_xy: -0.0096
 Mean episode rew_frame_ang_vel_xy: -0.0066
      Mean episode rew_base_height: -0.0003
Mean episode rew_frame_base_height: -0.0002
        Mean episode rew_collision: -0.0022
  Mean episode rew_frame_collision: -0.0014
          Mean episode rew_dof_acc: -0.0018
    Mean episode rew_frame_dof_acc: -0.0014
    Mean episode rew_feet_air_time: 0.0002
Mean episode rew_frame_feet_air_time: 0.0001
Mean episode rew_feet_contact_forces: -0.0000
Mean episode rew_frame_feet_contact_forces: -0.0000
   Mean episode rew_foot_clearance: -0.0002
Mean episode rew_frame_foot_clearance: -0.0002
      Mean episode rew_foot_mirror: -0.0008
Mean episode rew_frame_foot_mirror: -0.0005
       Mean episode rew_foot_slide: -0.0026
 Mean episode rew_frame_foot_slide: -0.0017
      Mean episode rew_has_contact: -0.0019
Mean episode rew_frame_has_contact: -0.0016
          Mean episode rew_hip_pos: -0.0048
    Mean episode rew_frame_hip_pos: -0.0037
        Mean episode rew_lin_vel_z: -0.0155
  Mean episode rew_frame_lin_vel_z: -0.0112
      Mean episode rew_orientation: -0.0011
Mean episode rew_frame_orientation: -0.0008
           Mean episode rew_powers: -0.0001
     Mean episode rew_frame_powers: -0.0001
      Mean episode rew_stand_still: -0.0002
Mean episode rew_frame_stand_still: -0.0001
          Mean episode rew_stumble: -0.0000
    Mean episode rew_frame_stumble: -0.0000
          Mean episode rew_torques: -0.0003
    Mean episode rew_frame_torques: -0.0002
Mean episode max_power_throughout_episode: 5598.1948
            Mean episode max_pos_x: 1.1437
            Mean episode min_pos_x: -0.2145
            Mean episode max_pos_y: 0.5707
            Mean episode min_pos_y: -0.5999
        Mean episode timeout_ratio: 0.0000
       Mean episode num_terminated: 204.2083
--------------------------------------------------------------------------------
                   Total timesteps: 6729984
                    Iteration time: 2.92s
                        Total time: 13251.34s
                               ETA: 1472.0s


------------------------------
Step: 108500 - Reward Breakdown:
  action_rate               | Scaled Avg:  -0.0137 | Raw Avg:   1.3671
  action_smoothness         | Scaled Avg:  -0.0005 | Raw Avg:   0.2414
  ang_vel_xy                | Scaled Avg:  -0.0064 | Raw Avg:   3.1776
  base_height               | Scaled Avg:  -0.0002 | Raw Avg:   0.0106
  collision                 | Scaled Avg:  -0.0015 | Raw Avg:   0.0768
  dof_acc                   | Scaled Avg:  -0.0012 | Raw Avg: 239120.7969
  feet_air_time             | Scaled Avg:   0.0001 | Raw Avg:   0.0042
  feet_contact_forces       | Scaled Avg:  -0.0000 | Raw Avg:   9.6460
  foot_clearance            | Scaled Avg:  -0.0001 | Raw Avg:   0.0138
  foot_mirror               | Scaled Avg:  -0.0005 | Raw Avg:   0.5301
  foot_slide                | Scaled Avg:  -0.0017 | Raw Avg:   1.7196
  has_contact               | Scaled Avg:  -0.0014 | Raw Avg:  -0.0351
  hip_pos                   | Scaled Avg:  -0.0033 | Raw Avg:   0.0328
  lin_vel_z                 | Scaled Avg:  -0.0100 | Raw Avg:   0.1247
  orientation               | Scaled Avg:  -0.0007 | Raw Avg:   0.1839
  powers                    | Scaled Avg:  -0.0001 | Raw Avg: 163.1035
  stand_still               | Scaled Avg:  -0.0001 | Raw Avg:   0.0053
  torques                   | Scaled Avg:  -0.0002 | Raw Avg: 845.3279
  TOTAL REWARD              | Scaled Avg:  -0.0415
------------------------------

------------------------------
Step: 109000 - Reward Breakdown:
  action_rate               | Scaled Avg:  -0.0134 | Raw Avg:   1.3444
  action_smoothness         | Scaled Avg:  -0.0005 | Raw Avg:   0.2382
  ang_vel_xy                | Scaled Avg:  -0.0063 | Raw Avg:   3.1554
  base_height               | Scaled Avg:  -0.0002 | Raw Avg:   0.0105
  collision                 | Scaled Avg:  -0.0013 | Raw Avg:   0.0671
  dof_acc                   | Scaled Avg:  -0.0013 | Raw Avg: 264036.5312
  feet_air_time             | Scaled Avg:   0.0001 | Raw Avg:   0.0036
  feet_contact_forces       | Scaled Avg:  -0.0000 | Raw Avg:   9.2724
  foot_clearance            | Scaled Avg:  -0.0001 | Raw Avg:   0.0132
  foot_mirror               | Scaled Avg:  -0.0005 | Raw Avg:   0.4974
  foot_slide                | Scaled Avg:  -0.0017 | Raw Avg:   1.7446
  has_contact               | Scaled Avg:  -0.0010 | Raw Avg:  -0.0249
  hip_pos                   | Scaled Avg:  -0.0031 | Raw Avg:   0.0314
  lin_vel_z                 | Scaled Avg:  -0.0100 | Raw Avg:   0.1254
  orientation               | Scaled Avg:  -0.0007 | Raw Avg:   0.1791
  powers                    | Scaled Avg:  -0.0001 | Raw Avg: 161.9015
  stand_still               | Scaled Avg:  -0.0001 | Raw Avg:   0.0051
  torques                   | Scaled Avg:  -0.0002 | Raw Avg: 838.4483
  TOTAL REWARD              | Scaled Avg:  -0.0406
------------------------------

------------------------------
Step: 109500 - Reward Breakdown:
  action_rate               | Scaled Avg:  -0.0136 | Raw Avg:   1.3567
  action_smoothness         | Scaled Avg:  -0.0005 | Raw Avg:   0.2399
  ang_vel_xy                | Scaled Avg:  -0.0067 | Raw Avg:   3.3567
  base_height               | Scaled Avg:  -0.0002 | Raw Avg:   0.0105
  collision                 | Scaled Avg:  -0.0016 | Raw Avg:   0.0778
  dof_acc                   | Scaled Avg:  -0.0014 | Raw Avg: 284352.9375
  feet_air_time             | Scaled Avg:   0.0001 | Raw Avg:   0.0043
  feet_contact_forces       | Scaled Avg:  -0.0000 | Raw Avg:   9.0789
  foot_clearance            | Scaled Avg:  -0.0001 | Raw Avg:   0.0144
  foot_mirror               | Scaled Avg:  -0.0005 | Raw Avg:   0.5225
  foot_slide                | Scaled Avg:  -0.0017 | Raw Avg:   1.7276
  has_contact               | Scaled Avg:  -0.0012 | Raw Avg:  -0.0302
  hip_pos                   | Scaled Avg:  -0.0033 | Raw Avg:   0.0330
  lin_vel_z                 | Scaled Avg:  -0.0101 | Raw Avg:   0.1260
  orientation               | Scaled Avg:  -0.0007 | Raw Avg:   0.1826
  powers                    | Scaled Avg:  -0.0001 | Raw Avg: 162.2843
  stand_still               | Scaled Avg:  -0.0001 | Raw Avg:   0.0071
  torques                   | Scaled Avg:  -0.0002 | Raw Avg: 842.3933
  TOTAL REWARD              | Scaled Avg:  -0.0419
------------------------------

------------------------------
Step: 110000 - Reward Breakdown:
  action_rate               | Scaled Avg:  -0.0135 | Raw Avg:   1.3485
  action_smoothness         | Scaled Avg:  -0.0005 | Raw Avg:   0.2424
  ang_vel_xy                | Scaled Avg:  -0.0067 | Raw Avg:   3.3373
  base_height               | Scaled Avg:  -0.0002 | Raw Avg:   0.0107
  collision                 | Scaled Avg:  -0.0016 | Raw Avg:   0.0802
  dof_acc                   | Scaled Avg:  -0.0013 | Raw Avg: 257708.1719
  feet_air_time             | Scaled Avg:   0.0001 | Raw Avg:   0.0035
  feet_contact_forces       | Scaled Avg:  -0.0000 | Raw Avg:   9.1256
  foot_clearance            | Scaled Avg:  -0.0001 | Raw Avg:   0.0133
  foot_mirror               | Scaled Avg:  -0.0005 | Raw Avg:   0.5095
  foot_slide                | Scaled Avg:  -0.0017 | Raw Avg:   1.6928
  has_contact               | Scaled Avg:  -0.0014 | Raw Avg:  -0.0359
  hip_pos                   | Scaled Avg:  -0.0033 | Raw Avg:   0.0327
  lin_vel_z                 | Scaled Avg:  -0.0107 | Raw Avg:   0.1339
  orientation               | Scaled Avg:  -0.0007 | Raw Avg:   0.1820
  powers                    | Scaled Avg:  -0.0001 | Raw Avg: 161.8779
  stand_still               | Scaled Avg:  -0.0001 | Raw Avg:   0.0071
  torques                   | Scaled Avg:  -0.0002 | Raw Avg: 837.2455
  TOTAL REWARD              | Scaled Avg:  -0.0425
------------------------------
################################################################################
                    [1m Learning iteration 9600/10000 [0m                     

                       Computation: 50978 steps/s (collection: 2.260s, learning 0.610s)
                     surrogate_loss -0.0039
                         value_loss 0.0124
                            entropy 2.3132
                     estimator_loss 0.0000
                         total_loss 0.0317
             Mean action noise std: 0.20
                       Mean reward: -1.24
               Mean episode length: 30.52
      Mean episode rew_action_rate: -0.0206
Mean episode rew_frame_action_rate: -0.0139
Mean episode rew_action_smoothness: -0.0007
Mean episode rew_frame_action_smoothness: -0.0005
       Mean episode rew_ang_vel_xy: -0.0097
 Mean episode rew_frame_ang_vel_xy: -0.0064
      Mean episode rew_base_height: -0.0003
Mean episode rew_frame_base_height: -0.0002
        Mean episode rew_collision: -0.0024
  Mean episode rew_frame_collision: -0.0015
          Mean episode rew_dof_acc: -0.0021
    Mean episode rew_frame_dof_acc: -0.0014
    Mean episode rew_feet_air_time: 0.0002
Mean episode rew_frame_feet_air_time: 0.0001
Mean episode rew_feet_contact_forces: -0.0000
Mean episode rew_frame_feet_contact_forces: -0.0000
   Mean episode rew_foot_clearance: -0.0002
Mean episode rew_frame_foot_clearance: -0.0001
      Mean episode rew_foot_mirror: -0.0008
Mean episode rew_frame_foot_mirror: -0.0005
       Mean episode rew_foot_slide: -0.0027
 Mean episode rew_frame_foot_slide: -0.0017
      Mean episode rew_has_contact: -0.0019
Mean episode rew_frame_has_contact: -0.0015
          Mean episode rew_hip_pos: -0.0049
    Mean episode rew_frame_hip_pos: -0.0036
        Mean episode rew_lin_vel_z: -0.0142
  Mean episode rew_frame_lin_vel_z: -0.0097
      Mean episode rew_orientation: -0.0011
Mean episode rew_frame_orientation: -0.0008
           Mean episode rew_powers: -0.0001
     Mean episode rew_frame_powers: -0.0001
      Mean episode rew_stand_still: -0.0003
Mean episode rew_frame_stand_still: -0.0002
          Mean episode rew_stumble: -0.0000
    Mean episode rew_frame_stumble: -0.0000
          Mean episode rew_torques: -0.0003
    Mean episode rew_frame_torques: -0.0002
Mean episode max_power_throughout_episode: 5306.7515
            Mean episode max_pos_x: 1.1283
            Mean episode min_pos_x: -0.1970
            Mean episode max_pos_y: 0.5863
            Mean episode min_pos_y: -0.5775
        Mean episode timeout_ratio: 0.0000
       Mean episode num_terminated: 194.7500
--------------------------------------------------------------------------------
                   Total timesteps: 6876288
                    Iteration time: 2.87s
                        Total time: 13544.59s
                               ETA: 1177.5s


------------------------------
Step: 110500 - Reward Breakdown:
  action_rate               | Scaled Avg:  -0.0134 | Raw Avg:   1.3355
  action_smoothness         | Scaled Avg:  -0.0005 | Raw Avg:   0.2360
  ang_vel_xy                | Scaled Avg:  -0.0062 | Raw Avg:   3.1225
  base_height               | Scaled Avg:  -0.0002 | Raw Avg:   0.0105
  collision                 | Scaled Avg:  -0.0016 | Raw Avg:   0.0794
  dof_acc                   | Scaled Avg:  -0.0013 | Raw Avg: 261164.7500
  feet_air_time             | Scaled Avg:   0.0001 | Raw Avg:   0.0032
  feet_contact_forces       | Scaled Avg:  -0.0000 | Raw Avg:   8.9851
  foot_clearance            | Scaled Avg:  -0.0001 | Raw Avg:   0.0135
  foot_mirror               | Scaled Avg:  -0.0005 | Raw Avg:   0.5039
  foot_slide                | Scaled Avg:  -0.0018 | Raw Avg:   1.7517
  has_contact               | Scaled Avg:  -0.0012 | Raw Avg:  -0.0303
  hip_pos                   | Scaled Avg:  -0.0034 | Raw Avg:   0.0341
  lin_vel_z                 | Scaled Avg:  -0.0091 | Raw Avg:   0.1133
  orientation               | Scaled Avg:  -0.0007 | Raw Avg:   0.1804
  powers                    | Scaled Avg:  -0.0001 | Raw Avg: 158.9773
  stand_still               | Scaled Avg:  -0.0001 | Raw Avg:   0.0071
  torques                   | Scaled Avg:  -0.0002 | Raw Avg: 848.7228
  TOTAL REWARD              | Scaled Avg:  -0.0403
------------------------------

------------------------------
Step: 111000 - Reward Breakdown:
  action_rate               | Scaled Avg:  -0.0134 | Raw Avg:   1.3416
  action_smoothness         | Scaled Avg:  -0.0005 | Raw Avg:   0.2398
  ang_vel_xy                | Scaled Avg:  -0.0065 | Raw Avg:   3.2293
  base_height               | Scaled Avg:  -0.0002 | Raw Avg:   0.0104
  collision                 | Scaled Avg:  -0.0015 | Raw Avg:   0.0756
  dof_acc                   | Scaled Avg:  -0.0014 | Raw Avg: 277059.2188
  feet_air_time             | Scaled Avg:   0.0001 | Raw Avg:   0.0039
  feet_contact_forces       | Scaled Avg:  -0.0000 | Raw Avg:   8.9361
  foot_clearance            | Scaled Avg:  -0.0001 | Raw Avg:   0.0142
  foot_mirror               | Scaled Avg:  -0.0005 | Raw Avg:   0.5372
  foot_slide                | Scaled Avg:  -0.0017 | Raw Avg:   1.6528
  has_contact               | Scaled Avg:  -0.0015 | Raw Avg:  -0.0364
  hip_pos                   | Scaled Avg:  -0.0034 | Raw Avg:   0.0339
  lin_vel_z                 | Scaled Avg:  -0.0096 | Raw Avg:   0.1196
  orientation               | Scaled Avg:  -0.0007 | Raw Avg:   0.1843
  powers                    | Scaled Avg:  -0.0001 | Raw Avg: 160.9933
  stand_still               | Scaled Avg:  -0.0001 | Raw Avg:   0.0060
  torques                   | Scaled Avg:  -0.0002 | Raw Avg: 847.5837
  TOTAL REWARD              | Scaled Avg:  -0.0412
------------------------------

------------------------------
Step: 111500 - Reward Breakdown:
  action_rate               | Scaled Avg:  -0.0131 | Raw Avg:   1.3090
  action_smoothness         | Scaled Avg:  -0.0005 | Raw Avg:   0.2375
  ang_vel_xy                | Scaled Avg:  -0.0064 | Raw Avg:   3.2033
  base_height               | Scaled Avg:  -0.0002 | Raw Avg:   0.0102
  collision                 | Scaled Avg:  -0.0015 | Raw Avg:   0.0763
  dof_acc                   | Scaled Avg:  -0.0013 | Raw Avg: 253174.8438
  feet_air_time             | Scaled Avg:   0.0001 | Raw Avg:   0.0037
  feet_contact_forces       | Scaled Avg:  -0.0000 | Raw Avg:   9.2449
  foot_clearance            | Scaled Avg:  -0.0001 | Raw Avg:   0.0134
  foot_mirror               | Scaled Avg:  -0.0005 | Raw Avg:   0.5136
  foot_slide                | Scaled Avg:  -0.0017 | Raw Avg:   1.6582
  has_contact               | Scaled Avg:  -0.0017 | Raw Avg:  -0.0418
  hip_pos                   | Scaled Avg:  -0.0034 | Raw Avg:   0.0335
  lin_vel_z                 | Scaled Avg:  -0.0096 | Raw Avg:   0.1197
  orientation               | Scaled Avg:  -0.0007 | Raw Avg:   0.1843
  powers                    | Scaled Avg:  -0.0001 | Raw Avg: 158.0766
  stand_still               | Scaled Avg:  -0.0002 | Raw Avg:   0.0085
  torques                   | Scaled Avg:  -0.0002 | Raw Avg: 845.5045
  TOTAL REWARD              | Scaled Avg:  -0.0409
------------------------------

------------------------------
Step: 112000 - Reward Breakdown:
  action_rate               | Scaled Avg:  -0.0131 | Raw Avg:   1.3073
  action_smoothness         | Scaled Avg:  -0.0005 | Raw Avg:   0.2366
  ang_vel_xy                | Scaled Avg:  -0.0063 | Raw Avg:   3.1634
  base_height               | Scaled Avg:  -0.0002 | Raw Avg:   0.0103
  collision                 | Scaled Avg:  -0.0014 | Raw Avg:   0.0700
  dof_acc                   | Scaled Avg:  -0.0012 | Raw Avg: 236247.4375
  feet_air_time             | Scaled Avg:   0.0001 | Raw Avg:   0.0038
  feet_contact_forces       | Scaled Avg:  -0.0000 | Raw Avg:   9.6024
  foot_clearance            | Scaled Avg:  -0.0001 | Raw Avg:   0.0136
  foot_mirror               | Scaled Avg:  -0.0006 | Raw Avg:   0.5551
  foot_slide                | Scaled Avg:  -0.0017 | Raw Avg:   1.6843
  has_contact               | Scaled Avg:  -0.0013 | Raw Avg:  -0.0318
  hip_pos                   | Scaled Avg:  -0.0034 | Raw Avg:   0.0339
  lin_vel_z                 | Scaled Avg:  -0.0097 | Raw Avg:   0.1219
  orientation               | Scaled Avg:  -0.0007 | Raw Avg:   0.1845
  powers                    | Scaled Avg:  -0.0001 | Raw Avg: 157.2882
  stand_still               | Scaled Avg:  -0.0002 | Raw Avg:   0.0086
  torques                   | Scaled Avg:  -0.0002 | Raw Avg: 852.7854
  TOTAL REWARD              | Scaled Avg:  -0.0405
------------------------------

------------------------------
Step: 112500 - Reward Breakdown:
  action_rate               | Scaled Avg:  -0.0131 | Raw Avg:   1.3132
  action_smoothness         | Scaled Avg:  -0.0005 | Raw Avg:   0.2379
  ang_vel_xy                | Scaled Avg:  -0.0063 | Raw Avg:   3.1625
  base_height               | Scaled Avg:  -0.0002 | Raw Avg:   0.0106
  collision                 | Scaled Avg:  -0.0015 | Raw Avg:   0.0735
  dof_acc                   | Scaled Avg:  -0.0012 | Raw Avg: 248797.0156
  feet_air_time             | Scaled Avg:   0.0001 | Raw Avg:   0.0034
  feet_contact_forces       | Scaled Avg:  -0.0000 | Raw Avg:   8.5937
  foot_clearance            | Scaled Avg:  -0.0001 | Raw Avg:   0.0134
  foot_mirror               | Scaled Avg:  -0.0005 | Raw Avg:   0.5391
  foot_slide                | Scaled Avg:  -0.0017 | Raw Avg:   1.6752
  has_contact               | Scaled Avg:  -0.0014 | Raw Avg:  -0.0340
  hip_pos                   | Scaled Avg:  -0.0034 | Raw Avg:   0.0344
  lin_vel_z                 | Scaled Avg:  -0.0102 | Raw Avg:   0.1272
  orientation               | Scaled Avg:  -0.0007 | Raw Avg:   0.1864
  powers                    | Scaled Avg:  -0.0001 | Raw Avg: 157.1887
  stand_still               | Scaled Avg:  -0.0001 | Raw Avg:   0.0042
  torques                   | Scaled Avg:  -0.0002 | Raw Avg: 830.3507
  TOTAL REWARD              | Scaled Avg:  -0.0412
------------------------------
################################################################################
                    [1m Learning iteration 9700/10000 [0m                     

                       Computation: 50333 steps/s (collection: 2.285s, learning 0.622s)
                     surrogate_loss -0.0058
                         value_loss 0.0132
                            entropy 2.3271
                     estimator_loss 0.0000
                         total_loss 0.0308
             Mean action noise std: 0.20
                       Mean reward: -1.19
               Mean episode length: 30.85
      Mean episode rew_action_rate: -0.0197
Mean episode rew_frame_action_rate: -0.0139
Mean episode rew_action_smoothness: -0.0007
Mean episode rew_frame_action_smoothness: -0.0005
       Mean episode rew_ang_vel_xy: -0.0097
 Mean episode rew_frame_ang_vel_xy: -0.0067
      Mean episode rew_base_height: -0.0003
Mean episode rew_frame_base_height: -0.0002
        Mean episode rew_collision: -0.0022
  Mean episode rew_frame_collision: -0.0015
          Mean episode rew_dof_acc: -0.0019
    Mean episode rew_frame_dof_acc: -0.0014
    Mean episode rew_feet_air_time: 0.0002
Mean episode rew_frame_feet_air_time: 0.0001
Mean episode rew_feet_contact_forces: -0.0000
Mean episode rew_frame_feet_contact_forces: -0.0000
   Mean episode rew_foot_clearance: -0.0002
Mean episode rew_frame_foot_clearance: -0.0001
      Mean episode rew_foot_mirror: -0.0008
Mean episode rew_frame_foot_mirror: -0.0005
       Mean episode rew_foot_slide: -0.0026
 Mean episode rew_frame_foot_slide: -0.0017
      Mean episode rew_has_contact: -0.0022
Mean episode rew_frame_has_contact: -0.0017
          Mean episode rew_hip_pos: -0.0050
    Mean episode rew_frame_hip_pos: -0.0038
        Mean episode rew_lin_vel_z: -0.0154
  Mean episode rew_frame_lin_vel_z: -0.0110
      Mean episode rew_orientation: -0.0011
Mean episode rew_frame_orientation: -0.0008
           Mean episode rew_powers: -0.0001
     Mean episode rew_frame_powers: -0.0001
      Mean episode rew_stand_still: -0.0003
Mean episode rew_frame_stand_still: -0.0002
          Mean episode rew_stumble: -0.0000
    Mean episode rew_frame_stumble: -0.0000
          Mean episode rew_torques: -0.0002
    Mean episode rew_frame_torques: -0.0002
Mean episode max_power_throughout_episode: 5455.8618
            Mean episode max_pos_x: 1.0899
            Mean episode min_pos_x: -0.2036
            Mean episode max_pos_y: 0.5610
            Mean episode min_pos_y: -0.5726
        Mean episode timeout_ratio: 0.0000
       Mean episode num_terminated: 203.5417
--------------------------------------------------------------------------------
                   Total timesteps: 7022592
                    Iteration time: 2.91s
                        Total time: 13835.93s
                               ETA: 883.0s


------------------------------
Step: 113000 - Reward Breakdown:
  action_rate               | Scaled Avg:  -0.0137 | Raw Avg:   1.3698
  action_smoothness         | Scaled Avg:  -0.0005 | Raw Avg:   0.2380
  ang_vel_xy                | Scaled Avg:  -0.0065 | Raw Avg:   3.2728
  base_height               | Scaled Avg:  -0.0002 | Raw Avg:   0.0102
  collision                 | Scaled Avg:  -0.0016 | Raw Avg:   0.0782
  dof_acc                   | Scaled Avg:  -0.0013 | Raw Avg: 267188.4375
  feet_air_time             | Scaled Avg:   0.0001 | Raw Avg:   0.0041
  feet_contact_forces       | Scaled Avg:  -0.0000 | Raw Avg:   9.4667
  foot_clearance            | Scaled Avg:  -0.0001 | Raw Avg:   0.0139
  foot_mirror               | Scaled Avg:  -0.0005 | Raw Avg:   0.5274
  foot_slide                | Scaled Avg:  -0.0017 | Raw Avg:   1.6893
  has_contact               | Scaled Avg:  -0.0012 | Raw Avg:  -0.0308
  hip_pos                   | Scaled Avg:  -0.0035 | Raw Avg:   0.0352
  lin_vel_z                 | Scaled Avg:  -0.0098 | Raw Avg:   0.1225
  orientation               | Scaled Avg:  -0.0007 | Raw Avg:   0.1842
  powers                    | Scaled Avg:  -0.0001 | Raw Avg: 163.0951
  stand_still               | Scaled Avg:  -0.0001 | Raw Avg:   0.0042
  torques                   | Scaled Avg:  -0.0002 | Raw Avg: 851.1545
  TOTAL REWARD              | Scaled Avg:  -0.0417
------------------------------

------------------------------
Step: 113500 - Reward Breakdown:
  action_rate               | Scaled Avg:  -0.0135 | Raw Avg:   1.3524
  action_smoothness         | Scaled Avg:  -0.0005 | Raw Avg:   0.2375
  ang_vel_xy                | Scaled Avg:  -0.0064 | Raw Avg:   3.1941
  base_height               | Scaled Avg:  -0.0002 | Raw Avg:   0.0102
  collision                 | Scaled Avg:  -0.0015 | Raw Avg:   0.0771
  dof_acc                   | Scaled Avg:  -0.0015 | Raw Avg: 291769.3438
  feet_air_time             | Scaled Avg:   0.0001 | Raw Avg:   0.0040
  feet_contact_forces       | Scaled Avg:  -0.0000 | Raw Avg:   9.2241
  foot_clearance            | Scaled Avg:  -0.0001 | Raw Avg:   0.0135
  foot_mirror               | Scaled Avg:  -0.0005 | Raw Avg:   0.5107
  foot_slide                | Scaled Avg:  -0.0017 | Raw Avg:   1.7164
  has_contact               | Scaled Avg:  -0.0016 | Raw Avg:  -0.0405
  hip_pos                   | Scaled Avg:  -0.0033 | Raw Avg:   0.0329
  lin_vel_z                 | Scaled Avg:  -0.0104 | Raw Avg:   0.1296
  orientation               | Scaled Avg:  -0.0007 | Raw Avg:   0.1818
  powers                    | Scaled Avg:  -0.0001 | Raw Avg: 163.0031
  stand_still               | Scaled Avg:  -0.0001 | Raw Avg:   0.0063
  torques                   | Scaled Avg:  -0.0002 | Raw Avg: 843.9451
  TOTAL REWARD              | Scaled Avg:  -0.0422
------------------------------

------------------------------
Step: 114000 - Reward Breakdown:
  action_rate               | Scaled Avg:  -0.0137 | Raw Avg:   1.3670
  action_smoothness         | Scaled Avg:  -0.0005 | Raw Avg:   0.2431
  ang_vel_xy                | Scaled Avg:  -0.0065 | Raw Avg:   3.2371
  base_height               | Scaled Avg:  -0.0002 | Raw Avg:   0.0099
  collision                 | Scaled Avg:  -0.0016 | Raw Avg:   0.0779
  dof_acc                   | Scaled Avg:  -0.0014 | Raw Avg: 270793.5000
  feet_air_time             | Scaled Avg:   0.0001 | Raw Avg:   0.0035
  feet_contact_forces       | Scaled Avg:  -0.0000 | Raw Avg:   9.3781
  foot_clearance            | Scaled Avg:  -0.0001 | Raw Avg:   0.0135
  foot_mirror               | Scaled Avg:  -0.0005 | Raw Avg:   0.5175
  foot_slide                | Scaled Avg:  -0.0017 | Raw Avg:   1.6997
  has_contact               | Scaled Avg:  -0.0012 | Raw Avg:  -0.0295
  hip_pos                   | Scaled Avg:  -0.0032 | Raw Avg:   0.0320
  lin_vel_z                 | Scaled Avg:  -0.0102 | Raw Avg:   0.1281
  orientation               | Scaled Avg:  -0.0007 | Raw Avg:   0.1837
  powers                    | Scaled Avg:  -0.0001 | Raw Avg: 164.2624
  stand_still               | Scaled Avg:  -0.0001 | Raw Avg:   0.0058
  torques                   | Scaled Avg:  -0.0002 | Raw Avg: 852.6313
  TOTAL REWARD              | Scaled Avg:  -0.0417
------------------------------

------------------------------
Step: 114500 - Reward Breakdown:
  action_rate               | Scaled Avg:  -0.0134 | Raw Avg:   1.3418
  action_smoothness         | Scaled Avg:  -0.0005 | Raw Avg:   0.2368
  ang_vel_xy                | Scaled Avg:  -0.0063 | Raw Avg:   3.1665
  base_height               | Scaled Avg:  -0.0002 | Raw Avg:   0.0103
  collision                 | Scaled Avg:  -0.0016 | Raw Avg:   0.0796
  dof_acc                   | Scaled Avg:  -0.0014 | Raw Avg: 273471.2500
  feet_air_time             | Scaled Avg:   0.0001 | Raw Avg:   0.0041
  feet_contact_forces       | Scaled Avg:  -0.0000 | Raw Avg:   9.7198
  foot_clearance            | Scaled Avg:  -0.0001 | Raw Avg:   0.0137
  foot_mirror               | Scaled Avg:  -0.0005 | Raw Avg:   0.5024
  foot_slide                | Scaled Avg:  -0.0017 | Raw Avg:   1.7324
  has_contact               | Scaled Avg:  -0.0012 | Raw Avg:  -0.0302
  hip_pos                   | Scaled Avg:  -0.0033 | Raw Avg:   0.0330
  lin_vel_z                 | Scaled Avg:  -0.0099 | Raw Avg:   0.1243
  orientation               | Scaled Avg:  -0.0007 | Raw Avg:   0.1810
  powers                    | Scaled Avg:  -0.0001 | Raw Avg: 160.8215
  stand_still               | Scaled Avg:  -0.0002 | Raw Avg:   0.0086
  torques                   | Scaled Avg:  -0.0002 | Raw Avg: 850.5518
  TOTAL REWARD              | Scaled Avg:  -0.0413
------------------------------
