Importing module 'gym_38' (/data/run01/scxi678/Workspace/isaacgym/python/isaacgym/_bindings/linux-x86_64/gym_38.so)
Setting GYM_USD_PLUG_INFO_PATH to /data/run01/scxi678/Workspace/isaacgym/python/isaacgym/_bindings/linux-x86_64/usd/plugInfo.json
PyTorch version 2.4.1+cu121
Device count 1
/data/run01/scxi678/Workspace/isaacgym/python/isaacgym/_bindings/src/gymtorch
Using /data/run01/scxi678/.cache/torch_extensions/py38_cu121 as PyTorch extensions root...
Emitting ninja build file /data/run01/scxi678/.cache/torch_extensions/py38_cu121/gymtorch/build.ninja...
Building extension module gymtorch...
Allowing ninja to set a default number of workers... (overridable by setting the environment variable MAX_JOBS=N)
ninja: no work to do.
Loading extension module gymtorch...
Setting seed: 1
Not connected to PVD
+++ Using GPU PhysX
Physics Engine: PhysX
Physics Device: cuda:0
GPU Pipeline: enabled
Terrain heightsamples shape:  (2560, 2560)
Terrain heightsamples stat:  0.005 0.075 0.04117176818847656 0.011099462386507998 0.04
/data/home/scxi678/run/parkour_env/lib/python3.8/site-packages/torch/functional.py:513: UserWarning: torch.meshgrid: in an upcoming release, it will be required to pass the indexing argument. (Triggered internally at ../aten/src/ATen/native/TensorShape.cpp:3609.)
  return _VF.meshgrid(tensors, **kwargs)  # type: ignore[attr-defined]
Total number of volume estimation points for each robot is: 1028
Actor MLP: Sequential(
  (0): Linear(in_features=256, out_features=512, bias=True)
  (1): ELU(alpha=1.0)
  (2): Linear(in_features=512, out_features=256, bias=True)
  (3): ELU(alpha=1.0)
  (4): Linear(in_features=256, out_features=128, bias=True)
  (5): ELU(alpha=1.0)
  (6): Linear(in_features=128, out_features=12, bias=True)
)
Critic MLP: Sequential(
  (0): Linear(in_features=256, out_features=512, bias=True)
  (1): ELU(alpha=1.0)
  (2): Linear(in_features=512, out_features=256, bias=True)
  (3): ELU(alpha=1.0)
  (4): Linear(in_features=256, out_features=128, bias=True)
  (5): ELU(alpha=1.0)
  (6): Linear(in_features=128, out_features=1, bias=True)
)
Actor RNN: Memory(
  (rnn): GRU(80, 256)
)
Critic RNN: Memory(
  (rnn): GRU(80, 256)
)
Loading load_run as absolute path: /data/home/scxi678/run/Workspace/parkour_sfy-0313master/parkour_sfy-0313master/legged_gym/logs/rough_ddog/Mar18_15-01-37_DdogRough
Loading model from: /data/home/scxi678/run/Workspace/parkour_sfy-0313master/parkour_sfy-0313master/legged_gym/logs/rough_ddog/Mar18_15-01-37_DdogRough/model_5000.pt
/data/run01/scxi678/Workspace/parkour_sfy-0313master/parkour_sfy-0313master/rsl_rl/rsl_rl/runners/on_policy_runner.py:259: FutureWarning: You are using `torch.load` with `weights_only=False` (the current default value), which uses the default pickle module implicitly. It is possible to construct malicious pickle data which will execute arbitrary code during unpickling (See https://github.com/pytorch/pytorch/blob/main/SECURITY.md#untrusted-models for more details). In a future release, the default value for `weights_only` will be flipped to `True`. This limits the functions that could be executed during unpickling. Arbitrary objects will no longer be allowed to be loaded via this mode unless they are explicitly allowlisted by the user via `torch.serialization.add_safe_globals`. We recommend you start setting `weights_only=True` for any use case where you don't have full control of the loaded file. Please open an issue on GitHub for any issues related to this experimental feature.
  loaded_dict = torch.load(path)
Initialization done, start learning.
NOTE: you may see a bunch of `NaN or Inf found in input tensor` once and appears in the log. Just ignore it if it does not affect the performance.
################################################################################
                    [1m Learning iteration 5000/10000 [0m                     

                       Computation: 27836 steps/s (collection: 2.869s, learning 2.387s)
                     surrogate_loss -0.0018
                         value_loss 1.3743
                            entropy 2.2573
                     estimator_loss 0.0000
                         total_loss 1.3950
             Mean action noise std: 0.20
                       Mean reward: -5.85
               Mean episode length: 23.66
      Mean episode rew_action_rate: -0.0459
Mean episode rew_frame_action_rate: -0.0034
Mean episode rew_action_smoothness: -0.0004
Mean episode rew_frame_action_smoothness: -0.0000
       Mean episode rew_ang_vel_xy: -0.0110
 Mean episode rew_frame_ang_vel_xy: -0.0009
      Mean episode rew_base_height: -0.0001
Mean episode rew_frame_base_height: -0.0000
        Mean episode rew_collision: -0.0015
  Mean episode rew_frame_collision: -0.0001
          Mean episode rew_dof_acc: -0.0031
    Mean episode rew_frame_dof_acc: -0.0002
        Mean episode rew_dof_error: -0.0182
  Mean episode rew_frame_dof_error: -0.0016
          Mean episode rew_dof_vel: -0.0861
    Mean episode rew_frame_dof_vel: -0.0067
    Mean episode rew_feet_air_time: 0.0000
Mean episode rew_frame_feet_air_time: 0.0000
Mean episode rew_feet_contact_forces: -0.0000
Mean episode rew_frame_feet_contact_forces: -0.0000
   Mean episode rew_foot_clearance: -0.0002
Mean episode rew_frame_foot_clearance: -0.0000
      Mean episode rew_foot_mirror: -0.0006
Mean episode rew_frame_foot_mirror: -0.0001
       Mean episode rew_foot_slide: -0.0007
 Mean episode rew_frame_foot_slide: -0.0001
      Mean episode rew_has_contact: 0.0001
Mean episode rew_frame_has_contact: 0.0000
          Mean episode rew_hip_pos: -0.0026
    Mean episode rew_frame_hip_pos: -0.0002
        Mean episode rew_lin_vel_z: -0.0324
  Mean episode rew_frame_lin_vel_z: -0.0028
      Mean episode rew_orientation: -0.0006
Mean episode rew_frame_orientation: -0.0000
           Mean episode rew_powers: -0.0001
     Mean episode rew_frame_powers: -0.0000
      Mean episode rew_stand_still: -0.0005
Mean episode rew_frame_stand_still: -0.0000
          Mean episode rew_stumble: -0.0000
    Mean episode rew_frame_stumble: -0.0000
      Mean episode rew_termination: -0.0017
Mean episode rew_frame_termination: -0.0002
          Mean episode rew_torques: -0.0003
    Mean episode rew_frame_torques: -0.0000
 Mean episode rew_tracking_ang_vel: 0.0031
Mean episode rew_frame_tracking_ang_vel: 0.0002
 Mean episode rew_tracking_lin_vel: 0.0035
Mean episode rew_frame_tracking_lin_vel: 0.0003
Mean episode max_power_throughout_episode: 3371.0078
            Mean episode max_pos_x: 0.8182
            Mean episode min_pos_x: 0.0283
            Mean episode max_pos_y: 0.3338
            Mean episode min_pos_y: -0.3072
        Mean episode timeout_ratio: 0.3908
       Mean episode num_terminated: 326.1667
--------------------------------------------------------------------------------
                   Total timesteps: 146304
                    Iteration time: 5.26s
                        Total time: 5.26s
                               ETA: 26279.8s


------------------------------
Step: 500 - Reward Breakdown:
  action_rate               | Scaled Avg:  -0.0462 | Raw Avg:   1.5400
  action_smoothness         | Scaled Avg:  -0.0005 | Raw Avg:   0.2389
  ang_vel_xy                | Scaled Avg:  -0.0026 | Raw Avg:   1.2889
  base_height               | Scaled Avg:  -0.0000 | Raw Avg:   0.0006
  collision                 | Scaled Avg:  -0.0001 | Raw Avg:   0.0067
  dof_acc                   | Scaled Avg:  -0.0009 | Raw Avg: 172953.4219
  dof_error                 | Scaled Avg:  -0.0049 | Raw Avg:   0.4867
  dof_vel                   | Scaled Avg:  -0.0388 | Raw Avg:  97.0147
  feet_contact_forces       | Scaled Avg:  -0.0000 | Raw Avg:   7.0636
  foot_clearance            | Scaled Avg:  -0.0001 | Raw Avg:   0.0089
  foot_mirror               | Scaled Avg:  -0.0001 | Raw Avg:   0.1235
  foot_slide                | Scaled Avg:  -0.0017 | Raw Avg:   1.7202
  has_contact               | Scaled Avg:   0.0004 | Raw Avg:   0.0193
  hip_pos                   | Scaled Avg:  -0.0003 | Raw Avg:   0.0321
  lin_vel_z                 | Scaled Avg:  -0.0021 | Raw Avg:   0.0259
  orientation               | Scaled Avg:  -0.0001 | Raw Avg:   0.0133
  powers                    | Scaled Avg:  -0.0001 | Raw Avg: 127.6572
  stand_still               | Scaled Avg:  -0.0002 | Raw Avg:   0.0058
  torques                   | Scaled Avg:  -0.0002 | Raw Avg: 838.3668
  tracking_ang_vel          | Scaled Avg:   0.0152 | Raw Avg:   0.7604
  tracking_lin_vel          | Scaled Avg:   0.0300 | Raw Avg:   0.7496
  termination               | Scaled Avg:  -0.0001
  TOTAL REWARD              | Scaled Avg:  -0.0533
------------------------------

------------------------------
Step: 1000 - Reward Breakdown:
  action_rate               | Scaled Avg:  -0.0418 | Raw Avg:   1.3921
  action_smoothness         | Scaled Avg:  -0.0005 | Raw Avg:   0.2288
  ang_vel_xy                | Scaled Avg:  -0.0028 | Raw Avg:   1.3895
  base_height               | Scaled Avg:  -0.0000 | Raw Avg:   0.0007
  collision                 | Scaled Avg:  -0.0002 | Raw Avg:   0.0077
  dof_acc                   | Scaled Avg:  -0.0007 | Raw Avg: 145272.8125
  dof_error                 | Scaled Avg:  -0.0049 | Raw Avg:   0.4902
  dof_vel                   | Scaled Avg:  -0.0311 | Raw Avg:  77.8453
  feet_contact_forces       | Scaled Avg:  -0.0000 | Raw Avg:   6.0711
  foot_clearance            | Scaled Avg:  -0.0001 | Raw Avg:   0.0083
  foot_mirror               | Scaled Avg:  -0.0001 | Raw Avg:   0.1341
  foot_slide                | Scaled Avg:  -0.0016 | Raw Avg:   1.5762
  has_contact               | Scaled Avg:   0.0004 | Raw Avg:   0.0189
  hip_pos                   | Scaled Avg:  -0.0003 | Raw Avg:   0.0329
  lin_vel_z                 | Scaled Avg:  -0.0023 | Raw Avg:   0.0291
  orientation               | Scaled Avg:  -0.0001 | Raw Avg:   0.0156
  powers                    | Scaled Avg:  -0.0000 | Raw Avg: 114.2605
  stand_still               | Scaled Avg:  -0.0002 | Raw Avg:   0.0039
  torques                   | Scaled Avg:  -0.0002 | Raw Avg: 816.5583
  tracking_ang_vel          | Scaled Avg:   0.0141 | Raw Avg:   0.7067
  tracking_lin_vel          | Scaled Avg:   0.0247 | Raw Avg:   0.6166
  termination               | Scaled Avg:  -0.0000
  TOTAL REWARD              | Scaled Avg:  -0.0477
------------------------------

------------------------------
Step: 1500 - Reward Breakdown:
  action_rate               | Scaled Avg:  -0.0390 | Raw Avg:   1.3001
  action_smoothness         | Scaled Avg:  -0.0004 | Raw Avg:   0.2243
  ang_vel_xy                | Scaled Avg:  -0.0036 | Raw Avg:   1.7841
  base_height               | Scaled Avg:  -0.0000 | Raw Avg:   0.0024
  collision                 | Scaled Avg:  -0.0005 | Raw Avg:   0.0230
  dof_acc                   | Scaled Avg:  -0.0006 | Raw Avg: 129615.4922
  dof_error                 | Scaled Avg:  -0.0070 | Raw Avg:   0.7011
  dof_vel                   | Scaled Avg:  -0.0281 | Raw Avg:  70.2765
  feet_air_time             | Scaled Avg:   0.0000 | Raw Avg:   0.0004
  feet_contact_forces       | Scaled Avg:  -0.0000 | Raw Avg:   5.7297
  foot_clearance            | Scaled Avg:  -0.0001 | Raw Avg:   0.0071
  foot_mirror               | Scaled Avg:  -0.0002 | Raw Avg:   0.1886
  foot_slide                | Scaled Avg:  -0.0014 | Raw Avg:   1.3559
  has_contact               | Scaled Avg:   0.0006 | Raw Avg:   0.0278
  hip_pos                   | Scaled Avg:  -0.0004 | Raw Avg:   0.0376
  lin_vel_z                 | Scaled Avg:  -0.0039 | Raw Avg:   0.0482
  orientation               | Scaled Avg:  -0.0001 | Raw Avg:   0.0367
  powers                    | Scaled Avg:  -0.0000 | Raw Avg: 105.6444
  stand_still               | Scaled Avg:  -0.0003 | Raw Avg:   0.0063
  torques                   | Scaled Avg:  -0.0002 | Raw Avg: 803.6222
  tracking_ang_vel          | Scaled Avg:   0.0120 | Raw Avg:   0.6010
  tracking_lin_vel          | Scaled Avg:   0.0190 | Raw Avg:   0.4751
  termination               | Scaled Avg:  -0.0004
  TOTAL REWARD              | Scaled Avg:  -0.0545
------------------------------

------------------------------
Step: 2000 - Reward Breakdown:
  action_rate               | Scaled Avg:  -0.0385 | Raw Avg:   1.2817
  action_smoothness         | Scaled Avg:  -0.0005 | Raw Avg:   0.2322
  ang_vel_xy                | Scaled Avg:  -0.0055 | Raw Avg:   2.7592
  base_height               | Scaled Avg:  -0.0001 | Raw Avg:   0.0064
  collision                 | Scaled Avg:  -0.0012 | Raw Avg:   0.0592
  dof_acc                   | Scaled Avg:  -0.0008 | Raw Avg: 166142.2188
  dof_error                 | Scaled Avg:  -0.0123 | Raw Avg:   1.2305
  dof_vel                   | Scaled Avg:  -0.0353 | Raw Avg:  88.1628
  feet_air_time             | Scaled Avg:   0.0001 | Raw Avg:   0.0013
  feet_contact_forces       | Scaled Avg:  -0.0000 | Raw Avg:   7.6064
  foot_clearance            | Scaled Avg:  -0.0001 | Raw Avg:   0.0083
  foot_mirror               | Scaled Avg:  -0.0003 | Raw Avg:   0.3123
  foot_slide                | Scaled Avg:  -0.0013 | Raw Avg:   1.2922
  has_contact               | Scaled Avg:   0.0008 | Raw Avg:   0.0422
  hip_pos                   | Scaled Avg:  -0.0006 | Raw Avg:   0.0562
  lin_vel_z                 | Scaled Avg:  -0.0091 | Raw Avg:   0.1139
  orientation               | Scaled Avg:  -0.0004 | Raw Avg:   0.0883
  powers                    | Scaled Avg:  -0.0001 | Raw Avg: 126.7853
  stand_still               | Scaled Avg:  -0.0005 | Raw Avg:   0.0126
  torques                   | Scaled Avg:  -0.0002 | Raw Avg: 911.8937
  tracking_ang_vel          | Scaled Avg:   0.0088 | Raw Avg:   0.4414
  tracking_lin_vel          | Scaled Avg:   0.0144 | Raw Avg:   0.3589
  termination               | Scaled Avg:  -0.0010
  TOTAL REWARD              | Scaled Avg:  -0.0836
------------------------------
################################################################################
                    [1m Learning iteration 5100/10000 [0m                     

                       Computation: 54102 steps/s (collection: 2.126s, learning 0.578s)
                     surrogate_loss -0.0018
                         value_loss 0.1334
                            entropy 2.3306
                     estimator_loss 0.0000
                         total_loss 0.1549
             Mean action noise std: 0.20
                       Mean reward: -4.23
               Mean episode length: 42.87
      Mean episode rew_action_rate: -0.0906
Mean episode rew_frame_action_rate: -0.0462
Mean episode rew_action_smoothness: -0.0011
Mean episode rew_frame_action_smoothness: -0.0005
       Mean episode rew_ang_vel_xy: -0.0148
 Mean episode rew_frame_ang_vel_xy: -0.0091
      Mean episode rew_base_height: -0.0004
Mean episode rew_frame_base_height: -0.0002
        Mean episode rew_collision: -0.0031
  Mean episode rew_frame_collision: -0.0018
          Mean episode rew_dof_acc: -0.0022
    Mean episode rew_frame_dof_acc: -0.0015
        Mean episode rew_dof_error: -0.0317
  Mean episode rew_frame_dof_error: -0.0185
          Mean episode rew_dof_vel: -0.0856
    Mean episode rew_frame_dof_vel: -0.0541
    Mean episode rew_feet_air_time: 0.0002
Mean episode rew_frame_feet_air_time: 0.0001
Mean episode rew_feet_contact_forces: -0.0001
Mean episode rew_frame_feet_contact_forces: -0.0000
   Mean episode rew_foot_clearance: -0.0002
Mean episode rew_frame_foot_clearance: -0.0001
      Mean episode rew_foot_mirror: -0.0008
Mean episode rew_frame_foot_mirror: -0.0005
       Mean episode rew_foot_slide: -0.0031
 Mean episode rew_frame_foot_slide: -0.0015
      Mean episode rew_has_contact: 0.0023
Mean episode rew_frame_has_contact: 0.0003
          Mean episode rew_hip_pos: -0.0014
    Mean episode rew_frame_hip_pos: -0.0008
        Mean episode rew_lin_vel_z: -0.0256
  Mean episode rew_frame_lin_vel_z: -0.0179
      Mean episode rew_orientation: -0.0010
Mean episode rew_frame_orientation: -0.0006
           Mean episode rew_powers: -0.0001
     Mean episode rew_frame_powers: -0.0001
      Mean episode rew_stand_still: -0.0018
Mean episode rew_frame_stand_still: -0.0003
          Mean episode rew_stumble: -0.0000
    Mean episode rew_frame_stumble: -0.0000
      Mean episode rew_termination: -0.0030
Mean episode rew_frame_termination: -0.0020
          Mean episode rew_torques: -0.0004
    Mean episode rew_frame_torques: -0.0002
 Mean episode rew_tracking_ang_vel: 0.0181
Mean episode rew_frame_tracking_ang_vel: 0.0062
 Mean episode rew_tracking_lin_vel: 0.0307
Mean episode rew_frame_tracking_lin_vel: 0.0079
Mean episode max_power_throughout_episode: 4961.1055
            Mean episode max_pos_x: 1.1918
            Mean episode min_pos_x: -0.3919
            Mean episode max_pos_y: 0.8306
            Mean episode min_pos_y: -0.7695
        Mean episode timeout_ratio: 0.0003
       Mean episode num_terminated: 134.1667
--------------------------------------------------------------------------------
                   Total timesteps: 292608
                    Iteration time: 2.70s
                        Total time: 222.72s
                               ETA: 10805.0s


------------------------------
Step: 2500 - Reward Breakdown:
  action_rate               | Scaled Avg:  -0.0389 | Raw Avg:   1.2977
  action_smoothness         | Scaled Avg:  -0.0005 | Raw Avg:   0.2349
  ang_vel_xy                | Scaled Avg:  -0.0066 | Raw Avg:   3.2946
  base_height               | Scaled Avg:  -0.0002 | Raw Avg:   0.0081
  collision                 | Scaled Avg:  -0.0016 | Raw Avg:   0.0805
  dof_acc                   | Scaled Avg:  -0.0010 | Raw Avg: 194330.8906
  dof_error                 | Scaled Avg:  -0.0141 | Raw Avg:   1.4075
  dof_vel                   | Scaled Avg:  -0.0358 | Raw Avg:  89.5474
  feet_air_time             | Scaled Avg:   0.0001 | Raw Avg:   0.0016
  feet_contact_forces       | Scaled Avg:  -0.0000 | Raw Avg:   7.8889
  foot_clearance            | Scaled Avg:  -0.0001 | Raw Avg:   0.0089
  foot_mirror               | Scaled Avg:  -0.0004 | Raw Avg:   0.3566
  foot_slide                | Scaled Avg:  -0.0013 | Raw Avg:   1.3005
  has_contact               | Scaled Avg:   0.0011 | Raw Avg:   0.0550
  hip_pos                   | Scaled Avg:  -0.0007 | Raw Avg:   0.0660
  lin_vel_z                 | Scaled Avg:  -0.0118 | Raw Avg:   0.1481
  orientation               | Scaled Avg:  -0.0004 | Raw Avg:   0.1111
  powers                    | Scaled Avg:  -0.0001 | Raw Avg: 133.0460
  stand_still               | Scaled Avg:  -0.0004 | Raw Avg:   0.0102
  torques                   | Scaled Avg:  -0.0002 | Raw Avg: 938.8821
  tracking_ang_vel          | Scaled Avg:   0.0075 | Raw Avg:   0.3744
  tracking_lin_vel          | Scaled Avg:   0.0131 | Raw Avg:   0.3274
  termination               | Scaled Avg:  -0.0012
  TOTAL REWARD              | Scaled Avg:  -0.0935
------------------------------

------------------------------
Step: 3000 - Reward Breakdown:
  action_rate               | Scaled Avg:  -0.0375 | Raw Avg:   1.2508
  action_smoothness         | Scaled Avg:  -0.0005 | Raw Avg:   0.2281
  ang_vel_xy                | Scaled Avg:  -0.0062 | Raw Avg:   3.1093
  base_height               | Scaled Avg:  -0.0002 | Raw Avg:   0.0079
  collision                 | Scaled Avg:  -0.0016 | Raw Avg:   0.0796
  dof_acc                   | Scaled Avg:  -0.0011 | Raw Avg: 213722.3750
  dof_error                 | Scaled Avg:  -0.0131 | Raw Avg:   1.3147
  dof_vel                   | Scaled Avg:  -0.0338 | Raw Avg:  84.5013
  feet_air_time             | Scaled Avg:   0.0001 | Raw Avg:   0.0015
  feet_contact_forces       | Scaled Avg:  -0.0000 | Raw Avg:   7.3112
  foot_clearance            | Scaled Avg:  -0.0001 | Raw Avg:   0.0084
  foot_mirror               | Scaled Avg:  -0.0003 | Raw Avg:   0.3260
  foot_slide                | Scaled Avg:  -0.0013 | Raw Avg:   1.2797
  has_contact               | Scaled Avg:   0.0013 | Raw Avg:   0.0652
  hip_pos                   | Scaled Avg:  -0.0006 | Raw Avg:   0.0632
  lin_vel_z                 | Scaled Avg:  -0.0117 | Raw Avg:   0.1457
  orientation               | Scaled Avg:  -0.0004 | Raw Avg:   0.1106
  powers                    | Scaled Avg:  -0.0001 | Raw Avg: 128.9350
  stand_still               | Scaled Avg:  -0.0006 | Raw Avg:   0.0148
  torques                   | Scaled Avg:  -0.0002 | Raw Avg: 902.9411
  tracking_ang_vel          | Scaled Avg:   0.0072 | Raw Avg:   0.3597
  tracking_lin_vel          | Scaled Avg:   0.0138 | Raw Avg:   0.3444
  termination               | Scaled Avg:  -0.0013
  TOTAL REWARD              | Scaled Avg:  -0.0882
------------------------------

------------------------------
Step: 3500 - Reward Breakdown:
  action_rate               | Scaled Avg:  -0.0357 | Raw Avg:   1.1903
  action_smoothness         | Scaled Avg:  -0.0004 | Raw Avg:   0.2235
  ang_vel_xy                | Scaled Avg:  -0.0060 | Raw Avg:   2.9787
  base_height               | Scaled Avg:  -0.0002 | Raw Avg:   0.0076
  collision                 | Scaled Avg:  -0.0015 | Raw Avg:   0.0743
  dof_acc                   | Scaled Avg:  -0.0010 | Raw Avg: 207718.2969
  dof_error                 | Scaled Avg:  -0.0120 | Raw Avg:   1.2008
  dof_vel                   | Scaled Avg:  -0.0317 | Raw Avg:  79.3591
  feet_air_time             | Scaled Avg:   0.0001 | Raw Avg:   0.0017
  feet_contact_forces       | Scaled Avg:  -0.0000 | Raw Avg:   6.9479
  foot_clearance            | Scaled Avg:  -0.0001 | Raw Avg:   0.0078
  foot_mirror               | Scaled Avg:  -0.0003 | Raw Avg:   0.3184
  foot_slide                | Scaled Avg:  -0.0013 | Raw Avg:   1.2593
  has_contact               | Scaled Avg:   0.0013 | Raw Avg:   0.0668
  hip_pos                   | Scaled Avg:  -0.0006 | Raw Avg:   0.0623
  lin_vel_z                 | Scaled Avg:  -0.0107 | Raw Avg:   0.1337
  orientation               | Scaled Avg:  -0.0004 | Raw Avg:   0.1088
  powers                    | Scaled Avg:  -0.0001 | Raw Avg: 126.0693
  stand_still               | Scaled Avg:  -0.0005 | Raw Avg:   0.0134
  torques                   | Scaled Avg:  -0.0002 | Raw Avg: 915.7700
  tracking_ang_vel          | Scaled Avg:   0.0068 | Raw Avg:   0.3407
  tracking_lin_vel          | Scaled Avg:   0.0138 | Raw Avg:   0.3461
  termination               | Scaled Avg:  -0.0014
  TOTAL REWARD              | Scaled Avg:  -0.0821
------------------------------

------------------------------
Step: 4000 - Reward Breakdown:
  action_rate               | Scaled Avg:  -0.0348 | Raw Avg:   1.1585
  action_smoothness         | Scaled Avg:  -0.0004 | Raw Avg:   0.2150
  ang_vel_xy                | Scaled Avg:  -0.0058 | Raw Avg:   2.8937
  base_height               | Scaled Avg:  -0.0001 | Raw Avg:   0.0075
  collision                 | Scaled Avg:  -0.0013 | Raw Avg:   0.0663
  dof_acc                   | Scaled Avg:  -0.0011 | Raw Avg: 222065.9375
  dof_error                 | Scaled Avg:  -0.0109 | Raw Avg:   1.0942
  dof_vel                   | Scaled Avg:  -0.0294 | Raw Avg:  73.5683
  feet_air_time             | Scaled Avg:   0.0001 | Raw Avg:   0.0016
  feet_contact_forces       | Scaled Avg:  -0.0000 | Raw Avg:   6.7773
  foot_clearance            | Scaled Avg:  -0.0001 | Raw Avg:   0.0072
  foot_mirror               | Scaled Avg:  -0.0003 | Raw Avg:   0.2935
  foot_slide                | Scaled Avg:  -0.0013 | Raw Avg:   1.2857
  has_contact               | Scaled Avg:   0.0015 | Raw Avg:   0.0746
  hip_pos                   | Scaled Avg:  -0.0007 | Raw Avg:   0.0652
  lin_vel_z                 | Scaled Avg:  -0.0103 | Raw Avg:   0.1294
  orientation               | Scaled Avg:  -0.0004 | Raw Avg:   0.1052
  powers                    | Scaled Avg:  -0.0000 | Raw Avg: 121.1026
  stand_still               | Scaled Avg:  -0.0005 | Raw Avg:   0.0132
  torques                   | Scaled Avg:  -0.0002 | Raw Avg: 910.1288
  tracking_ang_vel          | Scaled Avg:   0.0067 | Raw Avg:   0.3341
  tracking_lin_vel          | Scaled Avg:   0.0146 | Raw Avg:   0.3638
  termination               | Scaled Avg:  -0.0011
  TOTAL REWARD              | Scaled Avg:  -0.0761
------------------------------

------------------------------
Step: 4500 - Reward Breakdown:
  action_rate               | Scaled Avg:  -0.0335 | Raw Avg:   1.1165
  action_smoothness         | Scaled Avg:  -0.0004 | Raw Avg:   0.2125
  ang_vel_xy                | Scaled Avg:  -0.0056 | Raw Avg:   2.8009
  base_height               | Scaled Avg:  -0.0002 | Raw Avg:   0.0077
  collision                 | Scaled Avg:  -0.0014 | Raw Avg:   0.0700
  dof_acc                   | Scaled Avg:  -0.0010 | Raw Avg: 191481.0000
  dof_error                 | Scaled Avg:  -0.0106 | Raw Avg:   1.0612
  dof_vel                   | Scaled Avg:  -0.0272 | Raw Avg:  67.9002
  feet_air_time             | Scaled Avg:   0.0001 | Raw Avg:   0.0017
  feet_contact_forces       | Scaled Avg:  -0.0000 | Raw Avg:   6.0872
  foot_clearance            | Scaled Avg:  -0.0001 | Raw Avg:   0.0066
  foot_mirror               | Scaled Avg:  -0.0003 | Raw Avg:   0.3070
  foot_slide                | Scaled Avg:  -0.0012 | Raw Avg:   1.2380
  has_contact               | Scaled Avg:   0.0014 | Raw Avg:   0.0700
  hip_pos                   | Scaled Avg:  -0.0006 | Raw Avg:   0.0593
  lin_vel_z                 | Scaled Avg:  -0.0095 | Raw Avg:   0.1190
  orientation               | Scaled Avg:  -0.0004 | Raw Avg:   0.1083
  powers                    | Scaled Avg:  -0.0000 | Raw Avg: 114.5158
  stand_still               | Scaled Avg:  -0.0004 | Raw Avg:   0.0106
  torques                   | Scaled Avg:  -0.0002 | Raw Avg: 887.2075
  tracking_ang_vel          | Scaled Avg:   0.0064 | Raw Avg:   0.3208
  tracking_lin_vel          | Scaled Avg:   0.0145 | Raw Avg:   0.3619
  termination               | Scaled Avg:  -0.0012
  TOTAL REWARD              | Scaled Avg:  -0.0714
------------------------------
################################################################################
                    [1m Learning iteration 5200/10000 [0m                     

                       Computation: 55058 steps/s (collection: 2.092s, learning 0.565s)
                     surrogate_loss -0.0058
                         value_loss 0.1006
                            entropy 2.3621
                     estimator_loss 0.0000
                         total_loss 0.1185
             Mean action noise std: 0.20
                       Mean reward: -3.58
               Mean episode length: 43.54
      Mean episode rew_action_rate: -0.0812
Mean episode rew_frame_action_rate: -0.0411
Mean episode rew_action_smoothness: -0.0010
Mean episode rew_frame_action_smoothness: -0.0005
       Mean episode rew_ang_vel_xy: -0.0140
 Mean episode rew_frame_ang_vel_xy: -0.0087
      Mean episode rew_base_height: -0.0004
Mean episode rew_frame_base_height: -0.0002
        Mean episode rew_collision: -0.0031
  Mean episode rew_frame_collision: -0.0018
          Mean episode rew_dof_acc: -0.0025
    Mean episode rew_frame_dof_acc: -0.0017
        Mean episode rew_dof_error: -0.0253
  Mean episode rew_frame_dof_error: -0.0146
          Mean episode rew_dof_vel: -0.0688
    Mean episode rew_frame_dof_vel: -0.0448
    Mean episode rew_feet_air_time: 0.0002
Mean episode rew_frame_feet_air_time: 0.0001
Mean episode rew_feet_contact_forces: -0.0000
Mean episode rew_frame_feet_contact_forces: -0.0000
   Mean episode rew_foot_clearance: -0.0002
Mean episode rew_frame_foot_clearance: -0.0001
      Mean episode rew_foot_mirror: -0.0007
Mean episode rew_frame_foot_mirror: -0.0004
       Mean episode rew_foot_slide: -0.0030
 Mean episode rew_frame_foot_slide: -0.0015
      Mean episode rew_has_contact: 0.0033
Mean episode rew_frame_has_contact: 0.0003
          Mean episode rew_hip_pos: -0.0014
    Mean episode rew_frame_hip_pos: -0.0009
        Mean episode rew_lin_vel_z: -0.0254
  Mean episode rew_frame_lin_vel_z: -0.0180
      Mean episode rew_orientation: -0.0010
Mean episode rew_frame_orientation: -0.0007
           Mean episode rew_powers: -0.0001
     Mean episode rew_frame_powers: -0.0001
      Mean episode rew_stand_still: -0.0023
Mean episode rew_frame_stand_still: -0.0002
          Mean episode rew_stumble: -0.0000
    Mean episode rew_frame_stumble: -0.0000
      Mean episode rew_termination: -0.0030
Mean episode rew_frame_termination: -0.0021
          Mean episode rew_torques: -0.0004
    Mean episode rew_frame_torques: -0.0002
 Mean episode rew_tracking_ang_vel: 0.0149
Mean episode rew_frame_tracking_ang_vel: 0.0056
 Mean episode rew_tracking_lin_vel: 0.0343
Mean episode rew_frame_tracking_lin_vel: 0.0080
Mean episode max_power_throughout_episode: 4607.6655
            Mean episode max_pos_x: 1.0561
            Mean episode min_pos_x: -0.1421
            Mean episode max_pos_y: 0.5455
            Mean episode min_pos_y: -0.5446
        Mean episode timeout_ratio: 0.0003
       Mean episode num_terminated: 128.9167
--------------------------------------------------------------------------------
                   Total timesteps: 438912
                    Iteration time: 2.66s
                        Total time: 506.15s
                               ETA: 12087.1s


------------------------------
Step: 5000 - Reward Breakdown:
  action_rate               | Scaled Avg:  -0.0344 | Raw Avg:   1.1467
  action_smoothness         | Scaled Avg:  -0.0004 | Raw Avg:   0.2140
  ang_vel_xy                | Scaled Avg:  -0.0059 | Raw Avg:   2.9589
  base_height               | Scaled Avg:  -0.0002 | Raw Avg:   0.0078
  collision                 | Scaled Avg:  -0.0015 | Raw Avg:   0.0755
  dof_acc                   | Scaled Avg:  -0.0011 | Raw Avg: 221932.4219
  dof_error                 | Scaled Avg:  -0.0109 | Raw Avg:   1.0925
  dof_vel                   | Scaled Avg:  -0.0295 | Raw Avg:  73.6588
  feet_air_time             | Scaled Avg:   0.0001 | Raw Avg:   0.0020
  feet_contact_forces       | Scaled Avg:  -0.0000 | Raw Avg:   6.3975
  foot_clearance            | Scaled Avg:  -0.0001 | Raw Avg:   0.0071
  foot_mirror               | Scaled Avg:  -0.0003 | Raw Avg:   0.3114
  foot_slide                | Scaled Avg:  -0.0013 | Raw Avg:   1.2720
  has_contact               | Scaled Avg:   0.0015 | Raw Avg:   0.0757
  hip_pos                   | Scaled Avg:  -0.0006 | Raw Avg:   0.0595
  lin_vel_z                 | Scaled Avg:  -0.0103 | Raw Avg:   0.1294
  orientation               | Scaled Avg:  -0.0005 | Raw Avg:   0.1129
  powers                    | Scaled Avg:  -0.0000 | Raw Avg: 119.8503
  stand_still               | Scaled Avg:  -0.0006 | Raw Avg:   0.0142
  torques                   | Scaled Avg:  -0.0002 | Raw Avg: 895.2607
  tracking_ang_vel          | Scaled Avg:   0.0063 | Raw Avg:   0.3127
  tracking_lin_vel          | Scaled Avg:   0.0142 | Raw Avg:   0.3552
  termination               | Scaled Avg:  -0.0013
  TOTAL REWARD              | Scaled Avg:  -0.0770
------------------------------

------------------------------
Step: 5500 - Reward Breakdown:
  action_rate               | Scaled Avg:  -0.0345 | Raw Avg:   1.1516
  action_smoothness         | Scaled Avg:  -0.0004 | Raw Avg:   0.2156
  ang_vel_xy                | Scaled Avg:  -0.0066 | Raw Avg:   3.2891
  base_height               | Scaled Avg:  -0.0002 | Raw Avg:   0.0082
  collision                 | Scaled Avg:  -0.0014 | Raw Avg:   0.0720
  dof_acc                   | Scaled Avg:  -0.0011 | Raw Avg: 226480.5000
  dof_error                 | Scaled Avg:  -0.0115 | Raw Avg:   1.1485
  dof_vel                   | Scaled Avg:  -0.0310 | Raw Avg:  77.4737
  feet_air_time             | Scaled Avg:   0.0001 | Raw Avg:   0.0018
  feet_contact_forces       | Scaled Avg:  -0.0000 | Raw Avg:   6.6005
  foot_clearance            | Scaled Avg:  -0.0001 | Raw Avg:   0.0078
  foot_mirror               | Scaled Avg:  -0.0003 | Raw Avg:   0.3129
  foot_slide                | Scaled Avg:  -0.0012 | Raw Avg:   1.2379
  has_contact               | Scaled Avg:   0.0017 | Raw Avg:   0.0826
  hip_pos                   | Scaled Avg:  -0.0006 | Raw Avg:   0.0627
  lin_vel_z                 | Scaled Avg:  -0.0130 | Raw Avg:   0.1621
  orientation               | Scaled Avg:  -0.0005 | Raw Avg:   0.1188
  powers                    | Scaled Avg:  -0.0001 | Raw Avg: 125.3743
  stand_still               | Scaled Avg:  -0.0005 | Raw Avg:   0.0125
  torques                   | Scaled Avg:  -0.0002 | Raw Avg: 889.7418
  tracking_ang_vel          | Scaled Avg:   0.0060 | Raw Avg:   0.2989
  tracking_lin_vel          | Scaled Avg:   0.0143 | Raw Avg:   0.3573
  termination               | Scaled Avg:  -0.0015
  TOTAL REWARD              | Scaled Avg:  -0.0827
------------------------------

------------------------------
Step: 6000 - Reward Breakdown:
  action_rate               | Scaled Avg:  -0.0328 | Raw Avg:   1.0939
  action_smoothness         | Scaled Avg:  -0.0004 | Raw Avg:   0.2080
  ang_vel_xy                | Scaled Avg:  -0.0058 | Raw Avg:   2.8776
  base_height               | Scaled Avg:  -0.0001 | Raw Avg:   0.0073
  collision                 | Scaled Avg:  -0.0015 | Raw Avg:   0.0760
  dof_acc                   | Scaled Avg:  -0.0011 | Raw Avg: 215287.3906
  dof_error                 | Scaled Avg:  -0.0104 | Raw Avg:   1.0415
  dof_vel                   | Scaled Avg:  -0.0278 | Raw Avg:  69.4268
  feet_air_time             | Scaled Avg:   0.0000 | Raw Avg:   0.0012
  feet_contact_forces       | Scaled Avg:  -0.0000 | Raw Avg:   5.7685
  foot_clearance            | Scaled Avg:  -0.0001 | Raw Avg:   0.0066
  foot_mirror               | Scaled Avg:  -0.0003 | Raw Avg:   0.2985
  foot_slide                | Scaled Avg:  -0.0012 | Raw Avg:   1.1952
  has_contact               | Scaled Avg:   0.0016 | Raw Avg:   0.0785
  hip_pos                   | Scaled Avg:  -0.0006 | Raw Avg:   0.0558
  lin_vel_z                 | Scaled Avg:  -0.0101 | Raw Avg:   0.1260
  orientation               | Scaled Avg:  -0.0004 | Raw Avg:   0.1053
  powers                    | Scaled Avg:  -0.0000 | Raw Avg: 113.5760
  stand_still               | Scaled Avg:  -0.0006 | Raw Avg:   0.0160
  torques                   | Scaled Avg:  -0.0002 | Raw Avg: 857.2753
  tracking_ang_vel          | Scaled Avg:   0.0062 | Raw Avg:   0.3086
  tracking_lin_vel          | Scaled Avg:   0.0150 | Raw Avg:   0.3758
  termination               | Scaled Avg:  -0.0010
  TOTAL REWARD              | Scaled Avg:  -0.0716
------------------------------

------------------------------
Step: 6500 - Reward Breakdown:
  action_rate               | Scaled Avg:  -0.0337 | Raw Avg:   1.1240
  action_smoothness         | Scaled Avg:  -0.0004 | Raw Avg:   0.2097
  ang_vel_xy                | Scaled Avg:  -0.0061 | Raw Avg:   3.0443
  base_height               | Scaled Avg:  -0.0002 | Raw Avg:   0.0080
  collision                 | Scaled Avg:  -0.0015 | Raw Avg:   0.0728
  dof_acc                   | Scaled Avg:  -0.0011 | Raw Avg: 219191.9219
  dof_error                 | Scaled Avg:  -0.0106 | Raw Avg:   1.0625
  dof_vel                   | Scaled Avg:  -0.0288 | Raw Avg:  72.1031
  feet_air_time             | Scaled Avg:   0.0001 | Raw Avg:   0.0014
  feet_contact_forces       | Scaled Avg:  -0.0000 | Raw Avg:   6.0186
  foot_clearance            | Scaled Avg:  -0.0001 | Raw Avg:   0.0072
  foot_mirror               | Scaled Avg:  -0.0003 | Raw Avg:   0.2988
  foot_slide                | Scaled Avg:  -0.0012 | Raw Avg:   1.2174
  has_contact               | Scaled Avg:   0.0017 | Raw Avg:   0.0856
  hip_pos                   | Scaled Avg:  -0.0006 | Raw Avg:   0.0612
  lin_vel_z                 | Scaled Avg:  -0.0113 | Raw Avg:   0.1415
  orientation               | Scaled Avg:  -0.0005 | Raw Avg:   0.1143
  powers                    | Scaled Avg:  -0.0000 | Raw Avg: 117.6033
  stand_still               | Scaled Avg:  -0.0007 | Raw Avg:   0.0168
  torques                   | Scaled Avg:  -0.0002 | Raw Avg: 886.7057
  tracking_ang_vel          | Scaled Avg:   0.0059 | Raw Avg:   0.2936
  tracking_lin_vel          | Scaled Avg:   0.0144 | Raw Avg:   0.3608
  termination               | Scaled Avg:  -0.0014
  TOTAL REWARD              | Scaled Avg:  -0.0766
------------------------------

------------------------------
Step: 7000 - Reward Breakdown:
  action_rate               | Scaled Avg:  -0.0327 | Raw Avg:   1.0894
  action_smoothness         | Scaled Avg:  -0.0004 | Raw Avg:   0.2048
  ang_vel_xy                | Scaled Avg:  -0.0060 | Raw Avg:   3.0084
  base_height               | Scaled Avg:  -0.0002 | Raw Avg:   0.0083
  collision                 | Scaled Avg:  -0.0015 | Raw Avg:   0.0738
  dof_acc                   | Scaled Avg:  -0.0010 | Raw Avg: 206019.6875
  dof_error                 | Scaled Avg:  -0.0105 | Raw Avg:   1.0501
  dof_vel                   | Scaled Avg:  -0.0277 | Raw Avg:  69.2481
  feet_air_time             | Scaled Avg:   0.0001 | Raw Avg:   0.0014
  feet_contact_forces       | Scaled Avg:  -0.0000 | Raw Avg:   6.1666
  foot_clearance            | Scaled Avg:  -0.0001 | Raw Avg:   0.0068
  foot_mirror               | Scaled Avg:  -0.0003 | Raw Avg:   0.3180
  foot_slide                | Scaled Avg:  -0.0012 | Raw Avg:   1.2387
  has_contact               | Scaled Avg:   0.0016 | Raw Avg:   0.0784
  hip_pos                   | Scaled Avg:  -0.0007 | Raw Avg:   0.0665
  lin_vel_z                 | Scaled Avg:  -0.0111 | Raw Avg:   0.1384
  orientation               | Scaled Avg:  -0.0005 | Raw Avg:   0.1153
  powers                    | Scaled Avg:  -0.0000 | Raw Avg: 120.8069
  stand_still               | Scaled Avg:  -0.0006 | Raw Avg:   0.0150
  torques                   | Scaled Avg:  -0.0002 | Raw Avg: 921.6445
  tracking_ang_vel          | Scaled Avg:   0.0060 | Raw Avg:   0.2995
  tracking_lin_vel          | Scaled Avg:   0.0142 | Raw Avg:   0.3547
  termination               | Scaled Avg:  -0.0013
  TOTAL REWARD              | Scaled Avg:  -0.0741
------------------------------
################################################################################
                    [1m Learning iteration 5300/10000 [0m                     

                       Computation: 54573 steps/s (collection: 2.115s, learning 0.566s)
                     surrogate_loss -0.0031
                         value_loss 0.0853
                            entropy 2.3523
                     estimator_loss 0.0000
                         total_loss 0.1058
             Mean action noise std: 0.20
                       Mean reward: -3.27
               Mean episode length: 43.66
      Mean episode rew_action_rate: -0.0769
Mean episode rew_frame_action_rate: -0.0392
Mean episode rew_action_smoothness: -0.0010
Mean episode rew_frame_action_smoothness: -0.0005
       Mean episode rew_ang_vel_xy: -0.0142
 Mean episode rew_frame_ang_vel_xy: -0.0090
      Mean episode rew_base_height: -0.0004
Mean episode rew_frame_base_height: -0.0002
        Mean episode rew_collision: -0.0039
  Mean episode rew_frame_collision: -0.0022
          Mean episode rew_dof_acc: -0.0025
    Mean episode rew_frame_dof_acc: -0.0018
        Mean episode rew_dof_error: -0.0236
  Mean episode rew_frame_dof_error: -0.0138
          Mean episode rew_dof_vel: -0.0646
    Mean episode rew_frame_dof_vel: -0.0427
    Mean episode rew_feet_air_time: 0.0002
Mean episode rew_frame_feet_air_time: 0.0001
Mean episode rew_feet_contact_forces: -0.0000
Mean episode rew_frame_feet_contact_forces: -0.0000
   Mean episode rew_foot_clearance: -0.0002
Mean episode rew_frame_foot_clearance: -0.0001
      Mean episode rew_foot_mirror: -0.0007
Mean episode rew_frame_foot_mirror: -0.0004
       Mean episode rew_foot_slide: -0.0029
 Mean episode rew_frame_foot_slide: -0.0015
      Mean episode rew_has_contact: 0.0048
Mean episode rew_frame_has_contact: 0.0004
          Mean episode rew_hip_pos: -0.0015
    Mean episode rew_frame_hip_pos: -0.0009
        Mean episode rew_lin_vel_z: -0.0244
  Mean episode rew_frame_lin_vel_z: -0.0171
      Mean episode rew_orientation: -0.0011
Mean episode rew_frame_orientation: -0.0007
           Mean episode rew_powers: -0.0001
     Mean episode rew_frame_powers: -0.0001
      Mean episode rew_stand_still: -0.0010
Mean episode rew_frame_stand_still: -0.0001
          Mean episode rew_stumble: -0.0000
    Mean episode rew_frame_stumble: -0.0000
      Mean episode rew_termination: -0.0030
Mean episode rew_frame_termination: -0.0021
          Mean episode rew_torques: -0.0004
    Mean episode rew_frame_torques: -0.0002
 Mean episode rew_tracking_ang_vel: 0.0137
Mean episode rew_frame_tracking_ang_vel: 0.0055
 Mean episode rew_tracking_lin_vel: 0.0350
Mean episode rew_frame_tracking_lin_vel: 0.0080
Mean episode max_power_throughout_episode: 4643.9985
            Mean episode max_pos_x: 1.0428
            Mean episode min_pos_x: -0.1584
            Mean episode max_pos_y: 0.5189
            Mean episode min_pos_y: -0.5037
        Mean episode timeout_ratio: 0.0000
       Mean episode num_terminated: 129.6250
--------------------------------------------------------------------------------
                   Total timesteps: 585216
                    Iteration time: 2.68s
                        Total time: 792.88s
                               ETA: 12380.6s


------------------------------
Step: 7500 - Reward Breakdown:
  action_rate               | Scaled Avg:  -0.0332 | Raw Avg:   1.1067
  action_smoothness         | Scaled Avg:  -0.0004 | Raw Avg:   0.2076
  ang_vel_xy                | Scaled Avg:  -0.0060 | Raw Avg:   3.0237
  base_height               | Scaled Avg:  -0.0002 | Raw Avg:   0.0079
  collision                 | Scaled Avg:  -0.0016 | Raw Avg:   0.0796
  dof_acc                   | Scaled Avg:  -0.0012 | Raw Avg: 249799.7188
  dof_error                 | Scaled Avg:  -0.0099 | Raw Avg:   0.9913
  dof_vel                   | Scaled Avg:  -0.0285 | Raw Avg:  71.2482
  feet_air_time             | Scaled Avg:   0.0000 | Raw Avg:   0.0012
  feet_contact_forces       | Scaled Avg:  -0.0000 | Raw Avg:   5.6147
  foot_clearance            | Scaled Avg:  -0.0001 | Raw Avg:   0.0067
  foot_mirror               | Scaled Avg:  -0.0003 | Raw Avg:   0.3090
  foot_slide                | Scaled Avg:  -0.0013 | Raw Avg:   1.2716
  has_contact               | Scaled Avg:   0.0015 | Raw Avg:   0.0774
  hip_pos                   | Scaled Avg:  -0.0007 | Raw Avg:   0.0653
  lin_vel_z                 | Scaled Avg:  -0.0106 | Raw Avg:   0.1325
  orientation               | Scaled Avg:  -0.0005 | Raw Avg:   0.1186
  powers                    | Scaled Avg:  -0.0000 | Raw Avg: 122.4795
  stand_still               | Scaled Avg:  -0.0006 | Raw Avg:   0.0154
  torques                   | Scaled Avg:  -0.0002 | Raw Avg: 929.5806
  tracking_ang_vel          | Scaled Avg:   0.0059 | Raw Avg:   0.2927
  tracking_lin_vel          | Scaled Avg:   0.0140 | Raw Avg:   0.3489
  termination               | Scaled Avg:  -0.0013
  TOTAL REWARD              | Scaled Avg:  -0.0752
------------------------------

------------------------------
Step: 8000 - Reward Breakdown:
  action_rate               | Scaled Avg:  -0.0314 | Raw Avg:   1.0464
  action_smoothness         | Scaled Avg:  -0.0004 | Raw Avg:   0.2069
  ang_vel_xy                | Scaled Avg:  -0.0060 | Raw Avg:   3.0107
  base_height               | Scaled Avg:  -0.0002 | Raw Avg:   0.0076
  collision                 | Scaled Avg:  -0.0016 | Raw Avg:   0.0782
  dof_acc                   | Scaled Avg:  -0.0010 | Raw Avg: 208095.6250
  dof_error                 | Scaled Avg:  -0.0096 | Raw Avg:   0.9576
  dof_vel                   | Scaled Avg:  -0.0269 | Raw Avg:  67.1283
  feet_air_time             | Scaled Avg:   0.0001 | Raw Avg:   0.0018
  feet_contact_forces       | Scaled Avg:  -0.0000 | Raw Avg:   5.4264
  foot_clearance            | Scaled Avg:  -0.0001 | Raw Avg:   0.0063
  foot_mirror               | Scaled Avg:  -0.0003 | Raw Avg:   0.2987
  foot_slide                | Scaled Avg:  -0.0012 | Raw Avg:   1.2367
  has_contact               | Scaled Avg:   0.0017 | Raw Avg:   0.0844
  hip_pos                   | Scaled Avg:  -0.0006 | Raw Avg:   0.0634
  lin_vel_z                 | Scaled Avg:  -0.0111 | Raw Avg:   0.1388
  orientation               | Scaled Avg:  -0.0004 | Raw Avg:   0.1121
  powers                    | Scaled Avg:  -0.0000 | Raw Avg: 117.1156
  stand_still               | Scaled Avg:  -0.0005 | Raw Avg:   0.0133
  torques                   | Scaled Avg:  -0.0002 | Raw Avg: 919.7718
  tracking_ang_vel          | Scaled Avg:   0.0059 | Raw Avg:   0.2945
  tracking_lin_vel          | Scaled Avg:   0.0148 | Raw Avg:   0.3709
  termination               | Scaled Avg:  -0.0011
  TOTAL REWARD              | Scaled Avg:  -0.0702
------------------------------

------------------------------
Step: 8500 - Reward Breakdown:
  action_rate               | Scaled Avg:  -0.0317 | Raw Avg:   1.0552
  action_smoothness         | Scaled Avg:  -0.0004 | Raw Avg:   0.2048
  ang_vel_xy                | Scaled Avg:  -0.0063 | Raw Avg:   3.1531
  base_height               | Scaled Avg:  -0.0002 | Raw Avg:   0.0079
  collision                 | Scaled Avg:  -0.0015 | Raw Avg:   0.0768
  dof_acc                   | Scaled Avg:  -0.0010 | Raw Avg: 203412.2031
  dof_error                 | Scaled Avg:  -0.0099 | Raw Avg:   0.9879
  dof_vel                   | Scaled Avg:  -0.0267 | Raw Avg:  66.7802
  feet_air_time             | Scaled Avg:   0.0001 | Raw Avg:   0.0016
  feet_contact_forces       | Scaled Avg:  -0.0000 | Raw Avg:   5.6341
  foot_clearance            | Scaled Avg:  -0.0001 | Raw Avg:   0.0068
  foot_mirror               | Scaled Avg:  -0.0003 | Raw Avg:   0.3122
  foot_slide                | Scaled Avg:  -0.0012 | Raw Avg:   1.2427
  has_contact               | Scaled Avg:   0.0016 | Raw Avg:   0.0802
  hip_pos                   | Scaled Avg:  -0.0007 | Raw Avg:   0.0661
  lin_vel_z                 | Scaled Avg:  -0.0113 | Raw Avg:   0.1418
  orientation               | Scaled Avg:  -0.0005 | Raw Avg:   0.1167
  powers                    | Scaled Avg:  -0.0000 | Raw Avg: 118.9998
  stand_still               | Scaled Avg:  -0.0005 | Raw Avg:   0.0124
  torques                   | Scaled Avg:  -0.0002 | Raw Avg: 923.3187
  tracking_ang_vel          | Scaled Avg:   0.0060 | Raw Avg:   0.3023
  tracking_lin_vel          | Scaled Avg:   0.0142 | Raw Avg:   0.3558
  termination               | Scaled Avg:  -0.0012
  TOTAL REWARD              | Scaled Avg:  -0.0718
------------------------------

------------------------------
Step: 9000 - Reward Breakdown:
  action_rate               | Scaled Avg:  -0.0317 | Raw Avg:   1.0578
  action_smoothness         | Scaled Avg:  -0.0004 | Raw Avg:   0.2038
  ang_vel_xy                | Scaled Avg:  -0.0057 | Raw Avg:   2.8280
  base_height               | Scaled Avg:  -0.0002 | Raw Avg:   0.0075
  collision                 | Scaled Avg:  -0.0016 | Raw Avg:   0.0805
  dof_acc                   | Scaled Avg:  -0.0011 | Raw Avg: 218523.0469
  dof_error                 | Scaled Avg:  -0.0094 | Raw Avg:   0.9399
  dof_vel                   | Scaled Avg:  -0.0268 | Raw Avg:  67.0619
  feet_air_time             | Scaled Avg:   0.0001 | Raw Avg:   0.0013
  feet_contact_forces       | Scaled Avg:  -0.0000 | Raw Avg:   5.3024
  foot_clearance            | Scaled Avg:  -0.0001 | Raw Avg:   0.0063
  foot_mirror               | Scaled Avg:  -0.0003 | Raw Avg:   0.2980
  foot_slide                | Scaled Avg:  -0.0012 | Raw Avg:   1.1947
  has_contact               | Scaled Avg:   0.0017 | Raw Avg:   0.0845
  hip_pos                   | Scaled Avg:  -0.0006 | Raw Avg:   0.0647
  lin_vel_z                 | Scaled Avg:  -0.0094 | Raw Avg:   0.1174
  orientation               | Scaled Avg:  -0.0005 | Raw Avg:   0.1127
  powers                    | Scaled Avg:  -0.0000 | Raw Avg: 114.8817
  stand_still               | Scaled Avg:  -0.0006 | Raw Avg:   0.0151
  torques                   | Scaled Avg:  -0.0002 | Raw Avg: 905.5781
  tracking_ang_vel          | Scaled Avg:   0.0060 | Raw Avg:   0.2987
  tracking_lin_vel          | Scaled Avg:   0.0149 | Raw Avg:   0.3714
  termination               | Scaled Avg:  -0.0012
  TOTAL REWARD              | Scaled Avg:  -0.0684
------------------------------

------------------------------
Step: 9500 - Reward Breakdown:
  action_rate               | Scaled Avg:  -0.0315 | Raw Avg:   1.0487
  action_smoothness         | Scaled Avg:  -0.0004 | Raw Avg:   0.2006
  ang_vel_xy                | Scaled Avg:  -0.0060 | Raw Avg:   2.9856
  base_height               | Scaled Avg:  -0.0002 | Raw Avg:   0.0078
  collision                 | Scaled Avg:  -0.0015 | Raw Avg:   0.0750
  dof_acc                   | Scaled Avg:  -0.0009 | Raw Avg: 183487.5312
  dof_error                 | Scaled Avg:  -0.0095 | Raw Avg:   0.9471
  dof_vel                   | Scaled Avg:  -0.0258 | Raw Avg:  64.5838
  feet_air_time             | Scaled Avg:   0.0001 | Raw Avg:   0.0016
  feet_contact_forces       | Scaled Avg:  -0.0000 | Raw Avg:   5.4300
  foot_clearance            | Scaled Avg:  -0.0001 | Raw Avg:   0.0065
  foot_mirror               | Scaled Avg:  -0.0003 | Raw Avg:   0.3116
  foot_slide                | Scaled Avg:  -0.0012 | Raw Avg:   1.1987
  has_contact               | Scaled Avg:   0.0016 | Raw Avg:   0.0799
  hip_pos                   | Scaled Avg:  -0.0007 | Raw Avg:   0.0734
  lin_vel_z                 | Scaled Avg:  -0.0102 | Raw Avg:   0.1279
  orientation               | Scaled Avg:  -0.0004 | Raw Avg:   0.1111
  powers                    | Scaled Avg:  -0.0000 | Raw Avg: 117.8814
  stand_still               | Scaled Avg:  -0.0005 | Raw Avg:   0.0117
  torques                   | Scaled Avg:  -0.0002 | Raw Avg: 951.3276
  tracking_ang_vel          | Scaled Avg:   0.0060 | Raw Avg:   0.3006
  tracking_lin_vel          | Scaled Avg:   0.0148 | Raw Avg:   0.3702
  termination               | Scaled Avg:  -0.0014
  TOTAL REWARD              | Scaled Avg:  -0.0683
------------------------------
################################################################################
                    [1m Learning iteration 5400/10000 [0m                     

                       Computation: 55174 steps/s (collection: 2.087s, learning 0.565s)
                     surrogate_loss -0.0018
                         value_loss 0.0742
                            entropy 2.3277
                     estimator_loss 0.0000
                         total_loss 0.0957
             Mean action noise std: 0.20
                       Mean reward: -3.26
               Mean episode length: 45.54
      Mean episode rew_action_rate: -0.0767
Mean episode rew_frame_action_rate: -0.0382
Mean episode rew_action_smoothness: -0.0010
Mean episode rew_frame_action_smoothness: -0.0005
       Mean episode rew_ang_vel_xy: -0.0141
 Mean episode rew_frame_ang_vel_xy: -0.0089
      Mean episode rew_base_height: -0.0004
Mean episode rew_frame_base_height: -0.0002
        Mean episode rew_collision: -0.0039
  Mean episode rew_frame_collision: -0.0020
          Mean episode rew_dof_acc: -0.0025
    Mean episode rew_frame_dof_acc: -0.0018
        Mean episode rew_dof_error: -0.0229
  Mean episode rew_frame_dof_error: -0.0129
          Mean episode rew_dof_vel: -0.0633
    Mean episode rew_frame_dof_vel: -0.0417
    Mean episode rew_feet_air_time: 0.0001
Mean episode rew_frame_feet_air_time: 0.0001
Mean episode rew_feet_contact_forces: -0.0000
Mean episode rew_frame_feet_contact_forces: -0.0000
   Mean episode rew_foot_clearance: -0.0001
Mean episode rew_frame_foot_clearance: -0.0001
      Mean episode rew_foot_mirror: -0.0007
Mean episode rew_frame_foot_mirror: -0.0004
       Mean episode rew_foot_slide: -0.0030
 Mean episode rew_frame_foot_slide: -0.0015
      Mean episode rew_has_contact: 0.0031
Mean episode rew_frame_has_contact: 0.0003
          Mean episode rew_hip_pos: -0.0018
    Mean episode rew_frame_hip_pos: -0.0010
        Mean episode rew_lin_vel_z: -0.0249
  Mean episode rew_frame_lin_vel_z: -0.0176
      Mean episode rew_orientation: -0.0011
Mean episode rew_frame_orientation: -0.0007
           Mean episode rew_powers: -0.0001
     Mean episode rew_frame_powers: -0.0001
      Mean episode rew_stand_still: -0.0014
Mean episode rew_frame_stand_still: -0.0002
          Mean episode rew_stumble: -0.0000
    Mean episode rew_frame_stumble: -0.0000
      Mean episode rew_termination: -0.0030
Mean episode rew_frame_termination: -0.0021
          Mean episode rew_torques: -0.0005
    Mean episode rew_frame_torques: -0.0002
 Mean episode rew_tracking_ang_vel: 0.0145
Mean episode rew_frame_tracking_ang_vel: 0.0056
 Mean episode rew_tracking_lin_vel: 0.0346
Mean episode rew_frame_tracking_lin_vel: 0.0079
Mean episode max_power_throughout_episode: 4592.3848
            Mean episode max_pos_x: 1.0030
            Mean episode min_pos_x: -0.1502
            Mean episode max_pos_y: 0.5192
            Mean episode min_pos_y: -0.5186
        Mean episode timeout_ratio: 0.0000
       Mean episode num_terminated: 129.2083
--------------------------------------------------------------------------------
                   Total timesteps: 731520
                    Iteration time: 2.65s
                        Total time: 1079.96s
                               ETA: 12388.5s


------------------------------
Step: 10000 - Reward Breakdown:
  action_rate               | Scaled Avg:  -0.0313 | Raw Avg:   1.0442
  action_smoothness         | Scaled Avg:  -0.0004 | Raw Avg:   0.2000
  ang_vel_xy                | Scaled Avg:  -0.0056 | Raw Avg:   2.7780
  base_height               | Scaled Avg:  -0.0001 | Raw Avg:   0.0073
  collision                 | Scaled Avg:  -0.0015 | Raw Avg:   0.0745
  dof_acc                   | Scaled Avg:  -0.0010 | Raw Avg: 199136.5000
  dof_error                 | Scaled Avg:  -0.0087 | Raw Avg:   0.8683
  dof_vel                   | Scaled Avg:  -0.0253 | Raw Avg:  63.2117
  feet_air_time             | Scaled Avg:   0.0001 | Raw Avg:   0.0014
  feet_contact_forces       | Scaled Avg:  -0.0000 | Raw Avg:   5.4119
  foot_clearance            | Scaled Avg:  -0.0001 | Raw Avg:   0.0060
  foot_mirror               | Scaled Avg:  -0.0003 | Raw Avg:   0.3076
  foot_slide                | Scaled Avg:  -0.0012 | Raw Avg:   1.2091
  has_contact               | Scaled Avg:   0.0017 | Raw Avg:   0.0830
  hip_pos                   | Scaled Avg:  -0.0007 | Raw Avg:   0.0709
  lin_vel_z                 | Scaled Avg:  -0.0097 | Raw Avg:   0.1218
  orientation               | Scaled Avg:  -0.0005 | Raw Avg:   0.1139
  powers                    | Scaled Avg:  -0.0000 | Raw Avg: 115.7280
  stand_still               | Scaled Avg:  -0.0006 | Raw Avg:   0.0146
  torques                   | Scaled Avg:  -0.0002 | Raw Avg: 949.1509
  tracking_ang_vel          | Scaled Avg:   0.0060 | Raw Avg:   0.3019
  tracking_lin_vel          | Scaled Avg:   0.0148 | Raw Avg:   0.3693
  termination               | Scaled Avg:  -0.0012
  TOTAL REWARD              | Scaled Avg:  -0.0659
------------------------------

------------------------------
Step: 10500 - Reward Breakdown:
  action_rate               | Scaled Avg:  -0.0311 | Raw Avg:   1.0366
  action_smoothness         | Scaled Avg:  -0.0004 | Raw Avg:   0.2007
  ang_vel_xy                | Scaled Avg:  -0.0058 | Raw Avg:   2.9102
  base_height               | Scaled Avg:  -0.0002 | Raw Avg:   0.0076
  collision                 | Scaled Avg:  -0.0016 | Raw Avg:   0.0791
  dof_acc                   | Scaled Avg:  -0.0011 | Raw Avg: 216544.7500
  dof_error                 | Scaled Avg:  -0.0089 | Raw Avg:   0.8947
  dof_vel                   | Scaled Avg:  -0.0259 | Raw Avg:  64.6723
  feet_air_time             | Scaled Avg:   0.0001 | Raw Avg:   0.0016
  feet_contact_forces       | Scaled Avg:  -0.0000 | Raw Avg:   5.8554
  foot_clearance            | Scaled Avg:  -0.0001 | Raw Avg:   0.0066
  foot_mirror               | Scaled Avg:  -0.0003 | Raw Avg:   0.3113
  foot_slide                | Scaled Avg:  -0.0012 | Raw Avg:   1.2220
  has_contact               | Scaled Avg:   0.0015 | Raw Avg:   0.0771
  hip_pos                   | Scaled Avg:  -0.0008 | Raw Avg:   0.0763
  lin_vel_z                 | Scaled Avg:  -0.0096 | Raw Avg:   0.1196
  orientation               | Scaled Avg:  -0.0005 | Raw Avg:   0.1182
  powers                    | Scaled Avg:  -0.0000 | Raw Avg: 118.6941
  stand_still               | Scaled Avg:  -0.0004 | Raw Avg:   0.0112
  torques                   | Scaled Avg:  -0.0002 | Raw Avg: 960.8844
  tracking_ang_vel          | Scaled Avg:   0.0063 | Raw Avg:   0.3143
  tracking_lin_vel          | Scaled Avg:   0.0144 | Raw Avg:   0.3599
  termination               | Scaled Avg:  -0.0011
  TOTAL REWARD              | Scaled Avg:  -0.0669
------------------------------

------------------------------
Step: 11000 - Reward Breakdown:
  action_rate               | Scaled Avg:  -0.0317 | Raw Avg:   1.0566
  action_smoothness         | Scaled Avg:  -0.0004 | Raw Avg:   0.2017
  ang_vel_xy                | Scaled Avg:  -0.0059 | Raw Avg:   2.9712
  base_height               | Scaled Avg:  -0.0002 | Raw Avg:   0.0078
  collision                 | Scaled Avg:  -0.0018 | Raw Avg:   0.0879
  dof_acc                   | Scaled Avg:  -0.0012 | Raw Avg: 230136.7344
  dof_error                 | Scaled Avg:  -0.0092 | Raw Avg:   0.9187
  dof_vel                   | Scaled Avg:  -0.0260 | Raw Avg:  65.0595
  feet_air_time             | Scaled Avg:   0.0001 | Raw Avg:   0.0020
  feet_contact_forces       | Scaled Avg:  -0.0000 | Raw Avg:   5.1565
  foot_clearance            | Scaled Avg:  -0.0001 | Raw Avg:   0.0066
  foot_mirror               | Scaled Avg:  -0.0003 | Raw Avg:   0.3145
  foot_slide                | Scaled Avg:  -0.0013 | Raw Avg:   1.2565
  has_contact               | Scaled Avg:   0.0015 | Raw Avg:   0.0759
  hip_pos                   | Scaled Avg:  -0.0007 | Raw Avg:   0.0739
  lin_vel_z                 | Scaled Avg:  -0.0101 | Raw Avg:   0.1267
  orientation               | Scaled Avg:  -0.0005 | Raw Avg:   0.1205
  powers                    | Scaled Avg:  -0.0000 | Raw Avg: 118.6560
  stand_still               | Scaled Avg:  -0.0006 | Raw Avg:   0.0154
  torques                   | Scaled Avg:  -0.0002 | Raw Avg: 950.3665
  tracking_ang_vel          | Scaled Avg:   0.0064 | Raw Avg:   0.3212
  tracking_lin_vel          | Scaled Avg:   0.0142 | Raw Avg:   0.3559
  termination               | Scaled Avg:  -0.0014
  TOTAL REWARD              | Scaled Avg:  -0.0693
------------------------------

------------------------------
Step: 11500 - Reward Breakdown:
  action_rate               | Scaled Avg:  -0.0313 | Raw Avg:   1.0432
  action_smoothness         | Scaled Avg:  -0.0004 | Raw Avg:   0.1979
  ang_vel_xy                | Scaled Avg:  -0.0056 | Raw Avg:   2.8001
  base_height               | Scaled Avg:  -0.0001 | Raw Avg:   0.0074
  collision                 | Scaled Avg:  -0.0014 | Raw Avg:   0.0719
  dof_acc                   | Scaled Avg:  -0.0010 | Raw Avg: 199293.7812
  dof_error                 | Scaled Avg:  -0.0088 | Raw Avg:   0.8837
  dof_vel                   | Scaled Avg:  -0.0252 | Raw Avg:  62.8827
  feet_air_time             | Scaled Avg:   0.0001 | Raw Avg:   0.0014
  feet_contact_forces       | Scaled Avg:  -0.0000 | Raw Avg:   5.6727
  foot_clearance            | Scaled Avg:  -0.0001 | Raw Avg:   0.0062
  foot_mirror               | Scaled Avg:  -0.0003 | Raw Avg:   0.3151
  foot_slide                | Scaled Avg:  -0.0012 | Raw Avg:   1.2039
  has_contact               | Scaled Avg:   0.0015 | Raw Avg:   0.0765
  hip_pos                   | Scaled Avg:  -0.0008 | Raw Avg:   0.0756
  lin_vel_z                 | Scaled Avg:  -0.0093 | Raw Avg:   0.1158
  orientation               | Scaled Avg:  -0.0005 | Raw Avg:   0.1173
  powers                    | Scaled Avg:  -0.0000 | Raw Avg: 114.0950
  stand_still               | Scaled Avg:  -0.0004 | Raw Avg:   0.0106
  torques                   | Scaled Avg:  -0.0002 | Raw Avg: 951.3371
  tracking_ang_vel          | Scaled Avg:   0.0062 | Raw Avg:   0.3101
  tracking_lin_vel          | Scaled Avg:   0.0143 | Raw Avg:   0.3567
  termination               | Scaled Avg:  -0.0013
  TOTAL REWARD              | Scaled Avg:  -0.0658
------------------------------

------------------------------
Step: 12000 - Reward Breakdown:
  action_rate               | Scaled Avg:  -0.0312 | Raw Avg:   1.0402
  action_smoothness         | Scaled Avg:  -0.0004 | Raw Avg:   0.1998
  ang_vel_xy                | Scaled Avg:  -0.0057 | Raw Avg:   2.8455
  base_height               | Scaled Avg:  -0.0002 | Raw Avg:   0.0075
  collision                 | Scaled Avg:  -0.0017 | Raw Avg:   0.0843
  dof_acc                   | Scaled Avg:  -0.0011 | Raw Avg: 211180.4688
  dof_error                 | Scaled Avg:  -0.0090 | Raw Avg:   0.9050
  dof_vel                   | Scaled Avg:  -0.0249 | Raw Avg:  62.2694
  feet_air_time             | Scaled Avg:   0.0001 | Raw Avg:   0.0015
  feet_contact_forces       | Scaled Avg:  -0.0000 | Raw Avg:   5.3459
  foot_clearance            | Scaled Avg:  -0.0001 | Raw Avg:   0.0063
  foot_mirror               | Scaled Avg:  -0.0003 | Raw Avg:   0.3111
  foot_slide                | Scaled Avg:  -0.0012 | Raw Avg:   1.1963
  has_contact               | Scaled Avg:   0.0017 | Raw Avg:   0.0843
  hip_pos                   | Scaled Avg:  -0.0008 | Raw Avg:   0.0756
  lin_vel_z                 | Scaled Avg:  -0.0091 | Raw Avg:   0.1136
  orientation               | Scaled Avg:  -0.0005 | Raw Avg:   0.1170
  powers                    | Scaled Avg:  -0.0000 | Raw Avg: 115.3600
  stand_still               | Scaled Avg:  -0.0006 | Raw Avg:   0.0142
  torques                   | Scaled Avg:  -0.0002 | Raw Avg: 962.6595
  tracking_ang_vel          | Scaled Avg:   0.0063 | Raw Avg:   0.3162
  tracking_lin_vel          | Scaled Avg:   0.0146 | Raw Avg:   0.3649
  termination               | Scaled Avg:  -0.0012
  TOTAL REWARD              | Scaled Avg:  -0.0654
------------------------------
################################################################################
                    [1m Learning iteration 5500/10000 [0m                     

                       Computation: 53760 steps/s (collection: 2.114s, learning 0.608s)
                     surrogate_loss -0.0058
                         value_loss 0.0782
                            entropy 2.3710
                     estimator_loss 0.0000
                         total_loss 0.0961
             Mean action noise std: 0.20
                       Mean reward: -3.41
               Mean episode length: 40.79
      Mean episode rew_action_rate: -0.0714
Mean episode rew_frame_action_rate: -0.0378
Mean episode rew_action_smoothness: -0.0009
Mean episode rew_frame_action_smoothness: -0.0004
       Mean episode rew_ang_vel_xy: -0.0136
 Mean episode rew_frame_ang_vel_xy: -0.0086
      Mean episode rew_base_height: -0.0004
Mean episode rew_frame_base_height: -0.0002
        Mean episode rew_collision: -0.0040
  Mean episode rew_frame_collision: -0.0022
          Mean episode rew_dof_acc: -0.0026
    Mean episode rew_frame_dof_acc: -0.0018
        Mean episode rew_dof_error: -0.0212
  Mean episode rew_frame_dof_error: -0.0122
          Mean episode rew_dof_vel: -0.0606
    Mean episode rew_frame_dof_vel: -0.0402
    Mean episode rew_feet_air_time: 0.0002
Mean episode rew_frame_feet_air_time: 0.0001
Mean episode rew_feet_contact_forces: -0.0000
Mean episode rew_frame_feet_contact_forces: -0.0000
   Mean episode rew_foot_clearance: -0.0002
Mean episode rew_frame_foot_clearance: -0.0001
      Mean episode rew_foot_mirror: -0.0007
Mean episode rew_frame_foot_mirror: -0.0004
       Mean episode rew_foot_slide: -0.0029
 Mean episode rew_frame_foot_slide: -0.0015
      Mean episode rew_has_contact: 0.0026
Mean episode rew_frame_has_contact: 0.0003
          Mean episode rew_hip_pos: -0.0018
    Mean episode rew_frame_hip_pos: -0.0011
        Mean episode rew_lin_vel_z: -0.0230
  Mean episode rew_frame_lin_vel_z: -0.0161
      Mean episode rew_orientation: -0.0011
Mean episode rew_frame_orientation: -0.0007
           Mean episode rew_powers: -0.0001
     Mean episode rew_frame_powers: -0.0001
      Mean episode rew_stand_still: -0.0006
Mean episode rew_frame_stand_still: -0.0001
          Mean episode rew_stumble: -0.0000
    Mean episode rew_frame_stumble: -0.0000
      Mean episode rew_termination: -0.0030
Mean episode rew_frame_termination: -0.0021
          Mean episode rew_torques: -0.0004
    Mean episode rew_frame_torques: -0.0002
 Mean episode rew_tracking_ang_vel: 0.0146
Mean episode rew_frame_tracking_ang_vel: 0.0060
 Mean episode rew_tracking_lin_vel: 0.0293
Mean episode rew_frame_tracking_lin_vel: 0.0076
Mean episode max_power_throughout_episode: 4499.9365
            Mean episode max_pos_x: 1.0042
            Mean episode min_pos_x: -0.1671
            Mean episode max_pos_y: 0.5391
            Mean episode min_pos_y: -0.5131
        Mean episode timeout_ratio: 0.0000
       Mean episode num_terminated: 122.6667
--------------------------------------------------------------------------------
                   Total timesteps: 877824
                    Iteration time: 2.72s
                        Total time: 1361.20s
                               ETA: 12226.3s


------------------------------
Step: 12500 - Reward Breakdown:
  action_rate               | Scaled Avg:  -0.0308 | Raw Avg:   1.0261
  action_smoothness         | Scaled Avg:  -0.0004 | Raw Avg:   0.1981
  ang_vel_xy                | Scaled Avg:  -0.0053 | Raw Avg:   2.6736
  base_height               | Scaled Avg:  -0.0002 | Raw Avg:   0.0076
  collision                 | Scaled Avg:  -0.0017 | Raw Avg:   0.0860
  dof_acc                   | Scaled Avg:  -0.0011 | Raw Avg: 223009.9375
  dof_error                 | Scaled Avg:  -0.0086 | Raw Avg:   0.8623
  dof_vel                   | Scaled Avg:  -0.0241 | Raw Avg:  60.3025
  feet_air_time             | Scaled Avg:   0.0001 | Raw Avg:   0.0014
  feet_contact_forces       | Scaled Avg:  -0.0000 | Raw Avg:   5.7277
  foot_clearance            | Scaled Avg:  -0.0001 | Raw Avg:   0.0060
  foot_mirror               | Scaled Avg:  -0.0003 | Raw Avg:   0.3093
  foot_slide                | Scaled Avg:  -0.0012 | Raw Avg:   1.1813
  has_contact               | Scaled Avg:   0.0016 | Raw Avg:   0.0812
  hip_pos                   | Scaled Avg:  -0.0007 | Raw Avg:   0.0731
  lin_vel_z                 | Scaled Avg:  -0.0087 | Raw Avg:   0.1088
  orientation               | Scaled Avg:  -0.0004 | Raw Avg:   0.1118
  powers                    | Scaled Avg:  -0.0000 | Raw Avg: 112.4880
  stand_still               | Scaled Avg:  -0.0006 | Raw Avg:   0.0160
  torques                   | Scaled Avg:  -0.0002 | Raw Avg: 960.2982
  tracking_ang_vel          | Scaled Avg:   0.0063 | Raw Avg:   0.3174
  tracking_lin_vel          | Scaled Avg:   0.0149 | Raw Avg:   0.3719
  termination               | Scaled Avg:  -0.0011
  TOTAL REWARD              | Scaled Avg:  -0.0628
------------------------------

------------------------------
Step: 13000 - Reward Breakdown:
  action_rate               | Scaled Avg:  -0.0312 | Raw Avg:   1.0386
  action_smoothness         | Scaled Avg:  -0.0004 | Raw Avg:   0.2000
  ang_vel_xy                | Scaled Avg:  -0.0058 | Raw Avg:   2.8756
  base_height               | Scaled Avg:  -0.0002 | Raw Avg:   0.0081
  collision                 | Scaled Avg:  -0.0017 | Raw Avg:   0.0832
  dof_acc                   | Scaled Avg:  -0.0011 | Raw Avg: 212352.4844
  dof_error                 | Scaled Avg:  -0.0087 | Raw Avg:   0.8677
  dof_vel                   | Scaled Avg:  -0.0249 | Raw Avg:  62.2348
  feet_air_time             | Scaled Avg:   0.0001 | Raw Avg:   0.0013
  feet_contact_forces       | Scaled Avg:  -0.0000 | Raw Avg:   5.4241
  foot_clearance            | Scaled Avg:  -0.0001 | Raw Avg:   0.0060
  foot_mirror               | Scaled Avg:  -0.0003 | Raw Avg:   0.3187
  foot_slide                | Scaled Avg:  -0.0012 | Raw Avg:   1.2377
  has_contact               | Scaled Avg:   0.0016 | Raw Avg:   0.0812
  hip_pos                   | Scaled Avg:  -0.0008 | Raw Avg:   0.0794
  lin_vel_z                 | Scaled Avg:  -0.0088 | Raw Avg:   0.1096
  orientation               | Scaled Avg:  -0.0005 | Raw Avg:   0.1213
  powers                    | Scaled Avg:  -0.0000 | Raw Avg: 116.6779
  stand_still               | Scaled Avg:  -0.0005 | Raw Avg:   0.0131
  torques                   | Scaled Avg:  -0.0002 | Raw Avg: 972.7720
  tracking_ang_vel          | Scaled Avg:   0.0063 | Raw Avg:   0.3157
  tracking_lin_vel          | Scaled Avg:   0.0144 | Raw Avg:   0.3610
  termination               | Scaled Avg:  -0.0012
  TOTAL REWARD              | Scaled Avg:  -0.0649
------------------------------

------------------------------
Step: 13500 - Reward Breakdown:
  action_rate               | Scaled Avg:  -0.0304 | Raw Avg:   1.0147
  action_smoothness         | Scaled Avg:  -0.0004 | Raw Avg:   0.1949
  ang_vel_xy                | Scaled Avg:  -0.0055 | Raw Avg:   2.7565
  base_height               | Scaled Avg:  -0.0002 | Raw Avg:   0.0078
  collision                 | Scaled Avg:  -0.0018 | Raw Avg:   0.0914
  dof_acc                   | Scaled Avg:  -0.0010 | Raw Avg: 190946.4062
  dof_error                 | Scaled Avg:  -0.0085 | Raw Avg:   0.8501
  dof_vel                   | Scaled Avg:  -0.0231 | Raw Avg:  57.8635
  feet_air_time             | Scaled Avg:   0.0001 | Raw Avg:   0.0016
  feet_contact_forces       | Scaled Avg:  -0.0000 | Raw Avg:   5.0898
  foot_clearance            | Scaled Avg:  -0.0001 | Raw Avg:   0.0058
  foot_mirror               | Scaled Avg:  -0.0003 | Raw Avg:   0.3046
  foot_slide                | Scaled Avg:  -0.0012 | Raw Avg:   1.1947
  has_contact               | Scaled Avg:   0.0016 | Raw Avg:   0.0817
  hip_pos                   | Scaled Avg:  -0.0008 | Raw Avg:   0.0814
  lin_vel_z                 | Scaled Avg:  -0.0083 | Raw Avg:   0.1040
  orientation               | Scaled Avg:  -0.0005 | Raw Avg:   0.1177
  powers                    | Scaled Avg:  -0.0000 | Raw Avg: 112.8538
  stand_still               | Scaled Avg:  -0.0006 | Raw Avg:   0.0161
  torques                   | Scaled Avg:  -0.0002 | Raw Avg: 970.5126
  tracking_ang_vel          | Scaled Avg:   0.0063 | Raw Avg:   0.3139
  tracking_lin_vel          | Scaled Avg:   0.0148 | Raw Avg:   0.3693
  termination               | Scaled Avg:  -0.0013
  TOTAL REWARD              | Scaled Avg:  -0.0615
------------------------------

------------------------------
Step: 14000 - Reward Breakdown:
  action_rate               | Scaled Avg:  -0.0313 | Raw Avg:   1.0424
  action_smoothness         | Scaled Avg:  -0.0004 | Raw Avg:   0.2000
  ang_vel_xy                | Scaled Avg:  -0.0058 | Raw Avg:   2.9195
  base_height               | Scaled Avg:  -0.0002 | Raw Avg:   0.0082
  collision                 | Scaled Avg:  -0.0017 | Raw Avg:   0.0863
  dof_acc                   | Scaled Avg:  -0.0011 | Raw Avg: 218078.5312
  dof_error                 | Scaled Avg:  -0.0091 | Raw Avg:   0.9066
  dof_vel                   | Scaled Avg:  -0.0261 | Raw Avg:  65.2970
  feet_air_time             | Scaled Avg:   0.0001 | Raw Avg:   0.0018
  feet_contact_forces       | Scaled Avg:  -0.0000 | Raw Avg:   5.7762
  foot_clearance            | Scaled Avg:  -0.0001 | Raw Avg:   0.0066
  foot_mirror               | Scaled Avg:  -0.0003 | Raw Avg:   0.3096
  foot_slide                | Scaled Avg:  -0.0012 | Raw Avg:   1.2378
  has_contact               | Scaled Avg:   0.0016 | Raw Avg:   0.0785
  hip_pos                   | Scaled Avg:  -0.0009 | Raw Avg:   0.0909
  lin_vel_z                 | Scaled Avg:  -0.0098 | Raw Avg:   0.1226
  orientation               | Scaled Avg:  -0.0005 | Raw Avg:   0.1257
  powers                    | Scaled Avg:  -0.0000 | Raw Avg: 122.2863
  stand_still               | Scaled Avg:  -0.0004 | Raw Avg:   0.0096
  torques                   | Scaled Avg:  -0.0002 | Raw Avg: 1025.8206
  tracking_ang_vel          | Scaled Avg:   0.0065 | Raw Avg:   0.3233
  tracking_lin_vel          | Scaled Avg:   0.0140 | Raw Avg:   0.3490
  termination               | Scaled Avg:  -0.0014
  TOTAL REWARD              | Scaled Avg:  -0.0685
------------------------------
################################################################################
                    [1m Learning iteration 5600/10000 [0m                     

                       Computation: 55419 steps/s (collection: 2.076s, learning 0.564s)
                     surrogate_loss -0.0063
                         value_loss 0.0720
                            entropy 2.3652
                     estimator_loss 0.0000
                         total_loss 0.0894
             Mean action noise std: 0.20
                       Mean reward: -3.51
               Mean episode length: 49.83
      Mean episode rew_action_rate: -0.0794
Mean episode rew_frame_action_rate: -0.0367
Mean episode rew_action_smoothness: -0.0010
Mean episode rew_frame_action_smoothness: -0.0004
       Mean episode rew_ang_vel_xy: -0.0142
 Mean episode rew_frame_ang_vel_xy: -0.0084
      Mean episode rew_base_height: -0.0004
Mean episode rew_frame_base_height: -0.0002
        Mean episode rew_collision: -0.0041
  Mean episode rew_frame_collision: -0.0022
          Mean episode rew_dof_acc: -0.0026
    Mean episode rew_frame_dof_acc: -0.0018
        Mean episode rew_dof_error: -0.0224
  Mean episode rew_frame_dof_error: -0.0115
          Mean episode rew_dof_vel: -0.0617
    Mean episode rew_frame_dof_vel: -0.0381
    Mean episode rew_feet_air_time: 0.0002
Mean episode rew_frame_feet_air_time: 0.0001
Mean episode rew_feet_contact_forces: -0.0000
Mean episode rew_frame_feet_contact_forces: -0.0000
   Mean episode rew_foot_clearance: -0.0002
Mean episode rew_frame_foot_clearance: -0.0001
      Mean episode rew_foot_mirror: -0.0008
Mean episode rew_frame_foot_mirror: -0.0004
       Mean episode rew_foot_slide: -0.0031
 Mean episode rew_frame_foot_slide: -0.0015
      Mean episode rew_has_contact: 0.0054
Mean episode rew_frame_has_contact: 0.0005
          Mean episode rew_hip_pos: -0.0022
    Mean episode rew_frame_hip_pos: -0.0012
        Mean episode rew_lin_vel_z: -0.0228
  Mean episode rew_frame_lin_vel_z: -0.0152
      Mean episode rew_orientation: -0.0012
Mean episode rew_frame_orientation: -0.0007
           Mean episode rew_powers: -0.0001
     Mean episode rew_frame_powers: -0.0001
      Mean episode rew_stand_still: -0.0021
Mean episode rew_frame_stand_still: -0.0002
          Mean episode rew_stumble: -0.0000
    Mean episode rew_frame_stumble: -0.0000
      Mean episode rew_termination: -0.0030
Mean episode rew_frame_termination: -0.0020
          Mean episode rew_torques: -0.0005
    Mean episode rew_frame_torques: -0.0002
 Mean episode rew_tracking_ang_vel: 0.0170
Mean episode rew_frame_tracking_ang_vel: 0.0059
 Mean episode rew_tracking_lin_vel: 0.0401
Mean episode rew_frame_tracking_lin_vel: 0.0082
Mean episode max_power_throughout_episode: 4557.2134
            Mean episode max_pos_x: 1.0345
            Mean episode min_pos_x: -0.1393
            Mean episode max_pos_y: 0.5100
            Mean episode min_pos_y: -0.5139
        Mean episode timeout_ratio: 0.0007
       Mean episode num_terminated: 121.5833
--------------------------------------------------------------------------------
                   Total timesteps: 1024128
                    Iteration time: 2.64s
                        Total time: 1644.23s
                               ETA: 12037.6s


------------------------------
Step: 14500 - Reward Breakdown:
  action_rate               | Scaled Avg:  -0.0300 | Raw Avg:   1.0008
  action_smoothness         | Scaled Avg:  -0.0004 | Raw Avg:   0.1954
  ang_vel_xy                | Scaled Avg:  -0.0057 | Raw Avg:   2.8436
  base_height               | Scaled Avg:  -0.0002 | Raw Avg:   0.0077
  collision                 | Scaled Avg:  -0.0016 | Raw Avg:   0.0799
  dof_acc                   | Scaled Avg:  -0.0010 | Raw Avg: 207798.6719
  dof_error                 | Scaled Avg:  -0.0086 | Raw Avg:   0.8582
  dof_vel                   | Scaled Avg:  -0.0242 | Raw Avg:  60.5116
  feet_air_time             | Scaled Avg:   0.0001 | Raw Avg:   0.0016
  feet_contact_forces       | Scaled Avg:  -0.0000 | Raw Avg:   5.4403
  foot_clearance            | Scaled Avg:  -0.0001 | Raw Avg:   0.0063
  foot_mirror               | Scaled Avg:  -0.0003 | Raw Avg:   0.3062
  foot_slide                | Scaled Avg:  -0.0012 | Raw Avg:   1.1931
  has_contact               | Scaled Avg:   0.0016 | Raw Avg:   0.0814
  hip_pos                   | Scaled Avg:  -0.0009 | Raw Avg:   0.0859
  lin_vel_z                 | Scaled Avg:  -0.0087 | Raw Avg:   0.1091
  orientation               | Scaled Avg:  -0.0005 | Raw Avg:   0.1162
  powers                    | Scaled Avg:  -0.0000 | Raw Avg: 117.1582
  stand_still               | Scaled Avg:  -0.0005 | Raw Avg:   0.0120
  torques                   | Scaled Avg:  -0.0002 | Raw Avg: 997.1689
  tracking_ang_vel          | Scaled Avg:   0.0064 | Raw Avg:   0.3192
  tracking_lin_vel          | Scaled Avg:   0.0146 | Raw Avg:   0.3648
  termination               | Scaled Avg:  -0.0012
  TOTAL REWARD              | Scaled Avg:  -0.0626
------------------------------

------------------------------
Step: 15000 - Reward Breakdown:
  action_rate               | Scaled Avg:  -0.0312 | Raw Avg:   1.0388
  action_smoothness         | Scaled Avg:  -0.0004 | Raw Avg:   0.2005
  ang_vel_xy                | Scaled Avg:  -0.0059 | Raw Avg:   2.9690
  base_height               | Scaled Avg:  -0.0002 | Raw Avg:   0.0075
  collision                 | Scaled Avg:  -0.0017 | Raw Avg:   0.0845
  dof_acc                   | Scaled Avg:  -0.0012 | Raw Avg: 230246.6719
  dof_error                 | Scaled Avg:  -0.0087 | Raw Avg:   0.8704
  dof_vel                   | Scaled Avg:  -0.0254 | Raw Avg:  63.4979
  feet_air_time             | Scaled Avg:   0.0001 | Raw Avg:   0.0016
  feet_contact_forces       | Scaled Avg:  -0.0000 | Raw Avg:   6.3661
  foot_clearance            | Scaled Avg:  -0.0001 | Raw Avg:   0.0064
  foot_mirror               | Scaled Avg:  -0.0003 | Raw Avg:   0.3068
  foot_slide                | Scaled Avg:  -0.0012 | Raw Avg:   1.2115
  has_contact               | Scaled Avg:   0.0016 | Raw Avg:   0.0776
  hip_pos                   | Scaled Avg:  -0.0008 | Raw Avg:   0.0835
  lin_vel_z                 | Scaled Avg:  -0.0097 | Raw Avg:   0.1214
  orientation               | Scaled Avg:  -0.0005 | Raw Avg:   0.1225
  powers                    | Scaled Avg:  -0.0000 | Raw Avg: 118.4115
  stand_still               | Scaled Avg:  -0.0007 | Raw Avg:   0.0164
  torques                   | Scaled Avg:  -0.0002 | Raw Avg: 972.3875
  tracking_ang_vel          | Scaled Avg:   0.0065 | Raw Avg:   0.3235
  tracking_lin_vel          | Scaled Avg:   0.0144 | Raw Avg:   0.3610
  termination               | Scaled Avg:  -0.0013
  TOTAL REWARD              | Scaled Avg:  -0.0669
------------------------------

------------------------------
Step: 15500 - Reward Breakdown:
  action_rate               | Scaled Avg:  -0.0308 | Raw Avg:   1.0276
  action_smoothness         | Scaled Avg:  -0.0004 | Raw Avg:   0.1957
  ang_vel_xy                | Scaled Avg:  -0.0058 | Raw Avg:   2.9052
  base_height               | Scaled Avg:  -0.0002 | Raw Avg:   0.0076
  collision                 | Scaled Avg:  -0.0016 | Raw Avg:   0.0815
  dof_acc                   | Scaled Avg:  -0.0012 | Raw Avg: 242763.0156
  dof_error                 | Scaled Avg:  -0.0085 | Raw Avg:   0.8541
  dof_vel                   | Scaled Avg:  -0.0250 | Raw Avg:  62.4472
  feet_air_time             | Scaled Avg:   0.0001 | Raw Avg:   0.0018
  feet_contact_forces       | Scaled Avg:  -0.0000 | Raw Avg:   5.4243
  foot_clearance            | Scaled Avg:  -0.0001 | Raw Avg:   0.0064
  foot_mirror               | Scaled Avg:  -0.0003 | Raw Avg:   0.3160
  foot_slide                | Scaled Avg:  -0.0012 | Raw Avg:   1.2337
  has_contact               | Scaled Avg:   0.0015 | Raw Avg:   0.0771
  hip_pos                   | Scaled Avg:  -0.0008 | Raw Avg:   0.0784
  lin_vel_z                 | Scaled Avg:  -0.0089 | Raw Avg:   0.1109
  orientation               | Scaled Avg:  -0.0005 | Raw Avg:   0.1152
  powers                    | Scaled Avg:  -0.0000 | Raw Avg: 116.4262
  stand_still               | Scaled Avg:  -0.0005 | Raw Avg:   0.0121
  torques                   | Scaled Avg:  -0.0002 | Raw Avg: 948.0223
  tracking_ang_vel          | Scaled Avg:   0.0062 | Raw Avg:   0.3106
  tracking_lin_vel          | Scaled Avg:   0.0145 | Raw Avg:   0.3627
  termination               | Scaled Avg:  -0.0012
  TOTAL REWARD              | Scaled Avg:  -0.0649
------------------------------

------------------------------
Step: 16000 - Reward Breakdown:
  action_rate               | Scaled Avg:  -0.0299 | Raw Avg:   0.9968
  action_smoothness         | Scaled Avg:  -0.0004 | Raw Avg:   0.1934
  ang_vel_xy                | Scaled Avg:  -0.0054 | Raw Avg:   2.7118
  base_height               | Scaled Avg:  -0.0001 | Raw Avg:   0.0074
  collision                 | Scaled Avg:  -0.0016 | Raw Avg:   0.0778
  dof_acc                   | Scaled Avg:  -0.0010 | Raw Avg: 199202.3906
  dof_error                 | Scaled Avg:  -0.0085 | Raw Avg:   0.8474
  dof_vel                   | Scaled Avg:  -0.0236 | Raw Avg:  59.0733
  feet_air_time             | Scaled Avg:   0.0000 | Raw Avg:   0.0012
  feet_contact_forces       | Scaled Avg:  -0.0000 | Raw Avg:   4.8870
  foot_clearance            | Scaled Avg:  -0.0001 | Raw Avg:   0.0063
  foot_mirror               | Scaled Avg:  -0.0003 | Raw Avg:   0.3231
  foot_slide                | Scaled Avg:  -0.0012 | Raw Avg:   1.1795
  has_contact               | Scaled Avg:   0.0016 | Raw Avg:   0.0789
  hip_pos                   | Scaled Avg:  -0.0008 | Raw Avg:   0.0764
  lin_vel_z                 | Scaled Avg:  -0.0087 | Raw Avg:   0.1082
  orientation               | Scaled Avg:  -0.0005 | Raw Avg:   0.1144
  powers                    | Scaled Avg:  -0.0000 | Raw Avg: 111.6483
  stand_still               | Scaled Avg:  -0.0005 | Raw Avg:   0.0114
  torques                   | Scaled Avg:  -0.0002 | Raw Avg: 937.9976
  tracking_ang_vel          | Scaled Avg:   0.0061 | Raw Avg:   0.3043
  tracking_lin_vel          | Scaled Avg:   0.0149 | Raw Avg:   0.3713
  termination               | Scaled Avg:  -0.0012
  TOTAL REWARD              | Scaled Avg:  -0.0613
------------------------------

------------------------------
Step: 16500 - Reward Breakdown:
  action_rate               | Scaled Avg:  -0.0297 | Raw Avg:   0.9906
  action_smoothness         | Scaled Avg:  -0.0004 | Raw Avg:   0.1911
  ang_vel_xy                | Scaled Avg:  -0.0050 | Raw Avg:   2.5109
  base_height               | Scaled Avg:  -0.0001 | Raw Avg:   0.0067
  collision                 | Scaled Avg:  -0.0015 | Raw Avg:   0.0751
  dof_acc                   | Scaled Avg:  -0.0010 | Raw Avg: 204843.0156
  dof_error                 | Scaled Avg:  -0.0077 | Raw Avg:   0.7659
  dof_vel                   | Scaled Avg:  -0.0223 | Raw Avg:  55.7349
  feet_air_time             | Scaled Avg:   0.0001 | Raw Avg:   0.0017
  feet_contact_forces       | Scaled Avg:  -0.0000 | Raw Avg:   4.8003
  foot_clearance            | Scaled Avg:  -0.0001 | Raw Avg:   0.0058
  foot_mirror               | Scaled Avg:  -0.0003 | Raw Avg:   0.2864
  foot_slide                | Scaled Avg:  -0.0011 | Raw Avg:   1.1437
  has_contact               | Scaled Avg:   0.0015 | Raw Avg:   0.0738
  hip_pos                   | Scaled Avg:  -0.0007 | Raw Avg:   0.0714
  lin_vel_z                 | Scaled Avg:  -0.0078 | Raw Avg:   0.0980
  orientation               | Scaled Avg:  -0.0004 | Raw Avg:   0.1062
  powers                    | Scaled Avg:  -0.0000 | Raw Avg: 107.7528
  stand_still               | Scaled Avg:  -0.0004 | Raw Avg:   0.0106
  torques                   | Scaled Avg:  -0.0002 | Raw Avg: 940.6238
  tracking_ang_vel          | Scaled Avg:   0.0062 | Raw Avg:   0.3105
  tracking_lin_vel          | Scaled Avg:   0.0150 | Raw Avg:   0.3760
  termination               | Scaled Avg:  -0.0011
  TOTAL REWARD              | Scaled Avg:  -0.0572
------------------------------
################################################################################
                    [1m Learning iteration 5700/10000 [0m                     

                       Computation: 58759 steps/s (collection: 1.942s, learning 0.548s)
                     surrogate_loss -0.0045
                         value_loss 0.0859
                            entropy 2.3533
                     estimator_loss 0.0000
                         total_loss 0.1049
             Mean action noise std: 0.20
                       Mean reward: -3.19
               Mean episode length: 50.14
      Mean episode rew_action_rate: -0.0860
Mean episode rew_frame_action_rate: -0.0363
Mean episode rew_action_smoothness: -0.0011
Mean episode rew_frame_action_smoothness: -0.0004
       Mean episode rew_ang_vel_xy: -0.0147
 Mean episode rew_frame_ang_vel_xy: -0.0084
      Mean episode rew_base_height: -0.0004
Mean episode rew_frame_base_height: -0.0002
        Mean episode rew_collision: -0.0042
  Mean episode rew_frame_collision: -0.0024
          Mean episode rew_dof_acc: -0.0027
    Mean episode rew_frame_dof_acc: -0.0018
        Mean episode rew_dof_error: -0.0220
  Mean episode rew_frame_dof_error: -0.0111
          Mean episode rew_dof_vel: -0.0627
    Mean episode rew_frame_dof_vel: -0.0372
    Mean episode rew_feet_air_time: 0.0002
Mean episode rew_frame_feet_air_time: 0.0001
Mean episode rew_feet_contact_forces: -0.0000
Mean episode rew_frame_feet_contact_forces: -0.0000
   Mean episode rew_foot_clearance: -0.0002
Mean episode rew_frame_foot_clearance: -0.0001
      Mean episode rew_foot_mirror: -0.0008
Mean episode rew_frame_foot_mirror: -0.0004
       Mean episode rew_foot_slide: -0.0033
 Mean episode rew_frame_foot_slide: -0.0015
      Mean episode rew_has_contact: 0.0037
Mean episode rew_frame_has_contact: 0.0003
          Mean episode rew_hip_pos: -0.0020
    Mean episode rew_frame_hip_pos: -0.0011
        Mean episode rew_lin_vel_z: -0.0227
  Mean episode rew_frame_lin_vel_z: -0.0148
      Mean episode rew_orientation: -0.0012
Mean episode rew_frame_orientation: -0.0007
           Mean episode rew_powers: -0.0001
     Mean episode rew_frame_powers: -0.0001
      Mean episode rew_stand_still: -0.0010
Mean episode rew_frame_stand_still: -0.0001
          Mean episode rew_stumble: -0.0000
    Mean episode rew_frame_stumble: -0.0000
      Mean episode rew_termination: -0.0030
Mean episode rew_frame_termination: -0.0019
          Mean episode rew_torques: -0.0005
    Mean episode rew_frame_torques: -0.0002
 Mean episode rew_tracking_ang_vel: 0.0179
Mean episode rew_frame_tracking_ang_vel: 0.0059
 Mean episode rew_tracking_lin_vel: 0.0429
Mean episode rew_frame_tracking_lin_vel: 0.0078
Mean episode max_power_throughout_episode: 4231.4658
            Mean episode max_pos_x: 1.0052
            Mean episode min_pos_x: -0.1305
            Mean episode max_pos_y: 0.5158
            Mean episode min_pos_y: -0.4951
        Mean episode timeout_ratio: 0.0006
       Mean episode num_terminated: 98.7083
--------------------------------------------------------------------------------
                   Total timesteps: 1170432
                    Iteration time: 2.49s
                        Total time: 1921.29s
                               ETA: 11785.4s


------------------------------
Step: 17000 - Reward Breakdown:
  action_rate               | Scaled Avg:  -0.0291 | Raw Avg:   0.9705
  action_smoothness         | Scaled Avg:  -0.0004 | Raw Avg:   0.1891
  ang_vel_xy                | Scaled Avg:  -0.0051 | Raw Avg:   2.5439
  base_height               | Scaled Avg:  -0.0001 | Raw Avg:   0.0065
  collision                 | Scaled Avg:  -0.0015 | Raw Avg:   0.0751
  dof_acc                   | Scaled Avg:  -0.0010 | Raw Avg: 196213.3281
  dof_error                 | Scaled Avg:  -0.0076 | Raw Avg:   0.7603
  dof_vel                   | Scaled Avg:  -0.0214 | Raw Avg:  53.5203
  feet_air_time             | Scaled Avg:   0.0000 | Raw Avg:   0.0011
  feet_contact_forces       | Scaled Avg:  -0.0000 | Raw Avg:   4.3883
  foot_clearance            | Scaled Avg:  -0.0001 | Raw Avg:   0.0054
  foot_mirror               | Scaled Avg:  -0.0003 | Raw Avg:   0.2749
  foot_slide                | Scaled Avg:  -0.0011 | Raw Avg:   1.1273
  has_contact               | Scaled Avg:   0.0015 | Raw Avg:   0.0761
  hip_pos                   | Scaled Avg:  -0.0007 | Raw Avg:   0.0673
  lin_vel_z                 | Scaled Avg:  -0.0074 | Raw Avg:   0.0930
  orientation               | Scaled Avg:  -0.0004 | Raw Avg:   0.1004
  powers                    | Scaled Avg:  -0.0000 | Raw Avg: 104.5388
  stand_still               | Scaled Avg:  -0.0005 | Raw Avg:   0.0129
  torques                   | Scaled Avg:  -0.0002 | Raw Avg: 916.0259
  tracking_ang_vel          | Scaled Avg:   0.0063 | Raw Avg:   0.3152
  tracking_lin_vel          | Scaled Avg:   0.0150 | Raw Avg:   0.3739
  termination               | Scaled Avg:  -0.0010
  TOTAL REWARD              | Scaled Avg:  -0.0551
------------------------------

------------------------------
Step: 17500 - Reward Breakdown:
  action_rate               | Scaled Avg:  -0.0299 | Raw Avg:   0.9960
  action_smoothness         | Scaled Avg:  -0.0004 | Raw Avg:   0.1928
  ang_vel_xy                | Scaled Avg:  -0.0052 | Raw Avg:   2.6203
  base_height               | Scaled Avg:  -0.0001 | Raw Avg:   0.0070
  collision                 | Scaled Avg:  -0.0016 | Raw Avg:   0.0817
  dof_acc                   | Scaled Avg:  -0.0009 | Raw Avg: 188904.8125
  dof_error                 | Scaled Avg:  -0.0081 | Raw Avg:   0.8125
  dof_vel                   | Scaled Avg:  -0.0227 | Raw Avg:  56.6337
  feet_air_time             | Scaled Avg:   0.0000 | Raw Avg:   0.0011
  feet_contact_forces       | Scaled Avg:  -0.0000 | Raw Avg:   4.9088
  foot_clearance            | Scaled Avg:  -0.0001 | Raw Avg:   0.0057
  foot_mirror               | Scaled Avg:  -0.0003 | Raw Avg:   0.2912
  foot_slide                | Scaled Avg:  -0.0012 | Raw Avg:   1.1545
  has_contact               | Scaled Avg:   0.0016 | Raw Avg:   0.0821
  hip_pos                   | Scaled Avg:  -0.0007 | Raw Avg:   0.0741
  lin_vel_z                 | Scaled Avg:  -0.0086 | Raw Avg:   0.1072
  orientation               | Scaled Avg:  -0.0004 | Raw Avg:   0.1085
  powers                    | Scaled Avg:  -0.0000 | Raw Avg: 108.6662
  stand_still               | Scaled Avg:  -0.0005 | Raw Avg:   0.0137
  torques                   | Scaled Avg:  -0.0002 | Raw Avg: 940.7766
  tracking_ang_vel          | Scaled Avg:   0.0063 | Raw Avg:   0.3159
  tracking_lin_vel          | Scaled Avg:   0.0150 | Raw Avg:   0.3743
  termination               | Scaled Avg:  -0.0012
  TOTAL REWARD              | Scaled Avg:  -0.0593
------------------------------

------------------------------
Step: 18000 - Reward Breakdown:
  action_rate               | Scaled Avg:  -0.0304 | Raw Avg:   1.0124
  action_smoothness         | Scaled Avg:  -0.0004 | Raw Avg:   0.1921
  ang_vel_xy                | Scaled Avg:  -0.0053 | Raw Avg:   2.6720
  base_height               | Scaled Avg:  -0.0001 | Raw Avg:   0.0073
  collision                 | Scaled Avg:  -0.0016 | Raw Avg:   0.0810
  dof_acc                   | Scaled Avg:  -0.0011 | Raw Avg: 214013.6406
  dof_error                 | Scaled Avg:  -0.0083 | Raw Avg:   0.8285
  dof_vel                   | Scaled Avg:  -0.0236 | Raw Avg:  58.8809
  feet_air_time             | Scaled Avg:   0.0001 | Raw Avg:   0.0016
  feet_contact_forces       | Scaled Avg:  -0.0000 | Raw Avg:   5.0436
  foot_clearance            | Scaled Avg:  -0.0001 | Raw Avg:   0.0062
  foot_mirror               | Scaled Avg:  -0.0003 | Raw Avg:   0.2977
  foot_slide                | Scaled Avg:  -0.0012 | Raw Avg:   1.2089
  has_contact               | Scaled Avg:   0.0015 | Raw Avg:   0.0773
  hip_pos                   | Scaled Avg:  -0.0008 | Raw Avg:   0.0823
  lin_vel_z                 | Scaled Avg:  -0.0083 | Raw Avg:   0.1034
  orientation               | Scaled Avg:  -0.0005 | Raw Avg:   0.1130
  powers                    | Scaled Avg:  -0.0000 | Raw Avg: 113.2779
  stand_still               | Scaled Avg:  -0.0006 | Raw Avg:   0.0144
  torques                   | Scaled Avg:  -0.0002 | Raw Avg: 959.1573
  tracking_ang_vel          | Scaled Avg:   0.0065 | Raw Avg:   0.3246
  tracking_lin_vel          | Scaled Avg:   0.0147 | Raw Avg:   0.3666
  termination               | Scaled Avg:  -0.0012
  TOTAL REWARD              | Scaled Avg:  -0.0612
------------------------------

------------------------------
Step: 18500 - Reward Breakdown:
  action_rate               | Scaled Avg:  -0.0298 | Raw Avg:   0.9943
  action_smoothness         | Scaled Avg:  -0.0004 | Raw Avg:   0.1936
  ang_vel_xy                | Scaled Avg:  -0.0053 | Raw Avg:   2.6639
  base_height               | Scaled Avg:  -0.0001 | Raw Avg:   0.0069
  collision                 | Scaled Avg:  -0.0017 | Raw Avg:   0.0840
  dof_acc                   | Scaled Avg:  -0.0009 | Raw Avg: 186880.1250
  dof_error                 | Scaled Avg:  -0.0081 | Raw Avg:   0.8125
  dof_vel                   | Scaled Avg:  -0.0226 | Raw Avg:  56.4838
  feet_air_time             | Scaled Avg:   0.0001 | Raw Avg:   0.0014
  feet_contact_forces       | Scaled Avg:  -0.0000 | Raw Avg:   5.3861
  foot_clearance            | Scaled Avg:  -0.0001 | Raw Avg:   0.0059
  foot_mirror               | Scaled Avg:  -0.0003 | Raw Avg:   0.2876
  foot_slide                | Scaled Avg:  -0.0012 | Raw Avg:   1.1954
  has_contact               | Scaled Avg:   0.0015 | Raw Avg:   0.0762
  hip_pos                   | Scaled Avg:  -0.0008 | Raw Avg:   0.0776
  lin_vel_z                 | Scaled Avg:  -0.0081 | Raw Avg:   0.1018
  orientation               | Scaled Avg:  -0.0005 | Raw Avg:   0.1128
  powers                    | Scaled Avg:  -0.0000 | Raw Avg: 110.8326
  stand_still               | Scaled Avg:  -0.0005 | Raw Avg:   0.0137
  torques                   | Scaled Avg:  -0.0002 | Raw Avg: 947.8054
  tracking_ang_vel          | Scaled Avg:   0.0065 | Raw Avg:   0.3253
  tracking_lin_vel          | Scaled Avg:   0.0149 | Raw Avg:   0.3734
  termination               | Scaled Avg:  -0.0009
  TOTAL REWARD              | Scaled Avg:  -0.0586
------------------------------

------------------------------
Step: 19000 - Reward Breakdown:
  action_rate               | Scaled Avg:  -0.0305 | Raw Avg:   1.0172
  action_smoothness         | Scaled Avg:  -0.0004 | Raw Avg:   0.1915
  ang_vel_xy                | Scaled Avg:  -0.0055 | Raw Avg:   2.7567
  base_height               | Scaled Avg:  -0.0001 | Raw Avg:   0.0070
  collision                 | Scaled Avg:  -0.0017 | Raw Avg:   0.0825
  dof_acc                   | Scaled Avg:  -0.0010 | Raw Avg: 205149.4531
  dof_error                 | Scaled Avg:  -0.0081 | Raw Avg:   0.8135
  dof_vel                   | Scaled Avg:  -0.0237 | Raw Avg:  59.1337
  feet_air_time             | Scaled Avg:   0.0001 | Raw Avg:   0.0014
  feet_contact_forces       | Scaled Avg:  -0.0000 | Raw Avg:   5.0680
  foot_clearance            | Scaled Avg:  -0.0001 | Raw Avg:   0.0061
  foot_mirror               | Scaled Avg:  -0.0003 | Raw Avg:   0.2986
  foot_slide                | Scaled Avg:  -0.0012 | Raw Avg:   1.1983
  has_contact               | Scaled Avg:   0.0016 | Raw Avg:   0.0804
  hip_pos                   | Scaled Avg:  -0.0008 | Raw Avg:   0.0792
  lin_vel_z                 | Scaled Avg:  -0.0077 | Raw Avg:   0.0963
  orientation               | Scaled Avg:  -0.0005 | Raw Avg:   0.1141
  powers                    | Scaled Avg:  -0.0000 | Raw Avg: 110.9213
  stand_still               | Scaled Avg:  -0.0004 | Raw Avg:   0.0107
  torques                   | Scaled Avg:  -0.0002 | Raw Avg: 941.6201
  tracking_ang_vel          | Scaled Avg:   0.0063 | Raw Avg:   0.3173
  tracking_lin_vel          | Scaled Avg:   0.0151 | Raw Avg:   0.3775
  termination               | Scaled Avg:  -0.0012
  TOTAL REWARD              | Scaled Avg:  -0.0603
------------------------------
################################################################################
                    [1m Learning iteration 5800/10000 [0m                     

                       Computation: 41143 steps/s (collection: 2.852s, learning 0.704s)
                     surrogate_loss -0.0044
                         value_loss 0.0794
                            entropy 2.3581
                     estimator_loss 0.0000
                         total_loss 0.0985
             Mean action noise std: 0.20
                       Mean reward: -2.96
               Mean episode length: 62.16
      Mean episode rew_action_rate: -0.0825
Mean episode rew_frame_action_rate: -0.0362
Mean episode rew_action_smoothness: -0.0011
Mean episode rew_frame_action_smoothness: -0.0004
       Mean episode rew_ang_vel_xy: -0.0145
 Mean episode rew_frame_ang_vel_xy: -0.0084
      Mean episode rew_base_height: -0.0004
Mean episode rew_frame_base_height: -0.0002
        Mean episode rew_collision: -0.0041
  Mean episode rew_frame_collision: -0.0023
          Mean episode rew_dof_acc: -0.0027
    Mean episode rew_frame_dof_acc: -0.0017
        Mean episode rew_dof_error: -0.0216
  Mean episode rew_frame_dof_error: -0.0111
          Mean episode rew_dof_vel: -0.0615
    Mean episode rew_frame_dof_vel: -0.0367
    Mean episode rew_feet_air_time: 0.0002
Mean episode rew_frame_feet_air_time: 0.0001
Mean episode rew_feet_contact_forces: -0.0000
Mean episode rew_frame_feet_contact_forces: -0.0000
   Mean episode rew_foot_clearance: -0.0002
Mean episode rew_frame_foot_clearance: -0.0001
      Mean episode rew_foot_mirror: -0.0008
Mean episode rew_frame_foot_mirror: -0.0004
       Mean episode rew_foot_slide: -0.0032
 Mean episode rew_frame_foot_slide: -0.0015
      Mean episode rew_has_contact: 0.0043
Mean episode rew_frame_has_contact: 0.0003
          Mean episode rew_hip_pos: -0.0021
    Mean episode rew_frame_hip_pos: -0.0011
        Mean episode rew_lin_vel_z: -0.0216
  Mean episode rew_frame_lin_vel_z: -0.0139
      Mean episode rew_orientation: -0.0012
Mean episode rew_frame_orientation: -0.0007
           Mean episode rew_powers: -0.0001
     Mean episode rew_frame_powers: -0.0001
      Mean episode rew_stand_still: -0.0012
Mean episode rew_frame_stand_still: -0.0001
          Mean episode rew_stumble: -0.0000
    Mean episode rew_frame_stumble: -0.0000
      Mean episode rew_termination: -0.0030
Mean episode rew_frame_termination: -0.0019
          Mean episode rew_torques: -0.0005
    Mean episode rew_frame_torques: -0.0002
 Mean episode rew_tracking_ang_vel: 0.0177
Mean episode rew_frame_tracking_ang_vel: 0.0060
 Mean episode rew_tracking_lin_vel: 0.0423
Mean episode rew_frame_tracking_lin_vel: 0.0084
Mean episode max_power_throughout_episode: 4422.8013
            Mean episode max_pos_x: 1.0155
            Mean episode min_pos_x: -0.1666
            Mean episode max_pos_y: 0.5097
            Mean episode min_pos_y: -0.5244
        Mean episode timeout_ratio: 0.0000
       Mean episode num_terminated: 119.3750
--------------------------------------------------------------------------------
                   Total timesteps: 1316736
                    Iteration time: 3.56s
                        Total time: 2196.31s
                               ETA: 11516.3s


------------------------------
Step: 19500 - Reward Breakdown:
  action_rate               | Scaled Avg:  -0.0302 | Raw Avg:   1.0077
  action_smoothness         | Scaled Avg:  -0.0004 | Raw Avg:   0.1902
  ang_vel_xy                | Scaled Avg:  -0.0053 | Raw Avg:   2.6675
  base_height               | Scaled Avg:  -0.0001 | Raw Avg:   0.0067
  collision                 | Scaled Avg:  -0.0016 | Raw Avg:   0.0819
  dof_acc                   | Scaled Avg:  -0.0011 | Raw Avg: 215089.2188
  dof_error                 | Scaled Avg:  -0.0081 | Raw Avg:   0.8082
  dof_vel                   | Scaled Avg:  -0.0233 | Raw Avg:  58.1514
  feet_air_time             | Scaled Avg:   0.0001 | Raw Avg:   0.0022
  feet_contact_forces       | Scaled Avg:  -0.0000 | Raw Avg:   4.5740
  foot_clearance            | Scaled Avg:  -0.0001 | Raw Avg:   0.0060
  foot_mirror               | Scaled Avg:  -0.0003 | Raw Avg:   0.2909
  foot_slide                | Scaled Avg:  -0.0012 | Raw Avg:   1.1729
  has_contact               | Scaled Avg:   0.0016 | Raw Avg:   0.0793
  hip_pos                   | Scaled Avg:  -0.0008 | Raw Avg:   0.0788
  lin_vel_z                 | Scaled Avg:  -0.0084 | Raw Avg:   0.1045
  orientation               | Scaled Avg:  -0.0005 | Raw Avg:   0.1144
  powers                    | Scaled Avg:  -0.0000 | Raw Avg: 109.4654
  stand_still               | Scaled Avg:  -0.0005 | Raw Avg:   0.0130
  torques                   | Scaled Avg:  -0.0002 | Raw Avg: 936.9726
  tracking_ang_vel          | Scaled Avg:   0.0064 | Raw Avg:   0.3216
  tracking_lin_vel          | Scaled Avg:   0.0150 | Raw Avg:   0.3748
  termination               | Scaled Avg:  -0.0009
  TOTAL REWARD              | Scaled Avg:  -0.0598
------------------------------

------------------------------
Step: 20000 - Reward Breakdown:
  action_rate               | Scaled Avg:  -0.0297 | Raw Avg:   0.9895
  action_smoothness         | Scaled Avg:  -0.0004 | Raw Avg:   0.1915
  ang_vel_xy                | Scaled Avg:  -0.0051 | Raw Avg:   2.5430
  base_height               | Scaled Avg:  -0.0001 | Raw Avg:   0.0068
  collision                 | Scaled Avg:  -0.0014 | Raw Avg:   0.0722
  dof_acc                   | Scaled Avg:  -0.0009 | Raw Avg: 180613.5625
  dof_error                 | Scaled Avg:  -0.0079 | Raw Avg:   0.7854
  dof_vel                   | Scaled Avg:  -0.0221 | Raw Avg:  55.2797
  feet_air_time             | Scaled Avg:   0.0001 | Raw Avg:   0.0015
  feet_contact_forces       | Scaled Avg:  -0.0000 | Raw Avg:   5.0695
  foot_clearance            | Scaled Avg:  -0.0001 | Raw Avg:   0.0057
  foot_mirror               | Scaled Avg:  -0.0003 | Raw Avg:   0.2918
  foot_slide                | Scaled Avg:  -0.0012 | Raw Avg:   1.1539
  has_contact               | Scaled Avg:   0.0015 | Raw Avg:   0.0774
  hip_pos                   | Scaled Avg:  -0.0008 | Raw Avg:   0.0768
  lin_vel_z                 | Scaled Avg:  -0.0076 | Raw Avg:   0.0956
  orientation               | Scaled Avg:  -0.0004 | Raw Avg:   0.1087
  powers                    | Scaled Avg:  -0.0000 | Raw Avg: 107.8585
  stand_still               | Scaled Avg:  -0.0005 | Raw Avg:   0.0115
  torques                   | Scaled Avg:  -0.0002 | Raw Avg: 945.8719
  tracking_ang_vel          | Scaled Avg:   0.0063 | Raw Avg:   0.3171
  tracking_lin_vel          | Scaled Avg:   0.0149 | Raw Avg:   0.3729
  termination               | Scaled Avg:  -0.0010
  TOTAL REWARD              | Scaled Avg:  -0.0568
------------------------------

------------------------------
Step: 20500 - Reward Breakdown:
  action_rate               | Scaled Avg:  -0.0305 | Raw Avg:   1.0157
  action_smoothness         | Scaled Avg:  -0.0004 | Raw Avg:   0.1942
  ang_vel_xy                | Scaled Avg:  -0.0056 | Raw Avg:   2.7849
  base_height               | Scaled Avg:  -0.0001 | Raw Avg:   0.0070
  collision                 | Scaled Avg:  -0.0017 | Raw Avg:   0.0832
  dof_acc                   | Scaled Avg:  -0.0011 | Raw Avg: 219996.4219
  dof_error                 | Scaled Avg:  -0.0083 | Raw Avg:   0.8253
  dof_vel                   | Scaled Avg:  -0.0246 | Raw Avg:  61.5617
  feet_air_time             | Scaled Avg:   0.0001 | Raw Avg:   0.0014
  feet_contact_forces       | Scaled Avg:  -0.0000 | Raw Avg:   5.3375
  foot_clearance            | Scaled Avg:  -0.0001 | Raw Avg:   0.0063
  foot_mirror               | Scaled Avg:  -0.0003 | Raw Avg:   0.2898
  foot_slide                | Scaled Avg:  -0.0012 | Raw Avg:   1.2022
  has_contact               | Scaled Avg:   0.0017 | Raw Avg:   0.0851
  hip_pos                   | Scaled Avg:  -0.0008 | Raw Avg:   0.0823
  lin_vel_z                 | Scaled Avg:  -0.0087 | Raw Avg:   0.1092
  orientation               | Scaled Avg:  -0.0005 | Raw Avg:   0.1166
  powers                    | Scaled Avg:  -0.0000 | Raw Avg: 115.4566
  stand_still               | Scaled Avg:  -0.0006 | Raw Avg:   0.0149
  torques                   | Scaled Avg:  -0.0002 | Raw Avg: 967.8118
  tracking_ang_vel          | Scaled Avg:   0.0065 | Raw Avg:   0.3227
  tracking_lin_vel          | Scaled Avg:   0.0147 | Raw Avg:   0.3666
  termination               | Scaled Avg:  -0.0014
  TOTAL REWARD              | Scaled Avg:  -0.0632
------------------------------

------------------------------
Step: 21000 - Reward Breakdown:
  action_rate               | Scaled Avg:  -0.0302 | Raw Avg:   1.0062
  action_smoothness         | Scaled Avg:  -0.0004 | Raw Avg:   0.1904
  ang_vel_xy                | Scaled Avg:  -0.0052 | Raw Avg:   2.6140
  base_height               | Scaled Avg:  -0.0001 | Raw Avg:   0.0067
  collision                 | Scaled Avg:  -0.0015 | Raw Avg:   0.0774
  dof_acc                   | Scaled Avg:  -0.0010 | Raw Avg: 191520.6094
  dof_error                 | Scaled Avg:  -0.0078 | Raw Avg:   0.7832
  dof_vel                   | Scaled Avg:  -0.0225 | Raw Avg:  56.2048
  feet_air_time             | Scaled Avg:   0.0001 | Raw Avg:   0.0014
  feet_contact_forces       | Scaled Avg:  -0.0000 | Raw Avg:   4.9987
  foot_clearance            | Scaled Avg:  -0.0001 | Raw Avg:   0.0059
  foot_mirror               | Scaled Avg:  -0.0003 | Raw Avg:   0.2805
  foot_slide                | Scaled Avg:  -0.0012 | Raw Avg:   1.1564
  has_contact               | Scaled Avg:   0.0016 | Raw Avg:   0.0806
  hip_pos                   | Scaled Avg:  -0.0008 | Raw Avg:   0.0820
  lin_vel_z                 | Scaled Avg:  -0.0079 | Raw Avg:   0.0988
  orientation               | Scaled Avg:  -0.0004 | Raw Avg:   0.1058
  powers                    | Scaled Avg:  -0.0000 | Raw Avg: 109.5832
  stand_still               | Scaled Avg:  -0.0006 | Raw Avg:   0.0159
  torques                   | Scaled Avg:  -0.0002 | Raw Avg: 969.0033
  tracking_ang_vel          | Scaled Avg:   0.0064 | Raw Avg:   0.3188
  tracking_lin_vel          | Scaled Avg:   0.0150 | Raw Avg:   0.3746
  termination               | Scaled Avg:  -0.0010
  TOTAL REWARD              | Scaled Avg:  -0.0582
------------------------------

------------------------------
Step: 21500 - Reward Breakdown:
  action_rate               | Scaled Avg:  -0.0300 | Raw Avg:   0.9985
  action_smoothness         | Scaled Avg:  -0.0004 | Raw Avg:   0.1923
  ang_vel_xy                | Scaled Avg:  -0.0053 | Raw Avg:   2.6620
  base_height               | Scaled Avg:  -0.0001 | Raw Avg:   0.0067
  collision                 | Scaled Avg:  -0.0014 | Raw Avg:   0.0723
  dof_acc                   | Scaled Avg:  -0.0010 | Raw Avg: 205209.7812
  dof_error                 | Scaled Avg:  -0.0079 | Raw Avg:   0.7928
  dof_vel                   | Scaled Avg:  -0.0227 | Raw Avg:  56.7851
  feet_air_time             | Scaled Avg:   0.0000 | Raw Avg:   0.0011
  feet_contact_forces       | Scaled Avg:  -0.0000 | Raw Avg:   5.1475
  foot_clearance            | Scaled Avg:  -0.0001 | Raw Avg:   0.0060
  foot_mirror               | Scaled Avg:  -0.0003 | Raw Avg:   0.2920
  foot_slide                | Scaled Avg:  -0.0012 | Raw Avg:   1.1791
  has_contact               | Scaled Avg:   0.0016 | Raw Avg:   0.0802
  hip_pos                   | Scaled Avg:  -0.0009 | Raw Avg:   0.0881
  lin_vel_z                 | Scaled Avg:  -0.0078 | Raw Avg:   0.0978
  orientation               | Scaled Avg:  -0.0005 | Raw Avg:   0.1134
  powers                    | Scaled Avg:  -0.0000 | Raw Avg: 110.6933
  stand_still               | Scaled Avg:  -0.0006 | Raw Avg:   0.0156
  torques                   | Scaled Avg:  -0.0002 | Raw Avg: 985.7508
  tracking_ang_vel          | Scaled Avg:   0.0066 | Raw Avg:   0.3297
  tracking_lin_vel          | Scaled Avg:   0.0152 | Raw Avg:   0.3789
  termination               | Scaled Avg:  -0.0010
  TOTAL REWARD              | Scaled Avg:  -0.0581
------------------------------
################################################################################
                    [1m Learning iteration 5900/10000 [0m                     

                       Computation: 56014 steps/s (collection: 2.046s, learning 0.566s)
                     surrogate_loss -0.0029
                         value_loss 0.0728
                            entropy 2.3693
                     estimator_loss 0.0000
                         total_loss 0.0936
             Mean action noise std: 0.20
                       Mean reward: -3.12
               Mean episode length: 59.09
      Mean episode rew_action_rate: -0.0812
Mean episode rew_frame_action_rate: -0.0361
Mean episode rew_action_smoothness: -0.0010
Mean episode rew_frame_action_smoothness: -0.0004
       Mean episode rew_ang_vel_xy: -0.0147
 Mean episode rew_frame_ang_vel_xy: -0.0085
      Mean episode rew_base_height: -0.0004
Mean episode rew_frame_base_height: -0.0002
        Mean episode rew_collision: -0.0043
  Mean episode rew_frame_collision: -0.0023
          Mean episode rew_dof_acc: -0.0028
    Mean episode rew_frame_dof_acc: -0.0018
        Mean episode rew_dof_error: -0.0222
  Mean episode rew_frame_dof_error: -0.0110
          Mean episode rew_dof_vel: -0.0629
    Mean episode rew_frame_dof_vel: -0.0373
    Mean episode rew_feet_air_time: 0.0002
Mean episode rew_frame_feet_air_time: 0.0001
Mean episode rew_feet_contact_forces: -0.0000
Mean episode rew_frame_feet_contact_forces: -0.0000
   Mean episode rew_foot_clearance: -0.0002
Mean episode rew_frame_foot_clearance: -0.0001
      Mean episode rew_foot_mirror: -0.0008
Mean episode rew_frame_foot_mirror: -0.0004
       Mean episode rew_foot_slide: -0.0033
 Mean episode rew_frame_foot_slide: -0.0015
      Mean episode rew_has_contact: 0.0039
Mean episode rew_frame_has_contact: 0.0003
          Mean episode rew_hip_pos: -0.0024
    Mean episode rew_frame_hip_pos: -0.0013
        Mean episode rew_lin_vel_z: -0.0213
  Mean episode rew_frame_lin_vel_z: -0.0137
      Mean episode rew_orientation: -0.0012
Mean episode rew_frame_orientation: -0.0007
           Mean episode rew_powers: -0.0001
     Mean episode rew_frame_powers: -0.0001
      Mean episode rew_stand_still: -0.0014
Mean episode rew_frame_stand_still: -0.0001
          Mean episode rew_stumble: -0.0000
    Mean episode rew_frame_stumble: -0.0000
      Mean episode rew_termination: -0.0030
Mean episode rew_frame_termination: -0.0019
          Mean episode rew_torques: -0.0005
    Mean episode rew_frame_torques: -0.0002
 Mean episode rew_tracking_ang_vel: 0.0178
Mean episode rew_frame_tracking_ang_vel: 0.0060
 Mean episode rew_tracking_lin_vel: 0.0405
Mean episode rew_frame_tracking_lin_vel: 0.0082
Mean episode max_power_throughout_episode: 4300.6099
            Mean episode max_pos_x: 1.0030
            Mean episode min_pos_x: -0.1288
            Mean episode max_pos_y: 0.5172
            Mean episode min_pos_y: -0.5325
        Mean episode timeout_ratio: 0.0004
       Mean episode num_terminated: 114.2500
--------------------------------------------------------------------------------
                   Total timesteps: 1463040
                    Iteration time: 2.61s
                        Total time: 2469.83s
                               ETA: 11239.0s


------------------------------
Step: 22000 - Reward Breakdown:
  action_rate               | Scaled Avg:  -0.0295 | Raw Avg:   0.9822
  action_smoothness         | Scaled Avg:  -0.0004 | Raw Avg:   0.1872
  ang_vel_xy                | Scaled Avg:  -0.0054 | Raw Avg:   2.6845
  base_height               | Scaled Avg:  -0.0001 | Raw Avg:   0.0067
  collision                 | Scaled Avg:  -0.0015 | Raw Avg:   0.0771
  dof_acc                   | Scaled Avg:  -0.0010 | Raw Avg: 198713.4062
  dof_error                 | Scaled Avg:  -0.0079 | Raw Avg:   0.7898
  dof_vel                   | Scaled Avg:  -0.0226 | Raw Avg:  56.3875
  feet_air_time             | Scaled Avg:   0.0001 | Raw Avg:   0.0019
  feet_contact_forces       | Scaled Avg:  -0.0000 | Raw Avg:   5.0695
  foot_clearance            | Scaled Avg:  -0.0001 | Raw Avg:   0.0063
  foot_mirror               | Scaled Avg:  -0.0003 | Raw Avg:   0.3051
  foot_slide                | Scaled Avg:  -0.0012 | Raw Avg:   1.2121
  has_contact               | Scaled Avg:   0.0017 | Raw Avg:   0.0829
  hip_pos                   | Scaled Avg:  -0.0009 | Raw Avg:   0.0927
  lin_vel_z                 | Scaled Avg:  -0.0082 | Raw Avg:   0.1029
  orientation               | Scaled Avg:  -0.0005 | Raw Avg:   0.1154
  powers                    | Scaled Avg:  -0.0000 | Raw Avg: 112.9553
  stand_still               | Scaled Avg:  -0.0006 | Raw Avg:   0.0156
  torques                   | Scaled Avg:  -0.0002 | Raw Avg: 1008.1373
  tracking_ang_vel          | Scaled Avg:   0.0066 | Raw Avg:   0.3288
  tracking_lin_vel          | Scaled Avg:   0.0150 | Raw Avg:   0.3754
  termination               | Scaled Avg:  -0.0010
  TOTAL REWARD              | Scaled Avg:  -0.0581
------------------------------

------------------------------
Step: 22500 - Reward Breakdown:
  action_rate               | Scaled Avg:  -0.0307 | Raw Avg:   1.0227
  action_smoothness         | Scaled Avg:  -0.0004 | Raw Avg:   0.1952
  ang_vel_xy                | Scaled Avg:  -0.0057 | Raw Avg:   2.8690
  base_height               | Scaled Avg:  -0.0001 | Raw Avg:   0.0071
  collision                 | Scaled Avg:  -0.0015 | Raw Avg:   0.0745
  dof_acc                   | Scaled Avg:  -0.0011 | Raw Avg: 213276.7188
  dof_error                 | Scaled Avg:  -0.0082 | Raw Avg:   0.8173
  dof_vel                   | Scaled Avg:  -0.0248 | Raw Avg:  62.0749
  feet_air_time             | Scaled Avg:   0.0001 | Raw Avg:   0.0018
  feet_contact_forces       | Scaled Avg:  -0.0000 | Raw Avg:   5.4885
  foot_clearance            | Scaled Avg:  -0.0001 | Raw Avg:   0.0064
  foot_mirror               | Scaled Avg:  -0.0003 | Raw Avg:   0.3011
  foot_slide                | Scaled Avg:  -0.0012 | Raw Avg:   1.2098
  has_contact               | Scaled Avg:   0.0018 | Raw Avg:   0.0896
  hip_pos                   | Scaled Avg:  -0.0009 | Raw Avg:   0.0928
  lin_vel_z                 | Scaled Avg:  -0.0087 | Raw Avg:   0.1084
  orientation               | Scaled Avg:  -0.0005 | Raw Avg:   0.1163
  powers                    | Scaled Avg:  -0.0000 | Raw Avg: 118.2610
  stand_still               | Scaled Avg:  -0.0004 | Raw Avg:   0.0110
  torques                   | Scaled Avg:  -0.0002 | Raw Avg: 1001.3840
  tracking_ang_vel          | Scaled Avg:   0.0066 | Raw Avg:   0.3278
  tracking_lin_vel          | Scaled Avg:   0.0148 | Raw Avg:   0.3696
  termination               | Scaled Avg:  -0.0012
  TOTAL REWARD              | Scaled Avg:  -0.0628
------------------------------

------------------------------
Step: 23000 - Reward Breakdown:
  action_rate               | Scaled Avg:  -0.0299 | Raw Avg:   0.9964
  action_smoothness         | Scaled Avg:  -0.0004 | Raw Avg:   0.1923
  ang_vel_xy                | Scaled Avg:  -0.0053 | Raw Avg:   2.6692
  base_height               | Scaled Avg:  -0.0001 | Raw Avg:   0.0069
  collision                 | Scaled Avg:  -0.0016 | Raw Avg:   0.0801
  dof_acc                   | Scaled Avg:  -0.0010 | Raw Avg: 206741.8750
  dof_error                 | Scaled Avg:  -0.0080 | Raw Avg:   0.7966
  dof_vel                   | Scaled Avg:  -0.0237 | Raw Avg:  59.2428
  feet_air_time             | Scaled Avg:   0.0001 | Raw Avg:   0.0025
  feet_contact_forces       | Scaled Avg:  -0.0000 | Raw Avg:   5.6569
  foot_clearance            | Scaled Avg:  -0.0001 | Raw Avg:   0.0060
  foot_mirror               | Scaled Avg:  -0.0003 | Raw Avg:   0.2954
  foot_slide                | Scaled Avg:  -0.0012 | Raw Avg:   1.1892
  has_contact               | Scaled Avg:   0.0017 | Raw Avg:   0.0843
  hip_pos                   | Scaled Avg:  -0.0009 | Raw Avg:   0.0926
  lin_vel_z                 | Scaled Avg:  -0.0089 | Raw Avg:   0.1117
  orientation               | Scaled Avg:  -0.0005 | Raw Avg:   0.1157
  powers                    | Scaled Avg:  -0.0000 | Raw Avg: 113.5331
  stand_still               | Scaled Avg:  -0.0007 | Raw Avg:   0.0183
  torques                   | Scaled Avg:  -0.0002 | Raw Avg: 1005.1612
  tracking_ang_vel          | Scaled Avg:   0.0065 | Raw Avg:   0.3273
  tracking_lin_vel          | Scaled Avg:   0.0149 | Raw Avg:   0.3737
  termination               | Scaled Avg:  -0.0011
  TOTAL REWARD              | Scaled Avg:  -0.0607
------------------------------

------------------------------
Step: 23500 - Reward Breakdown:
  action_rate               | Scaled Avg:  -0.0303 | Raw Avg:   1.0111
  action_smoothness         | Scaled Avg:  -0.0004 | Raw Avg:   0.1909
  ang_vel_xy                | Scaled Avg:  -0.0054 | Raw Avg:   2.6921
  base_height               | Scaled Avg:  -0.0001 | Raw Avg:   0.0069
  collision                 | Scaled Avg:  -0.0018 | Raw Avg:   0.0878
  dof_acc                   | Scaled Avg:  -0.0012 | Raw Avg: 233563.2969
  dof_error                 | Scaled Avg:  -0.0082 | Raw Avg:   0.8170
  dof_vel                   | Scaled Avg:  -0.0242 | Raw Avg:  60.4594
  feet_air_time             | Scaled Avg:   0.0001 | Raw Avg:   0.0018
  feet_contact_forces       | Scaled Avg:  -0.0000 | Raw Avg:   5.4800
  foot_clearance            | Scaled Avg:  -0.0001 | Raw Avg:   0.0063
  foot_mirror               | Scaled Avg:  -0.0003 | Raw Avg:   0.3011
  foot_slide                | Scaled Avg:  -0.0012 | Raw Avg:   1.2188
  has_contact               | Scaled Avg:   0.0017 | Raw Avg:   0.0828
  hip_pos                   | Scaled Avg:  -0.0009 | Raw Avg:   0.0883
  lin_vel_z                 | Scaled Avg:  -0.0086 | Raw Avg:   0.1075
  orientation               | Scaled Avg:  -0.0005 | Raw Avg:   0.1156
  powers                    | Scaled Avg:  -0.0000 | Raw Avg: 115.8753
  stand_still               | Scaled Avg:  -0.0007 | Raw Avg:   0.0171
  torques                   | Scaled Avg:  -0.0002 | Raw Avg: 996.6243
  tracking_ang_vel          | Scaled Avg:   0.0065 | Raw Avg:   0.3271
  tracking_lin_vel          | Scaled Avg:   0.0151 | Raw Avg:   0.3772
  termination               | Scaled Avg:  -0.0011
  TOTAL REWARD              | Scaled Avg:  -0.0617
------------------------------

------------------------------
Step: 24000 - Reward Breakdown:
  action_rate               | Scaled Avg:  -0.0301 | Raw Avg:   1.0043
  action_smoothness         | Scaled Avg:  -0.0004 | Raw Avg:   0.1910
  ang_vel_xy                | Scaled Avg:  -0.0054 | Raw Avg:   2.7189
  base_height               | Scaled Avg:  -0.0001 | Raw Avg:   0.0073
  collision                 | Scaled Avg:  -0.0017 | Raw Avg:   0.0860
  dof_acc                   | Scaled Avg:  -0.0011 | Raw Avg: 227726.7344
  dof_error                 | Scaled Avg:  -0.0084 | Raw Avg:   0.8373
  dof_vel                   | Scaled Avg:  -0.0235 | Raw Avg:  58.7141
  feet_air_time             | Scaled Avg:   0.0001 | Raw Avg:   0.0020
  feet_contact_forces       | Scaled Avg:  -0.0000 | Raw Avg:   4.5138
  foot_clearance            | Scaled Avg:  -0.0001 | Raw Avg:   0.0063
  foot_mirror               | Scaled Avg:  -0.0003 | Raw Avg:   0.3163
  foot_slide                | Scaled Avg:  -0.0012 | Raw Avg:   1.2122
  has_contact               | Scaled Avg:   0.0017 | Raw Avg:   0.0845
  hip_pos                   | Scaled Avg:  -0.0010 | Raw Avg:   0.0976
  lin_vel_z                 | Scaled Avg:  -0.0081 | Raw Avg:   0.1011
  orientation               | Scaled Avg:  -0.0005 | Raw Avg:   0.1219
  powers                    | Scaled Avg:  -0.0000 | Raw Avg: 116.3002
  stand_still               | Scaled Avg:  -0.0006 | Raw Avg:   0.0140
  torques                   | Scaled Avg:  -0.0002 | Raw Avg: 1044.5120
  tracking_ang_vel          | Scaled Avg:   0.0066 | Raw Avg:   0.3304
  tracking_lin_vel          | Scaled Avg:   0.0148 | Raw Avg:   0.3710
  termination               | Scaled Avg:  -0.0012
  TOTAL REWARD              | Scaled Avg:  -0.0607
------------------------------
################################################################################
                    [1m Learning iteration 6000/10000 [0m                     

                       Computation: 55565 steps/s (collection: 2.074s, learning 0.559s)
                     surrogate_loss -0.0039
                         value_loss 0.0722
                            entropy 2.3397
                     estimator_loss 0.0000
                         total_loss 0.0918
             Mean action noise std: 0.20
                       Mean reward: -3.27
               Mean episode length: 59.99
      Mean episode rew_action_rate: -0.0808
Mean episode rew_frame_action_rate: -0.0353
Mean episode rew_action_smoothness: -0.0010
Mean episode rew_frame_action_smoothness: -0.0004
       Mean episode rew_ang_vel_xy: -0.0144
 Mean episode rew_frame_ang_vel_xy: -0.0082
      Mean episode rew_base_height: -0.0004
Mean episode rew_frame_base_height: -0.0002
        Mean episode rew_collision: -0.0045
  Mean episode rew_frame_collision: -0.0024
          Mean episode rew_dof_acc: -0.0027
    Mean episode rew_frame_dof_acc: -0.0017
        Mean episode rew_dof_error: -0.0219
  Mean episode rew_frame_dof_error: -0.0109
          Mean episode rew_dof_vel: -0.0614
    Mean episode rew_frame_dof_vel: -0.0362
    Mean episode rew_feet_air_time: 0.0002
Mean episode rew_frame_feet_air_time: 0.0001
Mean episode rew_feet_contact_forces: -0.0000
Mean episode rew_frame_feet_contact_forces: -0.0000
   Mean episode rew_foot_clearance: -0.0002
Mean episode rew_frame_foot_clearance: -0.0001
      Mean episode rew_foot_mirror: -0.0008
Mean episode rew_frame_foot_mirror: -0.0004
       Mean episode rew_foot_slide: -0.0032
 Mean episode rew_frame_foot_slide: -0.0015
      Mean episode rew_has_contact: 0.0043
Mean episode rew_frame_has_contact: 0.0003
          Mean episode rew_hip_pos: -0.0026
    Mean episode rew_frame_hip_pos: -0.0013
        Mean episode rew_lin_vel_z: -0.0207
  Mean episode rew_frame_lin_vel_z: -0.0130
      Mean episode rew_orientation: -0.0013
Mean episode rew_frame_orientation: -0.0008
           Mean episode rew_powers: -0.0001
     Mean episode rew_frame_powers: -0.0001
      Mean episode rew_stand_still: -0.0018
Mean episode rew_frame_stand_still: -0.0002
          Mean episode rew_stumble: -0.0000
    Mean episode rew_frame_stumble: -0.0000
      Mean episode rew_termination: -0.0030
Mean episode rew_frame_termination: -0.0019
          Mean episode rew_torques: -0.0006
    Mean episode rew_frame_torques: -0.0002
 Mean episode rew_tracking_ang_vel: 0.0183
Mean episode rew_frame_tracking_ang_vel: 0.0062
 Mean episode rew_tracking_lin_vel: 0.0423
Mean episode rew_frame_tracking_lin_vel: 0.0084
Mean episode max_power_throughout_episode: 4375.5605
            Mean episode max_pos_x: 1.0074
            Mean episode min_pos_x: -0.1805
            Mean episode max_pos_y: 0.5360
            Mean episode min_pos_y: -0.5187
        Mean episode timeout_ratio: 0.0004
       Mean episode num_terminated: 117.0833
--------------------------------------------------------------------------------
                   Total timesteps: 1609344
                    Iteration time: 2.63s
                        Total time: 2746.73s
                               ETA: 10975.9s


------------------------------
Step: 24500 - Reward Breakdown:
  action_rate               | Scaled Avg:  -0.0299 | Raw Avg:   0.9969
  action_smoothness         | Scaled Avg:  -0.0004 | Raw Avg:   0.1923
  ang_vel_xy                | Scaled Avg:  -0.0055 | Raw Avg:   2.7426
  base_height               | Scaled Avg:  -0.0001 | Raw Avg:   0.0071
  collision                 | Scaled Avg:  -0.0016 | Raw Avg:   0.0812
  dof_acc                   | Scaled Avg:  -0.0010 | Raw Avg: 200429.1094
  dof_error                 | Scaled Avg:  -0.0083 | Raw Avg:   0.8272
  dof_vel                   | Scaled Avg:  -0.0234 | Raw Avg:  58.5863
  feet_air_time             | Scaled Avg:   0.0001 | Raw Avg:   0.0018
  feet_contact_forces       | Scaled Avg:  -0.0000 | Raw Avg:   5.3054
  foot_clearance            | Scaled Avg:  -0.0001 | Raw Avg:   0.0062
  foot_mirror               | Scaled Avg:  -0.0003 | Raw Avg:   0.3129
  foot_slide                | Scaled Avg:  -0.0012 | Raw Avg:   1.2148
  has_contact               | Scaled Avg:   0.0017 | Raw Avg:   0.0844
  hip_pos                   | Scaled Avg:  -0.0010 | Raw Avg:   0.0975
  lin_vel_z                 | Scaled Avg:  -0.0084 | Raw Avg:   0.1044
  orientation               | Scaled Avg:  -0.0005 | Raw Avg:   0.1201
  powers                    | Scaled Avg:  -0.0000 | Raw Avg: 113.9485
  stand_still               | Scaled Avg:  -0.0006 | Raw Avg:   0.0160
  torques                   | Scaled Avg:  -0.0002 | Raw Avg: 1029.0576
  tracking_ang_vel          | Scaled Avg:   0.0068 | Raw Avg:   0.3396
  tracking_lin_vel          | Scaled Avg:   0.0146 | Raw Avg:   0.3658
  termination               | Scaled Avg:  -0.0011
  TOTAL REWARD              | Scaled Avg:  -0.0605
------------------------------

------------------------------
Step: 25000 - Reward Breakdown:
  action_rate               | Scaled Avg:  -0.0289 | Raw Avg:   0.9624
  action_smoothness         | Scaled Avg:  -0.0004 | Raw Avg:   0.1902
  ang_vel_xy                | Scaled Avg:  -0.0058 | Raw Avg:   2.9074
  base_height               | Scaled Avg:  -0.0001 | Raw Avg:   0.0074
  collision                 | Scaled Avg:  -0.0017 | Raw Avg:   0.0825
  dof_acc                   | Scaled Avg:  -0.0010 | Raw Avg: 201082.0000
  dof_error                 | Scaled Avg:  -0.0083 | Raw Avg:   0.8330
  dof_vel                   | Scaled Avg:  -0.0230 | Raw Avg:  57.5507
  feet_air_time             | Scaled Avg:   0.0001 | Raw Avg:   0.0014
  feet_contact_forces       | Scaled Avg:  -0.0000 | Raw Avg:   5.3002
  foot_clearance            | Scaled Avg:  -0.0001 | Raw Avg:   0.0062
  foot_mirror               | Scaled Avg:  -0.0003 | Raw Avg:   0.3202
  foot_slide                | Scaled Avg:  -0.0012 | Raw Avg:   1.1993
  has_contact               | Scaled Avg:   0.0017 | Raw Avg:   0.0835
  hip_pos                   | Scaled Avg:  -0.0010 | Raw Avg:   0.1019
  lin_vel_z                 | Scaled Avg:  -0.0088 | Raw Avg:   0.1106
  orientation               | Scaled Avg:  -0.0005 | Raw Avg:   0.1184
  powers                    | Scaled Avg:  -0.0000 | Raw Avg: 115.4023
  stand_still               | Scaled Avg:  -0.0007 | Raw Avg:   0.0180
  torques                   | Scaled Avg:  -0.0002 | Raw Avg: 1042.6393
  tracking_ang_vel          | Scaled Avg:   0.0065 | Raw Avg:   0.3226
  tracking_lin_vel          | Scaled Avg:   0.0148 | Raw Avg:   0.3705
  termination               | Scaled Avg:  -0.0013
  TOTAL REWARD              | Scaled Avg:  -0.0604
------------------------------

------------------------------
Step: 25500 - Reward Breakdown:
  action_rate               | Scaled Avg:  -0.0298 | Raw Avg:   0.9923
  action_smoothness         | Scaled Avg:  -0.0004 | Raw Avg:   0.1923
  ang_vel_xy                | Scaled Avg:  -0.0055 | Raw Avg:   2.7319
  base_height               | Scaled Avg:  -0.0001 | Raw Avg:   0.0071
  collision                 | Scaled Avg:  -0.0016 | Raw Avg:   0.0784
  dof_acc                   | Scaled Avg:  -0.0011 | Raw Avg: 210035.4375
  dof_error                 | Scaled Avg:  -0.0081 | Raw Avg:   0.8085
  dof_vel                   | Scaled Avg:  -0.0234 | Raw Avg:  58.3951
  feet_air_time             | Scaled Avg:   0.0001 | Raw Avg:   0.0014
  feet_contact_forces       | Scaled Avg:  -0.0000 | Raw Avg:   5.3341
  foot_clearance            | Scaled Avg:  -0.0001 | Raw Avg:   0.0057
  foot_mirror               | Scaled Avg:  -0.0003 | Raw Avg:   0.3256
  foot_slide                | Scaled Avg:  -0.0012 | Raw Avg:   1.1814
  has_contact               | Scaled Avg:   0.0017 | Raw Avg:   0.0837
  hip_pos                   | Scaled Avg:  -0.0010 | Raw Avg:   0.0956
  lin_vel_z                 | Scaled Avg:  -0.0086 | Raw Avg:   0.1081
  orientation               | Scaled Avg:  -0.0005 | Raw Avg:   0.1185
  powers                    | Scaled Avg:  -0.0000 | Raw Avg: 113.9260
  stand_still               | Scaled Avg:  -0.0005 | Raw Avg:   0.0133
  torques                   | Scaled Avg:  -0.0002 | Raw Avg: 1026.3431
  tracking_ang_vel          | Scaled Avg:   0.0068 | Raw Avg:   0.3387
  tracking_lin_vel          | Scaled Avg:   0.0148 | Raw Avg:   0.3706
  termination               | Scaled Avg:  -0.0013
  TOTAL REWARD              | Scaled Avg:  -0.0602
------------------------------

------------------------------
Step: 26000 - Reward Breakdown:
  action_rate               | Scaled Avg:  -0.0296 | Raw Avg:   0.9853
  action_smoothness         | Scaled Avg:  -0.0004 | Raw Avg:   0.1903
  ang_vel_xy                | Scaled Avg:  -0.0053 | Raw Avg:   2.6605
  base_height               | Scaled Avg:  -0.0001 | Raw Avg:   0.0070
  collision                 | Scaled Avg:  -0.0016 | Raw Avg:   0.0823
  dof_acc                   | Scaled Avg:  -0.0009 | Raw Avg: 186162.1562
  dof_error                 | Scaled Avg:  -0.0080 | Raw Avg:   0.7987
  dof_vel                   | Scaled Avg:  -0.0224 | Raw Avg:  56.0244
  feet_air_time             | Scaled Avg:   0.0001 | Raw Avg:   0.0019
  feet_contact_forces       | Scaled Avg:  -0.0000 | Raw Avg:   4.8116
  foot_clearance            | Scaled Avg:  -0.0001 | Raw Avg:   0.0057
  foot_mirror               | Scaled Avg:  -0.0003 | Raw Avg:   0.3224
  foot_slide                | Scaled Avg:  -0.0012 | Raw Avg:   1.1536
  has_contact               | Scaled Avg:   0.0017 | Raw Avg:   0.0873
  hip_pos                   | Scaled Avg:  -0.0010 | Raw Avg:   0.0961
  lin_vel_z                 | Scaled Avg:  -0.0079 | Raw Avg:   0.0992
  orientation               | Scaled Avg:  -0.0005 | Raw Avg:   0.1138
  powers                    | Scaled Avg:  -0.0000 | Raw Avg: 111.5583
  stand_still               | Scaled Avg:  -0.0005 | Raw Avg:   0.0119
  torques                   | Scaled Avg:  -0.0002 | Raw Avg: 1015.0616
  tracking_ang_vel          | Scaled Avg:   0.0067 | Raw Avg:   0.3329
  tracking_lin_vel          | Scaled Avg:   0.0154 | Raw Avg:   0.3855
  termination               | Scaled Avg:  -0.0010
  TOTAL REWARD              | Scaled Avg:  -0.0571
------------------------------
################################################################################
                    [1m Learning iteration 6100/10000 [0m                     

                       Computation: 53305 steps/s (collection: 2.050s, learning 0.695s)
                     surrogate_loss -0.0049
                         value_loss 0.0690
                            entropy 2.3624
                     estimator_loss 0.0000
                         total_loss 0.0877
             Mean action noise std: 0.20
                       Mean reward: -3.24
               Mean episode length: 46.93
      Mean episode rew_action_rate: -0.0781
Mean episode rew_frame_action_rate: -0.0352
Mean episode rew_action_smoothness: -0.0010
Mean episode rew_frame_action_smoothness: -0.0004
       Mean episode rew_ang_vel_xy: -0.0146
 Mean episode rew_frame_ang_vel_xy: -0.0085
      Mean episode rew_base_height: -0.0004
Mean episode rew_frame_base_height: -0.0002
        Mean episode rew_collision: -0.0042
  Mean episode rew_frame_collision: -0.0023
          Mean episode rew_dof_acc: -0.0025
    Mean episode rew_frame_dof_acc: -0.0017
        Mean episode rew_dof_error: -0.0221
  Mean episode rew_frame_dof_error: -0.0111
          Mean episode rew_dof_vel: -0.0599
    Mean episode rew_frame_dof_vel: -0.0356
    Mean episode rew_feet_air_time: 0.0002
Mean episode rew_frame_feet_air_time: 0.0001
Mean episode rew_feet_contact_forces: -0.0000
Mean episode rew_frame_feet_contact_forces: -0.0000
   Mean episode rew_foot_clearance: -0.0002
Mean episode rew_frame_foot_clearance: -0.0001
      Mean episode rew_foot_mirror: -0.0009
Mean episode rew_frame_foot_mirror: -0.0004
       Mean episode rew_foot_slide: -0.0031
 Mean episode rew_frame_foot_slide: -0.0015
      Mean episode rew_has_contact: 0.0043
Mean episode rew_frame_has_contact: 0.0003
          Mean episode rew_hip_pos: -0.0026
    Mean episode rew_frame_hip_pos: -0.0013
        Mean episode rew_lin_vel_z: -0.0212
  Mean episode rew_frame_lin_vel_z: -0.0136
      Mean episode rew_orientation: -0.0012
Mean episode rew_frame_orientation: -0.0007
           Mean episode rew_powers: -0.0001
     Mean episode rew_frame_powers: -0.0001
      Mean episode rew_stand_still: -0.0012
Mean episode rew_frame_stand_still: -0.0002
          Mean episode rew_stumble: -0.0000
    Mean episode rew_frame_stumble: -0.0000
      Mean episode rew_termination: -0.0030
Mean episode rew_frame_termination: -0.0019
          Mean episode rew_torques: -0.0005
    Mean episode rew_frame_torques: -0.0002
 Mean episode rew_tracking_ang_vel: 0.0179
Mean episode rew_frame_tracking_ang_vel: 0.0063
 Mean episode rew_tracking_lin_vel: 0.0393
Mean episode rew_frame_tracking_lin_vel: 0.0081
Mean episode max_power_throughout_episode: 4350.8247
            Mean episode max_pos_x: 1.0013
            Mean episode min_pos_x: -0.1195
            Mean episode max_pos_y: 0.5065
            Mean episode min_pos_y: -0.5068
        Mean episode timeout_ratio: 0.0000
       Mean episode num_terminated: 115.3750
--------------------------------------------------------------------------------
                   Total timesteps: 1755648
                    Iteration time: 2.74s
                        Total time: 3026.78s
                               ETA: 10721.6s


------------------------------
Step: 26500 - Reward Breakdown:
  action_rate               | Scaled Avg:  -0.0291 | Raw Avg:   0.9697
  action_smoothness         | Scaled Avg:  -0.0004 | Raw Avg:   0.1890
  ang_vel_xy                | Scaled Avg:  -0.0054 | Raw Avg:   2.7181
  base_height               | Scaled Avg:  -0.0001 | Raw Avg:   0.0072
  collision                 | Scaled Avg:  -0.0017 | Raw Avg:   0.0838
  dof_acc                   | Scaled Avg:  -0.0010 | Raw Avg: 190832.9062
  dof_error                 | Scaled Avg:  -0.0084 | Raw Avg:   0.8423
  dof_vel                   | Scaled Avg:  -0.0229 | Raw Avg:  57.3157
  feet_air_time             | Scaled Avg:   0.0001 | Raw Avg:   0.0019
  feet_contact_forces       | Scaled Avg:  -0.0000 | Raw Avg:   5.1764
  foot_clearance            | Scaled Avg:  -0.0001 | Raw Avg:   0.0057
  foot_mirror               | Scaled Avg:  -0.0003 | Raw Avg:   0.3355
  foot_slide                | Scaled Avg:  -0.0012 | Raw Avg:   1.1919
  has_contact               | Scaled Avg:   0.0018 | Raw Avg:   0.0914
  hip_pos                   | Scaled Avg:  -0.0010 | Raw Avg:   0.0999
  lin_vel_z                 | Scaled Avg:  -0.0081 | Raw Avg:   0.1015
  orientation               | Scaled Avg:  -0.0005 | Raw Avg:   0.1198
  powers                    | Scaled Avg:  -0.0000 | Raw Avg: 113.5431
  stand_still               | Scaled Avg:  -0.0007 | Raw Avg:   0.0164
  torques                   | Scaled Avg:  -0.0002 | Raw Avg: 1017.2233
  tracking_ang_vel          | Scaled Avg:   0.0068 | Raw Avg:   0.3394
  tracking_lin_vel          | Scaled Avg:   0.0152 | Raw Avg:   0.3811
  termination               | Scaled Avg:  -0.0012
  TOTAL REWARD              | Scaled Avg:  -0.0584
------------------------------

------------------------------
Step: 27000 - Reward Breakdown:
  action_rate               | Scaled Avg:  -0.0294 | Raw Avg:   0.9808
  action_smoothness         | Scaled Avg:  -0.0004 | Raw Avg:   0.1883
  ang_vel_xy                | Scaled Avg:  -0.0053 | Raw Avg:   2.6639
  base_height               | Scaled Avg:  -0.0001 | Raw Avg:   0.0072
  collision                 | Scaled Avg:  -0.0015 | Raw Avg:   0.0763
  dof_acc                   | Scaled Avg:  -0.0009 | Raw Avg: 172478.9844
  dof_error                 | Scaled Avg:  -0.0083 | Raw Avg:   0.8349
  dof_vel                   | Scaled Avg:  -0.0221 | Raw Avg:  55.2475
  feet_air_time             | Scaled Avg:   0.0001 | Raw Avg:   0.0015
  feet_contact_forces       | Scaled Avg:  -0.0000 | Raw Avg:   5.1271
  foot_clearance            | Scaled Avg:  -0.0001 | Raw Avg:   0.0057
  foot_mirror               | Scaled Avg:  -0.0003 | Raw Avg:   0.3316
  foot_slide                | Scaled Avg:  -0.0011 | Raw Avg:   1.1437
  has_contact               | Scaled Avg:   0.0017 | Raw Avg:   0.0855
  hip_pos                   | Scaled Avg:  -0.0010 | Raw Avg:   0.0965
  lin_vel_z                 | Scaled Avg:  -0.0080 | Raw Avg:   0.0994
  orientation               | Scaled Avg:  -0.0004 | Raw Avg:   0.1115
  powers                    | Scaled Avg:  -0.0000 | Raw Avg: 110.1882
  stand_still               | Scaled Avg:  -0.0007 | Raw Avg:   0.0180
  torques                   | Scaled Avg:  -0.0002 | Raw Avg: 1015.3676
  tracking_ang_vel          | Scaled Avg:   0.0067 | Raw Avg:   0.3348
  tracking_lin_vel          | Scaled Avg:   0.0151 | Raw Avg:   0.3780
  termination               | Scaled Avg:  -0.0012
  TOTAL REWARD              | Scaled Avg:  -0.0576
------------------------------

------------------------------
Step: 27500 - Reward Breakdown:
  action_rate               | Scaled Avg:  -0.0287 | Raw Avg:   0.9575
  action_smoothness         | Scaled Avg:  -0.0004 | Raw Avg:   0.1865
  ang_vel_xy                | Scaled Avg:  -0.0051 | Raw Avg:   2.5475
  base_height               | Scaled Avg:  -0.0001 | Raw Avg:   0.0071
  collision                 | Scaled Avg:  -0.0016 | Raw Avg:   0.0807
  dof_acc                   | Scaled Avg:  -0.0009 | Raw Avg: 177247.8125
  dof_error                 | Scaled Avg:  -0.0079 | Raw Avg:   0.7871
  dof_vel                   | Scaled Avg:  -0.0210 | Raw Avg:  52.5457
  feet_air_time             | Scaled Avg:   0.0001 | Raw Avg:   0.0014
  feet_contact_forces       | Scaled Avg:  -0.0000 | Raw Avg:   5.0741
  foot_clearance            | Scaled Avg:  -0.0001 | Raw Avg:   0.0055
  foot_mirror               | Scaled Avg:  -0.0003 | Raw Avg:   0.3022
  foot_slide                | Scaled Avg:  -0.0011 | Raw Avg:   1.1482
  has_contact               | Scaled Avg:   0.0016 | Raw Avg:   0.0815
  hip_pos                   | Scaled Avg:  -0.0010 | Raw Avg:   0.0987
  lin_vel_z                 | Scaled Avg:  -0.0081 | Raw Avg:   0.1016
  orientation               | Scaled Avg:  -0.0004 | Raw Avg:   0.1096
  powers                    | Scaled Avg:  -0.0000 | Raw Avg: 110.8256
  stand_still               | Scaled Avg:  -0.0005 | Raw Avg:   0.0133
  torques                   | Scaled Avg:  -0.0002 | Raw Avg: 1029.0798
  tracking_ang_vel          | Scaled Avg:   0.0064 | Raw Avg:   0.3187
  tracking_lin_vel          | Scaled Avg:   0.0151 | Raw Avg:   0.3774
  termination               | Scaled Avg:  -0.0010
  TOTAL REWARD              | Scaled Avg:  -0.0555
------------------------------

------------------------------
Step: 28000 - Reward Breakdown:
  action_rate               | Scaled Avg:  -0.0299 | Raw Avg:   0.9972
  action_smoothness         | Scaled Avg:  -0.0004 | Raw Avg:   0.1899
  ang_vel_xy                | Scaled Avg:  -0.0053 | Raw Avg:   2.6631
  base_height               | Scaled Avg:  -0.0001 | Raw Avg:   0.0068
  collision                 | Scaled Avg:  -0.0016 | Raw Avg:   0.0786
  dof_acc                   | Scaled Avg:  -0.0011 | Raw Avg: 213420.3438
  dof_error                 | Scaled Avg:  -0.0079 | Raw Avg:   0.7926
  dof_vel                   | Scaled Avg:  -0.0225 | Raw Avg:  56.1734
  feet_air_time             | Scaled Avg:   0.0001 | Raw Avg:   0.0014
  feet_contact_forces       | Scaled Avg:  -0.0000 | Raw Avg:   4.6801
  foot_clearance            | Scaled Avg:  -0.0001 | Raw Avg:   0.0058
  foot_mirror               | Scaled Avg:  -0.0003 | Raw Avg:   0.3111
  foot_slide                | Scaled Avg:  -0.0012 | Raw Avg:   1.1781
  has_contact               | Scaled Avg:   0.0018 | Raw Avg:   0.0903
  hip_pos                   | Scaled Avg:  -0.0009 | Raw Avg:   0.0926
  lin_vel_z                 | Scaled Avg:  -0.0077 | Raw Avg:   0.0962
  orientation               | Scaled Avg:  -0.0004 | Raw Avg:   0.1099
  powers                    | Scaled Avg:  -0.0000 | Raw Avg: 109.9919
  stand_still               | Scaled Avg:  -0.0007 | Raw Avg:   0.0178
  torques                   | Scaled Avg:  -0.0002 | Raw Avg: 1024.9939
  tracking_ang_vel          | Scaled Avg:   0.0068 | Raw Avg:   0.3385
  tracking_lin_vel          | Scaled Avg:   0.0154 | Raw Avg:   0.3855
  termination               | Scaled Avg:  -0.0011
  TOTAL REWARD              | Scaled Avg:  -0.0575
------------------------------

------------------------------
Step: 28500 - Reward Breakdown:
  action_rate               | Scaled Avg:  -0.0300 | Raw Avg:   1.0009
  action_smoothness         | Scaled Avg:  -0.0004 | Raw Avg:   0.1920
  ang_vel_xy                | Scaled Avg:  -0.0056 | Raw Avg:   2.8102
  base_height               | Scaled Avg:  -0.0002 | Raw Avg:   0.0076
  collision                 | Scaled Avg:  -0.0017 | Raw Avg:   0.0874
  dof_acc                   | Scaled Avg:  -0.0011 | Raw Avg: 220291.1094
  dof_error                 | Scaled Avg:  -0.0085 | Raw Avg:   0.8528
  dof_vel                   | Scaled Avg:  -0.0239 | Raw Avg:  59.7830
  feet_air_time             | Scaled Avg:   0.0001 | Raw Avg:   0.0016
  feet_contact_forces       | Scaled Avg:  -0.0000 | Raw Avg:   5.3413
  foot_clearance            | Scaled Avg:  -0.0001 | Raw Avg:   0.0061
  foot_mirror               | Scaled Avg:  -0.0003 | Raw Avg:   0.3112
  foot_slide                | Scaled Avg:  -0.0012 | Raw Avg:   1.2115
  has_contact               | Scaled Avg:   0.0016 | Raw Avg:   0.0812
  hip_pos                   | Scaled Avg:  -0.0010 | Raw Avg:   0.0987
  lin_vel_z                 | Scaled Avg:  -0.0083 | Raw Avg:   0.1037
  orientation               | Scaled Avg:  -0.0005 | Raw Avg:   0.1210
  powers                    | Scaled Avg:  -0.0000 | Raw Avg: 116.3530
  stand_still               | Scaled Avg:  -0.0006 | Raw Avg:   0.0144
  torques                   | Scaled Avg:  -0.0002 | Raw Avg: 1028.4031
  tracking_ang_vel          | Scaled Avg:   0.0068 | Raw Avg:   0.3381
  tracking_lin_vel          | Scaled Avg:   0.0148 | Raw Avg:   0.3698
  termination               | Scaled Avg:  -0.0014
  TOTAL REWARD              | Scaled Avg:  -0.0618
------------------------------
################################################################################
                    [1m Learning iteration 6200/10000 [0m                     

                       Computation: 45381 steps/s (collection: 2.512s, learning 0.712s)
                     surrogate_loss -0.0036
                         value_loss 0.0723
                            entropy 2.3408
                     estimator_loss 0.0000
                         total_loss 0.0921
             Mean action noise std: 0.20
                       Mean reward: -2.77
               Mean episode length: 58.87
      Mean episode rew_action_rate: -0.0718
Mean episode rew_frame_action_rate: -0.0368
Mean episode rew_action_smoothness: -0.0009
Mean episode rew_frame_action_smoothness: -0.0004
       Mean episode rew_ang_vel_xy: -0.0138
 Mean episode rew_frame_ang_vel_xy: -0.0088
      Mean episode rew_base_height: -0.0003
Mean episode rew_frame_base_height: -0.0002
        Mean episode rew_collision: -0.0041
  Mean episode rew_frame_collision: -0.0023
          Mean episode rew_dof_acc: -0.0026
    Mean episode rew_frame_dof_acc: -0.0018
        Mean episode rew_dof_error: -0.0204
  Mean episode rew_frame_dof_error: -0.0115
          Mean episode rew_dof_vel: -0.0589
    Mean episode rew_frame_dof_vel: -0.0387
    Mean episode rew_feet_air_time: 0.0002
Mean episode rew_frame_feet_air_time: 0.0001
Mean episode rew_feet_contact_forces: -0.0000
Mean episode rew_frame_feet_contact_forces: -0.0000
   Mean episode rew_foot_clearance: -0.0001
Mean episode rew_frame_foot_clearance: -0.0001
      Mean episode rew_foot_mirror: -0.0008
Mean episode rew_frame_foot_mirror: -0.0004
       Mean episode rew_foot_slide: -0.0029
 Mean episode rew_frame_foot_slide: -0.0015
      Mean episode rew_has_contact: 0.0033
Mean episode rew_frame_has_contact: 0.0003
          Mean episode rew_hip_pos: -0.0023
    Mean episode rew_frame_hip_pos: -0.0013
        Mean episode rew_lin_vel_z: -0.0221
  Mean episode rew_frame_lin_vel_z: -0.0156
      Mean episode rew_orientation: -0.0012
Mean episode rew_frame_orientation: -0.0008
           Mean episode rew_powers: -0.0001
     Mean episode rew_frame_powers: -0.0001
      Mean episode rew_stand_still: -0.0007
Mean episode rew_frame_stand_still: -0.0001
          Mean episode rew_stumble: -0.0000
    Mean episode rew_frame_stumble: -0.0000
      Mean episode rew_termination: -0.0030
Mean episode rew_frame_termination: -0.0021
          Mean episode rew_torques: -0.0005
    Mean episode rew_frame_torques: -0.0002
 Mean episode rew_tracking_ang_vel: 0.0157
Mean episode rew_frame_tracking_ang_vel: 0.0063
 Mean episode rew_tracking_lin_vel: 0.0332
Mean episode rew_frame_tracking_lin_vel: 0.0082
Mean episode max_power_throughout_episode: 4344.1113
            Mean episode max_pos_x: 1.0085
            Mean episode min_pos_x: -0.1492
            Mean episode max_pos_y: 0.5143
            Mean episode min_pos_y: -0.5010
        Mean episode timeout_ratio: 0.0000
       Mean episode num_terminated: 122.5417
--------------------------------------------------------------------------------
                   Total timesteps: 1901952
                    Iteration time: 3.22s
                        Total time: 3300.63s
                               ETA: 10443.3s


------------------------------
Step: 29000 - Reward Breakdown:
  action_rate               | Scaled Avg:  -0.0299 | Raw Avg:   0.9950
  action_smoothness         | Scaled Avg:  -0.0004 | Raw Avg:   0.1900
  ang_vel_xy                | Scaled Avg:  -0.0054 | Raw Avg:   2.6825
  base_height               | Scaled Avg:  -0.0001 | Raw Avg:   0.0069
  collision                 | Scaled Avg:  -0.0017 | Raw Avg:   0.0848
  dof_acc                   | Scaled Avg:  -0.0011 | Raw Avg: 215801.6562
  dof_error                 | Scaled Avg:  -0.0085 | Raw Avg:   0.8476
  dof_vel                   | Scaled Avg:  -0.0228 | Raw Avg:  57.0456
  feet_air_time             | Scaled Avg:   0.0001 | Raw Avg:   0.0016
  feet_contact_forces       | Scaled Avg:  -0.0000 | Raw Avg:   5.2249
  foot_clearance            | Scaled Avg:  -0.0001 | Raw Avg:   0.0061
  foot_mirror               | Scaled Avg:  -0.0003 | Raw Avg:   0.3163
  foot_slide                | Scaled Avg:  -0.0012 | Raw Avg:   1.1972
  has_contact               | Scaled Avg:   0.0017 | Raw Avg:   0.0865
  hip_pos                   | Scaled Avg:  -0.0010 | Raw Avg:   0.0986
  lin_vel_z                 | Scaled Avg:  -0.0083 | Raw Avg:   0.1032
  orientation               | Scaled Avg:  -0.0005 | Raw Avg:   0.1146
  powers                    | Scaled Avg:  -0.0000 | Raw Avg: 112.7303
  stand_still               | Scaled Avg:  -0.0007 | Raw Avg:   0.0172
  torques                   | Scaled Avg:  -0.0002 | Raw Avg: 1031.9462
  tracking_ang_vel          | Scaled Avg:   0.0069 | Raw Avg:   0.3464
  tracking_lin_vel          | Scaled Avg:   0.0152 | Raw Avg:   0.3801
  termination               | Scaled Avg:  -0.0012
  TOTAL REWARD              | Scaled Avg:  -0.0594
------------------------------

------------------------------
Step: 29500 - Reward Breakdown:
  action_rate               | Scaled Avg:  -0.0310 | Raw Avg:   1.0336
  action_smoothness         | Scaled Avg:  -0.0004 | Raw Avg:   0.1947
  ang_vel_xy                | Scaled Avg:  -0.0056 | Raw Avg:   2.7864
  base_height               | Scaled Avg:  -0.0001 | Raw Avg:   0.0072
  collision                 | Scaled Avg:  -0.0016 | Raw Avg:   0.0817
  dof_acc                   | Scaled Avg:  -0.0011 | Raw Avg: 218979.9688
  dof_error                 | Scaled Avg:  -0.0084 | Raw Avg:   0.8360
  dof_vel                   | Scaled Avg:  -0.0249 | Raw Avg:  62.3593
  feet_air_time             | Scaled Avg:   0.0001 | Raw Avg:   0.0018
  feet_contact_forces       | Scaled Avg:  -0.0000 | Raw Avg:   5.5122
  foot_clearance            | Scaled Avg:  -0.0001 | Raw Avg:   0.0060
  foot_mirror               | Scaled Avg:  -0.0003 | Raw Avg:   0.3275
  foot_slide                | Scaled Avg:  -0.0012 | Raw Avg:   1.2023
  has_contact               | Scaled Avg:   0.0017 | Raw Avg:   0.0867
  hip_pos                   | Scaled Avg:  -0.0010 | Raw Avg:   0.1044
  lin_vel_z                 | Scaled Avg:  -0.0095 | Raw Avg:   0.1184
  orientation               | Scaled Avg:  -0.0005 | Raw Avg:   0.1203
  powers                    | Scaled Avg:  -0.0000 | Raw Avg: 118.1020
  stand_still               | Scaled Avg:  -0.0006 | Raw Avg:   0.0159
  torques                   | Scaled Avg:  -0.0002 | Raw Avg: 1055.2246
  tracking_ang_vel          | Scaled Avg:   0.0069 | Raw Avg:   0.3465
  tracking_lin_vel          | Scaled Avg:   0.0150 | Raw Avg:   0.3745
  termination               | Scaled Avg:  -0.0012
  TOTAL REWARD              | Scaled Avg:  -0.0641
------------------------------

------------------------------
Step: 30000 - Reward Breakdown:
  action_rate               | Scaled Avg:  -0.0309 | Raw Avg:   1.0303
  action_smoothness         | Scaled Avg:  -0.0004 | Raw Avg:   0.1915
  ang_vel_xy                | Scaled Avg:  -0.0059 | Raw Avg:   2.9266
  base_height               | Scaled Avg:  -0.0001 | Raw Avg:   0.0074
  collision                 | Scaled Avg:  -0.0017 | Raw Avg:   0.0833
  dof_acc                   | Scaled Avg:  -0.0012 | Raw Avg: 241571.0156
  dof_error                 | Scaled Avg:  -0.0087 | Raw Avg:   0.8656
  dof_vel                   | Scaled Avg:  -0.0250 | Raw Avg:  62.4009
  feet_air_time             | Scaled Avg:   0.0001 | Raw Avg:   0.0018
  feet_contact_forces       | Scaled Avg:  -0.0000 | Raw Avg:   5.4532
  foot_clearance            | Scaled Avg:  -0.0001 | Raw Avg:   0.0062
  foot_mirror               | Scaled Avg:  -0.0003 | Raw Avg:   0.3269
  foot_slide                | Scaled Avg:  -0.0012 | Raw Avg:   1.2036
  has_contact               | Scaled Avg:   0.0017 | Raw Avg:   0.0856
  hip_pos                   | Scaled Avg:  -0.0010 | Raw Avg:   0.0994
  lin_vel_z                 | Scaled Avg:  -0.0089 | Raw Avg:   0.1114
  orientation               | Scaled Avg:  -0.0005 | Raw Avg:   0.1198
  powers                    | Scaled Avg:  -0.0000 | Raw Avg: 117.0307
  stand_still               | Scaled Avg:  -0.0005 | Raw Avg:   0.0132
  torques                   | Scaled Avg:  -0.0002 | Raw Avg: 1030.0609
  tracking_ang_vel          | Scaled Avg:   0.0069 | Raw Avg:   0.3450
  tracking_lin_vel          | Scaled Avg:   0.0148 | Raw Avg:   0.3712
  termination               | Scaled Avg:  -0.0013
  TOTAL REWARD              | Scaled Avg:  -0.0643
------------------------------

------------------------------
Step: 30500 - Reward Breakdown:
  action_rate               | Scaled Avg:  -0.0300 | Raw Avg:   1.0003
  action_smoothness         | Scaled Avg:  -0.0004 | Raw Avg:   0.1910
  ang_vel_xy                | Scaled Avg:  -0.0057 | Raw Avg:   2.8532
  base_height               | Scaled Avg:  -0.0002 | Raw Avg:   0.0075
  collision                 | Scaled Avg:  -0.0016 | Raw Avg:   0.0817
  dof_acc                   | Scaled Avg:  -0.0011 | Raw Avg: 212414.1094
  dof_error                 | Scaled Avg:  -0.0087 | Raw Avg:   0.8672
  dof_vel                   | Scaled Avg:  -0.0240 | Raw Avg:  59.8853
  feet_air_time             | Scaled Avg:   0.0000 | Raw Avg:   0.0011
  feet_contact_forces       | Scaled Avg:  -0.0000 | Raw Avg:   5.4187
  foot_clearance            | Scaled Avg:  -0.0001 | Raw Avg:   0.0062
  foot_mirror               | Scaled Avg:  -0.0003 | Raw Avg:   0.3449
  foot_slide                | Scaled Avg:  -0.0012 | Raw Avg:   1.2329
  has_contact               | Scaled Avg:   0.0017 | Raw Avg:   0.0855
  hip_pos                   | Scaled Avg:  -0.0010 | Raw Avg:   0.1039
  lin_vel_z                 | Scaled Avg:  -0.0088 | Raw Avg:   0.1094
  orientation               | Scaled Avg:  -0.0005 | Raw Avg:   0.1245
  powers                    | Scaled Avg:  -0.0000 | Raw Avg: 118.0511
  stand_still               | Scaled Avg:  -0.0006 | Raw Avg:   0.0159
  torques                   | Scaled Avg:  -0.0002 | Raw Avg: 1057.7209
  tracking_ang_vel          | Scaled Avg:   0.0070 | Raw Avg:   0.3494
  tracking_lin_vel          | Scaled Avg:   0.0147 | Raw Avg:   0.3685
  termination               | Scaled Avg:  -0.0011
  TOTAL REWARD              | Scaled Avg:  -0.0620
------------------------------

------------------------------
Step: 31000 - Reward Breakdown:
  action_rate               | Scaled Avg:  -0.0306 | Raw Avg:   1.0207
  action_smoothness         | Scaled Avg:  -0.0004 | Raw Avg:   0.1932
  ang_vel_xy                | Scaled Avg:  -0.0063 | Raw Avg:   3.1385
  base_height               | Scaled Avg:  -0.0002 | Raw Avg:   0.0078
  collision                 | Scaled Avg:  -0.0019 | Raw Avg:   0.0966
  dof_acc                   | Scaled Avg:  -0.0012 | Raw Avg: 231348.3281
  dof_error                 | Scaled Avg:  -0.0091 | Raw Avg:   0.9071
  dof_vel                   | Scaled Avg:  -0.0259 | Raw Avg:  64.8683
  feet_air_time             | Scaled Avg:   0.0001 | Raw Avg:   0.0013
  feet_contact_forces       | Scaled Avg:  -0.0000 | Raw Avg:   5.7308
  foot_clearance            | Scaled Avg:  -0.0001 | Raw Avg:   0.0065
  foot_mirror               | Scaled Avg:  -0.0004 | Raw Avg:   0.3761
  foot_slide                | Scaled Avg:  -0.0012 | Raw Avg:   1.2359
  has_contact               | Scaled Avg:   0.0019 | Raw Avg:   0.0946
  hip_pos                   | Scaled Avg:  -0.0011 | Raw Avg:   0.1076
  lin_vel_z                 | Scaled Avg:  -0.0095 | Raw Avg:   0.1182
  orientation               | Scaled Avg:  -0.0005 | Raw Avg:   0.1250
  powers                    | Scaled Avg:  -0.0000 | Raw Avg: 123.6161
  stand_still               | Scaled Avg:  -0.0008 | Raw Avg:   0.0195
  torques                   | Scaled Avg:  -0.0002 | Raw Avg: 1076.6069
  tracking_ang_vel          | Scaled Avg:   0.0069 | Raw Avg:   0.3436
  tracking_lin_vel          | Scaled Avg:   0.0147 | Raw Avg:   0.3675
  termination               | Scaled Avg:  -0.0014
  TOTAL REWARD              | Scaled Avg:  -0.0672
------------------------------
################################################################################
                    [1m Learning iteration 6300/10000 [0m                     

                       Computation: 55083 steps/s (collection: 2.090s, learning 0.566s)
                     surrogate_loss -0.0045
                         value_loss 0.0787
                            entropy 2.3428
                     estimator_loss 0.0000
                         total_loss 0.0977
             Mean action noise std: 0.20
                       Mean reward: -3.36
               Mean episode length: 46.54
      Mean episode rew_action_rate: -0.0726
Mean episode rew_frame_action_rate: -0.0366
Mean episode rew_action_smoothness: -0.0009
Mean episode rew_frame_action_smoothness: -0.0004
       Mean episode rew_ang_vel_xy: -0.0138
 Mean episode rew_frame_ang_vel_xy: -0.0086
      Mean episode rew_base_height: -0.0004
Mean episode rew_frame_base_height: -0.0002
        Mean episode rew_collision: -0.0040
  Mean episode rew_frame_collision: -0.0023
          Mean episode rew_dof_acc: -0.0026
    Mean episode rew_frame_dof_acc: -0.0018
        Mean episode rew_dof_error: -0.0214
  Mean episode rew_frame_dof_error: -0.0114
          Mean episode rew_dof_vel: -0.0590
    Mean episode rew_frame_dof_vel: -0.0384
    Mean episode rew_feet_air_time: 0.0002
Mean episode rew_frame_feet_air_time: 0.0001
Mean episode rew_feet_contact_forces: -0.0000
Mean episode rew_frame_feet_contact_forces: -0.0000
   Mean episode rew_foot_clearance: -0.0001
Mean episode rew_frame_foot_clearance: -0.0001
      Mean episode rew_foot_mirror: -0.0008
Mean episode rew_frame_foot_mirror: -0.0004
       Mean episode rew_foot_slide: -0.0028
 Mean episode rew_frame_foot_slide: -0.0015
      Mean episode rew_has_contact: 0.0053
Mean episode rew_frame_has_contact: 0.0004
          Mean episode rew_hip_pos: -0.0026
    Mean episode rew_frame_hip_pos: -0.0013
        Mean episode rew_lin_vel_z: -0.0216
  Mean episode rew_frame_lin_vel_z: -0.0149
      Mean episode rew_orientation: -0.0012
Mean episode rew_frame_orientation: -0.0008
           Mean episode rew_powers: -0.0001
     Mean episode rew_frame_powers: -0.0001
      Mean episode rew_stand_still: -0.0026
Mean episode rew_frame_stand_still: -0.0003
          Mean episode rew_stumble: -0.0000
    Mean episode rew_frame_stumble: -0.0000
      Mean episode rew_termination: -0.0030
Mean episode rew_frame_termination: -0.0021
          Mean episode rew_torques: -0.0005
    Mean episode rew_frame_torques: -0.0002
 Mean episode rew_tracking_ang_vel: 0.0165
Mean episode rew_frame_tracking_ang_vel: 0.0065
 Mean episode rew_tracking_lin_vel: 0.0363
Mean episode rew_frame_tracking_lin_vel: 0.0083
Mean episode max_power_throughout_episode: 4411.7539
            Mean episode max_pos_x: 1.0132
            Mean episode min_pos_x: -0.1335
            Mean episode max_pos_y: 0.4908
            Mean episode min_pos_y: -0.5092
        Mean episode timeout_ratio: 0.0000
       Mean episode num_terminated: 127.2083
--------------------------------------------------------------------------------
                   Total timesteps: 2048256
                    Iteration time: 2.66s
                        Total time: 3582.65s
                               ETA: 10188.9s


------------------------------
Step: 31500 - Reward Breakdown:
  action_rate               | Scaled Avg:  -0.0293 | Raw Avg:   0.9767
  action_smoothness         | Scaled Avg:  -0.0004 | Raw Avg:   0.1895
  ang_vel_xy                | Scaled Avg:  -0.0052 | Raw Avg:   2.5768
  base_height               | Scaled Avg:  -0.0001 | Raw Avg:   0.0073
  collision                 | Scaled Avg:  -0.0017 | Raw Avg:   0.0833
  dof_acc                   | Scaled Avg:  -0.0011 | Raw Avg: 211333.4844
  dof_error                 | Scaled Avg:  -0.0084 | Raw Avg:   0.8427
  dof_vel                   | Scaled Avg:  -0.0221 | Raw Avg:  55.1523
  feet_air_time             | Scaled Avg:   0.0001 | Raw Avg:   0.0015
  feet_contact_forces       | Scaled Avg:  -0.0000 | Raw Avg:   4.9992
  foot_clearance            | Scaled Avg:  -0.0001 | Raw Avg:   0.0057
  foot_mirror               | Scaled Avg:  -0.0003 | Raw Avg:   0.3336
  foot_slide                | Scaled Avg:  -0.0011 | Raw Avg:   1.1416
  has_contact               | Scaled Avg:   0.0017 | Raw Avg:   0.0862
  hip_pos                   | Scaled Avg:  -0.0011 | Raw Avg:   0.1106
  lin_vel_z                 | Scaled Avg:  -0.0084 | Raw Avg:   0.1046
  orientation               | Scaled Avg:  -0.0005 | Raw Avg:   0.1145
  powers                    | Scaled Avg:  -0.0000 | Raw Avg: 113.0267
  stand_still               | Scaled Avg:  -0.0006 | Raw Avg:   0.0161
  torques                   | Scaled Avg:  -0.0002 | Raw Avg: 1085.5612
  tracking_ang_vel          | Scaled Avg:   0.0070 | Raw Avg:   0.3486
  tracking_lin_vel          | Scaled Avg:   0.0152 | Raw Avg:   0.3790
  termination               | Scaled Avg:  -0.0011
  TOTAL REWARD              | Scaled Avg:  -0.0577
------------------------------

------------------------------
Step: 32000 - Reward Breakdown:
  action_rate               | Scaled Avg:  -0.0297 | Raw Avg:   0.9916
  action_smoothness         | Scaled Avg:  -0.0004 | Raw Avg:   0.1896
  ang_vel_xy                | Scaled Avg:  -0.0054 | Raw Avg:   2.6880
  base_height               | Scaled Avg:  -0.0001 | Raw Avg:   0.0071
  collision                 | Scaled Avg:  -0.0015 | Raw Avg:   0.0745
  dof_acc                   | Scaled Avg:  -0.0010 | Raw Avg: 192219.3750
  dof_error                 | Scaled Avg:  -0.0081 | Raw Avg:   0.8128
  dof_vel                   | Scaled Avg:  -0.0225 | Raw Avg:  56.1710
  feet_air_time             | Scaled Avg:   0.0001 | Raw Avg:   0.0018
  feet_contact_forces       | Scaled Avg:  -0.0000 | Raw Avg:   5.6226
  foot_clearance            | Scaled Avg:  -0.0001 | Raw Avg:   0.0058
  foot_mirror               | Scaled Avg:  -0.0003 | Raw Avg:   0.3121
  foot_slide                | Scaled Avg:  -0.0012 | Raw Avg:   1.1527
  has_contact               | Scaled Avg:   0.0018 | Raw Avg:   0.0882
  hip_pos                   | Scaled Avg:  -0.0011 | Raw Avg:   0.1087
  lin_vel_z                 | Scaled Avg:  -0.0083 | Raw Avg:   0.1034
  orientation               | Scaled Avg:  -0.0004 | Raw Avg:   0.1122
  powers                    | Scaled Avg:  -0.0000 | Raw Avg: 113.2512
  stand_still               | Scaled Avg:  -0.0005 | Raw Avg:   0.0132
  torques                   | Scaled Avg:  -0.0002 | Raw Avg: 1075.3120
  tracking_ang_vel          | Scaled Avg:   0.0069 | Raw Avg:   0.3472
  tracking_lin_vel          | Scaled Avg:   0.0151 | Raw Avg:   0.3767
  termination               | Scaled Avg:  -0.0010
  TOTAL REWARD              | Scaled Avg:  -0.0580
------------------------------

------------------------------
Step: 32500 - Reward Breakdown:
  action_rate               | Scaled Avg:  -0.0307 | Raw Avg:   1.0227
  action_smoothness         | Scaled Avg:  -0.0004 | Raw Avg:   0.1905
  ang_vel_xy                | Scaled Avg:  -0.0055 | Raw Avg:   2.7646
  base_height               | Scaled Avg:  -0.0001 | Raw Avg:   0.0070
  collision                 | Scaled Avg:  -0.0016 | Raw Avg:   0.0802
  dof_acc                   | Scaled Avg:  -0.0010 | Raw Avg: 199678.0469
  dof_error                 | Scaled Avg:  -0.0080 | Raw Avg:   0.7989
  dof_vel                   | Scaled Avg:  -0.0238 | Raw Avg:  59.5378
  feet_air_time             | Scaled Avg:   0.0001 | Raw Avg:   0.0014
  feet_contact_forces       | Scaled Avg:  -0.0000 | Raw Avg:   5.5187
  foot_clearance            | Scaled Avg:  -0.0001 | Raw Avg:   0.0060
  foot_mirror               | Scaled Avg:  -0.0003 | Raw Avg:   0.3154
  foot_slide                | Scaled Avg:  -0.0012 | Raw Avg:   1.1685
  has_contact               | Scaled Avg:   0.0018 | Raw Avg:   0.0887
  hip_pos                   | Scaled Avg:  -0.0010 | Raw Avg:   0.1018
  lin_vel_z                 | Scaled Avg:  -0.0089 | Raw Avg:   0.1109
  orientation               | Scaled Avg:  -0.0004 | Raw Avg:   0.1114
  powers                    | Scaled Avg:  -0.0000 | Raw Avg: 115.2430
  stand_still               | Scaled Avg:  -0.0007 | Raw Avg:   0.0164
  torques                   | Scaled Avg:  -0.0002 | Raw Avg: 1060.0797
  tracking_ang_vel          | Scaled Avg:   0.0070 | Raw Avg:   0.3505
  tracking_lin_vel          | Scaled Avg:   0.0151 | Raw Avg:   0.3779
  termination               | Scaled Avg:  -0.0009
  TOTAL REWARD              | Scaled Avg:  -0.0609
------------------------------

------------------------------
Step: 33000 - Reward Breakdown:
  action_rate               | Scaled Avg:  -0.0299 | Raw Avg:   0.9960
  action_smoothness         | Scaled Avg:  -0.0004 | Raw Avg:   0.1878
  ang_vel_xy                | Scaled Avg:  -0.0052 | Raw Avg:   2.6215
  base_height               | Scaled Avg:  -0.0001 | Raw Avg:   0.0067
  collision                 | Scaled Avg:  -0.0014 | Raw Avg:   0.0692
  dof_acc                   | Scaled Avg:  -0.0009 | Raw Avg: 182253.0625
  dof_error                 | Scaled Avg:  -0.0079 | Raw Avg:   0.7908
  dof_vel                   | Scaled Avg:  -0.0220 | Raw Avg:  55.0220
  feet_air_time             | Scaled Avg:   0.0001 | Raw Avg:   0.0018
  feet_contact_forces       | Scaled Avg:  -0.0000 | Raw Avg:   4.8775
  foot_clearance            | Scaled Avg:  -0.0001 | Raw Avg:   0.0057
  foot_mirror               | Scaled Avg:  -0.0003 | Raw Avg:   0.3031
  foot_slide                | Scaled Avg:  -0.0012 | Raw Avg:   1.1553
  has_contact               | Scaled Avg:   0.0018 | Raw Avg:   0.0912
  hip_pos                   | Scaled Avg:  -0.0010 | Raw Avg:   0.1043
  lin_vel_z                 | Scaled Avg:  -0.0081 | Raw Avg:   0.1014
  orientation               | Scaled Avg:  -0.0004 | Raw Avg:   0.1047
  powers                    | Scaled Avg:  -0.0000 | Raw Avg: 110.6962
  stand_still               | Scaled Avg:  -0.0006 | Raw Avg:   0.0162
  torques                   | Scaled Avg:  -0.0002 | Raw Avg: 1042.2609
  tracking_ang_vel          | Scaled Avg:   0.0069 | Raw Avg:   0.3456
  tracking_lin_vel          | Scaled Avg:   0.0155 | Raw Avg:   0.3873
  termination               | Scaled Avg:  -0.0012
  TOTAL REWARD              | Scaled Avg:  -0.0567
------------------------------

------------------------------
Step: 33500 - Reward Breakdown:
  action_rate               | Scaled Avg:  -0.0289 | Raw Avg:   0.9619
  action_smoothness         | Scaled Avg:  -0.0004 | Raw Avg:   0.1848
  ang_vel_xy                | Scaled Avg:  -0.0048 | Raw Avg:   2.4197
  base_height               | Scaled Avg:  -0.0001 | Raw Avg:   0.0066
  collision                 | Scaled Avg:  -0.0013 | Raw Avg:   0.0671
  dof_acc                   | Scaled Avg:  -0.0009 | Raw Avg: 171384.6719
  dof_error                 | Scaled Avg:  -0.0074 | Raw Avg:   0.7370
  dof_vel                   | Scaled Avg:  -0.0210 | Raw Avg:  52.4732
  feet_air_time             | Scaled Avg:   0.0001 | Raw Avg:   0.0018
  feet_contact_forces       | Scaled Avg:  -0.0000 | Raw Avg:   4.6746
  foot_clearance            | Scaled Avg:  -0.0001 | Raw Avg:   0.0054
  foot_mirror               | Scaled Avg:  -0.0003 | Raw Avg:   0.2847
  foot_slide                | Scaled Avg:  -0.0011 | Raw Avg:   1.1299
  has_contact               | Scaled Avg:   0.0017 | Raw Avg:   0.0871
  hip_pos                   | Scaled Avg:  -0.0010 | Raw Avg:   0.1032
  lin_vel_z                 | Scaled Avg:  -0.0075 | Raw Avg:   0.0935
  orientation               | Scaled Avg:  -0.0004 | Raw Avg:   0.1029
  powers                    | Scaled Avg:  -0.0000 | Raw Avg: 107.4662
  stand_still               | Scaled Avg:  -0.0004 | Raw Avg:   0.0103
  torques                   | Scaled Avg:  -0.0002 | Raw Avg: 1049.1312
  tracking_ang_vel          | Scaled Avg:   0.0069 | Raw Avg:   0.3474
  tracking_lin_vel          | Scaled Avg:   0.0157 | Raw Avg:   0.3924
  termination               | Scaled Avg:  -0.0011
  TOTAL REWARD              | Scaled Avg:  -0.0525
------------------------------
################################################################################
                    [1m Learning iteration 6400/10000 [0m                     

                       Computation: 58754 steps/s (collection: 1.945s, learning 0.546s)
                     surrogate_loss -0.0034
                         value_loss 0.0747
                            entropy 2.3340
                     estimator_loss 0.0000
                         total_loss 0.0946
             Mean action noise std: 0.20
                       Mean reward: -3.19
               Mean episode length: 57.44
      Mean episode rew_action_rate: -0.0857
Mean episode rew_frame_action_rate: -0.0357
Mean episode rew_action_smoothness: -0.0011
Mean episode rew_frame_action_smoothness: -0.0004
       Mean episode rew_ang_vel_xy: -0.0147
 Mean episode rew_frame_ang_vel_xy: -0.0081
      Mean episode rew_base_height: -0.0004
Mean episode rew_frame_base_height: -0.0002
        Mean episode rew_collision: -0.0043
  Mean episode rew_frame_collision: -0.0023
          Mean episode rew_dof_acc: -0.0027
    Mean episode rew_frame_dof_acc: -0.0017
        Mean episode rew_dof_error: -0.0222
  Mean episode rew_frame_dof_error: -0.0107
          Mean episode rew_dof_vel: -0.0616
    Mean episode rew_frame_dof_vel: -0.0357
    Mean episode rew_feet_air_time: 0.0002
Mean episode rew_frame_feet_air_time: 0.0001
Mean episode rew_feet_contact_forces: -0.0000
Mean episode rew_frame_feet_contact_forces: -0.0000
   Mean episode rew_foot_clearance: -0.0002
Mean episode rew_frame_foot_clearance: -0.0001
      Mean episode rew_foot_mirror: -0.0009
Mean episode rew_frame_foot_mirror: -0.0004
       Mean episode rew_foot_slide: -0.0033
 Mean episode rew_frame_foot_slide: -0.0015
      Mean episode rew_has_contact: 0.0048
Mean episode rew_frame_has_contact: 0.0004
          Mean episode rew_hip_pos: -0.0030
    Mean episode rew_frame_hip_pos: -0.0014
        Mean episode rew_lin_vel_z: -0.0208
  Mean episode rew_frame_lin_vel_z: -0.0128
      Mean episode rew_orientation: -0.0012
Mean episode rew_frame_orientation: -0.0007
           Mean episode rew_powers: -0.0001
     Mean episode rew_frame_powers: -0.0001
      Mean episode rew_stand_still: -0.0022
Mean episode rew_frame_stand_still: -0.0002
          Mean episode rew_stumble: -0.0000
    Mean episode rew_frame_stumble: -0.0000
      Mean episode rew_termination: -0.0030
Mean episode rew_frame_termination: -0.0019
          Mean episode rew_torques: -0.0006
    Mean episode rew_frame_torques: -0.0002
 Mean episode rew_tracking_ang_vel: 0.0208
Mean episode rew_frame_tracking_ang_vel: 0.0066
 Mean episode rew_tracking_lin_vel: 0.0451
Mean episode rew_frame_tracking_lin_vel: 0.0081
Mean episode max_power_throughout_episode: 4306.8208
            Mean episode max_pos_x: 1.0206
            Mean episode min_pos_x: -0.1395
            Mean episode max_pos_y: 0.5051
            Mean episode min_pos_y: -0.5111
        Mean episode timeout_ratio: 0.0004
       Mean episode num_terminated: 99.6250
--------------------------------------------------------------------------------
                   Total timesteps: 2194560
                    Iteration time: 2.49s
                        Total time: 3857.93s
                               ETA: 9913.3s


------------------------------
Step: 34000 - Reward Breakdown:
  action_rate               | Scaled Avg:  -0.0296 | Raw Avg:   0.9867
  action_smoothness         | Scaled Avg:  -0.0004 | Raw Avg:   0.1886
  ang_vel_xy                | Scaled Avg:  -0.0047 | Raw Avg:   2.3746
  base_height               | Scaled Avg:  -0.0001 | Raw Avg:   0.0064
  collision                 | Scaled Avg:  -0.0014 | Raw Avg:   0.0712
  dof_acc                   | Scaled Avg:  -0.0009 | Raw Avg: 179000.1875
  dof_error                 | Scaled Avg:  -0.0073 | Raw Avg:   0.7336
  dof_vel                   | Scaled Avg:  -0.0214 | Raw Avg:  53.6180
  feet_air_time             | Scaled Avg:   0.0001 | Raw Avg:   0.0014
  feet_contact_forces       | Scaled Avg:  -0.0000 | Raw Avg:   5.0034
  foot_clearance            | Scaled Avg:  -0.0001 | Raw Avg:   0.0054
  foot_mirror               | Scaled Avg:  -0.0003 | Raw Avg:   0.2933
  foot_slide                | Scaled Avg:  -0.0011 | Raw Avg:   1.1362
  has_contact               | Scaled Avg:   0.0017 | Raw Avg:   0.0862
  hip_pos                   | Scaled Avg:  -0.0009 | Raw Avg:   0.0941
  lin_vel_z                 | Scaled Avg:  -0.0069 | Raw Avg:   0.0860
  orientation               | Scaled Avg:  -0.0004 | Raw Avg:   0.1062
  powers                    | Scaled Avg:  -0.0000 | Raw Avg: 106.5792
  stand_still               | Scaled Avg:  -0.0005 | Raw Avg:   0.0129
  torques                   | Scaled Avg:  -0.0002 | Raw Avg: 1017.3084
  tracking_ang_vel          | Scaled Avg:   0.0071 | Raw Avg:   0.3545
  tracking_lin_vel          | Scaled Avg:   0.0153 | Raw Avg:   0.3817
  termination               | Scaled Avg:  -0.0010
  TOTAL REWARD              | Scaled Avg:  -0.0533
------------------------------

------------------------------
Step: 34500 - Reward Breakdown:
  action_rate               | Scaled Avg:  -0.0296 | Raw Avg:   0.9858
  action_smoothness         | Scaled Avg:  -0.0004 | Raw Avg:   0.1887
  ang_vel_xy                | Scaled Avg:  -0.0050 | Raw Avg:   2.5250
  base_height               | Scaled Avg:  -0.0001 | Raw Avg:   0.0064
  collision                 | Scaled Avg:  -0.0016 | Raw Avg:   0.0815
  dof_acc                   | Scaled Avg:  -0.0009 | Raw Avg: 184718.5156
  dof_error                 | Scaled Avg:  -0.0076 | Raw Avg:   0.7586
  dof_vel                   | Scaled Avg:  -0.0214 | Raw Avg:  53.6090
  feet_air_time             | Scaled Avg:   0.0001 | Raw Avg:   0.0022
  feet_contact_forces       | Scaled Avg:  -0.0000 | Raw Avg:   4.5998
  foot_clearance            | Scaled Avg:  -0.0001 | Raw Avg:   0.0058
  foot_mirror               | Scaled Avg:  -0.0003 | Raw Avg:   0.2844
  foot_slide                | Scaled Avg:  -0.0012 | Raw Avg:   1.1622
  has_contact               | Scaled Avg:   0.0018 | Raw Avg:   0.0890
  hip_pos                   | Scaled Avg:  -0.0010 | Raw Avg:   0.0982
  lin_vel_z                 | Scaled Avg:  -0.0075 | Raw Avg:   0.0938
  orientation               | Scaled Avg:  -0.0004 | Raw Avg:   0.1103
  powers                    | Scaled Avg:  -0.0000 | Raw Avg: 107.7260
  stand_still               | Scaled Avg:  -0.0005 | Raw Avg:   0.0127
  torques                   | Scaled Avg:  -0.0002 | Raw Avg: 1021.6370
  tracking_ang_vel          | Scaled Avg:   0.0067 | Raw Avg:   0.3328
  tracking_lin_vel          | Scaled Avg:   0.0154 | Raw Avg:   0.3849
  termination               | Scaled Avg:  -0.0009
  TOTAL REWARD              | Scaled Avg:  -0.0549
------------------------------

------------------------------
Step: 35000 - Reward Breakdown:
  action_rate               | Scaled Avg:  -0.0294 | Raw Avg:   0.9814
  action_smoothness         | Scaled Avg:  -0.0004 | Raw Avg:   0.1890
  ang_vel_xy                | Scaled Avg:  -0.0054 | Raw Avg:   2.6771
  base_height               | Scaled Avg:  -0.0001 | Raw Avg:   0.0068
  collision                 | Scaled Avg:  -0.0017 | Raw Avg:   0.0851
  dof_acc                   | Scaled Avg:  -0.0010 | Raw Avg: 199233.8438
  dof_error                 | Scaled Avg:  -0.0079 | Raw Avg:   0.7946
  dof_vel                   | Scaled Avg:  -0.0226 | Raw Avg:  56.5530
  feet_air_time             | Scaled Avg:   0.0001 | Raw Avg:   0.0019
  feet_contact_forces       | Scaled Avg:  -0.0000 | Raw Avg:   5.0592
  foot_clearance            | Scaled Avg:  -0.0001 | Raw Avg:   0.0061
  foot_mirror               | Scaled Avg:  -0.0003 | Raw Avg:   0.3082
  foot_slide                | Scaled Avg:  -0.0011 | Raw Avg:   1.1483
  has_contact               | Scaled Avg:   0.0017 | Raw Avg:   0.0868
  hip_pos                   | Scaled Avg:  -0.0010 | Raw Avg:   0.1016
  lin_vel_z                 | Scaled Avg:  -0.0080 | Raw Avg:   0.1003
  orientation               | Scaled Avg:  -0.0005 | Raw Avg:   0.1151
  powers                    | Scaled Avg:  -0.0000 | Raw Avg: 111.7818
  stand_still               | Scaled Avg:  -0.0007 | Raw Avg:   0.0167
  torques                   | Scaled Avg:  -0.0002 | Raw Avg: 1028.8191
  tracking_ang_vel          | Scaled Avg:   0.0070 | Raw Avg:   0.3512
  tracking_lin_vel          | Scaled Avg:   0.0152 | Raw Avg:   0.3802
  termination               | Scaled Avg:  -0.0012
  TOTAL REWARD              | Scaled Avg:  -0.0577
------------------------------

------------------------------
Step: 35500 - Reward Breakdown:
  action_rate               | Scaled Avg:  -0.0298 | Raw Avg:   0.9936
  action_smoothness         | Scaled Avg:  -0.0004 | Raw Avg:   0.1898
  ang_vel_xy                | Scaled Avg:  -0.0051 | Raw Avg:   2.5319
  base_height               | Scaled Avg:  -0.0001 | Raw Avg:   0.0064
  collision                 | Scaled Avg:  -0.0017 | Raw Avg:   0.0833
  dof_acc                   | Scaled Avg:  -0.0011 | Raw Avg: 216352.7500
  dof_error                 | Scaled Avg:  -0.0075 | Raw Avg:   0.7481
  dof_vel                   | Scaled Avg:  -0.0221 | Raw Avg:  55.1710
  feet_air_time             | Scaled Avg:   0.0001 | Raw Avg:   0.0018
  feet_contact_forces       | Scaled Avg:  -0.0000 | Raw Avg:   4.7937
  foot_clearance            | Scaled Avg:  -0.0001 | Raw Avg:   0.0057
  foot_mirror               | Scaled Avg:  -0.0003 | Raw Avg:   0.2987
  foot_slide                | Scaled Avg:  -0.0012 | Raw Avg:   1.1629
  has_contact               | Scaled Avg:   0.0016 | Raw Avg:   0.0804
  hip_pos                   | Scaled Avg:  -0.0010 | Raw Avg:   0.0956
  lin_vel_z                 | Scaled Avg:  -0.0076 | Raw Avg:   0.0944
  orientation               | Scaled Avg:  -0.0004 | Raw Avg:   0.1114
  powers                    | Scaled Avg:  -0.0000 | Raw Avg: 110.9114
  stand_still               | Scaled Avg:  -0.0006 | Raw Avg:   0.0153
  torques                   | Scaled Avg:  -0.0002 | Raw Avg: 1022.7591
  tracking_ang_vel          | Scaled Avg:   0.0070 | Raw Avg:   0.3509
  tracking_lin_vel          | Scaled Avg:   0.0151 | Raw Avg:   0.3785
  termination               | Scaled Avg:  -0.0010
  TOTAL REWARD              | Scaled Avg:  -0.0562
------------------------------

------------------------------
Step: 36000 - Reward Breakdown:
  action_rate               | Scaled Avg:  -0.0294 | Raw Avg:   0.9795
  action_smoothness         | Scaled Avg:  -0.0004 | Raw Avg:   0.1867
  ang_vel_xy                | Scaled Avg:  -0.0052 | Raw Avg:   2.5771
  base_height               | Scaled Avg:  -0.0001 | Raw Avg:   0.0067
  collision                 | Scaled Avg:  -0.0015 | Raw Avg:   0.0746
  dof_acc                   | Scaled Avg:  -0.0009 | Raw Avg: 189911.3906
  dof_error                 | Scaled Avg:  -0.0080 | Raw Avg:   0.8049
  dof_vel                   | Scaled Avg:  -0.0224 | Raw Avg:  55.9807
  feet_air_time             | Scaled Avg:   0.0001 | Raw Avg:   0.0013
  feet_contact_forces       | Scaled Avg:  -0.0000 | Raw Avg:   5.1395
  foot_clearance            | Scaled Avg:  -0.0001 | Raw Avg:   0.0059
  foot_mirror               | Scaled Avg:  -0.0003 | Raw Avg:   0.3167
  foot_slide                | Scaled Avg:  -0.0012 | Raw Avg:   1.1562
  has_contact               | Scaled Avg:   0.0017 | Raw Avg:   0.0860
  hip_pos                   | Scaled Avg:  -0.0010 | Raw Avg:   0.1023
  lin_vel_z                 | Scaled Avg:  -0.0078 | Raw Avg:   0.0972
  orientation               | Scaled Avg:  -0.0005 | Raw Avg:   0.1141
  powers                    | Scaled Avg:  -0.0000 | Raw Avg: 111.9522
  stand_still               | Scaled Avg:  -0.0007 | Raw Avg:   0.0168
  torques                   | Scaled Avg:  -0.0002 | Raw Avg: 1035.5746
  tracking_ang_vel          | Scaled Avg:   0.0069 | Raw Avg:   0.3434
  tracking_lin_vel          | Scaled Avg:   0.0150 | Raw Avg:   0.3748
  termination               | Scaled Avg:  -0.0011
  TOTAL REWARD              | Scaled Avg:  -0.0571
------------------------------
################################################################################
                    [1m Learning iteration 6500/10000 [0m                     

                       Computation: 57275 steps/s (collection: 2.002s, learning 0.552s)
                     surrogate_loss -0.0037
                         value_loss 0.0701
                            entropy 2.3368
                     estimator_loss 0.0000
                         total_loss 0.0898
             Mean action noise std: 0.20
                       Mean reward: -3.18
               Mean episode length: 48.19
      Mean episode rew_action_rate: -0.0827
Mean episode rew_frame_action_rate: -0.0352
Mean episode rew_action_smoothness: -0.0011
Mean episode rew_frame_action_smoothness: -0.0004
       Mean episode rew_ang_vel_xy: -0.0142
 Mean episode rew_frame_ang_vel_xy: -0.0081
      Mean episode rew_base_height: -0.0004
Mean episode rew_frame_base_height: -0.0002
        Mean episode rew_collision: -0.0040
  Mean episode rew_frame_collision: -0.0022
          Mean episode rew_dof_acc: -0.0026
    Mean episode rew_frame_dof_acc: -0.0017
        Mean episode rew_dof_error: -0.0221
  Mean episode rew_frame_dof_error: -0.0108
          Mean episode rew_dof_vel: -0.0602
    Mean episode rew_frame_dof_vel: -0.0360
    Mean episode rew_feet_air_time: 0.0002
Mean episode rew_frame_feet_air_time: 0.0001
Mean episode rew_feet_contact_forces: -0.0000
Mean episode rew_frame_feet_contact_forces: -0.0000
   Mean episode rew_foot_clearance: -0.0002
Mean episode rew_frame_foot_clearance: -0.0001
      Mean episode rew_foot_mirror: -0.0009
Mean episode rew_frame_foot_mirror: -0.0004
       Mean episode rew_foot_slide: -0.0032
 Mean episode rew_frame_foot_slide: -0.0014
      Mean episode rew_has_contact: 0.0047
Mean episode rew_frame_has_contact: 0.0004
          Mean episode rew_hip_pos: -0.0028
    Mean episode rew_frame_hip_pos: -0.0013
        Mean episode rew_lin_vel_z: -0.0214
  Mean episode rew_frame_lin_vel_z: -0.0138
      Mean episode rew_orientation: -0.0012
Mean episode rew_frame_orientation: -0.0007
           Mean episode rew_powers: -0.0001
     Mean episode rew_frame_powers: -0.0001
      Mean episode rew_stand_still: -0.0018
Mean episode rew_frame_stand_still: -0.0002
          Mean episode rew_stumble: -0.0000
    Mean episode rew_frame_stumble: -0.0000
      Mean episode rew_termination: -0.0030
Mean episode rew_frame_termination: -0.0019
          Mean episode rew_torques: -0.0006
    Mean episode rew_frame_torques: -0.0002
 Mean episode rew_tracking_ang_vel: 0.0205
Mean episode rew_frame_tracking_ang_vel: 0.0065
 Mean episode rew_tracking_lin_vel: 0.0445
Mean episode rew_frame_tracking_lin_vel: 0.0083
Mean episode max_power_throughout_episode: 4297.4790
            Mean episode max_pos_x: 1.0370
            Mean episode min_pos_x: -0.1591
            Mean episode max_pos_y: 0.5205
            Mean episode min_pos_y: -0.5249
        Mean episode timeout_ratio: 0.0003
       Mean episode num_terminated: 113.1667
--------------------------------------------------------------------------------
                   Total timesteps: 2340864
                    Iteration time: 2.55s
                        Total time: 4129.22s
                               ETA: 9628.4s


------------------------------
Step: 36500 - Reward Breakdown:
  action_rate               | Scaled Avg:  -0.0293 | Raw Avg:   0.9752
  action_smoothness         | Scaled Avg:  -0.0004 | Raw Avg:   0.1903
  ang_vel_xy                | Scaled Avg:  -0.0055 | Raw Avg:   2.7418
  base_height               | Scaled Avg:  -0.0001 | Raw Avg:   0.0067
  collision                 | Scaled Avg:  -0.0016 | Raw Avg:   0.0789
  dof_acc                   | Scaled Avg:  -0.0010 | Raw Avg: 193656.5312
  dof_error                 | Scaled Avg:  -0.0081 | Raw Avg:   0.8068
  dof_vel                   | Scaled Avg:  -0.0220 | Raw Avg:  55.0401
  feet_air_time             | Scaled Avg:   0.0001 | Raw Avg:   0.0013
  feet_contact_forces       | Scaled Avg:  -0.0000 | Raw Avg:   5.2310
  foot_clearance            | Scaled Avg:  -0.0001 | Raw Avg:   0.0062
  foot_mirror               | Scaled Avg:  -0.0003 | Raw Avg:   0.3067
  foot_slide                | Scaled Avg:  -0.0012 | Raw Avg:   1.1792
  has_contact               | Scaled Avg:   0.0018 | Raw Avg:   0.0899
  hip_pos                   | Scaled Avg:  -0.0010 | Raw Avg:   0.1050
  lin_vel_z                 | Scaled Avg:  -0.0082 | Raw Avg:   0.1026
  orientation               | Scaled Avg:  -0.0005 | Raw Avg:   0.1161
  powers                    | Scaled Avg:  -0.0000 | Raw Avg: 111.8901
  stand_still               | Scaled Avg:  -0.0006 | Raw Avg:   0.0144
  torques                   | Scaled Avg:  -0.0002 | Raw Avg: 1046.6698
  tracking_ang_vel          | Scaled Avg:   0.0068 | Raw Avg:   0.3395
  tracking_lin_vel          | Scaled Avg:   0.0152 | Raw Avg:   0.3789
  termination               | Scaled Avg:  -0.0011
  TOTAL REWARD              | Scaled Avg:  -0.0573
------------------------------

------------------------------
Step: 37000 - Reward Breakdown:
  action_rate               | Scaled Avg:  -0.0289 | Raw Avg:   0.9619
  action_smoothness         | Scaled Avg:  -0.0004 | Raw Avg:   0.1857
  ang_vel_xy                | Scaled Avg:  -0.0051 | Raw Avg:   2.5513
  base_height               | Scaled Avg:  -0.0001 | Raw Avg:   0.0066
  collision                 | Scaled Avg:  -0.0015 | Raw Avg:   0.0768
  dof_acc                   | Scaled Avg:  -0.0009 | Raw Avg: 188961.7188
  dof_error                 | Scaled Avg:  -0.0077 | Raw Avg:   0.7681
  dof_vel                   | Scaled Avg:  -0.0216 | Raw Avg:  54.0399
  feet_air_time             | Scaled Avg:   0.0001 | Raw Avg:   0.0014
  feet_contact_forces       | Scaled Avg:  -0.0000 | Raw Avg:   5.1697
  foot_clearance            | Scaled Avg:  -0.0001 | Raw Avg:   0.0057
  foot_mirror               | Scaled Avg:  -0.0003 | Raw Avg:   0.2933
  foot_slide                | Scaled Avg:  -0.0012 | Raw Avg:   1.1615
  has_contact               | Scaled Avg:   0.0018 | Raw Avg:   0.0916
  hip_pos                   | Scaled Avg:  -0.0011 | Raw Avg:   0.1081
  lin_vel_z                 | Scaled Avg:  -0.0075 | Raw Avg:   0.0939
  orientation               | Scaled Avg:  -0.0004 | Raw Avg:   0.1081
  powers                    | Scaled Avg:  -0.0000 | Raw Avg: 111.5894
  stand_still               | Scaled Avg:  -0.0005 | Raw Avg:   0.0134
  torques                   | Scaled Avg:  -0.0002 | Raw Avg: 1079.3392
  tracking_ang_vel          | Scaled Avg:   0.0071 | Raw Avg:   0.3559
  tracking_lin_vel          | Scaled Avg:   0.0156 | Raw Avg:   0.3892
  termination               | Scaled Avg:  -0.0011
  TOTAL REWARD              | Scaled Avg:  -0.0542
------------------------------

------------------------------
Step: 37500 - Reward Breakdown:
  action_rate               | Scaled Avg:  -0.0284 | Raw Avg:   0.9468
  action_smoothness         | Scaled Avg:  -0.0004 | Raw Avg:   0.1872
  ang_vel_xy                | Scaled Avg:  -0.0050 | Raw Avg:   2.4969
  base_height               | Scaled Avg:  -0.0001 | Raw Avg:   0.0069
  collision                 | Scaled Avg:  -0.0015 | Raw Avg:   0.0756
  dof_acc                   | Scaled Avg:  -0.0009 | Raw Avg: 176270.3438
  dof_error                 | Scaled Avg:  -0.0079 | Raw Avg:   0.7895
  dof_vel                   | Scaled Avg:  -0.0211 | Raw Avg:  52.7020
  feet_air_time             | Scaled Avg:   0.0001 | Raw Avg:   0.0016
  feet_contact_forces       | Scaled Avg:  -0.0000 | Raw Avg:   4.9822
  foot_clearance            | Scaled Avg:  -0.0001 | Raw Avg:   0.0057
  foot_mirror               | Scaled Avg:  -0.0003 | Raw Avg:   0.3041
  foot_slide                | Scaled Avg:  -0.0012 | Raw Avg:   1.1614
  has_contact               | Scaled Avg:   0.0017 | Raw Avg:   0.0848
  hip_pos                   | Scaled Avg:  -0.0011 | Raw Avg:   0.1063
  lin_vel_z                 | Scaled Avg:  -0.0074 | Raw Avg:   0.0925
  orientation               | Scaled Avg:  -0.0004 | Raw Avg:   0.1091
  powers                    | Scaled Avg:  -0.0000 | Raw Avg: 110.1109
  stand_still               | Scaled Avg:  -0.0006 | Raw Avg:   0.0157
  torques                   | Scaled Avg:  -0.0002 | Raw Avg: 1069.0171
  tracking_ang_vel          | Scaled Avg:   0.0073 | Raw Avg:   0.3645
  tracking_lin_vel          | Scaled Avg:   0.0152 | Raw Avg:   0.3807
  termination               | Scaled Avg:  -0.0012
  TOTAL REWARD              | Scaled Avg:  -0.0536
------------------------------

------------------------------
Step: 38000 - Reward Breakdown:
  action_rate               | Scaled Avg:  -0.0291 | Raw Avg:   0.9709
  action_smoothness         | Scaled Avg:  -0.0004 | Raw Avg:   0.1890
  ang_vel_xy                | Scaled Avg:  -0.0054 | Raw Avg:   2.6801
  base_height               | Scaled Avg:  -0.0001 | Raw Avg:   0.0068
  collision                 | Scaled Avg:  -0.0016 | Raw Avg:   0.0784
  dof_acc                   | Scaled Avg:  -0.0010 | Raw Avg: 197808.7500
  dof_error                 | Scaled Avg:  -0.0081 | Raw Avg:   0.8066
  dof_vel                   | Scaled Avg:  -0.0218 | Raw Avg:  54.4143
  feet_air_time             | Scaled Avg:   0.0001 | Raw Avg:   0.0014
  feet_contact_forces       | Scaled Avg:  -0.0000 | Raw Avg:   4.8172
  foot_clearance            | Scaled Avg:  -0.0001 | Raw Avg:   0.0061
  foot_mirror               | Scaled Avg:  -0.0003 | Raw Avg:   0.3121
  foot_slide                | Scaled Avg:  -0.0012 | Raw Avg:   1.1586
  has_contact               | Scaled Avg:   0.0017 | Raw Avg:   0.0853
  hip_pos                   | Scaled Avg:  -0.0010 | Raw Avg:   0.1014
  lin_vel_z                 | Scaled Avg:  -0.0078 | Raw Avg:   0.0971
  orientation               | Scaled Avg:  -0.0005 | Raw Avg:   0.1155
  powers                    | Scaled Avg:  -0.0000 | Raw Avg: 110.2231
  stand_still               | Scaled Avg:  -0.0006 | Raw Avg:   0.0139
  torques                   | Scaled Avg:  -0.0002 | Raw Avg: 1027.7174
  tracking_ang_vel          | Scaled Avg:   0.0071 | Raw Avg:   0.3563
  tracking_lin_vel          | Scaled Avg:   0.0151 | Raw Avg:   0.3779
  termination               | Scaled Avg:  -0.0011
  TOTAL REWARD              | Scaled Avg:  -0.0561
------------------------------
################################################################################
                    [1m Learning iteration 6600/10000 [0m                     

                       Computation: 57063 steps/s (collection: 2.012s, learning 0.552s)
                     surrogate_loss -0.0048
                         value_loss 0.0715
                            entropy 2.3720
                     estimator_loss 0.0000
                         total_loss 0.0904
             Mean action noise std: 0.20
                       Mean reward: -3.02
               Mean episode length: 39.95
      Mean episode rew_action_rate: -0.0801
Mean episode rew_frame_action_rate: -0.0348
Mean episode rew_action_smoothness: -0.0010
Mean episode rew_frame_action_smoothness: -0.0004
       Mean episode rew_ang_vel_xy: -0.0145
 Mean episode rew_frame_ang_vel_xy: -0.0083
      Mean episode rew_base_height: -0.0004
Mean episode rew_frame_base_height: -0.0002
        Mean episode rew_collision: -0.0045
  Mean episode rew_frame_collision: -0.0023
          Mean episode rew_dof_acc: -0.0026
    Mean episode rew_frame_dof_acc: -0.0017
        Mean episode rew_dof_error: -0.0227
  Mean episode rew_frame_dof_error: -0.0109
          Mean episode rew_dof_vel: -0.0599
    Mean episode rew_frame_dof_vel: -0.0355
    Mean episode rew_feet_air_time: 0.0002
Mean episode rew_frame_feet_air_time: 0.0001
Mean episode rew_feet_contact_forces: -0.0000
Mean episode rew_frame_feet_contact_forces: -0.0000
   Mean episode rew_foot_clearance: -0.0002
Mean episode rew_frame_foot_clearance: -0.0001
      Mean episode rew_foot_mirror: -0.0009
Mean episode rew_frame_foot_mirror: -0.0004
       Mean episode rew_foot_slide: -0.0032
 Mean episode rew_frame_foot_slide: -0.0015
      Mean episode rew_has_contact: 0.0049
Mean episode rew_frame_has_contact: 0.0003
          Mean episode rew_hip_pos: -0.0030
    Mean episode rew_frame_hip_pos: -0.0014
        Mean episode rew_lin_vel_z: -0.0209
  Mean episode rew_frame_lin_vel_z: -0.0132
      Mean episode rew_orientation: -0.0013
Mean episode rew_frame_orientation: -0.0008
           Mean episode rew_powers: -0.0001
     Mean episode rew_frame_powers: -0.0001
      Mean episode rew_stand_still: -0.0027
Mean episode rew_frame_stand_still: -0.0002
          Mean episode rew_stumble: -0.0000
    Mean episode rew_frame_stumble: -0.0000
      Mean episode rew_termination: -0.0030
Mean episode rew_frame_termination: -0.0019
          Mean episode rew_torques: -0.0006
    Mean episode rew_frame_torques: -0.0002
 Mean episode rew_tracking_ang_vel: 0.0201
Mean episode rew_frame_tracking_ang_vel: 0.0068
 Mean episode rew_tracking_lin_vel: 0.0419
Mean episode rew_frame_tracking_lin_vel: 0.0083
Mean episode max_power_throughout_episode: 4284.7520
            Mean episode max_pos_x: 1.0226
            Mean episode min_pos_x: -0.1786
            Mean episode max_pos_y: 0.5340
            Mean episode min_pos_y: -0.5198
        Mean episode timeout_ratio: 0.0000
       Mean episode num_terminated: 111.1250
--------------------------------------------------------------------------------
                   Total timesteps: 2487168
                    Iteration time: 2.56s
                        Total time: 4403.75s
                               ETA: 9352.1s


------------------------------
Step: 38500 - Reward Breakdown:
  action_rate               | Scaled Avg:  -0.0292 | Raw Avg:   0.9725
  action_smoothness         | Scaled Avg:  -0.0004 | Raw Avg:   0.1876
  ang_vel_xy                | Scaled Avg:  -0.0053 | Raw Avg:   2.6368
  base_height               | Scaled Avg:  -0.0001 | Raw Avg:   0.0069
  collision                 | Scaled Avg:  -0.0015 | Raw Avg:   0.0725
  dof_acc                   | Scaled Avg:  -0.0010 | Raw Avg: 198638.7812
  dof_error                 | Scaled Avg:  -0.0080 | Raw Avg:   0.7991
  dof_vel                   | Scaled Avg:  -0.0221 | Raw Avg:  55.2508
  feet_air_time             | Scaled Avg:   0.0001 | Raw Avg:   0.0015
  feet_contact_forces       | Scaled Avg:  -0.0000 | Raw Avg:   4.7686
  foot_clearance            | Scaled Avg:  -0.0001 | Raw Avg:   0.0061
  foot_mirror               | Scaled Avg:  -0.0003 | Raw Avg:   0.3091
  foot_slide                | Scaled Avg:  -0.0012 | Raw Avg:   1.1911
  has_contact               | Scaled Avg:   0.0018 | Raw Avg:   0.0877
  hip_pos                   | Scaled Avg:  -0.0010 | Raw Avg:   0.1013
  lin_vel_z                 | Scaled Avg:  -0.0079 | Raw Avg:   0.0985
  orientation               | Scaled Avg:  -0.0005 | Raw Avg:   0.1184
  powers                    | Scaled Avg:  -0.0000 | Raw Avg: 110.1852
  stand_still               | Scaled Avg:  -0.0007 | Raw Avg:   0.0169
  torques                   | Scaled Avg:  -0.0002 | Raw Avg: 1012.1253
  tracking_ang_vel          | Scaled Avg:   0.0071 | Raw Avg:   0.3571
  tracking_lin_vel          | Scaled Avg:   0.0150 | Raw Avg:   0.3747
  termination               | Scaled Avg:  -0.0011
  TOTAL REWARD              | Scaled Avg:  -0.0566
------------------------------

------------------------------
Step: 39000 - Reward Breakdown:
  action_rate               | Scaled Avg:  -0.0295 | Raw Avg:   0.9821
  action_smoothness         | Scaled Avg:  -0.0004 | Raw Avg:   0.1885
  ang_vel_xy                | Scaled Avg:  -0.0055 | Raw Avg:   2.7657
  base_height               | Scaled Avg:  -0.0001 | Raw Avg:   0.0072
  collision                 | Scaled Avg:  -0.0017 | Raw Avg:   0.0860
  dof_acc                   | Scaled Avg:  -0.0010 | Raw Avg: 209598.9062
  dof_error                 | Scaled Avg:  -0.0086 | Raw Avg:   0.8641
  dof_vel                   | Scaled Avg:  -0.0229 | Raw Avg:  57.3095
  feet_air_time             | Scaled Avg:   0.0001 | Raw Avg:   0.0018
  feet_contact_forces       | Scaled Avg:  -0.0000 | Raw Avg:   5.6385
  foot_clearance            | Scaled Avg:  -0.0001 | Raw Avg:   0.0064
  foot_mirror               | Scaled Avg:  -0.0003 | Raw Avg:   0.3169
  foot_slide                | Scaled Avg:  -0.0012 | Raw Avg:   1.2051
  has_contact               | Scaled Avg:   0.0018 | Raw Avg:   0.0903
  hip_pos                   | Scaled Avg:  -0.0011 | Raw Avg:   0.1084
  lin_vel_z                 | Scaled Avg:  -0.0082 | Raw Avg:   0.1027
  orientation               | Scaled Avg:  -0.0005 | Raw Avg:   0.1156
  powers                    | Scaled Avg:  -0.0000 | Raw Avg: 113.9108
  stand_still               | Scaled Avg:  -0.0006 | Raw Avg:   0.0156
  torques                   | Scaled Avg:  -0.0002 | Raw Avg: 1036.3324
  tracking_ang_vel          | Scaled Avg:   0.0072 | Raw Avg:   0.3576
  tracking_lin_vel          | Scaled Avg:   0.0153 | Raw Avg:   0.3826
  termination               | Scaled Avg:  -0.0011
  TOTAL REWARD              | Scaled Avg:  -0.0589
------------------------------

------------------------------
Step: 39500 - Reward Breakdown:
  action_rate               | Scaled Avg:  -0.0298 | Raw Avg:   0.9924
  action_smoothness         | Scaled Avg:  -0.0004 | Raw Avg:   0.1869
  ang_vel_xy                | Scaled Avg:  -0.0057 | Raw Avg:   2.8399
  base_height               | Scaled Avg:  -0.0001 | Raw Avg:   0.0070
  collision                 | Scaled Avg:  -0.0016 | Raw Avg:   0.0799
  dof_acc                   | Scaled Avg:  -0.0009 | Raw Avg: 177378.6406
  dof_error                 | Scaled Avg:  -0.0084 | Raw Avg:   0.8384
  dof_vel                   | Scaled Avg:  -0.0227 | Raw Avg:  56.6924
  feet_air_time             | Scaled Avg:   0.0001 | Raw Avg:   0.0018
  feet_contact_forces       | Scaled Avg:  -0.0000 | Raw Avg:   5.3611
  foot_clearance            | Scaled Avg:  -0.0001 | Raw Avg:   0.0061
  foot_mirror               | Scaled Avg:  -0.0003 | Raw Avg:   0.3059
  foot_slide                | Scaled Avg:  -0.0012 | Raw Avg:   1.2016
  has_contact               | Scaled Avg:   0.0018 | Raw Avg:   0.0886
  hip_pos                   | Scaled Avg:  -0.0011 | Raw Avg:   0.1094
  lin_vel_z                 | Scaled Avg:  -0.0082 | Raw Avg:   0.1028
  orientation               | Scaled Avg:  -0.0004 | Raw Avg:   0.1102
  powers                    | Scaled Avg:  -0.0000 | Raw Avg: 113.0230
  stand_still               | Scaled Avg:  -0.0004 | Raw Avg:   0.0108
  torques                   | Scaled Avg:  -0.0002 | Raw Avg: 1057.8472
  tracking_ang_vel          | Scaled Avg:   0.0072 | Raw Avg:   0.3584
  tracking_lin_vel          | Scaled Avg:   0.0153 | Raw Avg:   0.3837
  termination               | Scaled Avg:  -0.0012
  TOTAL REWARD              | Scaled Avg:  -0.0584
------------------------------

------------------------------
Step: 40000 - Reward Breakdown:
  action_rate               | Scaled Avg:  -0.0285 | Raw Avg:   0.9491
  action_smoothness         | Scaled Avg:  -0.0004 | Raw Avg:   0.1885
  ang_vel_xy                | Scaled Avg:  -0.0052 | Raw Avg:   2.6245
  base_height               | Scaled Avg:  -0.0001 | Raw Avg:   0.0071
  collision                 | Scaled Avg:  -0.0014 | Raw Avg:   0.0710
  dof_acc                   | Scaled Avg:  -0.0009 | Raw Avg: 174792.3750
  dof_error                 | Scaled Avg:  -0.0082 | Raw Avg:   0.8165
  dof_vel                   | Scaled Avg:  -0.0212 | Raw Avg:  52.9374
  feet_air_time             | Scaled Avg:   0.0000 | Raw Avg:   0.0010
  feet_contact_forces       | Scaled Avg:  -0.0000 | Raw Avg:   4.3083
  foot_clearance            | Scaled Avg:  -0.0001 | Raw Avg:   0.0058
  foot_mirror               | Scaled Avg:  -0.0003 | Raw Avg:   0.3128
  foot_slide                | Scaled Avg:  -0.0011 | Raw Avg:   1.1275
  has_contact               | Scaled Avg:   0.0018 | Raw Avg:   0.0916
  hip_pos                   | Scaled Avg:  -0.0011 | Raw Avg:   0.1058
  lin_vel_z                 | Scaled Avg:  -0.0080 | Raw Avg:   0.0994
  orientation               | Scaled Avg:  -0.0004 | Raw Avg:   0.1080
  powers                    | Scaled Avg:  -0.0000 | Raw Avg: 109.0362
  stand_still               | Scaled Avg:  -0.0007 | Raw Avg:   0.0163
  torques                   | Scaled Avg:  -0.0002 | Raw Avg: 1054.1356
  tracking_ang_vel          | Scaled Avg:   0.0072 | Raw Avg:   0.3576
  tracking_lin_vel          | Scaled Avg:   0.0153 | Raw Avg:   0.3832
  termination               | Scaled Avg:  -0.0010
  TOTAL REWARD              | Scaled Avg:  -0.0544
------------------------------

------------------------------
Step: 40500 - Reward Breakdown:
  action_rate               | Scaled Avg:  -0.0301 | Raw Avg:   1.0021
  action_smoothness         | Scaled Avg:  -0.0004 | Raw Avg:   0.1894
  ang_vel_xy                | Scaled Avg:  -0.0055 | Raw Avg:   2.7620
  base_height               | Scaled Avg:  -0.0001 | Raw Avg:   0.0071
  collision                 | Scaled Avg:  -0.0015 | Raw Avg:   0.0768
  dof_acc                   | Scaled Avg:  -0.0010 | Raw Avg: 196413.4844
  dof_error                 | Scaled Avg:  -0.0081 | Raw Avg:   0.8087
  dof_vel                   | Scaled Avg:  -0.0234 | Raw Avg:  58.4837
  feet_air_time             | Scaled Avg:   0.0001 | Raw Avg:   0.0019
  feet_contact_forces       | Scaled Avg:  -0.0000 | Raw Avg:   5.6303
  foot_clearance            | Scaled Avg:  -0.0001 | Raw Avg:   0.0060
  foot_mirror               | Scaled Avg:  -0.0003 | Raw Avg:   0.3022
  foot_slide                | Scaled Avg:  -0.0012 | Raw Avg:   1.2136
  has_contact               | Scaled Avg:   0.0017 | Raw Avg:   0.0831
  hip_pos                   | Scaled Avg:  -0.0011 | Raw Avg:   0.1113
  lin_vel_z                 | Scaled Avg:  -0.0082 | Raw Avg:   0.1019
  orientation               | Scaled Avg:  -0.0005 | Raw Avg:   0.1138
  powers                    | Scaled Avg:  -0.0000 | Raw Avg: 115.7324
  stand_still               | Scaled Avg:  -0.0005 | Raw Avg:   0.0133
  torques                   | Scaled Avg:  -0.0002 | Raw Avg: 1068.0651
  tracking_ang_vel          | Scaled Avg:   0.0073 | Raw Avg:   0.3642
  tracking_lin_vel          | Scaled Avg:   0.0151 | Raw Avg:   0.3774
  termination               | Scaled Avg:  -0.0011
  TOTAL REWARD              | Scaled Avg:  -0.0592
------------------------------
################################################################################
                    [1m Learning iteration 6700/10000 [0m                     

                       Computation: 40340 steps/s (collection: 2.905s, learning 0.722s)
                     surrogate_loss -0.0056
                         value_loss 0.0633
                            entropy 2.3564
                     estimator_loss 0.0000
                         total_loss 0.0813
             Mean action noise std: 0.20
                       Mean reward: -2.91
               Mean episode length: 64.59
      Mean episode rew_action_rate: -0.0768
Mean episode rew_frame_action_rate: -0.0352
Mean episode rew_action_smoothness: -0.0010
Mean episode rew_frame_action_smoothness: -0.0004
       Mean episode rew_ang_vel_xy: -0.0140
 Mean episode rew_frame_ang_vel_xy: -0.0082
      Mean episode rew_base_height: -0.0004
Mean episode rew_frame_base_height: -0.0002
        Mean episode rew_collision: -0.0038
  Mean episode rew_frame_collision: -0.0022
          Mean episode rew_dof_acc: -0.0025
    Mean episode rew_frame_dof_acc: -0.0017
        Mean episode rew_dof_error: -0.0215
  Mean episode rew_frame_dof_error: -0.0109
          Mean episode rew_dof_vel: -0.0594
    Mean episode rew_frame_dof_vel: -0.0359
    Mean episode rew_feet_air_time: 0.0002
Mean episode rew_frame_feet_air_time: 0.0001
Mean episode rew_feet_contact_forces: -0.0000
Mean episode rew_frame_feet_contact_forces: -0.0000
   Mean episode rew_foot_clearance: -0.0002
Mean episode rew_frame_foot_clearance: -0.0001
      Mean episode rew_foot_mirror: -0.0008
Mean episode rew_frame_foot_mirror: -0.0004
       Mean episode rew_foot_slide: -0.0031
 Mean episode rew_frame_foot_slide: -0.0014
      Mean episode rew_has_contact: 0.0044
Mean episode rew_frame_has_contact: 0.0003
          Mean episode rew_hip_pos: -0.0028
    Mean episode rew_frame_hip_pos: -0.0014
        Mean episode rew_lin_vel_z: -0.0212
  Mean episode rew_frame_lin_vel_z: -0.0137
      Mean episode rew_orientation: -0.0012
Mean episode rew_frame_orientation: -0.0007
           Mean episode rew_powers: -0.0001
     Mean episode rew_frame_powers: -0.0001
      Mean episode rew_stand_still: -0.0019
Mean episode rew_frame_stand_still: -0.0001
          Mean episode rew_stumble: -0.0000
    Mean episode rew_frame_stumble: -0.0000
      Mean episode rew_termination: -0.0030
Mean episode rew_frame_termination: -0.0019
          Mean episode rew_torques: -0.0005
    Mean episode rew_frame_torques: -0.0002
 Mean episode rew_tracking_ang_vel: 0.0191
Mean episode rew_frame_tracking_ang_vel: 0.0069
 Mean episode rew_tracking_lin_vel: 0.0385
Mean episode rew_frame_tracking_lin_vel: 0.0082
Mean episode max_power_throughout_episode: 4351.6353
            Mean episode max_pos_x: 1.0132
            Mean episode min_pos_x: -0.1388
            Mean episode max_pos_y: 0.5169
            Mean episode min_pos_y: -0.5057
        Mean episode timeout_ratio: 0.0000
       Mean episode num_terminated: 112.4167
--------------------------------------------------------------------------------
                   Total timesteps: 2633472
                    Iteration time: 3.63s
                        Total time: 4678.82s
                               ETA: 9077.1s


------------------------------
Step: 41000 - Reward Breakdown:
  action_rate               | Scaled Avg:  -0.0290 | Raw Avg:   0.9654
  action_smoothness         | Scaled Avg:  -0.0004 | Raw Avg:   0.1857
  ang_vel_xy                | Scaled Avg:  -0.0052 | Raw Avg:   2.6225
  base_height               | Scaled Avg:  -0.0001 | Raw Avg:   0.0070
  collision                 | Scaled Avg:  -0.0014 | Raw Avg:   0.0714
  dof_acc                   | Scaled Avg:  -0.0010 | Raw Avg: 197349.4844
  dof_error                 | Scaled Avg:  -0.0079 | Raw Avg:   0.7921
  dof_vel                   | Scaled Avg:  -0.0216 | Raw Avg:  54.0821
  feet_air_time             | Scaled Avg:   0.0000 | Raw Avg:   0.0011
  feet_contact_forces       | Scaled Avg:  -0.0000 | Raw Avg:   5.4387
  foot_clearance            | Scaled Avg:  -0.0001 | Raw Avg:   0.0056
  foot_mirror               | Scaled Avg:  -0.0003 | Raw Avg:   0.3100
  foot_slide                | Scaled Avg:  -0.0012 | Raw Avg:   1.1726
  has_contact               | Scaled Avg:   0.0018 | Raw Avg:   0.0875
  hip_pos                   | Scaled Avg:  -0.0011 | Raw Avg:   0.1092
  lin_vel_z                 | Scaled Avg:  -0.0073 | Raw Avg:   0.0916
  orientation               | Scaled Avg:  -0.0005 | Raw Avg:   0.1127
  powers                    | Scaled Avg:  -0.0000 | Raw Avg: 111.6312
  stand_still               | Scaled Avg:  -0.0005 | Raw Avg:   0.0129
  torques                   | Scaled Avg:  -0.0002 | Raw Avg: 1065.4547
  tracking_ang_vel          | Scaled Avg:   0.0075 | Raw Avg:   0.3746
  tracking_lin_vel          | Scaled Avg:   0.0153 | Raw Avg:   0.3831
  termination               | Scaled Avg:  -0.0012
  TOTAL REWARD              | Scaled Avg:  -0.0545
------------------------------

------------------------------
Step: 41500 - Reward Breakdown:
  action_rate               | Scaled Avg:  -0.0294 | Raw Avg:   0.9817
  action_smoothness         | Scaled Avg:  -0.0004 | Raw Avg:   0.1871
  ang_vel_xy                | Scaled Avg:  -0.0052 | Raw Avg:   2.5984
  base_height               | Scaled Avg:  -0.0001 | Raw Avg:   0.0070
  collision                 | Scaled Avg:  -0.0015 | Raw Avg:   0.0769
  dof_acc                   | Scaled Avg:  -0.0009 | Raw Avg: 177810.4531
  dof_error                 | Scaled Avg:  -0.0080 | Raw Avg:   0.8023
  dof_vel                   | Scaled Avg:  -0.0215 | Raw Avg:  53.7911
  feet_air_time             | Scaled Avg:   0.0001 | Raw Avg:   0.0019
  feet_contact_forces       | Scaled Avg:  -0.0000 | Raw Avg:   5.1525
  foot_clearance            | Scaled Avg:  -0.0001 | Raw Avg:   0.0056
  foot_mirror               | Scaled Avg:  -0.0003 | Raw Avg:   0.3085
  foot_slide                | Scaled Avg:  -0.0012 | Raw Avg:   1.1711
  has_contact               | Scaled Avg:   0.0018 | Raw Avg:   0.0918
  hip_pos                   | Scaled Avg:  -0.0011 | Raw Avg:   0.1087
  lin_vel_z                 | Scaled Avg:  -0.0078 | Raw Avg:   0.0978
  orientation               | Scaled Avg:  -0.0005 | Raw Avg:   0.1160
  powers                    | Scaled Avg:  -0.0000 | Raw Avg: 111.0482
  stand_still               | Scaled Avg:  -0.0006 | Raw Avg:   0.0150
  torques                   | Scaled Avg:  -0.0002 | Raw Avg: 1060.6595
  tracking_ang_vel          | Scaled Avg:   0.0073 | Raw Avg:   0.3646
  tracking_lin_vel          | Scaled Avg:   0.0152 | Raw Avg:   0.3806
  termination               | Scaled Avg:  -0.0011
  TOTAL REWARD              | Scaled Avg:  -0.0556
------------------------------

------------------------------
Step: 42000 - Reward Breakdown:
  action_rate               | Scaled Avg:  -0.0295 | Raw Avg:   0.9843
  action_smoothness         | Scaled Avg:  -0.0004 | Raw Avg:   0.1888
  ang_vel_xy                | Scaled Avg:  -0.0053 | Raw Avg:   2.6678
  base_height               | Scaled Avg:  -0.0001 | Raw Avg:   0.0071
  collision                 | Scaled Avg:  -0.0014 | Raw Avg:   0.0714
  dof_acc                   | Scaled Avg:  -0.0011 | Raw Avg: 229094.7656
  dof_error                 | Scaled Avg:  -0.0082 | Raw Avg:   0.8206
  dof_vel                   | Scaled Avg:  -0.0234 | Raw Avg:  58.5574
  feet_air_time             | Scaled Avg:   0.0001 | Raw Avg:   0.0019
  feet_contact_forces       | Scaled Avg:  -0.0000 | Raw Avg:   4.7763
  foot_clearance            | Scaled Avg:  -0.0001 | Raw Avg:   0.0060
  foot_mirror               | Scaled Avg:  -0.0003 | Raw Avg:   0.3166
  foot_slide                | Scaled Avg:  -0.0012 | Raw Avg:   1.1889
  has_contact               | Scaled Avg:   0.0017 | Raw Avg:   0.0863
  hip_pos                   | Scaled Avg:  -0.0010 | Raw Avg:   0.1044
  lin_vel_z                 | Scaled Avg:  -0.0075 | Raw Avg:   0.0932
  orientation               | Scaled Avg:  -0.0005 | Raw Avg:   0.1206
  powers                    | Scaled Avg:  -0.0000 | Raw Avg: 112.7821
  stand_still               | Scaled Avg:  -0.0006 | Raw Avg:   0.0159
  torques                   | Scaled Avg:  -0.0002 | Raw Avg: 1033.6180
  tracking_ang_vel          | Scaled Avg:   0.0074 | Raw Avg:   0.3690
  tracking_lin_vel          | Scaled Avg:   0.0149 | Raw Avg:   0.3717
  termination               | Scaled Avg:  -0.0012
  TOTAL REWARD              | Scaled Avg:  -0.0582
------------------------------

------------------------------
Step: 42500 - Reward Breakdown:
  action_rate               | Scaled Avg:  -0.0296 | Raw Avg:   0.9861
  action_smoothness         | Scaled Avg:  -0.0004 | Raw Avg:   0.1923
  ang_vel_xy                | Scaled Avg:  -0.0057 | Raw Avg:   2.8309
  base_height               | Scaled Avg:  -0.0001 | Raw Avg:   0.0075
  collision                 | Scaled Avg:  -0.0016 | Raw Avg:   0.0823
  dof_acc                   | Scaled Avg:  -0.0011 | Raw Avg: 220528.1250
  dof_error                 | Scaled Avg:  -0.0086 | Raw Avg:   0.8599
  dof_vel                   | Scaled Avg:  -0.0234 | Raw Avg:  58.4017
  feet_air_time             | Scaled Avg:   0.0001 | Raw Avg:   0.0018
  feet_contact_forces       | Scaled Avg:  -0.0000 | Raw Avg:   5.6190
  foot_clearance            | Scaled Avg:  -0.0001 | Raw Avg:   0.0060
  foot_mirror               | Scaled Avg:  -0.0003 | Raw Avg:   0.3237
  foot_slide                | Scaled Avg:  -0.0012 | Raw Avg:   1.2189
  has_contact               | Scaled Avg:   0.0019 | Raw Avg:   0.0933
  hip_pos                   | Scaled Avg:  -0.0011 | Raw Avg:   0.1103
  lin_vel_z                 | Scaled Avg:  -0.0084 | Raw Avg:   0.1052
  orientation               | Scaled Avg:  -0.0005 | Raw Avg:   0.1266
  powers                    | Scaled Avg:  -0.0000 | Raw Avg: 115.3930
  stand_still               | Scaled Avg:  -0.0007 | Raw Avg:   0.0187
  torques                   | Scaled Avg:  -0.0002 | Raw Avg: 1067.8062
  tracking_ang_vel          | Scaled Avg:   0.0073 | Raw Avg:   0.3647
  tracking_lin_vel          | Scaled Avg:   0.0150 | Raw Avg:   0.3746
  termination               | Scaled Avg:  -0.0011
  TOTAL REWARD              | Scaled Avg:  -0.0600
------------------------------

------------------------------
Step: 43000 - Reward Breakdown:
  action_rate               | Scaled Avg:  -0.0299 | Raw Avg:   0.9969
  action_smoothness         | Scaled Avg:  -0.0004 | Raw Avg:   0.1909
  ang_vel_xy                | Scaled Avg:  -0.0054 | Raw Avg:   2.7093
  base_height               | Scaled Avg:  -0.0001 | Raw Avg:   0.0070
  collision                 | Scaled Avg:  -0.0017 | Raw Avg:   0.0830
  dof_acc                   | Scaled Avg:  -0.0010 | Raw Avg: 200944.2969
  dof_error                 | Scaled Avg:  -0.0082 | Raw Avg:   0.8224
  dof_vel                   | Scaled Avg:  -0.0227 | Raw Avg:  56.8137
  feet_air_time             | Scaled Avg:   0.0001 | Raw Avg:   0.0019
  feet_contact_forces       | Scaled Avg:  -0.0000 | Raw Avg:   5.0957
  foot_clearance            | Scaled Avg:  -0.0001 | Raw Avg:   0.0058
  foot_mirror               | Scaled Avg:  -0.0003 | Raw Avg:   0.3044
  foot_slide                | Scaled Avg:  -0.0012 | Raw Avg:   1.2024
  has_contact               | Scaled Avg:   0.0017 | Raw Avg:   0.0850
  hip_pos                   | Scaled Avg:  -0.0011 | Raw Avg:   0.1093
  lin_vel_z                 | Scaled Avg:  -0.0081 | Raw Avg:   0.1010
  orientation               | Scaled Avg:  -0.0005 | Raw Avg:   0.1185
  powers                    | Scaled Avg:  -0.0000 | Raw Avg: 114.3087
  stand_still               | Scaled Avg:  -0.0005 | Raw Avg:   0.0137
  torques                   | Scaled Avg:  -0.0002 | Raw Avg: 1082.5208
  tracking_ang_vel          | Scaled Avg:   0.0077 | Raw Avg:   0.3861
  tracking_lin_vel          | Scaled Avg:   0.0149 | Raw Avg:   0.3726
  termination               | Scaled Avg:  -0.0010
  TOTAL REWARD              | Scaled Avg:  -0.0581
------------------------------
################################################################################
                    [1m Learning iteration 6800/10000 [0m                     

                       Computation: 55465 steps/s (collection: 2.072s, learning 0.565s)
                     surrogate_loss -0.0039
                         value_loss 0.0683
                            entropy 2.3441
                     estimator_loss 0.0000
                         total_loss 0.0878
             Mean action noise std: 0.20
                       Mean reward: -3.04
               Mean episode length: 47.98
      Mean episode rew_action_rate: -0.0765
Mean episode rew_frame_action_rate: -0.0351
Mean episode rew_action_smoothness: -0.0010
Mean episode rew_frame_action_smoothness: -0.0004
       Mean episode rew_ang_vel_xy: -0.0139
 Mean episode rew_frame_ang_vel_xy: -0.0080
      Mean episode rew_base_height: -0.0004
Mean episode rew_frame_base_height: -0.0002
        Mean episode rew_collision: -0.0043
  Mean episode rew_frame_collision: -0.0022
          Mean episode rew_dof_acc: -0.0027
    Mean episode rew_frame_dof_acc: -0.0018
        Mean episode rew_dof_error: -0.0208
  Mean episode rew_frame_dof_error: -0.0105
          Mean episode rew_dof_vel: -0.0584
    Mean episode rew_frame_dof_vel: -0.0351
    Mean episode rew_feet_air_time: 0.0002
Mean episode rew_frame_feet_air_time: 0.0001
Mean episode rew_feet_contact_forces: -0.0000
Mean episode rew_frame_feet_contact_forces: -0.0000
   Mean episode rew_foot_clearance: -0.0001
Mean episode rew_frame_foot_clearance: -0.0001
      Mean episode rew_foot_mirror: -0.0008
Mean episode rew_frame_foot_mirror: -0.0004
       Mean episode rew_foot_slide: -0.0031
 Mean episode rew_frame_foot_slide: -0.0015
      Mean episode rew_has_contact: 0.0046
Mean episode rew_frame_has_contact: 0.0004
          Mean episode rew_hip_pos: -0.0029
    Mean episode rew_frame_hip_pos: -0.0013
        Mean episode rew_lin_vel_z: -0.0206
  Mean episode rew_frame_lin_vel_z: -0.0132
      Mean episode rew_orientation: -0.0012
Mean episode rew_frame_orientation: -0.0007
           Mean episode rew_powers: -0.0001
     Mean episode rew_frame_powers: -0.0001
      Mean episode rew_stand_still: -0.0013
Mean episode rew_frame_stand_still: -0.0002
          Mean episode rew_stumble: -0.0000
    Mean episode rew_frame_stumble: -0.0000
      Mean episode rew_termination: -0.0030
Mean episode rew_frame_termination: -0.0019
          Mean episode rew_torques: -0.0006
    Mean episode rew_frame_torques: -0.0002
 Mean episode rew_tracking_ang_vel: 0.0196
Mean episode rew_frame_tracking_ang_vel: 0.0070
 Mean episode rew_tracking_lin_vel: 0.0395
Mean episode rew_frame_tracking_lin_vel: 0.0083
Mean episode max_power_throughout_episode: 4394.2007
            Mean episode max_pos_x: 1.0050
            Mean episode min_pos_x: -0.1579
            Mean episode max_pos_y: 0.5285
            Mean episode min_pos_y: -0.5016
        Mean episode timeout_ratio: 0.0000
       Mean episode num_terminated: 119.2917
--------------------------------------------------------------------------------
                   Total timesteps: 2779776
                    Iteration time: 2.64s
                        Total time: 4957.20s
                               ETA: 8807.9s


------------------------------
Step: 43500 - Reward Breakdown:
  action_rate               | Scaled Avg:  -0.0293 | Raw Avg:   0.9770
  action_smoothness         | Scaled Avg:  -0.0004 | Raw Avg:   0.1893
  ang_vel_xy                | Scaled Avg:  -0.0050 | Raw Avg:   2.5149
  base_height               | Scaled Avg:  -0.0001 | Raw Avg:   0.0070
  collision                 | Scaled Avg:  -0.0015 | Raw Avg:   0.0733
  dof_acc                   | Scaled Avg:  -0.0010 | Raw Avg: 206659.6094
  dof_error                 | Scaled Avg:  -0.0081 | Raw Avg:   0.8081
  dof_vel                   | Scaled Avg:  -0.0212 | Raw Avg:  53.0073
  feet_air_time             | Scaled Avg:   0.0000 | Raw Avg:   0.0011
  feet_contact_forces       | Scaled Avg:  -0.0000 | Raw Avg:   4.4202
  foot_clearance            | Scaled Avg:  -0.0001 | Raw Avg:   0.0057
  foot_mirror               | Scaled Avg:  -0.0003 | Raw Avg:   0.2981
  foot_slide                | Scaled Avg:  -0.0012 | Raw Avg:   1.1516
  has_contact               | Scaled Avg:   0.0018 | Raw Avg:   0.0901
  hip_pos                   | Scaled Avg:  -0.0011 | Raw Avg:   0.1117
  lin_vel_z                 | Scaled Avg:  -0.0073 | Raw Avg:   0.0908
  orientation               | Scaled Avg:  -0.0005 | Raw Avg:   0.1138
  powers                    | Scaled Avg:  -0.0000 | Raw Avg: 109.8982
  stand_still               | Scaled Avg:  -0.0006 | Raw Avg:   0.0148
  torques                   | Scaled Avg:  -0.0002 | Raw Avg: 1064.7798
  tracking_ang_vel          | Scaled Avg:   0.0073 | Raw Avg:   0.3627
  tracking_lin_vel          | Scaled Avg:   0.0156 | Raw Avg:   0.3906
  termination               | Scaled Avg:  -0.0012
  TOTAL REWARD              | Scaled Avg:  -0.0544
------------------------------

------------------------------
Step: 44000 - Reward Breakdown:
  action_rate               | Scaled Avg:  -0.0293 | Raw Avg:   0.9766
  action_smoothness         | Scaled Avg:  -0.0004 | Raw Avg:   0.1891
  ang_vel_xy                | Scaled Avg:  -0.0052 | Raw Avg:   2.5934
  base_height               | Scaled Avg:  -0.0001 | Raw Avg:   0.0067
  collision                 | Scaled Avg:  -0.0017 | Raw Avg:   0.0827
  dof_acc                   | Scaled Avg:  -0.0010 | Raw Avg: 200304.3281
  dof_error                 | Scaled Avg:  -0.0080 | Raw Avg:   0.7972
  dof_vel                   | Scaled Avg:  -0.0220 | Raw Avg:  55.0310
  feet_air_time             | Scaled Avg:   0.0001 | Raw Avg:   0.0016
  feet_contact_forces       | Scaled Avg:  -0.0000 | Raw Avg:   4.5123
  foot_clearance            | Scaled Avg:  -0.0001 | Raw Avg:   0.0060
  foot_mirror               | Scaled Avg:  -0.0003 | Raw Avg:   0.2987
  foot_slide                | Scaled Avg:  -0.0012 | Raw Avg:   1.1707
  has_contact               | Scaled Avg:   0.0018 | Raw Avg:   0.0903
  hip_pos                   | Scaled Avg:  -0.0010 | Raw Avg:   0.1049
  lin_vel_z                 | Scaled Avg:  -0.0077 | Raw Avg:   0.0961
  orientation               | Scaled Avg:  -0.0005 | Raw Avg:   0.1143
  powers                    | Scaled Avg:  -0.0000 | Raw Avg: 108.2007
  stand_still               | Scaled Avg:  -0.0005 | Raw Avg:   0.0121
  torques                   | Scaled Avg:  -0.0002 | Raw Avg: 1030.6278
  tracking_ang_vel          | Scaled Avg:   0.0073 | Raw Avg:   0.3651
  tracking_lin_vel          | Scaled Avg:   0.0153 | Raw Avg:   0.3817
  termination               | Scaled Avg:  -0.0011
  TOTAL REWARD              | Scaled Avg:  -0.0557
------------------------------

------------------------------
Step: 44500 - Reward Breakdown:
  action_rate               | Scaled Avg:  -0.0284 | Raw Avg:   0.9473
  action_smoothness         | Scaled Avg:  -0.0004 | Raw Avg:   0.1846
  ang_vel_xy                | Scaled Avg:  -0.0051 | Raw Avg:   2.5620
  base_height               | Scaled Avg:  -0.0001 | Raw Avg:   0.0066
  collision                 | Scaled Avg:  -0.0015 | Raw Avg:   0.0763
  dof_acc                   | Scaled Avg:  -0.0009 | Raw Avg: 178498.8594
  dof_error                 | Scaled Avg:  -0.0077 | Raw Avg:   0.7660
  dof_vel                   | Scaled Avg:  -0.0206 | Raw Avg:  51.4251
  feet_air_time             | Scaled Avg:   0.0001 | Raw Avg:   0.0013
  feet_contact_forces       | Scaled Avg:  -0.0000 | Raw Avg:   4.6288
  foot_clearance            | Scaled Avg:  -0.0001 | Raw Avg:   0.0059
  foot_mirror               | Scaled Avg:  -0.0003 | Raw Avg:   0.2864
  foot_slide                | Scaled Avg:  -0.0011 | Raw Avg:   1.1402
  has_contact               | Scaled Avg:   0.0017 | Raw Avg:   0.0854
  hip_pos                   | Scaled Avg:  -0.0011 | Raw Avg:   0.1067
  lin_vel_z                 | Scaled Avg:  -0.0073 | Raw Avg:   0.0918
  orientation               | Scaled Avg:  -0.0004 | Raw Avg:   0.1083
  powers                    | Scaled Avg:  -0.0000 | Raw Avg: 107.0379
  stand_still               | Scaled Avg:  -0.0006 | Raw Avg:   0.0141
  torques                   | Scaled Avg:  -0.0002 | Raw Avg: 1045.5559
  tracking_ang_vel          | Scaled Avg:   0.0071 | Raw Avg:   0.3547
  tracking_lin_vel          | Scaled Avg:   0.0155 | Raw Avg:   0.3864
  termination               | Scaled Avg:  -0.0010
  TOTAL REWARD              | Scaled Avg:  -0.0525
------------------------------

------------------------------
Step: 45000 - Reward Breakdown:
  action_rate               | Scaled Avg:  -0.0290 | Raw Avg:   0.9675
  action_smoothness         | Scaled Avg:  -0.0004 | Raw Avg:   0.1860
  ang_vel_xy                | Scaled Avg:  -0.0051 | Raw Avg:   2.5517
  base_height               | Scaled Avg:  -0.0001 | Raw Avg:   0.0065
  collision                 | Scaled Avg:  -0.0015 | Raw Avg:   0.0755
  dof_acc                   | Scaled Avg:  -0.0010 | Raw Avg: 207140.8750
  dof_error                 | Scaled Avg:  -0.0077 | Raw Avg:   0.7692
  dof_vel                   | Scaled Avg:  -0.0216 | Raw Avg:  53.9021
  feet_air_time             | Scaled Avg:   0.0001 | Raw Avg:   0.0017
  feet_contact_forces       | Scaled Avg:  -0.0000 | Raw Avg:   4.8607
  foot_clearance            | Scaled Avg:  -0.0001 | Raw Avg:   0.0059
  foot_mirror               | Scaled Avg:  -0.0003 | Raw Avg:   0.2934
  foot_slide                | Scaled Avg:  -0.0012 | Raw Avg:   1.1583
  has_contact               | Scaled Avg:   0.0016 | Raw Avg:   0.0818
  hip_pos                   | Scaled Avg:  -0.0011 | Raw Avg:   0.1062
  lin_vel_z                 | Scaled Avg:  -0.0074 | Raw Avg:   0.0921
  orientation               | Scaled Avg:  -0.0004 | Raw Avg:   0.1100
  powers                    | Scaled Avg:  -0.0000 | Raw Avg: 109.2715
  stand_still               | Scaled Avg:  -0.0004 | Raw Avg:   0.0111
  torques                   | Scaled Avg:  -0.0002 | Raw Avg: 1043.6918
  tracking_ang_vel          | Scaled Avg:   0.0073 | Raw Avg:   0.3631
  tracking_lin_vel          | Scaled Avg:   0.0150 | Raw Avg:   0.3751
  termination               | Scaled Avg:  -0.0011
  TOTAL REWARD              | Scaled Avg:  -0.0546
------------------------------

------------------------------
Step: 45500 - Reward Breakdown:
  action_rate               | Scaled Avg:  -0.0299 | Raw Avg:   0.9966
  action_smoothness         | Scaled Avg:  -0.0004 | Raw Avg:   0.1906
  ang_vel_xy                | Scaled Avg:  -0.0055 | Raw Avg:   2.7504
  base_height               | Scaled Avg:  -0.0001 | Raw Avg:   0.0068
  collision                 | Scaled Avg:  -0.0017 | Raw Avg:   0.0832
  dof_acc                   | Scaled Avg:  -0.0010 | Raw Avg: 199962.9219
  dof_error                 | Scaled Avg:  -0.0081 | Raw Avg:   0.8054
  dof_vel                   | Scaled Avg:  -0.0228 | Raw Avg:  56.9501
  feet_air_time             | Scaled Avg:   0.0001 | Raw Avg:   0.0016
  feet_contact_forces       | Scaled Avg:  -0.0000 | Raw Avg:   5.2013
  foot_clearance            | Scaled Avg:  -0.0001 | Raw Avg:   0.0060
  foot_mirror               | Scaled Avg:  -0.0003 | Raw Avg:   0.3210
  foot_slide                | Scaled Avg:  -0.0012 | Raw Avg:   1.1998
  has_contact               | Scaled Avg:   0.0019 | Raw Avg:   0.0927
  hip_pos                   | Scaled Avg:  -0.0010 | Raw Avg:   0.1029
  lin_vel_z                 | Scaled Avg:  -0.0084 | Raw Avg:   0.1046
  orientation               | Scaled Avg:  -0.0005 | Raw Avg:   0.1160
  powers                    | Scaled Avg:  -0.0000 | Raw Avg: 111.5864
  stand_still               | Scaled Avg:  -0.0007 | Raw Avg:   0.0178
  torques                   | Scaled Avg:  -0.0002 | Raw Avg: 1028.1998
  tracking_ang_vel          | Scaled Avg:   0.0073 | Raw Avg:   0.3641
  tracking_lin_vel          | Scaled Avg:   0.0154 | Raw Avg:   0.3856
  termination               | Scaled Avg:  -0.0010
  TOTAL REWARD              | Scaled Avg:  -0.0582
------------------------------
################################################################################
                    [1m Learning iteration 6900/10000 [0m                     

                       Computation: 56467 steps/s (collection: 2.037s, learning 0.554s)
                     surrogate_loss -0.0056
                         value_loss 0.0625
                            entropy 2.3595
                     estimator_loss 0.0000
                         total_loss 0.0805
             Mean action noise std: 0.20
                       Mean reward: -3.16
               Mean episode length: 45.81
      Mean episode rew_action_rate: -0.0751
Mean episode rew_frame_action_rate: -0.0350
Mean episode rew_action_smoothness: -0.0010
Mean episode rew_frame_action_smoothness: -0.0004
       Mean episode rew_ang_vel_xy: -0.0138
 Mean episode rew_frame_ang_vel_xy: -0.0081
      Mean episode rew_base_height: -0.0003
Mean episode rew_frame_base_height: -0.0002
        Mean episode rew_collision: -0.0041
  Mean episode rew_frame_collision: -0.0023
          Mean episode rew_dof_acc: -0.0027
    Mean episode rew_frame_dof_acc: -0.0017
        Mean episode rew_dof_error: -0.0207
  Mean episode rew_frame_dof_error: -0.0108
          Mean episode rew_dof_vel: -0.0584
    Mean episode rew_frame_dof_vel: -0.0357
    Mean episode rew_feet_air_time: 0.0002
Mean episode rew_frame_feet_air_time: 0.0001
Mean episode rew_feet_contact_forces: -0.0000
Mean episode rew_frame_feet_contact_forces: -0.0000
   Mean episode rew_foot_clearance: -0.0002
Mean episode rew_frame_foot_clearance: -0.0001
      Mean episode rew_foot_mirror: -0.0008
Mean episode rew_frame_foot_mirror: -0.0004
       Mean episode rew_foot_slide: -0.0031
 Mean episode rew_frame_foot_slide: -0.0015
      Mean episode rew_has_contact: 0.0046
Mean episode rew_frame_has_contact: 0.0003
          Mean episode rew_hip_pos: -0.0025
    Mean episode rew_frame_hip_pos: -0.0012
        Mean episode rew_lin_vel_z: -0.0209
  Mean episode rew_frame_lin_vel_z: -0.0135
      Mean episode rew_orientation: -0.0012
Mean episode rew_frame_orientation: -0.0007
           Mean episode rew_powers: -0.0001
     Mean episode rew_frame_powers: -0.0001
      Mean episode rew_stand_still: -0.0011
Mean episode rew_frame_stand_still: -0.0002
          Mean episode rew_stumble: -0.0000
    Mean episode rew_frame_stumble: -0.0000
      Mean episode rew_termination: -0.0030
Mean episode rew_frame_termination: -0.0019
          Mean episode rew_torques: -0.0005
    Mean episode rew_frame_torques: -0.0002
 Mean episode rew_tracking_ang_vel: 0.0182
Mean episode rew_frame_tracking_ang_vel: 0.0069
 Mean episode rew_tracking_lin_vel: 0.0384
Mean episode rew_frame_tracking_lin_vel: 0.0084
Mean episode max_power_throughout_episode: 4251.7539
            Mean episode max_pos_x: 1.0070
            Mean episode min_pos_x: -0.1773
            Mean episode max_pos_y: 0.5299
            Mean episode min_pos_y: -0.5260
        Mean episode timeout_ratio: 0.0000
       Mean episode num_terminated: 114.7500
--------------------------------------------------------------------------------
                   Total timesteps: 2926080
                    Iteration time: 2.59s
                        Total time: 5231.55s
                               ETA: 8531.2s


------------------------------
Step: 46000 - Reward Breakdown:
  action_rate               | Scaled Avg:  -0.0285 | Raw Avg:   0.9487
  action_smoothness         | Scaled Avg:  -0.0004 | Raw Avg:   0.1866
  ang_vel_xy                | Scaled Avg:  -0.0048 | Raw Avg:   2.4129
  base_height               | Scaled Avg:  -0.0001 | Raw Avg:   0.0063
  collision                 | Scaled Avg:  -0.0015 | Raw Avg:   0.0725
  dof_acc                   | Scaled Avg:  -0.0008 | Raw Avg: 168604.4375
  dof_error                 | Scaled Avg:  -0.0075 | Raw Avg:   0.7454
  dof_vel                   | Scaled Avg:  -0.0203 | Raw Avg:  50.8735
  feet_air_time             | Scaled Avg:   0.0001 | Raw Avg:   0.0014
  feet_contact_forces       | Scaled Avg:  -0.0000 | Raw Avg:   4.2703
  foot_clearance            | Scaled Avg:  -0.0001 | Raw Avg:   0.0051
  foot_mirror               | Scaled Avg:  -0.0003 | Raw Avg:   0.2943
  foot_slide                | Scaled Avg:  -0.0011 | Raw Avg:   1.1377
  has_contact               | Scaled Avg:   0.0017 | Raw Avg:   0.0846
  hip_pos                   | Scaled Avg:  -0.0010 | Raw Avg:   0.0986
  lin_vel_z                 | Scaled Avg:  -0.0069 | Raw Avg:   0.0864
  orientation               | Scaled Avg:  -0.0004 | Raw Avg:   0.1017
  powers                    | Scaled Avg:  -0.0000 | Raw Avg: 104.8386
  stand_still               | Scaled Avg:  -0.0006 | Raw Avg:   0.0160
  torques                   | Scaled Avg:  -0.0002 | Raw Avg: 1042.8009
  tracking_ang_vel          | Scaled Avg:   0.0074 | Raw Avg:   0.3699
  tracking_lin_vel          | Scaled Avg:   0.0155 | Raw Avg:   0.3870
  termination               | Scaled Avg:  -0.0009
  TOTAL REWARD              | Scaled Avg:  -0.0509
------------------------------

------------------------------
Step: 46500 - Reward Breakdown:
  action_rate               | Scaled Avg:  -0.0289 | Raw Avg:   0.9629
  action_smoothness         | Scaled Avg:  -0.0004 | Raw Avg:   0.1859
  ang_vel_xy                | Scaled Avg:  -0.0048 | Raw Avg:   2.4204
  base_height               | Scaled Avg:  -0.0001 | Raw Avg:   0.0065
  collision                 | Scaled Avg:  -0.0015 | Raw Avg:   0.0733
  dof_acc                   | Scaled Avg:  -0.0010 | Raw Avg: 196022.0938
  dof_error                 | Scaled Avg:  -0.0074 | Raw Avg:   0.7393
  dof_vel                   | Scaled Avg:  -0.0209 | Raw Avg:  52.2402
  feet_air_time             | Scaled Avg:   0.0001 | Raw Avg:   0.0015
  feet_contact_forces       | Scaled Avg:  -0.0000 | Raw Avg:   4.9370
  foot_clearance            | Scaled Avg:  -0.0001 | Raw Avg:   0.0057
  foot_mirror               | Scaled Avg:  -0.0003 | Raw Avg:   0.2978
  foot_slide                | Scaled Avg:  -0.0011 | Raw Avg:   1.1408
  has_contact               | Scaled Avg:   0.0017 | Raw Avg:   0.0857
  hip_pos                   | Scaled Avg:  -0.0010 | Raw Avg:   0.0987
  lin_vel_z                 | Scaled Avg:  -0.0072 | Raw Avg:   0.0906
  orientation               | Scaled Avg:  -0.0004 | Raw Avg:   0.1071
  powers                    | Scaled Avg:  -0.0000 | Raw Avg: 108.0921
  stand_still               | Scaled Avg:  -0.0006 | Raw Avg:   0.0139
  torques                   | Scaled Avg:  -0.0002 | Raw Avg: 1028.9806
  tracking_ang_vel          | Scaled Avg:   0.0073 | Raw Avg:   0.3649
  tracking_lin_vel          | Scaled Avg:   0.0154 | Raw Avg:   0.3860
  termination               | Scaled Avg:  -0.0010
  TOTAL REWARD              | Scaled Avg:  -0.0525
------------------------------

------------------------------
Step: 47000 - Reward Breakdown:
  action_rate               | Scaled Avg:  -0.0290 | Raw Avg:   0.9673
  action_smoothness         | Scaled Avg:  -0.0004 | Raw Avg:   0.1855
  ang_vel_xy                | Scaled Avg:  -0.0051 | Raw Avg:   2.5260
  base_height               | Scaled Avg:  -0.0001 | Raw Avg:   0.0064
  collision                 | Scaled Avg:  -0.0015 | Raw Avg:   0.0732
  dof_acc                   | Scaled Avg:  -0.0009 | Raw Avg: 173494.5000
  dof_error                 | Scaled Avg:  -0.0074 | Raw Avg:   0.7386
  dof_vel                   | Scaled Avg:  -0.0206 | Raw Avg:  51.5078
  feet_air_time             | Scaled Avg:   0.0001 | Raw Avg:   0.0015
  feet_contact_forces       | Scaled Avg:  -0.0000 | Raw Avg:   4.8956
  foot_clearance            | Scaled Avg:  -0.0001 | Raw Avg:   0.0055
  foot_mirror               | Scaled Avg:  -0.0003 | Raw Avg:   0.3007
  foot_slide                | Scaled Avg:  -0.0012 | Raw Avg:   1.1691
  has_contact               | Scaled Avg:   0.0018 | Raw Avg:   0.0910
  hip_pos                   | Scaled Avg:  -0.0010 | Raw Avg:   0.0972
  lin_vel_z                 | Scaled Avg:  -0.0075 | Raw Avg:   0.0937
  orientation               | Scaled Avg:  -0.0004 | Raw Avg:   0.1058
  powers                    | Scaled Avg:  -0.0000 | Raw Avg: 105.9442
  stand_still               | Scaled Avg:  -0.0005 | Raw Avg:   0.0130
  torques                   | Scaled Avg:  -0.0002 | Raw Avg: 1029.8621
  tracking_ang_vel          | Scaled Avg:   0.0071 | Raw Avg:   0.3560
  tracking_lin_vel          | Scaled Avg:   0.0154 | Raw Avg:   0.3857
  termination               | Scaled Avg:  -0.0010
  TOTAL REWARD              | Scaled Avg:  -0.0527
------------------------------

------------------------------
Step: 47500 - Reward Breakdown:
  action_rate               | Scaled Avg:  -0.0290 | Raw Avg:   0.9653
  action_smoothness         | Scaled Avg:  -0.0004 | Raw Avg:   0.1855
  ang_vel_xy                | Scaled Avg:  -0.0051 | Raw Avg:   2.5466
  base_height               | Scaled Avg:  -0.0001 | Raw Avg:   0.0067
  collision                 | Scaled Avg:  -0.0015 | Raw Avg:   0.0755
  dof_acc                   | Scaled Avg:  -0.0009 | Raw Avg: 188409.2812
  dof_error                 | Scaled Avg:  -0.0076 | Raw Avg:   0.7621
  dof_vel                   | Scaled Avg:  -0.0211 | Raw Avg:  52.7805
  feet_air_time             | Scaled Avg:   0.0001 | Raw Avg:   0.0013
  feet_contact_forces       | Scaled Avg:  -0.0000 | Raw Avg:   4.5433
  foot_clearance            | Scaled Avg:  -0.0001 | Raw Avg:   0.0057
  foot_mirror               | Scaled Avg:  -0.0003 | Raw Avg:   0.3077
  foot_slide                | Scaled Avg:  -0.0012 | Raw Avg:   1.1516
  has_contact               | Scaled Avg:   0.0017 | Raw Avg:   0.0858
  hip_pos                   | Scaled Avg:  -0.0011 | Raw Avg:   0.1052
  lin_vel_z                 | Scaled Avg:  -0.0071 | Raw Avg:   0.0888
  orientation               | Scaled Avg:  -0.0004 | Raw Avg:   0.1104
  powers                    | Scaled Avg:  -0.0000 | Raw Avg: 107.3233
  stand_still               | Scaled Avg:  -0.0007 | Raw Avg:   0.0184
  torques                   | Scaled Avg:  -0.0002 | Raw Avg: 1040.9987
  tracking_ang_vel          | Scaled Avg:   0.0072 | Raw Avg:   0.3583
  tracking_lin_vel          | Scaled Avg:   0.0153 | Raw Avg:   0.3818
  termination               | Scaled Avg:  -0.0009
  TOTAL REWARD              | Scaled Avg:  -0.0535
------------------------------

------------------------------
Step: 48000 - Reward Breakdown:
  action_rate               | Scaled Avg:  -0.0278 | Raw Avg:   0.9258
  action_smoothness         | Scaled Avg:  -0.0004 | Raw Avg:   0.1812
  ang_vel_xy                | Scaled Avg:  -0.0047 | Raw Avg:   2.3292
  base_height               | Scaled Avg:  -0.0001 | Raw Avg:   0.0060
  collision                 | Scaled Avg:  -0.0013 | Raw Avg:   0.0655
  dof_acc                   | Scaled Avg:  -0.0008 | Raw Avg: 152252.8750
  dof_error                 | Scaled Avg:  -0.0072 | Raw Avg:   0.7173
  dof_vel                   | Scaled Avg:  -0.0197 | Raw Avg:  49.1940
  feet_air_time             | Scaled Avg:   0.0000 | Raw Avg:   0.0011
  feet_contact_forces       | Scaled Avg:  -0.0000 | Raw Avg:   4.2725
  foot_clearance            | Scaled Avg:  -0.0001 | Raw Avg:   0.0053
  foot_mirror               | Scaled Avg:  -0.0003 | Raw Avg:   0.2884
  foot_slide                | Scaled Avg:  -0.0011 | Raw Avg:   1.1017
  has_contact               | Scaled Avg:   0.0016 | Raw Avg:   0.0825
  hip_pos                   | Scaled Avg:  -0.0010 | Raw Avg:   0.0970
  lin_vel_z                 | Scaled Avg:  -0.0065 | Raw Avg:   0.0816
  orientation               | Scaled Avg:  -0.0004 | Raw Avg:   0.0996
  powers                    | Scaled Avg:  -0.0000 | Raw Avg: 103.3220
  stand_still               | Scaled Avg:  -0.0006 | Raw Avg:   0.0143
  torques                   | Scaled Avg:  -0.0002 | Raw Avg: 1029.1440
  tracking_ang_vel          | Scaled Avg:   0.0071 | Raw Avg:   0.3555
  tracking_lin_vel          | Scaled Avg:   0.0154 | Raw Avg:   0.3847
  termination               | Scaled Avg:  -0.0007
  TOTAL REWARD              | Scaled Avg:  -0.0486
------------------------------
################################################################################
                    [1m Learning iteration 7000/10000 [0m                     

                       Computation: 58876 steps/s (collection: 1.941s, learning 0.544s)
                     surrogate_loss -0.0033
                         value_loss 0.0750
                            entropy 2.3482
                     estimator_loss 0.0000
                         total_loss 0.0951
             Mean action noise std: 0.20
                       Mean reward: -2.97
               Mean episode length: 68.03
      Mean episode rew_action_rate: -0.0917
Mean episode rew_frame_action_rate: -0.0344
Mean episode rew_action_smoothness: -0.0012
Mean episode rew_frame_action_smoothness: -0.0004
       Mean episode rew_ang_vel_xy: -0.0149
 Mean episode rew_frame_ang_vel_xy: -0.0077
      Mean episode rew_base_height: -0.0004
Mean episode rew_frame_base_height: -0.0002
        Mean episode rew_collision: -0.0044
  Mean episode rew_frame_collision: -0.0023
          Mean episode rew_dof_acc: -0.0026
    Mean episode rew_frame_dof_acc: -0.0016
        Mean episode rew_dof_error: -0.0236
  Mean episode rew_frame_dof_error: -0.0104
          Mean episode rew_dof_vel: -0.0620
    Mean episode rew_frame_dof_vel: -0.0335
    Mean episode rew_feet_air_time: 0.0002
Mean episode rew_frame_feet_air_time: 0.0001
Mean episode rew_feet_contact_forces: -0.0000
Mean episode rew_frame_feet_contact_forces: -0.0000
   Mean episode rew_foot_clearance: -0.0002
Mean episode rew_frame_foot_clearance: -0.0001
      Mean episode rew_foot_mirror: -0.0009
Mean episode rew_frame_foot_mirror: -0.0004
       Mean episode rew_foot_slide: -0.0036
 Mean episode rew_frame_foot_slide: -0.0014
      Mean episode rew_has_contact: 0.0063
Mean episode rew_frame_has_contact: 0.0004
          Mean episode rew_hip_pos: -0.0032
    Mean episode rew_frame_hip_pos: -0.0013
        Mean episode rew_lin_vel_z: -0.0207
  Mean episode rew_frame_lin_vel_z: -0.0122
      Mean episode rew_orientation: -0.0013
Mean episode rew_frame_orientation: -0.0007
           Mean episode rew_powers: -0.0001
     Mean episode rew_frame_powers: -0.0001
      Mean episode rew_stand_still: -0.0020
Mean episode rew_frame_stand_still: -0.0002
          Mean episode rew_stumble: -0.0000
    Mean episode rew_frame_stumble: -0.0000
      Mean episode rew_termination: -0.0030
Mean episode rew_frame_termination: -0.0018
          Mean episode rew_torques: -0.0007
    Mean episode rew_frame_torques: -0.0002
 Mean episode rew_tracking_ang_vel: 0.0229
Mean episode rew_frame_tracking_ang_vel: 0.0068
 Mean episode rew_tracking_lin_vel: 0.0528
Mean episode rew_frame_tracking_lin_vel: 0.0087
Mean episode max_power_throughout_episode: 4343.6787
            Mean episode max_pos_x: 1.0193
            Mean episode min_pos_x: -0.1634
            Mean episode max_pos_y: 0.5505
            Mean episode min_pos_y: -0.5015
        Mean episode timeout_ratio: 0.0005
       Mean episode num_terminated: 98.9167
--------------------------------------------------------------------------------
                   Total timesteps: 3072384
                    Iteration time: 2.48s
                        Total time: 5498.67s
                               ETA: 8243.9s


------------------------------
Step: 48500 - Reward Breakdown:
  action_rate               | Scaled Avg:  -0.0282 | Raw Avg:   0.9387
  action_smoothness         | Scaled Avg:  -0.0004 | Raw Avg:   0.1852
  ang_vel_xy                | Scaled Avg:  -0.0051 | Raw Avg:   2.5332
  base_height               | Scaled Avg:  -0.0001 | Raw Avg:   0.0063
  collision                 | Scaled Avg:  -0.0016 | Raw Avg:   0.0778
  dof_acc                   | Scaled Avg:  -0.0010 | Raw Avg: 197656.7188
  dof_error                 | Scaled Avg:  -0.0076 | Raw Avg:   0.7599
  dof_vel                   | Scaled Avg:  -0.0208 | Raw Avg:  52.0536
  feet_air_time             | Scaled Avg:   0.0001 | Raw Avg:   0.0014
  feet_contact_forces       | Scaled Avg:  -0.0000 | Raw Avg:   4.4310
  foot_clearance            | Scaled Avg:  -0.0001 | Raw Avg:   0.0055
  foot_mirror               | Scaled Avg:  -0.0003 | Raw Avg:   0.2920
  foot_slide                | Scaled Avg:  -0.0012 | Raw Avg:   1.1524
  has_contact               | Scaled Avg:   0.0017 | Raw Avg:   0.0859
  hip_pos                   | Scaled Avg:  -0.0010 | Raw Avg:   0.1022
  lin_vel_z                 | Scaled Avg:  -0.0072 | Raw Avg:   0.0901
  orientation               | Scaled Avg:  -0.0004 | Raw Avg:   0.1045
  powers                    | Scaled Avg:  -0.0000 | Raw Avg: 105.5138
  stand_still               | Scaled Avg:  -0.0005 | Raw Avg:   0.0123
  torques                   | Scaled Avg:  -0.0002 | Raw Avg: 1027.0729
  tracking_ang_vel          | Scaled Avg:   0.0073 | Raw Avg:   0.3629
  tracking_lin_vel          | Scaled Avg:   0.0155 | Raw Avg:   0.3882
  termination               | Scaled Avg:  -0.0010
  TOTAL REWARD              | Scaled Avg:  -0.0520
------------------------------

------------------------------
Step: 49000 - Reward Breakdown:
  action_rate               | Scaled Avg:  -0.0292 | Raw Avg:   0.9732
  action_smoothness         | Scaled Avg:  -0.0004 | Raw Avg:   0.1861
  ang_vel_xy                | Scaled Avg:  -0.0052 | Raw Avg:   2.6206
  base_height               | Scaled Avg:  -0.0001 | Raw Avg:   0.0067
  collision                 | Scaled Avg:  -0.0016 | Raw Avg:   0.0820
  dof_acc                   | Scaled Avg:  -0.0010 | Raw Avg: 198665.9531
  dof_error                 | Scaled Avg:  -0.0078 | Raw Avg:   0.7754
  dof_vel                   | Scaled Avg:  -0.0223 | Raw Avg:  55.7052
  feet_air_time             | Scaled Avg:   0.0000 | Raw Avg:   0.0011
  feet_contact_forces       | Scaled Avg:  -0.0000 | Raw Avg:   4.7313
  foot_clearance            | Scaled Avg:  -0.0001 | Raw Avg:   0.0058
  foot_mirror               | Scaled Avg:  -0.0003 | Raw Avg:   0.2976
  foot_slide                | Scaled Avg:  -0.0012 | Raw Avg:   1.2036
  has_contact               | Scaled Avg:   0.0018 | Raw Avg:   0.0906
  hip_pos                   | Scaled Avg:  -0.0010 | Raw Avg:   0.1009
  lin_vel_z                 | Scaled Avg:  -0.0075 | Raw Avg:   0.0939
  orientation               | Scaled Avg:  -0.0005 | Raw Avg:   0.1147
  powers                    | Scaled Avg:  -0.0000 | Raw Avg: 110.3156
  stand_still               | Scaled Avg:  -0.0007 | Raw Avg:   0.0171
  torques                   | Scaled Avg:  -0.0002 | Raw Avg: 1033.2672
  tracking_ang_vel          | Scaled Avg:   0.0072 | Raw Avg:   0.3614
  tracking_lin_vel          | Scaled Avg:   0.0152 | Raw Avg:   0.3797
  termination               | Scaled Avg:  -0.0012
  TOTAL REWARD              | Scaled Avg:  -0.0560
------------------------------

------------------------------
Step: 49500 - Reward Breakdown:
  action_rate               | Scaled Avg:  -0.0293 | Raw Avg:   0.9765
  action_smoothness         | Scaled Avg:  -0.0004 | Raw Avg:   0.1868
  ang_vel_xy                | Scaled Avg:  -0.0051 | Raw Avg:   2.5677
  base_height               | Scaled Avg:  -0.0001 | Raw Avg:   0.0067
  collision                 | Scaled Avg:  -0.0015 | Raw Avg:   0.0748
  dof_acc                   | Scaled Avg:  -0.0011 | Raw Avg: 216404.7500
  dof_error                 | Scaled Avg:  -0.0079 | Raw Avg:   0.7866
  dof_vel                   | Scaled Avg:  -0.0217 | Raw Avg:  54.2392
  feet_air_time             | Scaled Avg:   0.0001 | Raw Avg:   0.0017
  feet_contact_forces       | Scaled Avg:  -0.0000 | Raw Avg:   4.8711
  foot_clearance            | Scaled Avg:  -0.0001 | Raw Avg:   0.0060
  foot_mirror               | Scaled Avg:  -0.0003 | Raw Avg:   0.2961
  foot_slide                | Scaled Avg:  -0.0012 | Raw Avg:   1.1790
  has_contact               | Scaled Avg:   0.0018 | Raw Avg:   0.0914
  hip_pos                   | Scaled Avg:  -0.0010 | Raw Avg:   0.0969
  lin_vel_z                 | Scaled Avg:  -0.0076 | Raw Avg:   0.0954
  orientation               | Scaled Avg:  -0.0004 | Raw Avg:   0.1099
  powers                    | Scaled Avg:  -0.0000 | Raw Avg: 109.9289
  stand_still               | Scaled Avg:  -0.0006 | Raw Avg:   0.0155
  torques                   | Scaled Avg:  -0.0002 | Raw Avg: 1024.8768
  tracking_ang_vel          | Scaled Avg:   0.0074 | Raw Avg:   0.3691
  tracking_lin_vel          | Scaled Avg:   0.0155 | Raw Avg:   0.3877
  termination               | Scaled Avg:  -0.0012
  TOTAL REWARD              | Scaled Avg:  -0.0550
------------------------------

------------------------------
Step: 50000 - Reward Breakdown:
  action_rate               | Scaled Avg:  -0.0303 | Raw Avg:   1.0084
  action_smoothness         | Scaled Avg:  -0.0004 | Raw Avg:   0.1872
  ang_vel_xy                | Scaled Avg:  -0.0051 | Raw Avg:   2.5487
  base_height               | Scaled Avg:  -0.0001 | Raw Avg:   0.0063
  collision                 | Scaled Avg:  -0.0016 | Raw Avg:   0.0801
  dof_acc                   | Scaled Avg:  -0.0010 | Raw Avg: 209288.7969
  dof_error                 | Scaled Avg:  -0.0074 | Raw Avg:   0.7425
  dof_vel                   | Scaled Avg:  -0.0224 | Raw Avg:  56.0721
  feet_air_time             | Scaled Avg:   0.0001 | Raw Avg:   0.0016
  feet_contact_forces       | Scaled Avg:  -0.0000 | Raw Avg:   5.4278
  foot_clearance            | Scaled Avg:  -0.0001 | Raw Avg:   0.0058
  foot_mirror               | Scaled Avg:  -0.0003 | Raw Avg:   0.2960
  foot_slide                | Scaled Avg:  -0.0012 | Raw Avg:   1.1643
  has_contact               | Scaled Avg:   0.0018 | Raw Avg:   0.0878
  hip_pos                   | Scaled Avg:  -0.0010 | Raw Avg:   0.0993
  lin_vel_z                 | Scaled Avg:  -0.0078 | Raw Avg:   0.0976
  orientation               | Scaled Avg:  -0.0004 | Raw Avg:   0.1101
  powers                    | Scaled Avg:  -0.0000 | Raw Avg: 110.3800
  stand_still               | Scaled Avg:  -0.0007 | Raw Avg:   0.0165
  torques                   | Scaled Avg:  -0.0002 | Raw Avg: 1038.0172
  tracking_ang_vel          | Scaled Avg:   0.0072 | Raw Avg:   0.3593
  tracking_lin_vel          | Scaled Avg:   0.0158 | Raw Avg:   0.3944
  termination               | Scaled Avg:  -0.0011
  TOTAL REWARD              | Scaled Avg:  -0.0563
------------------------------
################################################################################
                    [1m Learning iteration 7100/10000 [0m                     

                       Computation: 57783 steps/s (collection: 1.981s, learning 0.551s)
                     surrogate_loss -0.0043
                         value_loss 0.0608
                            entropy 2.3544
                     estimator_loss 0.0000
                         total_loss 0.0800
             Mean action noise std: 0.20
                       Mean reward: -2.82
               Mean episode length: 54.11
      Mean episode rew_action_rate: -0.0790
Mean episode rew_frame_action_rate: -0.0353
Mean episode rew_action_smoothness: -0.0010
Mean episode rew_frame_action_smoothness: -0.0004
       Mean episode rew_ang_vel_xy: -0.0138
 Mean episode rew_frame_ang_vel_xy: -0.0080
      Mean episode rew_base_height: -0.0004
Mean episode rew_frame_base_height: -0.0002
        Mean episode rew_collision: -0.0038
  Mean episode rew_frame_collision: -0.0021
          Mean episode rew_dof_acc: -0.0027
    Mean episode rew_frame_dof_acc: -0.0018
        Mean episode rew_dof_error: -0.0208
  Mean episode rew_frame_dof_error: -0.0105
          Mean episode rew_dof_vel: -0.0590
    Mean episode rew_frame_dof_vel: -0.0359
    Mean episode rew_feet_air_time: 0.0002
Mean episode rew_frame_feet_air_time: 0.0001
Mean episode rew_feet_contact_forces: -0.0000
Mean episode rew_frame_feet_contact_forces: -0.0000
   Mean episode rew_foot_clearance: -0.0002
Mean episode rew_frame_foot_clearance: -0.0001
      Mean episode rew_foot_mirror: -0.0008
Mean episode rew_frame_foot_mirror: -0.0004
       Mean episode rew_foot_slide: -0.0032
 Mean episode rew_frame_foot_slide: -0.0015
      Mean episode rew_has_contact: 0.0036
Mean episode rew_frame_has_contact: 0.0003
          Mean episode rew_hip_pos: -0.0028
    Mean episode rew_frame_hip_pos: -0.0013
        Mean episode rew_lin_vel_z: -0.0209
  Mean episode rew_frame_lin_vel_z: -0.0136
      Mean episode rew_orientation: -0.0012
Mean episode rew_frame_orientation: -0.0007
           Mean episode rew_powers: -0.0001
     Mean episode rew_frame_powers: -0.0001
      Mean episode rew_stand_still: -0.0017
Mean episode rew_frame_stand_still: -0.0002
          Mean episode rew_stumble: -0.0000
    Mean episode rew_frame_stumble: -0.0000
      Mean episode rew_termination: -0.0030
Mean episode rew_frame_termination: -0.0020
          Mean episode rew_torques: -0.0006
    Mean episode rew_frame_torques: -0.0002
 Mean episode rew_tracking_ang_vel: 0.0197
Mean episode rew_frame_tracking_ang_vel: 0.0068
 Mean episode rew_tracking_lin_vel: 0.0418
Mean episode rew_frame_tracking_lin_vel: 0.0086
Mean episode max_power_throughout_episode: 4301.3101
            Mean episode max_pos_x: 1.0389
            Mean episode min_pos_x: -0.1469
            Mean episode max_pos_y: 0.5302
            Mean episode min_pos_y: -0.5167
        Mean episode timeout_ratio: 0.0000
       Mean episode num_terminated: 112.4167
--------------------------------------------------------------------------------
                   Total timesteps: 3218688
                    Iteration time: 2.53s
                        Total time: 5770.96s
                               ETA: 7965.6s


------------------------------
Step: 50500 - Reward Breakdown:
  action_rate               | Scaled Avg:  -0.0301 | Raw Avg:   1.0040
  action_smoothness         | Scaled Avg:  -0.0004 | Raw Avg:   0.1875
  ang_vel_xy                | Scaled Avg:  -0.0053 | Raw Avg:   2.6705
  base_height               | Scaled Avg:  -0.0001 | Raw Avg:   0.0067
  collision                 | Scaled Avg:  -0.0014 | Raw Avg:   0.0720
  dof_acc                   | Scaled Avg:  -0.0010 | Raw Avg: 198234.1562
  dof_error                 | Scaled Avg:  -0.0076 | Raw Avg:   0.7575
  dof_vel                   | Scaled Avg:  -0.0229 | Raw Avg:  57.2022
  feet_air_time             | Scaled Avg:   0.0001 | Raw Avg:   0.0014
  feet_contact_forces       | Scaled Avg:  -0.0000 | Raw Avg:   5.5711
  foot_clearance            | Scaled Avg:  -0.0001 | Raw Avg:   0.0064
  foot_mirror               | Scaled Avg:  -0.0003 | Raw Avg:   0.2981
  foot_slide                | Scaled Avg:  -0.0014 | Raw Avg:   1.4100
  has_contact               | Scaled Avg:   0.0018 | Raw Avg:   0.0910
  hip_pos                   | Scaled Avg:  -0.0010 | Raw Avg:   0.1038
  lin_vel_z                 | Scaled Avg:  -0.0081 | Raw Avg:   0.1019
  orientation               | Scaled Avg:  -0.0004 | Raw Avg:   0.1122
  powers                    | Scaled Avg:  -0.0000 | Raw Avg: 112.5272
  stand_still               | Scaled Avg:  -0.0006 | Raw Avg:   0.0155
  torques                   | Scaled Avg:  -0.0002 | Raw Avg: 1051.8187
  tracking_ang_vel          | Scaled Avg:   0.0073 | Raw Avg:   0.3626
  tracking_lin_vel          | Scaled Avg:   0.0154 | Raw Avg:   0.3839
  termination               | Scaled Avg:  -0.0010
  TOTAL REWARD              | Scaled Avg:  -0.0577
------------------------------

------------------------------
Step: 51000 - Reward Breakdown:
  action_rate               | Scaled Avg:  -0.0296 | Raw Avg:   0.9874
  action_smoothness         | Scaled Avg:  -0.0004 | Raw Avg:   0.1885
  ang_vel_xy                | Scaled Avg:  -0.0049 | Raw Avg:   2.4298
  base_height               | Scaled Avg:  -0.0001 | Raw Avg:   0.0064
  collision                 | Scaled Avg:  -0.0014 | Raw Avg:   0.0686
  dof_acc                   | Scaled Avg:  -0.0010 | Raw Avg: 203826.4844
  dof_error                 | Scaled Avg:  -0.0075 | Raw Avg:   0.7495
  dof_vel                   | Scaled Avg:  -0.0214 | Raw Avg:  53.6066
  feet_air_time             | Scaled Avg:   0.0001 | Raw Avg:   0.0015
  feet_contact_forces       | Scaled Avg:  -0.0000 | Raw Avg:   4.8049
  foot_clearance            | Scaled Avg:  -0.0001 | Raw Avg:   0.0057
  foot_mirror               | Scaled Avg:  -0.0003 | Raw Avg:   0.2848
  foot_slide                | Scaled Avg:  -0.0011 | Raw Avg:   1.1497
  has_contact               | Scaled Avg:   0.0017 | Raw Avg:   0.0869
  hip_pos                   | Scaled Avg:  -0.0010 | Raw Avg:   0.0996
  lin_vel_z                 | Scaled Avg:  -0.0076 | Raw Avg:   0.0947
  orientation               | Scaled Avg:  -0.0004 | Raw Avg:   0.1069
  powers                    | Scaled Avg:  -0.0000 | Raw Avg: 108.8443
  stand_still               | Scaled Avg:  -0.0006 | Raw Avg:   0.0142
  torques                   | Scaled Avg:  -0.0002 | Raw Avg: 1043.4904
  tracking_ang_vel          | Scaled Avg:   0.0073 | Raw Avg:   0.3664
  tracking_lin_vel          | Scaled Avg:   0.0156 | Raw Avg:   0.3889
  termination               | Scaled Avg:  -0.0011
  TOTAL REWARD              | Scaled Avg:  -0.0540
------------------------------

------------------------------
Step: 51500 - Reward Breakdown:
  action_rate               | Scaled Avg:  -0.0294 | Raw Avg:   0.9787
  action_smoothness         | Scaled Avg:  -0.0004 | Raw Avg:   0.1896
  ang_vel_xy                | Scaled Avg:  -0.0051 | Raw Avg:   2.5716
  base_height               | Scaled Avg:  -0.0001 | Raw Avg:   0.0064
  collision                 | Scaled Avg:  -0.0015 | Raw Avg:   0.0751
  dof_acc                   | Scaled Avg:  -0.0009 | Raw Avg: 184443.2344
  dof_error                 | Scaled Avg:  -0.0075 | Raw Avg:   0.7550
  dof_vel                   | Scaled Avg:  -0.0218 | Raw Avg:  54.4190
  feet_air_time             | Scaled Avg:   0.0001 | Raw Avg:   0.0016
  feet_contact_forces       | Scaled Avg:  -0.0000 | Raw Avg:   5.4240
  foot_clearance            | Scaled Avg:  -0.0001 | Raw Avg:   0.0060
  foot_mirror               | Scaled Avg:  -0.0003 | Raw Avg:   0.2826
  foot_slide                | Scaled Avg:  -0.0012 | Raw Avg:   1.1651
  has_contact               | Scaled Avg:   0.0019 | Raw Avg:   0.0954
  hip_pos                   | Scaled Avg:  -0.0010 | Raw Avg:   0.1025
  lin_vel_z                 | Scaled Avg:  -0.0075 | Raw Avg:   0.0931
  orientation               | Scaled Avg:  -0.0004 | Raw Avg:   0.1105
  powers                    | Scaled Avg:  -0.0000 | Raw Avg: 109.4873
  stand_still               | Scaled Avg:  -0.0007 | Raw Avg:   0.0169
  torques                   | Scaled Avg:  -0.0002 | Raw Avg: 1043.6361
  tracking_ang_vel          | Scaled Avg:   0.0070 | Raw Avg:   0.3503
  tracking_lin_vel          | Scaled Avg:   0.0158 | Raw Avg:   0.3960
  termination               | Scaled Avg:  -0.0011
  TOTAL REWARD              | Scaled Avg:  -0.0544
------------------------------

------------------------------
Step: 52000 - Reward Breakdown:
  action_rate               | Scaled Avg:  -0.0287 | Raw Avg:   0.9559
  action_smoothness         | Scaled Avg:  -0.0004 | Raw Avg:   0.1843
  ang_vel_xy                | Scaled Avg:  -0.0050 | Raw Avg:   2.5211
  base_height               | Scaled Avg:  -0.0001 | Raw Avg:   0.0063
  collision                 | Scaled Avg:  -0.0014 | Raw Avg:   0.0707
  dof_acc                   | Scaled Avg:  -0.0008 | Raw Avg: 167587.3750
  dof_error                 | Scaled Avg:  -0.0076 | Raw Avg:   0.7619
  dof_vel                   | Scaled Avg:  -0.0207 | Raw Avg:  51.7720
  feet_air_time             | Scaled Avg:   0.0001 | Raw Avg:   0.0023
  feet_contact_forces       | Scaled Avg:  -0.0000 | Raw Avg:   4.8365
  foot_clearance            | Scaled Avg:  -0.0001 | Raw Avg:   0.0057
  foot_mirror               | Scaled Avg:  -0.0003 | Raw Avg:   0.2927
  foot_slide                | Scaled Avg:  -0.0011 | Raw Avg:   1.1464
  has_contact               | Scaled Avg:   0.0018 | Raw Avg:   0.0908
  hip_pos                   | Scaled Avg:  -0.0011 | Raw Avg:   0.1061
  lin_vel_z                 | Scaled Avg:  -0.0071 | Raw Avg:   0.0885
  orientation               | Scaled Avg:  -0.0004 | Raw Avg:   0.1038
  powers                    | Scaled Avg:  -0.0000 | Raw Avg: 105.5400
  stand_still               | Scaled Avg:  -0.0006 | Raw Avg:   0.0146
  torques                   | Scaled Avg:  -0.0002 | Raw Avg: 1043.2113
  tracking_ang_vel          | Scaled Avg:   0.0073 | Raw Avg:   0.3628
  tracking_lin_vel          | Scaled Avg:   0.0157 | Raw Avg:   0.3924
  termination               | Scaled Avg:  -0.0010
  TOTAL REWARD              | Scaled Avg:  -0.0518
------------------------------

------------------------------
Step: 52500 - Reward Breakdown:
  action_rate               | Scaled Avg:  -0.0286 | Raw Avg:   0.9547
  action_smoothness         | Scaled Avg:  -0.0004 | Raw Avg:   0.1842
  ang_vel_xy                | Scaled Avg:  -0.0048 | Raw Avg:   2.3961
  base_height               | Scaled Avg:  -0.0001 | Raw Avg:   0.0062
  collision                 | Scaled Avg:  -0.0015 | Raw Avg:   0.0764
  dof_acc                   | Scaled Avg:  -0.0009 | Raw Avg: 182947.2500
  dof_error                 | Scaled Avg:  -0.0074 | Raw Avg:   0.7408
  dof_vel                   | Scaled Avg:  -0.0207 | Raw Avg:  51.7055
  feet_air_time             | Scaled Avg:   0.0001 | Raw Avg:   0.0014
  feet_contact_forces       | Scaled Avg:  -0.0000 | Raw Avg:   4.7593
  foot_clearance            | Scaled Avg:  -0.0001 | Raw Avg:   0.0057
  foot_mirror               | Scaled Avg:  -0.0003 | Raw Avg:   0.2857
  foot_slide                | Scaled Avg:  -0.0011 | Raw Avg:   1.1329
  has_contact               | Scaled Avg:   0.0017 | Raw Avg:   0.0861
  hip_pos                   | Scaled Avg:  -0.0011 | Raw Avg:   0.1061
  lin_vel_z                 | Scaled Avg:  -0.0071 | Raw Avg:   0.0885
  orientation               | Scaled Avg:  -0.0004 | Raw Avg:   0.1088
  powers                    | Scaled Avg:  -0.0000 | Raw Avg: 105.0770
  stand_still               | Scaled Avg:  -0.0006 | Raw Avg:   0.0145
  torques                   | Scaled Avg:  -0.0002 | Raw Avg: 1036.6179
  tracking_ang_vel          | Scaled Avg:   0.0073 | Raw Avg:   0.3641
  tracking_lin_vel          | Scaled Avg:   0.0154 | Raw Avg:   0.3847
  termination               | Scaled Avg:  -0.0010
  TOTAL REWARD              | Scaled Avg:  -0.0519
------------------------------
################################################################################
                    [1m Learning iteration 7200/10000 [0m                     

                       Computation: 43147 steps/s (collection: 2.713s, learning 0.678s)
                     surrogate_loss -0.0025
                         value_loss 0.0710
                            entropy 2.3101
                     estimator_loss 0.0000
                         total_loss 0.0916
             Mean action noise std: 0.20
                       Mean reward: -2.81
               Mean episode length: 65.78
      Mean episode rew_action_rate: -0.0839
Mean episode rew_frame_action_rate: -0.0343
Mean episode rew_action_smoothness: -0.0011
Mean episode rew_frame_action_smoothness: -0.0004
       Mean episode rew_ang_vel_xy: -0.0141
 Mean episode rew_frame_ang_vel_xy: -0.0075
      Mean episode rew_base_height: -0.0004
Mean episode rew_frame_base_height: -0.0002
        Mean episode rew_collision: -0.0041
  Mean episode rew_frame_collision: -0.0022
          Mean episode rew_dof_acc: -0.0028
    Mean episode rew_frame_dof_acc: -0.0017
        Mean episode rew_dof_error: -0.0219
  Mean episode rew_frame_dof_error: -0.0103
          Mean episode rew_dof_vel: -0.0597
    Mean episode rew_frame_dof_vel: -0.0335
    Mean episode rew_feet_air_time: 0.0002
Mean episode rew_frame_feet_air_time: 0.0001
Mean episode rew_feet_contact_forces: -0.0000
Mean episode rew_frame_feet_contact_forces: -0.0000
   Mean episode rew_foot_clearance: -0.0002
Mean episode rew_frame_foot_clearance: -0.0001
      Mean episode rew_foot_mirror: -0.0008
Mean episode rew_frame_foot_mirror: -0.0004
       Mean episode rew_foot_slide: -0.0034
 Mean episode rew_frame_foot_slide: -0.0015
      Mean episode rew_has_contact: 0.0052
Mean episode rew_frame_has_contact: 0.0004
          Mean episode rew_hip_pos: -0.0030
    Mean episode rew_frame_hip_pos: -0.0013
        Mean episode rew_lin_vel_z: -0.0199
  Mean episode rew_frame_lin_vel_z: -0.0119
      Mean episode rew_orientation: -0.0012
Mean episode rew_frame_orientation: -0.0007
           Mean episode rew_powers: -0.0001
     Mean episode rew_frame_powers: -0.0001
      Mean episode rew_stand_still: -0.0019
Mean episode rew_frame_stand_still: -0.0001
          Mean episode rew_stumble: -0.0000
    Mean episode rew_frame_stumble: -0.0000
      Mean episode rew_termination: -0.0030
Mean episode rew_frame_termination: -0.0018
          Mean episode rew_torques: -0.0006
    Mean episode rew_frame_torques: -0.0002
 Mean episode rew_tracking_ang_vel: 0.0211
Mean episode rew_frame_tracking_ang_vel: 0.0069
 Mean episode rew_tracking_lin_vel: 0.0461
Mean episode rew_frame_tracking_lin_vel: 0.0085
Mean episode max_power_throughout_episode: 4267.2852
            Mean episode max_pos_x: 0.9981
            Mean episode min_pos_x: -0.1514
            Mean episode max_pos_y: 0.5333
            Mean episode min_pos_y: -0.5185
        Mean episode timeout_ratio: 0.0000
       Mean episode num_terminated: 103.8750
--------------------------------------------------------------------------------
                   Total timesteps: 3364992
                    Iteration time: 3.39s
                        Total time: 6040.91s
                               ETA: 7684.9s


------------------------------
Step: 53000 - Reward Breakdown:
  action_rate               | Scaled Avg:  -0.0289 | Raw Avg:   0.9619
  action_smoothness         | Scaled Avg:  -0.0004 | Raw Avg:   0.1849
  ang_vel_xy                | Scaled Avg:  -0.0051 | Raw Avg:   2.5348
  base_height               | Scaled Avg:  -0.0001 | Raw Avg:   0.0065
  collision                 | Scaled Avg:  -0.0016 | Raw Avg:   0.0812
  dof_acc                   | Scaled Avg:  -0.0010 | Raw Avg: 205225.8438
  dof_error                 | Scaled Avg:  -0.0076 | Raw Avg:   0.7606
  dof_vel                   | Scaled Avg:  -0.0215 | Raw Avg:  53.8441
  feet_air_time             | Scaled Avg:   0.0001 | Raw Avg:   0.0015
  feet_contact_forces       | Scaled Avg:  -0.0000 | Raw Avg:   4.7130
  foot_clearance            | Scaled Avg:  -0.0001 | Raw Avg:   0.0058
  foot_mirror               | Scaled Avg:  -0.0003 | Raw Avg:   0.2962
  foot_slide                | Scaled Avg:  -0.0012 | Raw Avg:   1.2009
  has_contact               | Scaled Avg:   0.0017 | Raw Avg:   0.0844
  hip_pos                   | Scaled Avg:  -0.0010 | Raw Avg:   0.1038
  lin_vel_z                 | Scaled Avg:  -0.0071 | Raw Avg:   0.0889
  orientation               | Scaled Avg:  -0.0005 | Raw Avg:   0.1129
  powers                    | Scaled Avg:  -0.0000 | Raw Avg: 108.9037
  stand_still               | Scaled Avg:  -0.0008 | Raw Avg:   0.0188
  torques                   | Scaled Avg:  -0.0002 | Raw Avg: 1031.5414
  tracking_ang_vel          | Scaled Avg:   0.0076 | Raw Avg:   0.3779
  tracking_lin_vel          | Scaled Avg:   0.0151 | Raw Avg:   0.3780
  termination               | Scaled Avg:  -0.0011
  TOTAL REWARD              | Scaled Avg:  -0.0540
------------------------------

------------------------------
Step: 53500 - Reward Breakdown:
  action_rate               | Scaled Avg:  -0.0294 | Raw Avg:   0.9795
  action_smoothness         | Scaled Avg:  -0.0004 | Raw Avg:   0.1840
  ang_vel_xy                | Scaled Avg:  -0.0050 | Raw Avg:   2.4891
  base_height               | Scaled Avg:  -0.0001 | Raw Avg:   0.0066
  collision                 | Scaled Avg:  -0.0014 | Raw Avg:   0.0722
  dof_acc                   | Scaled Avg:  -0.0010 | Raw Avg: 192841.6094
  dof_error                 | Scaled Avg:  -0.0076 | Raw Avg:   0.7597
  dof_vel                   | Scaled Avg:  -0.0217 | Raw Avg:  54.2532
  feet_air_time             | Scaled Avg:   0.0001 | Raw Avg:   0.0019
  feet_contact_forces       | Scaled Avg:  -0.0000 | Raw Avg:   4.9714
  foot_clearance            | Scaled Avg:  -0.0001 | Raw Avg:   0.0060
  foot_mirror               | Scaled Avg:  -0.0003 | Raw Avg:   0.2938
  foot_slide                | Scaled Avg:  -0.0012 | Raw Avg:   1.1778
  has_contact               | Scaled Avg:   0.0017 | Raw Avg:   0.0870
  hip_pos                   | Scaled Avg:  -0.0012 | Raw Avg:   0.1157
  lin_vel_z                 | Scaled Avg:  -0.0073 | Raw Avg:   0.0914
  orientation               | Scaled Avg:  -0.0004 | Raw Avg:   0.1094
  powers                    | Scaled Avg:  -0.0000 | Raw Avg: 111.5972
  stand_still               | Scaled Avg:  -0.0005 | Raw Avg:   0.0133
  torques                   | Scaled Avg:  -0.0002 | Raw Avg: 1089.9304
  tracking_ang_vel          | Scaled Avg:   0.0072 | Raw Avg:   0.3614
  tracking_lin_vel          | Scaled Avg:   0.0155 | Raw Avg:   0.3869
  termination               | Scaled Avg:  -0.0012
  TOTAL REWARD              | Scaled Avg:  -0.0545
------------------------------

------------------------------
Step: 54000 - Reward Breakdown:
  action_rate               | Scaled Avg:  -0.0293 | Raw Avg:   0.9757
  action_smoothness         | Scaled Avg:  -0.0004 | Raw Avg:   0.1858
  ang_vel_xy                | Scaled Avg:  -0.0052 | Raw Avg:   2.6040
  base_height               | Scaled Avg:  -0.0001 | Raw Avg:   0.0064
  collision                 | Scaled Avg:  -0.0015 | Raw Avg:   0.0733
  dof_acc                   | Scaled Avg:  -0.0010 | Raw Avg: 191428.8750
  dof_error                 | Scaled Avg:  -0.0074 | Raw Avg:   0.7369
  dof_vel                   | Scaled Avg:  -0.0219 | Raw Avg:  54.6517
  feet_air_time             | Scaled Avg:   0.0001 | Raw Avg:   0.0014
  feet_contact_forces       | Scaled Avg:  -0.0000 | Raw Avg:   5.3310
  foot_clearance            | Scaled Avg:  -0.0001 | Raw Avg:   0.0059
  foot_mirror               | Scaled Avg:  -0.0003 | Raw Avg:   0.2915
  foot_slide                | Scaled Avg:  -0.0012 | Raw Avg:   1.1755
  has_contact               | Scaled Avg:   0.0018 | Raw Avg:   0.0920
  hip_pos                   | Scaled Avg:  -0.0011 | Raw Avg:   0.1116
  lin_vel_z                 | Scaled Avg:  -0.0076 | Raw Avg:   0.0945
  orientation               | Scaled Avg:  -0.0004 | Raw Avg:   0.1113
  powers                    | Scaled Avg:  -0.0000 | Raw Avg: 110.9688
  stand_still               | Scaled Avg:  -0.0006 | Raw Avg:   0.0139
  torques                   | Scaled Avg:  -0.0002 | Raw Avg: 1053.0746
  tracking_ang_vel          | Scaled Avg:   0.0073 | Raw Avg:   0.3655
  tracking_lin_vel          | Scaled Avg:   0.0156 | Raw Avg:   0.3901
  termination               | Scaled Avg:  -0.0009
  TOTAL REWARD              | Scaled Avg:  -0.0542
------------------------------

------------------------------
Step: 54500 - Reward Breakdown:
  action_rate               | Scaled Avg:  -0.0282 | Raw Avg:   0.9396
  action_smoothness         | Scaled Avg:  -0.0004 | Raw Avg:   0.1832
  ang_vel_xy                | Scaled Avg:  -0.0048 | Raw Avg:   2.3790
  base_height               | Scaled Avg:  -0.0001 | Raw Avg:   0.0065
  collision                 | Scaled Avg:  -0.0014 | Raw Avg:   0.0705
  dof_acc                   | Scaled Avg:  -0.0009 | Raw Avg: 174531.1562
  dof_error                 | Scaled Avg:  -0.0075 | Raw Avg:   0.7477
  dof_vel                   | Scaled Avg:  -0.0196 | Raw Avg:  48.9535
  feet_air_time             | Scaled Avg:   0.0001 | Raw Avg:   0.0019
  feet_contact_forces       | Scaled Avg:  -0.0000 | Raw Avg:   4.3851
  foot_clearance            | Scaled Avg:  -0.0001 | Raw Avg:   0.0057
  foot_mirror               | Scaled Avg:  -0.0003 | Raw Avg:   0.2989
  foot_slide                | Scaled Avg:  -0.0012 | Raw Avg:   1.1581
  has_contact               | Scaled Avg:   0.0017 | Raw Avg:   0.0836
  hip_pos                   | Scaled Avg:  -0.0011 | Raw Avg:   0.1119
  lin_vel_z                 | Scaled Avg:  -0.0063 | Raw Avg:   0.0788
  orientation               | Scaled Avg:  -0.0004 | Raw Avg:   0.1072
  powers                    | Scaled Avg:  -0.0000 | Raw Avg: 104.4491
  stand_still               | Scaled Avg:  -0.0004 | Raw Avg:   0.0112
  torques                   | Scaled Avg:  -0.0002 | Raw Avg: 1054.2500
  tracking_ang_vel          | Scaled Avg:   0.0075 | Raw Avg:   0.3746
  tracking_lin_vel          | Scaled Avg:   0.0158 | Raw Avg:   0.3962
  termination               | Scaled Avg:  -0.0010
  TOTAL REWARD              | Scaled Avg:  -0.0488
------------------------------

------------------------------
Step: 55000 - Reward Breakdown:
  action_rate               | Scaled Avg:  -0.0286 | Raw Avg:   0.9518
  action_smoothness         | Scaled Avg:  -0.0004 | Raw Avg:   0.1851
  ang_vel_xy                | Scaled Avg:  -0.0050 | Raw Avg:   2.5006
  base_height               | Scaled Avg:  -0.0001 | Raw Avg:   0.0066
  collision                 | Scaled Avg:  -0.0016 | Raw Avg:   0.0791
  dof_acc                   | Scaled Avg:  -0.0009 | Raw Avg: 184046.7812
  dof_error                 | Scaled Avg:  -0.0078 | Raw Avg:   0.7817
  dof_vel                   | Scaled Avg:  -0.0212 | Raw Avg:  53.0308
  feet_air_time             | Scaled Avg:   0.0000 | Raw Avg:   0.0012
  feet_contact_forces       | Scaled Avg:  -0.0000 | Raw Avg:   4.7398
  foot_clearance            | Scaled Avg:  -0.0001 | Raw Avg:   0.0058
  foot_mirror               | Scaled Avg:  -0.0003 | Raw Avg:   0.3034
  foot_slide                | Scaled Avg:  -0.0012 | Raw Avg:   1.1839
  has_contact               | Scaled Avg:   0.0018 | Raw Avg:   0.0901
  hip_pos                   | Scaled Avg:  -0.0011 | Raw Avg:   0.1091
  lin_vel_z                 | Scaled Avg:  -0.0073 | Raw Avg:   0.0910
  orientation               | Scaled Avg:  -0.0004 | Raw Avg:   0.1099
  powers                    | Scaled Avg:  -0.0000 | Raw Avg: 107.8828
  stand_still               | Scaled Avg:  -0.0006 | Raw Avg:   0.0143
  torques                   | Scaled Avg:  -0.0002 | Raw Avg: 1043.8159
  tracking_ang_vel          | Scaled Avg:   0.0075 | Raw Avg:   0.3762
  tracking_lin_vel          | Scaled Avg:   0.0155 | Raw Avg:   0.3887
  termination               | Scaled Avg:  -0.0012
  TOTAL REWARD              | Scaled Avg:  -0.0530
------------------------------
################################################################################
                    [1m Learning iteration 7300/10000 [0m                     

                       Computation: 56235 steps/s (collection: 2.046s, learning 0.555s)
                     surrogate_loss -0.0043
                         value_loss 0.0542
                            entropy 2.3482
                     estimator_loss 0.0000
                         total_loss 0.0734
             Mean action noise std: 0.20
                       Mean reward: -2.93
               Mean episode length: 60.80
      Mean episode rew_action_rate: -0.0820
Mean episode rew_frame_action_rate: -0.0348
Mean episode rew_action_smoothness: -0.0011
Mean episode rew_frame_action_smoothness: -0.0004
       Mean episode rew_ang_vel_xy: -0.0141
 Mean episode rew_frame_ang_vel_xy: -0.0078
      Mean episode rew_base_height: -0.0004
Mean episode rew_frame_base_height: -0.0002
        Mean episode rew_collision: -0.0038
  Mean episode rew_frame_collision: -0.0021
          Mean episode rew_dof_acc: -0.0025
    Mean episode rew_frame_dof_acc: -0.0015
        Mean episode rew_dof_error: -0.0216
  Mean episode rew_frame_dof_error: -0.0103
          Mean episode rew_dof_vel: -0.0592
    Mean episode rew_frame_dof_vel: -0.0338
    Mean episode rew_feet_air_time: 0.0002
Mean episode rew_frame_feet_air_time: 0.0001
Mean episode rew_feet_contact_forces: -0.0000
Mean episode rew_frame_feet_contact_forces: -0.0000
   Mean episode rew_foot_clearance: -0.0002
Mean episode rew_frame_foot_clearance: -0.0001
      Mean episode rew_foot_mirror: -0.0009
Mean episode rew_frame_foot_mirror: -0.0004
       Mean episode rew_foot_slide: -0.0033
 Mean episode rew_frame_foot_slide: -0.0014
      Mean episode rew_has_contact: 0.0055
Mean episode rew_frame_has_contact: 0.0004
          Mean episode rew_hip_pos: -0.0031
    Mean episode rew_frame_hip_pos: -0.0014
        Mean episode rew_lin_vel_z: -0.0197
  Mean episode rew_frame_lin_vel_z: -0.0119
      Mean episode rew_orientation: -0.0013
Mean episode rew_frame_orientation: -0.0007
           Mean episode rew_powers: -0.0001
     Mean episode rew_frame_powers: -0.0001
      Mean episode rew_stand_still: -0.0010
Mean episode rew_frame_stand_still: -0.0001
          Mean episode rew_stumble: -0.0000
    Mean episode rew_frame_stumble: -0.0000
      Mean episode rew_termination: -0.0030
Mean episode rew_frame_termination: -0.0018
          Mean episode rew_torques: -0.0006
    Mean episode rew_frame_torques: -0.0002
 Mean episode rew_tracking_ang_vel: 0.0210
Mean episode rew_frame_tracking_ang_vel: 0.0070
 Mean episode rew_tracking_lin_vel: 0.0445
Mean episode rew_frame_tracking_lin_vel: 0.0087
Mean episode max_power_throughout_episode: 4290.6455
            Mean episode max_pos_x: 0.9795
            Mean episode min_pos_x: -0.1657
            Mean episode max_pos_y: 0.5155
            Mean episode min_pos_y: -0.5294
        Mean episode timeout_ratio: 0.0013
       Mean episode num_terminated: 111.2500
--------------------------------------------------------------------------------
                   Total timesteps: 3511296
                    Iteration time: 2.60s
                        Total time: 6311.86s
                               ETA: 7406.4s


------------------------------
Step: 55500 - Reward Breakdown:
  action_rate               | Scaled Avg:  -0.0289 | Raw Avg:   0.9640
  action_smoothness         | Scaled Avg:  -0.0004 | Raw Avg:   0.1864
  ang_vel_xy                | Scaled Avg:  -0.0052 | Raw Avg:   2.5805
  base_height               | Scaled Avg:  -0.0001 | Raw Avg:   0.0065
  collision                 | Scaled Avg:  -0.0015 | Raw Avg:   0.0751
  dof_acc                   | Scaled Avg:  -0.0009 | Raw Avg: 181635.0156
  dof_error                 | Scaled Avg:  -0.0077 | Raw Avg:   0.7708
  dof_vel                   | Scaled Avg:  -0.0206 | Raw Avg:  51.4301
  feet_air_time             | Scaled Avg:   0.0001 | Raw Avg:   0.0018
  feet_contact_forces       | Scaled Avg:  -0.0000 | Raw Avg:   5.1973
  foot_clearance            | Scaled Avg:  -0.0001 | Raw Avg:   0.0057
  foot_mirror               | Scaled Avg:  -0.0003 | Raw Avg:   0.2998
  foot_slide                | Scaled Avg:  -0.0012 | Raw Avg:   1.1704
  has_contact               | Scaled Avg:   0.0018 | Raw Avg:   0.0901
  hip_pos                   | Scaled Avg:  -0.0011 | Raw Avg:   0.1116
  lin_vel_z                 | Scaled Avg:  -0.0069 | Raw Avg:   0.0859
  orientation               | Scaled Avg:  -0.0004 | Raw Avg:   0.1123
  powers                    | Scaled Avg:  -0.0000 | Raw Avg: 108.2196
  stand_still               | Scaled Avg:  -0.0005 | Raw Avg:   0.0121
  torques                   | Scaled Avg:  -0.0002 | Raw Avg: 1056.2771
  tracking_ang_vel          | Scaled Avg:   0.0074 | Raw Avg:   0.3686
  tracking_lin_vel          | Scaled Avg:   0.0153 | Raw Avg:   0.3822
  termination               | Scaled Avg:  -0.0010
  TOTAL REWARD              | Scaled Avg:  -0.0525
------------------------------

------------------------------
Step: 56000 - Reward Breakdown:
  action_rate               | Scaled Avg:  -0.0290 | Raw Avg:   0.9667
  action_smoothness         | Scaled Avg:  -0.0004 | Raw Avg:   0.1850
  ang_vel_xy                | Scaled Avg:  -0.0052 | Raw Avg:   2.5859
  base_height               | Scaled Avg:  -0.0001 | Raw Avg:   0.0067
  collision                 | Scaled Avg:  -0.0015 | Raw Avg:   0.0751
  dof_acc                   | Scaled Avg:  -0.0010 | Raw Avg: 193191.0156
  dof_error                 | Scaled Avg:  -0.0077 | Raw Avg:   0.7696
  dof_vel                   | Scaled Avg:  -0.0218 | Raw Avg:  54.3837
  feet_air_time             | Scaled Avg:   0.0000 | Raw Avg:   0.0012
  feet_contact_forces       | Scaled Avg:  -0.0000 | Raw Avg:   5.2782
  foot_clearance            | Scaled Avg:  -0.0001 | Raw Avg:   0.0060
  foot_mirror               | Scaled Avg:  -0.0003 | Raw Avg:   0.3289
  foot_slide                | Scaled Avg:  -0.0012 | Raw Avg:   1.2006
  has_contact               | Scaled Avg:   0.0019 | Raw Avg:   0.0935
  hip_pos                   | Scaled Avg:  -0.0012 | Raw Avg:   0.1194
  lin_vel_z                 | Scaled Avg:  -0.0071 | Raw Avg:   0.0891
  orientation               | Scaled Avg:  -0.0005 | Raw Avg:   0.1138
  powers                    | Scaled Avg:  -0.0000 | Raw Avg: 113.2321
  stand_still               | Scaled Avg:  -0.0006 | Raw Avg:   0.0152
  torques                   | Scaled Avg:  -0.0002 | Raw Avg: 1100.2383
  tracking_ang_vel          | Scaled Avg:   0.0077 | Raw Avg:   0.3849
  tracking_lin_vel          | Scaled Avg:   0.0153 | Raw Avg:   0.3831
  termination               | Scaled Avg:  -0.0012
  TOTAL REWARD              | Scaled Avg:  -0.0541
------------------------------

------------------------------
Step: 56500 - Reward Breakdown:
  action_rate               | Scaled Avg:  -0.0290 | Raw Avg:   0.9683
  action_smoothness         | Scaled Avg:  -0.0004 | Raw Avg:   0.1857
  ang_vel_xy                | Scaled Avg:  -0.0054 | Raw Avg:   2.7032
  base_height               | Scaled Avg:  -0.0001 | Raw Avg:   0.0069
  collision                 | Scaled Avg:  -0.0017 | Raw Avg:   0.0848
  dof_acc                   | Scaled Avg:  -0.0010 | Raw Avg: 208578.7656
  dof_error                 | Scaled Avg:  -0.0081 | Raw Avg:   0.8056
  dof_vel                   | Scaled Avg:  -0.0218 | Raw Avg:  54.4684
  feet_air_time             | Scaled Avg:   0.0001 | Raw Avg:   0.0016
  feet_contact_forces       | Scaled Avg:  -0.0000 | Raw Avg:   4.6741
  foot_clearance            | Scaled Avg:  -0.0001 | Raw Avg:   0.0064
  foot_mirror               | Scaled Avg:  -0.0003 | Raw Avg:   0.3265
  foot_slide                | Scaled Avg:  -0.0012 | Raw Avg:   1.2256
  has_contact               | Scaled Avg:   0.0019 | Raw Avg:   0.0967
  hip_pos                   | Scaled Avg:  -0.0012 | Raw Avg:   0.1222
  lin_vel_z                 | Scaled Avg:  -0.0073 | Raw Avg:   0.0910
  orientation               | Scaled Avg:  -0.0005 | Raw Avg:   0.1177
  powers                    | Scaled Avg:  -0.0000 | Raw Avg: 113.3450
  stand_still               | Scaled Avg:  -0.0006 | Raw Avg:   0.0158
  torques                   | Scaled Avg:  -0.0002 | Raw Avg: 1087.5732
  tracking_ang_vel          | Scaled Avg:   0.0077 | Raw Avg:   0.3833
  tracking_lin_vel          | Scaled Avg:   0.0154 | Raw Avg:   0.3838
  termination               | Scaled Avg:  -0.0011
  TOTAL REWARD              | Scaled Avg:  -0.0551
------------------------------

------------------------------
Step: 57000 - Reward Breakdown:
  action_rate               | Scaled Avg:  -0.0290 | Raw Avg:   0.9662
  action_smoothness         | Scaled Avg:  -0.0004 | Raw Avg:   0.1854
  ang_vel_xy                | Scaled Avg:  -0.0049 | Raw Avg:   2.4702
  base_height               | Scaled Avg:  -0.0001 | Raw Avg:   0.0066
  collision                 | Scaled Avg:  -0.0015 | Raw Avg:   0.0738
  dof_acc                   | Scaled Avg:  -0.0010 | Raw Avg: 209155.5469
  dof_error                 | Scaled Avg:  -0.0078 | Raw Avg:   0.7810
  dof_vel                   | Scaled Avg:  -0.0210 | Raw Avg:  52.4634
  feet_air_time             | Scaled Avg:   0.0001 | Raw Avg:   0.0017
  feet_contact_forces       | Scaled Avg:  -0.0000 | Raw Avg:   5.4571
  foot_clearance            | Scaled Avg:  -0.0001 | Raw Avg:   0.0058
  foot_mirror               | Scaled Avg:  -0.0003 | Raw Avg:   0.3049
  foot_slide                | Scaled Avg:  -0.0012 | Raw Avg:   1.1793
  has_contact               | Scaled Avg:   0.0018 | Raw Avg:   0.0906
  hip_pos                   | Scaled Avg:  -0.0012 | Raw Avg:   0.1198
  lin_vel_z                 | Scaled Avg:  -0.0067 | Raw Avg:   0.0843
  orientation               | Scaled Avg:  -0.0004 | Raw Avg:   0.1096
  powers                    | Scaled Avg:  -0.0000 | Raw Avg: 109.5820
  stand_still               | Scaled Avg:  -0.0005 | Raw Avg:   0.0130
  torques                   | Scaled Avg:  -0.0002 | Raw Avg: 1079.6575
  tracking_ang_vel          | Scaled Avg:   0.0077 | Raw Avg:   0.3830
  tracking_lin_vel          | Scaled Avg:   0.0154 | Raw Avg:   0.3842
  termination               | Scaled Avg:  -0.0012
  TOTAL REWARD              | Scaled Avg:  -0.0527
------------------------------

------------------------------
Step: 57500 - Reward Breakdown:
  action_rate               | Scaled Avg:  -0.0289 | Raw Avg:   0.9648
  action_smoothness         | Scaled Avg:  -0.0004 | Raw Avg:   0.1845
  ang_vel_xy                | Scaled Avg:  -0.0050 | Raw Avg:   2.5137
  base_height               | Scaled Avg:  -0.0001 | Raw Avg:   0.0064
  collision                 | Scaled Avg:  -0.0015 | Raw Avg:   0.0740
  dof_acc                   | Scaled Avg:  -0.0009 | Raw Avg: 186490.4531
  dof_error                 | Scaled Avg:  -0.0075 | Raw Avg:   0.7533
  dof_vel                   | Scaled Avg:  -0.0208 | Raw Avg:  51.9175
  feet_air_time             | Scaled Avg:   0.0001 | Raw Avg:   0.0015
  feet_contact_forces       | Scaled Avg:  -0.0000 | Raw Avg:   4.8151
  foot_clearance            | Scaled Avg:  -0.0001 | Raw Avg:   0.0058
  foot_mirror               | Scaled Avg:  -0.0003 | Raw Avg:   0.3085
  foot_slide                | Scaled Avg:  -0.0012 | Raw Avg:   1.1542
  has_contact               | Scaled Avg:   0.0018 | Raw Avg:   0.0883
  hip_pos                   | Scaled Avg:  -0.0011 | Raw Avg:   0.1140
  lin_vel_z                 | Scaled Avg:  -0.0070 | Raw Avg:   0.0872
  orientation               | Scaled Avg:  -0.0004 | Raw Avg:   0.1112
  powers                    | Scaled Avg:  -0.0000 | Raw Avg: 106.9038
  stand_still               | Scaled Avg:  -0.0005 | Raw Avg:   0.0118
  torques                   | Scaled Avg:  -0.0002 | Raw Avg: 1053.8071
  tracking_ang_vel          | Scaled Avg:   0.0075 | Raw Avg:   0.3739
  tracking_lin_vel          | Scaled Avg:   0.0153 | Raw Avg:   0.3835
  termination               | Scaled Avg:  -0.0010
  TOTAL REWARD              | Scaled Avg:  -0.0524
------------------------------
################################################################################
                    [1m Learning iteration 7400/10000 [0m                     

                       Computation: 56752 steps/s (collection: 2.028s, learning 0.550s)
                     surrogate_loss -0.0050
                         value_loss 0.0609
                            entropy 2.3328
                     estimator_loss 0.0000
                         total_loss 0.0792
             Mean action noise std: 0.20
                       Mean reward: -3.20
               Mean episode length: 51.38
      Mean episode rew_action_rate: -0.0824
Mean episode rew_frame_action_rate: -0.0346
Mean episode rew_action_smoothness: -0.0011
Mean episode rew_frame_action_smoothness: -0.0004
       Mean episode rew_ang_vel_xy: -0.0141
 Mean episode rew_frame_ang_vel_xy: -0.0077
      Mean episode rew_base_height: -0.0004
Mean episode rew_frame_base_height: -0.0002
        Mean episode rew_collision: -0.0046
  Mean episode rew_frame_collision: -0.0022
          Mean episode rew_dof_acc: -0.0027
    Mean episode rew_frame_dof_acc: -0.0017
        Mean episode rew_dof_error: -0.0219
  Mean episode rew_frame_dof_error: -0.0101
          Mean episode rew_dof_vel: -0.0592
    Mean episode rew_frame_dof_vel: -0.0337
    Mean episode rew_feet_air_time: 0.0002
Mean episode rew_frame_feet_air_time: 0.0001
Mean episode rew_feet_contact_forces: -0.0000
Mean episode rew_frame_feet_contact_forces: -0.0000
   Mean episode rew_foot_clearance: -0.0002
Mean episode rew_frame_foot_clearance: -0.0001
      Mean episode rew_foot_mirror: -0.0009
Mean episode rew_frame_foot_mirror: -0.0004
       Mean episode rew_foot_slide: -0.0033
 Mean episode rew_frame_foot_slide: -0.0015
      Mean episode rew_has_contact: 0.0044
Mean episode rew_frame_has_contact: 0.0003
          Mean episode rew_hip_pos: -0.0033
    Mean episode rew_frame_hip_pos: -0.0014
        Mean episode rew_lin_vel_z: -0.0201
  Mean episode rew_frame_lin_vel_z: -0.0121
      Mean episode rew_orientation: -0.0013
Mean episode rew_frame_orientation: -0.0007
           Mean episode rew_powers: -0.0001
     Mean episode rew_frame_powers: -0.0001
      Mean episode rew_stand_still: -0.0007
Mean episode rew_frame_stand_still: -0.0001
          Mean episode rew_stumble: -0.0000
    Mean episode rew_frame_stumble: -0.0000
      Mean episode rew_termination: -0.0030
Mean episode rew_frame_termination: -0.0018
          Mean episode rew_torques: -0.0006
    Mean episode rew_frame_torques: -0.0002
 Mean episode rew_tracking_ang_vel: 0.0205
Mean episode rew_frame_tracking_ang_vel: 0.0070
 Mean episode rew_tracking_lin_vel: 0.0440
Mean episode rew_frame_tracking_lin_vel: 0.0086
Mean episode max_power_throughout_episode: 4167.5942
            Mean episode max_pos_x: 1.0065
            Mean episode min_pos_x: -0.1334
            Mean episode max_pos_y: 0.5062
            Mean episode min_pos_y: -0.5329
        Mean episode timeout_ratio: 0.0000
       Mean episode num_terminated: 110.2500
--------------------------------------------------------------------------------
                   Total timesteps: 3657600
                    Iteration time: 2.58s
                        Total time: 6586.38s
                               ETA: 7132.3s


------------------------------
Step: 58000 - Reward Breakdown:
  action_rate               | Scaled Avg:  -0.0283 | Raw Avg:   0.9423
  action_smoothness         | Scaled Avg:  -0.0004 | Raw Avg:   0.1854
  ang_vel_xy                | Scaled Avg:  -0.0049 | Raw Avg:   2.4298
  base_height               | Scaled Avg:  -0.0001 | Raw Avg:   0.0066
  collision                 | Scaled Avg:  -0.0015 | Raw Avg:   0.0746
  dof_acc                   | Scaled Avg:  -0.0009 | Raw Avg: 176361.1094
  dof_error                 | Scaled Avg:  -0.0076 | Raw Avg:   0.7619
  dof_vel                   | Scaled Avg:  -0.0201 | Raw Avg:  50.2672
  feet_air_time             | Scaled Avg:   0.0001 | Raw Avg:   0.0020
  feet_contact_forces       | Scaled Avg:  -0.0000 | Raw Avg:   4.7963
  foot_clearance            | Scaled Avg:  -0.0001 | Raw Avg:   0.0056
  foot_mirror               | Scaled Avg:  -0.0003 | Raw Avg:   0.3161
  foot_slide                | Scaled Avg:  -0.0011 | Raw Avg:   1.1434
  has_contact               | Scaled Avg:   0.0019 | Raw Avg:   0.0951
  hip_pos                   | Scaled Avg:  -0.0011 | Raw Avg:   0.1111
  lin_vel_z                 | Scaled Avg:  -0.0065 | Raw Avg:   0.0817
  orientation               | Scaled Avg:  -0.0004 | Raw Avg:   0.1078
  powers                    | Scaled Avg:  -0.0000 | Raw Avg: 106.5753
  stand_still               | Scaled Avg:  -0.0007 | Raw Avg:   0.0187
  torques                   | Scaled Avg:  -0.0002 | Raw Avg: 1051.4669
  tracking_ang_vel          | Scaled Avg:   0.0078 | Raw Avg:   0.3908
  tracking_lin_vel          | Scaled Avg:   0.0156 | Raw Avg:   0.3904
  termination               | Scaled Avg:  -0.0010
  TOTAL REWARD              | Scaled Avg:  -0.0500
------------------------------

------------------------------
Step: 58500 - Reward Breakdown:
  action_rate               | Scaled Avg:  -0.0293 | Raw Avg:   0.9766
  action_smoothness         | Scaled Avg:  -0.0004 | Raw Avg:   0.1862
  ang_vel_xy                | Scaled Avg:  -0.0050 | Raw Avg:   2.4875
  base_height               | Scaled Avg:  -0.0001 | Raw Avg:   0.0065
  collision                 | Scaled Avg:  -0.0014 | Raw Avg:   0.0676
  dof_acc                   | Scaled Avg:  -0.0009 | Raw Avg: 186918.9062
  dof_error                 | Scaled Avg:  -0.0074 | Raw Avg:   0.7441
  dof_vel                   | Scaled Avg:  -0.0212 | Raw Avg:  53.0830
  feet_air_time             | Scaled Avg:   0.0001 | Raw Avg:   0.0013
  feet_contact_forces       | Scaled Avg:  -0.0000 | Raw Avg:   5.0580
  foot_clearance            | Scaled Avg:  -0.0001 | Raw Avg:   0.0057
  foot_mirror               | Scaled Avg:  -0.0003 | Raw Avg:   0.3038
  foot_slide                | Scaled Avg:  -0.0011 | Raw Avg:   1.1449
  has_contact               | Scaled Avg:   0.0019 | Raw Avg:   0.0950
  hip_pos                   | Scaled Avg:  -0.0012 | Raw Avg:   0.1205
  lin_vel_z                 | Scaled Avg:  -0.0077 | Raw Avg:   0.0958
  orientation               | Scaled Avg:  -0.0004 | Raw Avg:   0.1084
  powers                    | Scaled Avg:  -0.0000 | Raw Avg: 109.3745
  stand_still               | Scaled Avg:  -0.0005 | Raw Avg:   0.0129
  torques                   | Scaled Avg:  -0.0002 | Raw Avg: 1066.5254
  tracking_ang_vel          | Scaled Avg:   0.0074 | Raw Avg:   0.3710
  tracking_lin_vel          | Scaled Avg:   0.0154 | Raw Avg:   0.3850
  termination               | Scaled Avg:  -0.0012
  TOTAL REWARD              | Scaled Avg:  -0.0537
------------------------------

------------------------------
Step: 59000 - Reward Breakdown:
  action_rate               | Scaled Avg:  -0.0291 | Raw Avg:   0.9686
  action_smoothness         | Scaled Avg:  -0.0004 | Raw Avg:   0.1836
  ang_vel_xy                | Scaled Avg:  -0.0048 | Raw Avg:   2.4144
  base_height               | Scaled Avg:  -0.0001 | Raw Avg:   0.0060
  collision                 | Scaled Avg:  -0.0012 | Raw Avg:   0.0625
  dof_acc                   | Scaled Avg:  -0.0010 | Raw Avg: 200805.8438
  dof_error                 | Scaled Avg:  -0.0068 | Raw Avg:   0.6845
  dof_vel                   | Scaled Avg:  -0.0199 | Raw Avg:  49.8068
  feet_air_time             | Scaled Avg:   0.0001 | Raw Avg:   0.0013
  feet_contact_forces       | Scaled Avg:  -0.0000 | Raw Avg:   4.8860
  foot_clearance            | Scaled Avg:  -0.0001 | Raw Avg:   0.0053
  foot_mirror               | Scaled Avg:  -0.0003 | Raw Avg:   0.2846
  foot_slide                | Scaled Avg:  -0.0011 | Raw Avg:   1.1077
  has_contact               | Scaled Avg:   0.0017 | Raw Avg:   0.0862
  hip_pos                   | Scaled Avg:  -0.0011 | Raw Avg:   0.1061
  lin_vel_z                 | Scaled Avg:  -0.0067 | Raw Avg:   0.0838
  orientation               | Scaled Avg:  -0.0004 | Raw Avg:   0.0996
  powers                    | Scaled Avg:  -0.0000 | Raw Avg: 103.6298
  stand_still               | Scaled Avg:  -0.0004 | Raw Avg:   0.0111
  torques                   | Scaled Avg:  -0.0002 | Raw Avg: 1028.8477
  tracking_ang_vel          | Scaled Avg:   0.0074 | Raw Avg:   0.3688
  tracking_lin_vel          | Scaled Avg:   0.0157 | Raw Avg:   0.3918
  termination               | Scaled Avg:  -0.0008
  TOTAL REWARD              | Scaled Avg:  -0.0497
------------------------------

------------------------------
Step: 59500 - Reward Breakdown:
  action_rate               | Scaled Avg:  -0.0278 | Raw Avg:   0.9260
  action_smoothness         | Scaled Avg:  -0.0004 | Raw Avg:   0.1823
  ang_vel_xy                | Scaled Avg:  -0.0048 | Raw Avg:   2.3765
  base_height               | Scaled Avg:  -0.0001 | Raw Avg:   0.0062
  collision                 | Scaled Avg:  -0.0014 | Raw Avg:   0.0705
  dof_acc                   | Scaled Avg:  -0.0008 | Raw Avg: 168980.8125
  dof_error                 | Scaled Avg:  -0.0071 | Raw Avg:   0.7127
  dof_vel                   | Scaled Avg:  -0.0197 | Raw Avg:  49.1925
  feet_air_time             | Scaled Avg:   0.0001 | Raw Avg:   0.0016
  feet_contact_forces       | Scaled Avg:  -0.0000 | Raw Avg:   5.2769
  foot_clearance            | Scaled Avg:  -0.0001 | Raw Avg:   0.0054
  foot_mirror               | Scaled Avg:  -0.0003 | Raw Avg:   0.2811
  foot_slide                | Scaled Avg:  -0.0011 | Raw Avg:   1.1299
  has_contact               | Scaled Avg:   0.0017 | Raw Avg:   0.0862
  hip_pos                   | Scaled Avg:  -0.0011 | Raw Avg:   0.1074
  lin_vel_z                 | Scaled Avg:  -0.0066 | Raw Avg:   0.0825
  orientation               | Scaled Avg:  -0.0004 | Raw Avg:   0.1038
  powers                    | Scaled Avg:  -0.0000 | Raw Avg: 102.3846
  stand_still               | Scaled Avg:  -0.0007 | Raw Avg:   0.0164
  torques                   | Scaled Avg:  -0.0002 | Raw Avg: 1008.2126
  tracking_ang_vel          | Scaled Avg:   0.0074 | Raw Avg:   0.3678
  tracking_lin_vel          | Scaled Avg:   0.0158 | Raw Avg:   0.3947
  termination               | Scaled Avg:  -0.0011
  TOTAL REWARD              | Scaled Avg:  -0.0487
------------------------------

------------------------------
Step: 60000 - Reward Breakdown:
  action_rate               | Scaled Avg:  -0.0289 | Raw Avg:   0.9626
  action_smoothness         | Scaled Avg:  -0.0004 | Raw Avg:   0.1850
  ang_vel_xy                | Scaled Avg:  -0.0048 | Raw Avg:   2.3783
  base_height               | Scaled Avg:  -0.0001 | Raw Avg:   0.0063
  collision                 | Scaled Avg:  -0.0015 | Raw Avg:   0.0733
  dof_acc                   | Scaled Avg:  -0.0011 | Raw Avg: 212286.6094
  dof_error                 | Scaled Avg:  -0.0073 | Raw Avg:   0.7302
  dof_vel                   | Scaled Avg:  -0.0213 | Raw Avg:  53.1691
  feet_air_time             | Scaled Avg:   0.0000 | Raw Avg:   0.0012
  feet_contact_forces       | Scaled Avg:  -0.0000 | Raw Avg:   4.2529
  foot_clearance            | Scaled Avg:  -0.0001 | Raw Avg:   0.0055
  foot_mirror               | Scaled Avg:  -0.0003 | Raw Avg:   0.2913
  foot_slide                | Scaled Avg:  -0.0011 | Raw Avg:   1.1442
  has_contact               | Scaled Avg:   0.0017 | Raw Avg:   0.0864
  hip_pos                   | Scaled Avg:  -0.0010 | Raw Avg:   0.1017
  lin_vel_z                 | Scaled Avg:  -0.0069 | Raw Avg:   0.0859
  orientation               | Scaled Avg:  -0.0004 | Raw Avg:   0.1085
  powers                    | Scaled Avg:  -0.0000 | Raw Avg: 106.2646
  stand_still               | Scaled Avg:  -0.0006 | Raw Avg:   0.0154
  torques                   | Scaled Avg:  -0.0002 | Raw Avg: 1012.6916
  tracking_ang_vel          | Scaled Avg:   0.0073 | Raw Avg:   0.3639
  tracking_lin_vel          | Scaled Avg:   0.0154 | Raw Avg:   0.3850
  termination               | Scaled Avg:  -0.0011
  TOTAL REWARD              | Scaled Avg:  -0.0525
------------------------------
################################################################################
                    [1m Learning iteration 7500/10000 [0m                     

                       Computation: 57835 steps/s (collection: 1.983s, learning 0.547s)
                     surrogate_loss -0.0042
                         value_loss 0.0760
                            entropy 2.3324
                     estimator_loss 0.0000
                         total_loss 0.0951
             Mean action noise std: 0.20
                       Mean reward: -2.97
               Mean episode length: 57.22
      Mean episode rew_action_rate: -0.0817
Mean episode rew_frame_action_rate: -0.0349
Mean episode rew_action_smoothness: -0.0010
Mean episode rew_frame_action_smoothness: -0.0004
       Mean episode rew_ang_vel_xy: -0.0139
 Mean episode rew_frame_ang_vel_xy: -0.0076
      Mean episode rew_base_height: -0.0004
Mean episode rew_frame_base_height: -0.0002
        Mean episode rew_collision: -0.0044
  Mean episode rew_frame_collision: -0.0023
          Mean episode rew_dof_acc: -0.0028
    Mean episode rew_frame_dof_acc: -0.0018
        Mean episode rew_dof_error: -0.0214
  Mean episode rew_frame_dof_error: -0.0101
          Mean episode rew_dof_vel: -0.0593
    Mean episode rew_frame_dof_vel: -0.0343
    Mean episode rew_feet_air_time: 0.0002
Mean episode rew_frame_feet_air_time: 0.0001
Mean episode rew_feet_contact_forces: -0.0000
Mean episode rew_frame_feet_contact_forces: -0.0000
   Mean episode rew_foot_clearance: -0.0002
Mean episode rew_frame_foot_clearance: -0.0001
      Mean episode rew_foot_mirror: -0.0008
Mean episode rew_frame_foot_mirror: -0.0004
       Mean episode rew_foot_slide: -0.0033
 Mean episode rew_frame_foot_slide: -0.0015
      Mean episode rew_has_contact: 0.0054
Mean episode rew_frame_has_contact: 0.0004
          Mean episode rew_hip_pos: -0.0031
    Mean episode rew_frame_hip_pos: -0.0013
        Mean episode rew_lin_vel_z: -0.0200
  Mean episode rew_frame_lin_vel_z: -0.0124
      Mean episode rew_orientation: -0.0012
Mean episode rew_frame_orientation: -0.0007
           Mean episode rew_powers: -0.0001
     Mean episode rew_frame_powers: -0.0001
      Mean episode rew_stand_still: -0.0024
Mean episode rew_frame_stand_still: -0.0002
          Mean episode rew_stumble: -0.0000
    Mean episode rew_frame_stumble: -0.0000
      Mean episode rew_termination: -0.0030
Mean episode rew_frame_termination: -0.0019
          Mean episode rew_torques: -0.0006
    Mean episode rew_frame_torques: -0.0002
 Mean episode rew_tracking_ang_vel: 0.0219
Mean episode rew_frame_tracking_ang_vel: 0.0072
 Mean episode rew_tracking_lin_vel: 0.0427
Mean episode rew_frame_tracking_lin_vel: 0.0084
Mean episode max_power_throughout_episode: 4165.0063
            Mean episode max_pos_x: 1.0560
            Mean episode min_pos_x: -0.1259
            Mean episode max_pos_y: 0.5318
            Mean episode min_pos_y: -0.5203
        Mean episode timeout_ratio: 0.0000
       Mean episode num_terminated: 106.4167
--------------------------------------------------------------------------------
                   Total timesteps: 3803904
                    Iteration time: 2.53s
                        Total time: 6854.17s
                               ETA: 6851.4s


------------------------------
Step: 60500 - Reward Breakdown:
  action_rate               | Scaled Avg:  -0.0278 | Raw Avg:   0.9270
  action_smoothness         | Scaled Avg:  -0.0004 | Raw Avg:   0.1847
  ang_vel_xy                | Scaled Avg:  -0.0048 | Raw Avg:   2.4102
  base_height               | Scaled Avg:  -0.0001 | Raw Avg:   0.0062
  collision                 | Scaled Avg:  -0.0015 | Raw Avg:   0.0741
  dof_acc                   | Scaled Avg:  -0.0008 | Raw Avg: 167518.5312
  dof_error                 | Scaled Avg:  -0.0072 | Raw Avg:   0.7211
  dof_vel                   | Scaled Avg:  -0.0196 | Raw Avg:  48.9972
  feet_air_time             | Scaled Avg:   0.0001 | Raw Avg:   0.0014
  feet_contact_forces       | Scaled Avg:  -0.0000 | Raw Avg:   4.6781
  foot_clearance            | Scaled Avg:  -0.0001 | Raw Avg:   0.0055
  foot_mirror               | Scaled Avg:  -0.0003 | Raw Avg:   0.2811
  foot_slide                | Scaled Avg:  -0.0011 | Raw Avg:   1.1390
  has_contact               | Scaled Avg:   0.0017 | Raw Avg:   0.0860
  hip_pos                   | Scaled Avg:  -0.0011 | Raw Avg:   0.1077
  lin_vel_z                 | Scaled Avg:  -0.0067 | Raw Avg:   0.0841
  orientation               | Scaled Avg:  -0.0004 | Raw Avg:   0.1063
  powers                    | Scaled Avg:  -0.0000 | Raw Avg: 102.0592
  stand_still               | Scaled Avg:  -0.0006 | Raw Avg:   0.0151
  torques                   | Scaled Avg:  -0.0002 | Raw Avg: 1012.8011
  tracking_ang_vel          | Scaled Avg:   0.0075 | Raw Avg:   0.3740
  tracking_lin_vel          | Scaled Avg:   0.0156 | Raw Avg:   0.3910
  termination               | Scaled Avg:  -0.0011
  TOTAL REWARD              | Scaled Avg:  -0.0490
------------------------------

------------------------------
Step: 61000 - Reward Breakdown:
  action_rate               | Scaled Avg:  -0.0284 | Raw Avg:   0.9483
  action_smoothness         | Scaled Avg:  -0.0004 | Raw Avg:   0.1846
  ang_vel_xy                | Scaled Avg:  -0.0048 | Raw Avg:   2.3761
  base_height               | Scaled Avg:  -0.0001 | Raw Avg:   0.0060
  collision                 | Scaled Avg:  -0.0014 | Raw Avg:   0.0714
  dof_acc                   | Scaled Avg:  -0.0010 | Raw Avg: 197862.4688
  dof_error                 | Scaled Avg:  -0.0072 | Raw Avg:   0.7196
  dof_vel                   | Scaled Avg:  -0.0207 | Raw Avg:  51.6268
  feet_air_time             | Scaled Avg:   0.0001 | Raw Avg:   0.0022
  feet_contact_forces       | Scaled Avg:  -0.0000 | Raw Avg:   4.5236
  foot_clearance            | Scaled Avg:  -0.0001 | Raw Avg:   0.0059
  foot_mirror               | Scaled Avg:  -0.0003 | Raw Avg:   0.2800
  foot_slide                | Scaled Avg:  -0.0012 | Raw Avg:   1.1577
  has_contact               | Scaled Avg:   0.0016 | Raw Avg:   0.0811
  hip_pos                   | Scaled Avg:  -0.0011 | Raw Avg:   0.1080
  lin_vel_z                 | Scaled Avg:  -0.0070 | Raw Avg:   0.0880
  orientation               | Scaled Avg:  -0.0004 | Raw Avg:   0.1060
  powers                    | Scaled Avg:  -0.0000 | Raw Avg: 105.6699
  stand_still               | Scaled Avg:  -0.0005 | Raw Avg:   0.0119
  torques                   | Scaled Avg:  -0.0002 | Raw Avg: 1017.3247
  tracking_ang_vel          | Scaled Avg:   0.0075 | Raw Avg:   0.3747
  tracking_lin_vel          | Scaled Avg:   0.0154 | Raw Avg:   0.3847
  termination               | Scaled Avg:  -0.0011
  TOTAL REWARD              | Scaled Avg:  -0.0512
------------------------------

------------------------------
Step: 61500 - Reward Breakdown:
  action_rate               | Scaled Avg:  -0.0294 | Raw Avg:   0.9791
  action_smoothness         | Scaled Avg:  -0.0004 | Raw Avg:   0.1845
  ang_vel_xy                | Scaled Avg:  -0.0049 | Raw Avg:   2.4337
  base_height               | Scaled Avg:  -0.0001 | Raw Avg:   0.0064
  collision                 | Scaled Avg:  -0.0015 | Raw Avg:   0.0735
  dof_acc                   | Scaled Avg:  -0.0011 | Raw Avg: 216721.8438
  dof_error                 | Scaled Avg:  -0.0075 | Raw Avg:   0.7500
  dof_vel                   | Scaled Avg:  -0.0210 | Raw Avg:  52.5239
  feet_air_time             | Scaled Avg:   0.0001 | Raw Avg:   0.0013
  feet_contact_forces       | Scaled Avg:  -0.0000 | Raw Avg:   4.7638
  foot_clearance            | Scaled Avg:  -0.0001 | Raw Avg:   0.0060
  foot_mirror               | Scaled Avg:  -0.0003 | Raw Avg:   0.2953
  foot_slide                | Scaled Avg:  -0.0012 | Raw Avg:   1.1750
  has_contact               | Scaled Avg:   0.0015 | Raw Avg:   0.0764
  hip_pos                   | Scaled Avg:  -0.0011 | Raw Avg:   0.1090
  lin_vel_z                 | Scaled Avg:  -0.0067 | Raw Avg:   0.0837
  orientation               | Scaled Avg:  -0.0004 | Raw Avg:   0.1105
  powers                    | Scaled Avg:  -0.0000 | Raw Avg: 105.5201
  stand_still               | Scaled Avg:  -0.0006 | Raw Avg:   0.0161
  torques                   | Scaled Avg:  -0.0002 | Raw Avg: 1006.4506
  tracking_ang_vel          | Scaled Avg:   0.0076 | Raw Avg:   0.3808
  tracking_lin_vel          | Scaled Avg:   0.0152 | Raw Avg:   0.3789
  termination               | Scaled Avg:  -0.0009
  TOTAL REWARD              | Scaled Avg:  -0.0530
------------------------------

------------------------------
Step: 62000 - Reward Breakdown:
  action_rate               | Scaled Avg:  -0.0293 | Raw Avg:   0.9774
  action_smoothness         | Scaled Avg:  -0.0004 | Raw Avg:   0.1871
  ang_vel_xy                | Scaled Avg:  -0.0052 | Raw Avg:   2.5873
  base_height               | Scaled Avg:  -0.0001 | Raw Avg:   0.0063
  collision                 | Scaled Avg:  -0.0015 | Raw Avg:   0.0774
  dof_acc                   | Scaled Avg:  -0.0010 | Raw Avg: 202238.2344
  dof_error                 | Scaled Avg:  -0.0075 | Raw Avg:   0.7516
  dof_vel                   | Scaled Avg:  -0.0223 | Raw Avg:  55.7359
  feet_air_time             | Scaled Avg:   0.0001 | Raw Avg:   0.0017
  feet_contact_forces       | Scaled Avg:  -0.0000 | Raw Avg:   4.7095
  foot_clearance            | Scaled Avg:  -0.0001 | Raw Avg:   0.0057
  foot_mirror               | Scaled Avg:  -0.0003 | Raw Avg:   0.2987
  foot_slide                | Scaled Avg:  -0.0012 | Raw Avg:   1.1856
  has_contact               | Scaled Avg:   0.0018 | Raw Avg:   0.0877
  hip_pos                   | Scaled Avg:  -0.0011 | Raw Avg:   0.1053
  lin_vel_z                 | Scaled Avg:  -0.0075 | Raw Avg:   0.0942
  orientation               | Scaled Avg:  -0.0005 | Raw Avg:   0.1129
  powers                    | Scaled Avg:  -0.0000 | Raw Avg: 108.0118
  stand_still               | Scaled Avg:  -0.0006 | Raw Avg:   0.0152
  torques                   | Scaled Avg:  -0.0002 | Raw Avg: 1004.3593
  tracking_ang_vel          | Scaled Avg:   0.0075 | Raw Avg:   0.3726
  tracking_lin_vel          | Scaled Avg:   0.0154 | Raw Avg:   0.3855
  termination               | Scaled Avg:  -0.0009
  TOTAL REWARD              | Scaled Avg:  -0.0551
------------------------------
################################################################################
                    [1m Learning iteration 7600/10000 [0m                     

                       Computation: 58085 steps/s (collection: 1.971s, learning 0.548s)
                     surrogate_loss -0.0048
                         value_loss 0.0603
                            entropy 2.3487
                     estimator_loss 0.0000
                         total_loss 0.0790
             Mean action noise std: 0.20
                       Mean reward: -2.97
               Mean episode length: 68.92
      Mean episode rew_action_rate: -0.0840
Mean episode rew_frame_action_rate: -0.0341
Mean episode rew_action_smoothness: -0.0011
Mean episode rew_frame_action_smoothness: -0.0004
       Mean episode rew_ang_vel_xy: -0.0140
 Mean episode rew_frame_ang_vel_xy: -0.0076
      Mean episode rew_base_height: -0.0004
Mean episode rew_frame_base_height: -0.0002
        Mean episode rew_collision: -0.0040
  Mean episode rew_frame_collision: -0.0022
          Mean episode rew_dof_acc: -0.0026
    Mean episode rew_frame_dof_acc: -0.0016
        Mean episode rew_dof_error: -0.0213
  Mean episode rew_frame_dof_error: -0.0099
          Mean episode rew_dof_vel: -0.0591
    Mean episode rew_frame_dof_vel: -0.0335
    Mean episode rew_feet_air_time: 0.0002
Mean episode rew_frame_feet_air_time: 0.0001
Mean episode rew_feet_contact_forces: -0.0000
Mean episode rew_frame_feet_contact_forces: -0.0000
   Mean episode rew_foot_clearance: -0.0002
Mean episode rew_frame_foot_clearance: -0.0001
      Mean episode rew_foot_mirror: -0.0009
Mean episode rew_frame_foot_mirror: -0.0004
       Mean episode rew_foot_slide: -0.0034
 Mean episode rew_frame_foot_slide: -0.0014
      Mean episode rew_has_contact: 0.0050
Mean episode rew_frame_has_contact: 0.0004
          Mean episode rew_hip_pos: -0.0031
    Mean episode rew_frame_hip_pos: -0.0013
        Mean episode rew_lin_vel_z: -0.0201
  Mean episode rew_frame_lin_vel_z: -0.0124
      Mean episode rew_orientation: -0.0012
Mean episode rew_frame_orientation: -0.0007
           Mean episode rew_powers: -0.0001
     Mean episode rew_frame_powers: -0.0001
      Mean episode rew_stand_still: -0.0028
Mean episode rew_frame_stand_still: -0.0002
          Mean episode rew_stumble: -0.0000
    Mean episode rew_frame_stumble: -0.0000
      Mean episode rew_termination: -0.0030
Mean episode rew_frame_termination: -0.0019
          Mean episode rew_torques: -0.0006
    Mean episode rew_frame_torques: -0.0002
 Mean episode rew_tracking_ang_vel: 0.0227
Mean episode rew_frame_tracking_ang_vel: 0.0071
 Mean episode rew_tracking_lin_vel: 0.0473
Mean episode rew_frame_tracking_lin_vel: 0.0086
Mean episode max_power_throughout_episode: 4281.0356
            Mean episode max_pos_x: 1.0126
            Mean episode min_pos_x: -0.1611
            Mean episode max_pos_y: 0.5045
            Mean episode min_pos_y: -0.5266
        Mean episode timeout_ratio: 0.0000
       Mean episode num_terminated: 103.7083
--------------------------------------------------------------------------------
                   Total timesteps: 3950208
                    Iteration time: 2.52s
                        Total time: 7126.18s
                               ETA: 6575.5s


------------------------------
Step: 62500 - Reward Breakdown:
  action_rate               | Scaled Avg:  -0.0283 | Raw Avg:   0.9438
  action_smoothness         | Scaled Avg:  -0.0004 | Raw Avg:   0.1844
  ang_vel_xy                | Scaled Avg:  -0.0049 | Raw Avg:   2.4358
  base_height               | Scaled Avg:  -0.0001 | Raw Avg:   0.0065
  collision                 | Scaled Avg:  -0.0014 | Raw Avg:   0.0707
  dof_acc                   | Scaled Avg:  -0.0009 | Raw Avg: 173908.7500
  dof_error                 | Scaled Avg:  -0.0075 | Raw Avg:   0.7501
  dof_vel                   | Scaled Avg:  -0.0200 | Raw Avg:  50.1205
  feet_air_time             | Scaled Avg:   0.0001 | Raw Avg:   0.0015
  feet_contact_forces       | Scaled Avg:  -0.0000 | Raw Avg:   4.7823
  foot_clearance            | Scaled Avg:  -0.0001 | Raw Avg:   0.0056
  foot_mirror               | Scaled Avg:  -0.0003 | Raw Avg:   0.3026
  foot_slide                | Scaled Avg:  -0.0011 | Raw Avg:   1.1321
  has_contact               | Scaled Avg:   0.0017 | Raw Avg:   0.0860
  hip_pos                   | Scaled Avg:  -0.0011 | Raw Avg:   0.1069
  lin_vel_z                 | Scaled Avg:  -0.0073 | Raw Avg:   0.0915
  orientation               | Scaled Avg:  -0.0004 | Raw Avg:   0.1098
  powers                    | Scaled Avg:  -0.0000 | Raw Avg: 103.7589
  stand_still               | Scaled Avg:  -0.0005 | Raw Avg:   0.0126
  torques                   | Scaled Avg:  -0.0002 | Raw Avg: 1021.0328
  tracking_ang_vel          | Scaled Avg:   0.0074 | Raw Avg:   0.3704
  tracking_lin_vel          | Scaled Avg:   0.0155 | Raw Avg:   0.3878
  termination               | Scaled Avg:  -0.0011
  TOTAL REWARD              | Scaled Avg:  -0.0510
------------------------------

------------------------------
Step: 63000 - Reward Breakdown:
  action_rate               | Scaled Avg:  -0.0289 | Raw Avg:   0.9632
  action_smoothness         | Scaled Avg:  -0.0004 | Raw Avg:   0.1861
  ang_vel_xy                | Scaled Avg:  -0.0050 | Raw Avg:   2.4899
  base_height               | Scaled Avg:  -0.0001 | Raw Avg:   0.0064
  collision                 | Scaled Avg:  -0.0015 | Raw Avg:   0.0746
  dof_acc                   | Scaled Avg:  -0.0009 | Raw Avg: 175751.7656
  dof_error                 | Scaled Avg:  -0.0073 | Raw Avg:   0.7271
  dof_vel                   | Scaled Avg:  -0.0203 | Raw Avg:  50.7884
  feet_air_time             | Scaled Avg:   0.0001 | Raw Avg:   0.0013
  feet_contact_forces       | Scaled Avg:  -0.0000 | Raw Avg:   4.9300
  foot_clearance            | Scaled Avg:  -0.0001 | Raw Avg:   0.0056
  foot_mirror               | Scaled Avg:  -0.0003 | Raw Avg:   0.3014
  foot_slide                | Scaled Avg:  -0.0011 | Raw Avg:   1.1402
  has_contact               | Scaled Avg:   0.0019 | Raw Avg:   0.0942
  hip_pos                   | Scaled Avg:  -0.0011 | Raw Avg:   0.1070
  lin_vel_z                 | Scaled Avg:  -0.0071 | Raw Avg:   0.0884
  orientation               | Scaled Avg:  -0.0004 | Raw Avg:   0.1080
  powers                    | Scaled Avg:  -0.0000 | Raw Avg: 104.5970
  stand_still               | Scaled Avg:  -0.0007 | Raw Avg:   0.0178
  torques                   | Scaled Avg:  -0.0002 | Raw Avg: 1039.2606
  tracking_ang_vel          | Scaled Avg:   0.0074 | Raw Avg:   0.3713
  tracking_lin_vel          | Scaled Avg:   0.0158 | Raw Avg:   0.3940
  termination               | Scaled Avg:  -0.0010
  TOTAL REWARD              | Scaled Avg:  -0.0513
------------------------------

------------------------------
Step: 63500 - Reward Breakdown:
  action_rate               | Scaled Avg:  -0.0296 | Raw Avg:   0.9870
  action_smoothness         | Scaled Avg:  -0.0004 | Raw Avg:   0.1853
  ang_vel_xy                | Scaled Avg:  -0.0051 | Raw Avg:   2.5381
  base_height               | Scaled Avg:  -0.0001 | Raw Avg:   0.0066
  collision                 | Scaled Avg:  -0.0016 | Raw Avg:   0.0792
  dof_acc                   | Scaled Avg:  -0.0010 | Raw Avg: 191066.9375
  dof_error                 | Scaled Avg:  -0.0076 | Raw Avg:   0.7585
  dof_vel                   | Scaled Avg:  -0.0216 | Raw Avg:  54.0250
  feet_air_time             | Scaled Avg:   0.0001 | Raw Avg:   0.0025
  feet_contact_forces       | Scaled Avg:  -0.0000 | Raw Avg:   5.5065
  foot_clearance            | Scaled Avg:  -0.0001 | Raw Avg:   0.0059
  foot_mirror               | Scaled Avg:  -0.0003 | Raw Avg:   0.3121
  foot_slide                | Scaled Avg:  -0.0012 | Raw Avg:   1.2014
  has_contact               | Scaled Avg:   0.0017 | Raw Avg:   0.0855
  hip_pos                   | Scaled Avg:  -0.0011 | Raw Avg:   0.1112
  lin_vel_z                 | Scaled Avg:  -0.0073 | Raw Avg:   0.0909
  orientation               | Scaled Avg:  -0.0005 | Raw Avg:   0.1137
  powers                    | Scaled Avg:  -0.0000 | Raw Avg: 107.9354
  stand_still               | Scaled Avg:  -0.0004 | Raw Avg:   0.0105
  torques                   | Scaled Avg:  -0.0002 | Raw Avg: 1047.8033
  tracking_ang_vel          | Scaled Avg:   0.0077 | Raw Avg:   0.3829
  tracking_lin_vel          | Scaled Avg:   0.0152 | Raw Avg:   0.3810
  termination               | Scaled Avg:  -0.0011
  TOTAL REWARD              | Scaled Avg:  -0.0544
------------------------------

------------------------------
Step: 64000 - Reward Breakdown:
  action_rate               | Scaled Avg:  -0.0295 | Raw Avg:   0.9841
  action_smoothness         | Scaled Avg:  -0.0004 | Raw Avg:   0.1858
  ang_vel_xy                | Scaled Avg:  -0.0053 | Raw Avg:   2.6567
  base_height               | Scaled Avg:  -0.0001 | Raw Avg:   0.0065
  collision                 | Scaled Avg:  -0.0015 | Raw Avg:   0.0738
  dof_acc                   | Scaled Avg:  -0.0010 | Raw Avg: 203925.5625
  dof_error                 | Scaled Avg:  -0.0076 | Raw Avg:   0.7561
  dof_vel                   | Scaled Avg:  -0.0222 | Raw Avg:  55.4686
  feet_air_time             | Scaled Avg:   0.0001 | Raw Avg:   0.0020
  feet_contact_forces       | Scaled Avg:  -0.0000 | Raw Avg:   5.3991
  foot_clearance            | Scaled Avg:  -0.0001 | Raw Avg:   0.0059
  foot_mirror               | Scaled Avg:  -0.0003 | Raw Avg:   0.3060
  foot_slide                | Scaled Avg:  -0.0012 | Raw Avg:   1.1607
  has_contact               | Scaled Avg:   0.0019 | Raw Avg:   0.0934
  hip_pos                   | Scaled Avg:  -0.0011 | Raw Avg:   0.1120
  lin_vel_z                 | Scaled Avg:  -0.0075 | Raw Avg:   0.0943
  orientation               | Scaled Avg:  -0.0005 | Raw Avg:   0.1158
  powers                    | Scaled Avg:  -0.0000 | Raw Avg: 110.0046
  stand_still               | Scaled Avg:  -0.0005 | Raw Avg:   0.0129
  torques                   | Scaled Avg:  -0.0002 | Raw Avg: 1060.1742
  tracking_ang_vel          | Scaled Avg:   0.0075 | Raw Avg:   0.3748
  tracking_lin_vel          | Scaled Avg:   0.0156 | Raw Avg:   0.3890
  termination               | Scaled Avg:  -0.0010
  TOTAL REWARD              | Scaled Avg:  -0.0550
------------------------------

------------------------------
Step: 64500 - Reward Breakdown:
  action_rate               | Scaled Avg:  -0.0300 | Raw Avg:   1.0016
  action_smoothness         | Scaled Avg:  -0.0004 | Raw Avg:   0.1898
  ang_vel_xy                | Scaled Avg:  -0.0052 | Raw Avg:   2.6105
  base_height               | Scaled Avg:  -0.0001 | Raw Avg:   0.0069
  collision                 | Scaled Avg:  -0.0016 | Raw Avg:   0.0784
  dof_acc                   | Scaled Avg:  -0.0011 | Raw Avg: 212606.9844
  dof_error                 | Scaled Avg:  -0.0077 | Raw Avg:   0.7740
  dof_vel                   | Scaled Avg:  -0.0223 | Raw Avg:  55.7759
  feet_air_time             | Scaled Avg:   0.0001 | Raw Avg:   0.0020
  feet_contact_forces       | Scaled Avg:  -0.0000 | Raw Avg:   5.6490
  foot_clearance            | Scaled Avg:  -0.0001 | Raw Avg:   0.0060
  foot_mirror               | Scaled Avg:  -0.0003 | Raw Avg:   0.3155
  foot_slide                | Scaled Avg:  -0.0012 | Raw Avg:   1.2022
  has_contact               | Scaled Avg:   0.0018 | Raw Avg:   0.0925
  hip_pos                   | Scaled Avg:  -0.0011 | Raw Avg:   0.1093
  lin_vel_z                 | Scaled Avg:  -0.0076 | Raw Avg:   0.0945
  orientation               | Scaled Avg:  -0.0005 | Raw Avg:   0.1175
  powers                    | Scaled Avg:  -0.0000 | Raw Avg: 110.5646
  stand_still               | Scaled Avg:  -0.0006 | Raw Avg:   0.0141
  torques                   | Scaled Avg:  -0.0002 | Raw Avg: 1048.5554
  tracking_ang_vel          | Scaled Avg:   0.0074 | Raw Avg:   0.3725
  tracking_lin_vel          | Scaled Avg:   0.0152 | Raw Avg:   0.3809
  termination               | Scaled Avg:  -0.0011
  TOTAL REWARD              | Scaled Avg:  -0.0565
------------------------------
################################################################################
                    [1m Learning iteration 7700/10000 [0m                     

                       Computation: 57842 steps/s (collection: 1.976s, learning 0.553s)
                     surrogate_loss -0.0068
                         value_loss 0.0523
                            entropy 2.3912
                     estimator_loss 0.0000
                         total_loss 0.0693
             Mean action noise std: 0.20
                       Mean reward: -2.86
               Mean episode length: 62.27
      Mean episode rew_action_rate: -0.0793
Mean episode rew_frame_action_rate: -0.0345
Mean episode rew_action_smoothness: -0.0010
Mean episode rew_frame_action_smoothness: -0.0004
       Mean episode rew_ang_vel_xy: -0.0138
 Mean episode rew_frame_ang_vel_xy: -0.0076
      Mean episode rew_base_height: -0.0004
Mean episode rew_frame_base_height: -0.0002
        Mean episode rew_collision: -0.0043
  Mean episode rew_frame_collision: -0.0022
          Mean episode rew_dof_acc: -0.0026
    Mean episode rew_frame_dof_acc: -0.0016
        Mean episode rew_dof_error: -0.0211
  Mean episode rew_frame_dof_error: -0.0102
          Mean episode rew_dof_vel: -0.0580
    Mean episode rew_frame_dof_vel: -0.0334
    Mean episode rew_feet_air_time: 0.0002
Mean episode rew_frame_feet_air_time: 0.0001
Mean episode rew_feet_contact_forces: -0.0000
Mean episode rew_frame_feet_contact_forces: -0.0000
   Mean episode rew_foot_clearance: -0.0002
Mean episode rew_frame_foot_clearance: -0.0001
      Mean episode rew_foot_mirror: -0.0008
Mean episode rew_frame_foot_mirror: -0.0004
       Mean episode rew_foot_slide: -0.0032
 Mean episode rew_frame_foot_slide: -0.0015
      Mean episode rew_has_contact: 0.0052
Mean episode rew_frame_has_contact: 0.0004
          Mean episode rew_hip_pos: -0.0029
    Mean episode rew_frame_hip_pos: -0.0013
        Mean episode rew_lin_vel_z: -0.0200
  Mean episode rew_frame_lin_vel_z: -0.0123
      Mean episode rew_orientation: -0.0013
Mean episode rew_frame_orientation: -0.0007
           Mean episode rew_powers: -0.0001
     Mean episode rew_frame_powers: -0.0001
      Mean episode rew_stand_still: -0.0016
Mean episode rew_frame_stand_still: -0.0002
          Mean episode rew_stumble: -0.0000
    Mean episode rew_frame_stumble: -0.0000
      Mean episode rew_termination: -0.0030
Mean episode rew_frame_termination: -0.0019
          Mean episode rew_torques: -0.0006
    Mean episode rew_frame_torques: -0.0002
 Mean episode rew_tracking_ang_vel: 0.0209
Mean episode rew_frame_tracking_ang_vel: 0.0073
 Mean episode rew_tracking_lin_vel: 0.0423
Mean episode rew_frame_tracking_lin_vel: 0.0085
Mean episode max_power_throughout_episode: 4202.3828
            Mean episode max_pos_x: 1.0285
            Mean episode min_pos_x: -0.1362
            Mean episode max_pos_y: 0.5337
            Mean episode min_pos_y: -0.5108
        Mean episode timeout_ratio: 0.0000
       Mean episode num_terminated: 109.2500
--------------------------------------------------------------------------------
                   Total timesteps: 4096512
                    Iteration time: 2.53s
                        Total time: 7397.91s
                               ETA: 6299.6s


------------------------------
Step: 65000 - Reward Breakdown:
  action_rate               | Scaled Avg:  -0.0298 | Raw Avg:   0.9925
  action_smoothness         | Scaled Avg:  -0.0004 | Raw Avg:   0.1843
  ang_vel_xy                | Scaled Avg:  -0.0052 | Raw Avg:   2.6147
  base_height               | Scaled Avg:  -0.0001 | Raw Avg:   0.0068
  collision                 | Scaled Avg:  -0.0016 | Raw Avg:   0.0776
  dof_acc                   | Scaled Avg:  -0.0010 | Raw Avg: 204511.9219
  dof_error                 | Scaled Avg:  -0.0078 | Raw Avg:   0.7758
  dof_vel                   | Scaled Avg:  -0.0219 | Raw Avg:  54.8539
  feet_air_time             | Scaled Avg:   0.0001 | Raw Avg:   0.0013
  feet_contact_forces       | Scaled Avg:  -0.0000 | Raw Avg:   4.7043
  foot_clearance            | Scaled Avg:  -0.0001 | Raw Avg:   0.0057
  foot_mirror               | Scaled Avg:  -0.0003 | Raw Avg:   0.3051
  foot_slide                | Scaled Avg:  -0.0012 | Raw Avg:   1.1629
  has_contact               | Scaled Avg:   0.0017 | Raw Avg:   0.0869
  hip_pos                   | Scaled Avg:  -0.0011 | Raw Avg:   0.1085
  lin_vel_z                 | Scaled Avg:  -0.0074 | Raw Avg:   0.0930
  orientation               | Scaled Avg:  -0.0005 | Raw Avg:   0.1178
  powers                    | Scaled Avg:  -0.0000 | Raw Avg: 107.5455
  stand_still               | Scaled Avg:  -0.0005 | Raw Avg:   0.0121
  torques                   | Scaled Avg:  -0.0002 | Raw Avg: 1033.6853
  tracking_ang_vel          | Scaled Avg:   0.0077 | Raw Avg:   0.3858
  tracking_lin_vel          | Scaled Avg:   0.0149 | Raw Avg:   0.3730
  termination               | Scaled Avg:  -0.0011
  TOTAL REWARD              | Scaled Avg:  -0.0557
------------------------------

------------------------------
Step: 65500 - Reward Breakdown:
  action_rate               | Scaled Avg:  -0.0294 | Raw Avg:   0.9816
  action_smoothness         | Scaled Avg:  -0.0004 | Raw Avg:   0.1893
  ang_vel_xy                | Scaled Avg:  -0.0056 | Raw Avg:   2.7883
  base_height               | Scaled Avg:  -0.0001 | Raw Avg:   0.0070
  collision                 | Scaled Avg:  -0.0014 | Raw Avg:   0.0702
  dof_acc                   | Scaled Avg:  -0.0010 | Raw Avg: 204044.1406
  dof_error                 | Scaled Avg:  -0.0081 | Raw Avg:   0.8117
  dof_vel                   | Scaled Avg:  -0.0217 | Raw Avg:  54.3454
  feet_air_time             | Scaled Avg:   0.0001 | Raw Avg:   0.0019
  feet_contact_forces       | Scaled Avg:  -0.0000 | Raw Avg:   4.7082
  foot_clearance            | Scaled Avg:  -0.0001 | Raw Avg:   0.0061
  foot_mirror               | Scaled Avg:  -0.0003 | Raw Avg:   0.3054
  foot_slide                | Scaled Avg:  -0.0012 | Raw Avg:   1.1827
  has_contact               | Scaled Avg:   0.0019 | Raw Avg:   0.0955
  hip_pos                   | Scaled Avg:  -0.0011 | Raw Avg:   0.1125
  lin_vel_z                 | Scaled Avg:  -0.0077 | Raw Avg:   0.0961
  orientation               | Scaled Avg:  -0.0005 | Raw Avg:   0.1157
  powers                    | Scaled Avg:  -0.0000 | Raw Avg: 109.1299
  stand_still               | Scaled Avg:  -0.0006 | Raw Avg:   0.0141
  torques                   | Scaled Avg:  -0.0002 | Raw Avg: 1039.0970
  tracking_ang_vel          | Scaled Avg:   0.0076 | Raw Avg:   0.3798
  tracking_lin_vel          | Scaled Avg:   0.0154 | Raw Avg:   0.3841
  termination               | Scaled Avg:  -0.0012
  TOTAL REWARD              | Scaled Avg:  -0.0558
------------------------------

------------------------------
Step: 66000 - Reward Breakdown:
  action_rate               | Scaled Avg:  -0.0294 | Raw Avg:   0.9789
  action_smoothness         | Scaled Avg:  -0.0004 | Raw Avg:   0.1868
  ang_vel_xy                | Scaled Avg:  -0.0054 | Raw Avg:   2.7175
  base_height               | Scaled Avg:  -0.0001 | Raw Avg:   0.0070
  collision                 | Scaled Avg:  -0.0015 | Raw Avg:   0.0733
  dof_acc                   | Scaled Avg:  -0.0010 | Raw Avg: 192382.1875
  dof_error                 | Scaled Avg:  -0.0081 | Raw Avg:   0.8086
  dof_vel                   | Scaled Avg:  -0.0216 | Raw Avg:  53.9403
  feet_air_time             | Scaled Avg:   0.0001 | Raw Avg:   0.0019
  feet_contact_forces       | Scaled Avg:  -0.0000 | Raw Avg:   4.9437
  foot_clearance            | Scaled Avg:  -0.0001 | Raw Avg:   0.0059
  foot_mirror               | Scaled Avg:  -0.0003 | Raw Avg:   0.3131
  foot_slide                | Scaled Avg:  -0.0012 | Raw Avg:   1.1579
  has_contact               | Scaled Avg:   0.0020 | Raw Avg:   0.0975
  hip_pos                   | Scaled Avg:  -0.0012 | Raw Avg:   0.1177
  lin_vel_z                 | Scaled Avg:  -0.0074 | Raw Avg:   0.0927
  orientation               | Scaled Avg:  -0.0005 | Raw Avg:   0.1168
  powers                    | Scaled Avg:  -0.0000 | Raw Avg: 109.6361
  stand_still               | Scaled Avg:  -0.0006 | Raw Avg:   0.0156
  torques                   | Scaled Avg:  -0.0002 | Raw Avg: 1065.6471
  tracking_ang_vel          | Scaled Avg:   0.0076 | Raw Avg:   0.3806
  tracking_lin_vel          | Scaled Avg:   0.0156 | Raw Avg:   0.3890
  termination               | Scaled Avg:  -0.0011
  TOTAL REWARD              | Scaled Avg:  -0.0548
------------------------------

------------------------------
Step: 66500 - Reward Breakdown:
  action_rate               | Scaled Avg:  -0.0303 | Raw Avg:   1.0103
  action_smoothness         | Scaled Avg:  -0.0004 | Raw Avg:   0.1880
  ang_vel_xy                | Scaled Avg:  -0.0053 | Raw Avg:   2.6594
  base_height               | Scaled Avg:  -0.0001 | Raw Avg:   0.0067
  collision                 | Scaled Avg:  -0.0014 | Raw Avg:   0.0719
  dof_acc                   | Scaled Avg:  -0.0011 | Raw Avg: 227965.4844
  dof_error                 | Scaled Avg:  -0.0078 | Raw Avg:   0.7846
  dof_vel                   | Scaled Avg:  -0.0231 | Raw Avg:  57.8040
  feet_air_time             | Scaled Avg:   0.0001 | Raw Avg:   0.0016
  feet_contact_forces       | Scaled Avg:  -0.0000 | Raw Avg:   4.8273
  foot_clearance            | Scaled Avg:  -0.0001 | Raw Avg:   0.0059
  foot_mirror               | Scaled Avg:  -0.0003 | Raw Avg:   0.3007
  foot_slide                | Scaled Avg:  -0.0012 | Raw Avg:   1.1614
  has_contact               | Scaled Avg:   0.0019 | Raw Avg:   0.0937
  hip_pos                   | Scaled Avg:  -0.0012 | Raw Avg:   0.1193
  lin_vel_z                 | Scaled Avg:  -0.0077 | Raw Avg:   0.0963
  orientation               | Scaled Avg:  -0.0005 | Raw Avg:   0.1147
  powers                    | Scaled Avg:  -0.0000 | Raw Avg: 113.2759
  stand_still               | Scaled Avg:  -0.0006 | Raw Avg:   0.0138
  torques                   | Scaled Avg:  -0.0002 | Raw Avg: 1078.1017
  tracking_ang_vel          | Scaled Avg:   0.0076 | Raw Avg:   0.3797
  tracking_lin_vel          | Scaled Avg:   0.0153 | Raw Avg:   0.3827
  termination               | Scaled Avg:  -0.0012
  TOTAL REWARD              | Scaled Avg:  -0.0577
------------------------------

------------------------------
Step: 67000 - Reward Breakdown:
  action_rate               | Scaled Avg:  -0.0282 | Raw Avg:   0.9401
  action_smoothness         | Scaled Avg:  -0.0004 | Raw Avg:   0.1835
  ang_vel_xy                | Scaled Avg:  -0.0051 | Raw Avg:   2.5279
  base_height               | Scaled Avg:  -0.0001 | Raw Avg:   0.0065
  collision                 | Scaled Avg:  -0.0014 | Raw Avg:   0.0707
  dof_acc                   | Scaled Avg:  -0.0009 | Raw Avg: 181759.8750
  dof_error                 | Scaled Avg:  -0.0077 | Raw Avg:   0.7712
  dof_vel                   | Scaled Avg:  -0.0202 | Raw Avg:  50.5115
  feet_air_time             | Scaled Avg:   0.0001 | Raw Avg:   0.0017
  feet_contact_forces       | Scaled Avg:  -0.0000 | Raw Avg:   4.8311
  foot_clearance            | Scaled Avg:  -0.0001 | Raw Avg:   0.0057
  foot_mirror               | Scaled Avg:  -0.0003 | Raw Avg:   0.2945
  foot_slide                | Scaled Avg:  -0.0011 | Raw Avg:   1.1457
  has_contact               | Scaled Avg:   0.0018 | Raw Avg:   0.0910
  hip_pos                   | Scaled Avg:  -0.0011 | Raw Avg:   0.1104
  lin_vel_z                 | Scaled Avg:  -0.0068 | Raw Avg:   0.0850
  orientation               | Scaled Avg:  -0.0004 | Raw Avg:   0.1113
  powers                    | Scaled Avg:  -0.0000 | Raw Avg: 106.3213
  stand_still               | Scaled Avg:  -0.0006 | Raw Avg:   0.0144
  torques                   | Scaled Avg:  -0.0002 | Raw Avg: 1056.7316
  tracking_ang_vel          | Scaled Avg:   0.0077 | Raw Avg:   0.3860
  tracking_lin_vel          | Scaled Avg:   0.0158 | Raw Avg:   0.3955
  termination               | Scaled Avg:  -0.0010
  TOTAL REWARD              | Scaled Avg:  -0.0503
------------------------------
################################################################################
                    [1m Learning iteration 7800/10000 [0m                     

                       Computation: 57411 steps/s (collection: 1.994s, learning 0.554s)
                     surrogate_loss -0.0062
                         value_loss 0.0688
                            entropy 2.3656
                     estimator_loss 0.0000
                         total_loss 0.0863
             Mean action noise std: 0.20
                       Mean reward: -2.82
               Mean episode length: 62.83
      Mean episode rew_action_rate: -0.0841
Mean episode rew_frame_action_rate: -0.0345
Mean episode rew_action_smoothness: -0.0011
Mean episode rew_frame_action_smoothness: -0.0004
       Mean episode rew_ang_vel_xy: -0.0143
 Mean episode rew_frame_ang_vel_xy: -0.0078
      Mean episode rew_base_height: -0.0004
Mean episode rew_frame_base_height: -0.0002
        Mean episode rew_collision: -0.0043
  Mean episode rew_frame_collision: -0.0021
          Mean episode rew_dof_acc: -0.0026
    Mean episode rew_frame_dof_acc: -0.0016
        Mean episode rew_dof_error: -0.0221
  Mean episode rew_frame_dof_error: -0.0104
          Mean episode rew_dof_vel: -0.0587
    Mean episode rew_frame_dof_vel: -0.0331
    Mean episode rew_feet_air_time: 0.0002
Mean episode rew_frame_feet_air_time: 0.0001
Mean episode rew_feet_contact_forces: -0.0000
Mean episode rew_frame_feet_contact_forces: -0.0000
   Mean episode rew_foot_clearance: -0.0002
Mean episode rew_frame_foot_clearance: -0.0001
      Mean episode rew_foot_mirror: -0.0009
Mean episode rew_frame_foot_mirror: -0.0004
       Mean episode rew_foot_slide: -0.0033
 Mean episode rew_frame_foot_slide: -0.0014
      Mean episode rew_has_contact: 0.0071
Mean episode rew_frame_has_contact: 0.0005
          Mean episode rew_hip_pos: -0.0032
    Mean episode rew_frame_hip_pos: -0.0014
        Mean episode rew_lin_vel_z: -0.0198
  Mean episode rew_frame_lin_vel_z: -0.0120
      Mean episode rew_orientation: -0.0012
Mean episode rew_frame_orientation: -0.0007
           Mean episode rew_powers: -0.0001
     Mean episode rew_frame_powers: -0.0001
      Mean episode rew_stand_still: -0.0022
Mean episode rew_frame_stand_still: -0.0002
          Mean episode rew_stumble: -0.0000
    Mean episode rew_frame_stumble: -0.0000
      Mean episode rew_termination: -0.0030
Mean episode rew_frame_termination: -0.0018
          Mean episode rew_torques: -0.0006
    Mean episode rew_frame_torques: -0.0002
 Mean episode rew_tracking_ang_vel: 0.0232
Mean episode rew_frame_tracking_ang_vel: 0.0074
 Mean episode rew_tracking_lin_vel: 0.0478
Mean episode rew_frame_tracking_lin_vel: 0.0091
Mean episode max_power_throughout_episode: 4269.7749
            Mean episode max_pos_x: 0.9850
            Mean episode min_pos_x: -0.1350
            Mean episode max_pos_y: 0.5423
            Mean episode min_pos_y: -0.5349
        Mean episode timeout_ratio: 0.0004
       Mean episode num_terminated: 109.6250
--------------------------------------------------------------------------------
                   Total timesteps: 4242816
                    Iteration time: 2.55s
                        Total time: 7673.84s
                               ETA: 6027.3s


------------------------------
Step: 67500 - Reward Breakdown:
  action_rate               | Scaled Avg:  -0.0295 | Raw Avg:   0.9817
  action_smoothness         | Scaled Avg:  -0.0004 | Raw Avg:   0.1866
  ang_vel_xy                | Scaled Avg:  -0.0050 | Raw Avg:   2.5059
  base_height               | Scaled Avg:  -0.0001 | Raw Avg:   0.0066
  collision                 | Scaled Avg:  -0.0016 | Raw Avg:   0.0781
  dof_acc                   | Scaled Avg:  -0.0009 | Raw Avg: 175921.4844
  dof_error                 | Scaled Avg:  -0.0077 | Raw Avg:   0.7661
  dof_vel                   | Scaled Avg:  -0.0215 | Raw Avg:  53.8476
  feet_air_time             | Scaled Avg:   0.0001 | Raw Avg:   0.0017
  feet_contact_forces       | Scaled Avg:  -0.0000 | Raw Avg:   4.6876
  foot_clearance            | Scaled Avg:  -0.0001 | Raw Avg:   0.0056
  foot_mirror               | Scaled Avg:  -0.0003 | Raw Avg:   0.2904
  foot_slide                | Scaled Avg:  -0.0012 | Raw Avg:   1.1581
  has_contact               | Scaled Avg:   0.0018 | Raw Avg:   0.0900
  hip_pos                   | Scaled Avg:  -0.0011 | Raw Avg:   0.1089
  lin_vel_z                 | Scaled Avg:  -0.0071 | Raw Avg:   0.0893
  orientation               | Scaled Avg:  -0.0005 | Raw Avg:   0.1140
  powers                    | Scaled Avg:  -0.0000 | Raw Avg: 105.8320
  stand_still               | Scaled Avg:  -0.0005 | Raw Avg:   0.0130
  torques                   | Scaled Avg:  -0.0002 | Raw Avg: 1036.9894
  tracking_ang_vel          | Scaled Avg:   0.0075 | Raw Avg:   0.3762
  tracking_lin_vel          | Scaled Avg:   0.0156 | Raw Avg:   0.3899
  termination               | Scaled Avg:  -0.0010
  TOTAL REWARD              | Scaled Avg:  -0.0537
------------------------------

------------------------------
Step: 68000 - Reward Breakdown:
  action_rate               | Scaled Avg:  -0.0282 | Raw Avg:   0.9413
  action_smoothness         | Scaled Avg:  -0.0004 | Raw Avg:   0.1848
  ang_vel_xy                | Scaled Avg:  -0.0049 | Raw Avg:   2.4571
  base_height               | Scaled Avg:  -0.0001 | Raw Avg:   0.0064
  collision                 | Scaled Avg:  -0.0015 | Raw Avg:   0.0733
  dof_acc                   | Scaled Avg:  -0.0009 | Raw Avg: 173594.3125
  dof_error                 | Scaled Avg:  -0.0072 | Raw Avg:   0.7196
  dof_vel                   | Scaled Avg:  -0.0197 | Raw Avg:  49.2865
  feet_air_time             | Scaled Avg:   0.0001 | Raw Avg:   0.0022
  feet_contact_forces       | Scaled Avg:  -0.0000 | Raw Avg:   4.4301
  foot_clearance            | Scaled Avg:  -0.0001 | Raw Avg:   0.0051
  foot_mirror               | Scaled Avg:  -0.0003 | Raw Avg:   0.2815
  foot_slide                | Scaled Avg:  -0.0012 | Raw Avg:   1.1601
  has_contact               | Scaled Avg:   0.0017 | Raw Avg:   0.0862
  hip_pos                   | Scaled Avg:  -0.0010 | Raw Avg:   0.1031
  lin_vel_z                 | Scaled Avg:  -0.0068 | Raw Avg:   0.0852
  orientation               | Scaled Avg:  -0.0004 | Raw Avg:   0.1074
  powers                    | Scaled Avg:  -0.0000 | Raw Avg: 102.0251
  stand_still               | Scaled Avg:  -0.0005 | Raw Avg:   0.0127
  torques                   | Scaled Avg:  -0.0002 | Raw Avg: 1019.1861
  tracking_ang_vel          | Scaled Avg:   0.0078 | Raw Avg:   0.3914
  tracking_lin_vel          | Scaled Avg:   0.0155 | Raw Avg:   0.3867
  termination               | Scaled Avg:  -0.0009
  TOTAL REWARD              | Scaled Avg:  -0.0493
------------------------------

------------------------------
Step: 68500 - Reward Breakdown:
  action_rate               | Scaled Avg:  -0.0281 | Raw Avg:   0.9377
  action_smoothness         | Scaled Avg:  -0.0004 | Raw Avg:   0.1815
  ang_vel_xy                | Scaled Avg:  -0.0049 | Raw Avg:   2.4356
  base_height               | Scaled Avg:  -0.0001 | Raw Avg:   0.0061
  collision                 | Scaled Avg:  -0.0014 | Raw Avg:   0.0684
  dof_acc                   | Scaled Avg:  -0.0010 | Raw Avg: 191935.7500
  dof_error                 | Scaled Avg:  -0.0071 | Raw Avg:   0.7076
  dof_vel                   | Scaled Avg:  -0.0198 | Raw Avg:  49.4041
  feet_air_time             | Scaled Avg:   0.0001 | Raw Avg:   0.0016
  feet_contact_forces       | Scaled Avg:  -0.0000 | Raw Avg:   4.6695
  foot_clearance            | Scaled Avg:  -0.0001 | Raw Avg:   0.0053
  foot_mirror               | Scaled Avg:  -0.0003 | Raw Avg:   0.2860
  foot_slide                | Scaled Avg:  -0.0011 | Raw Avg:   1.1271
  has_contact               | Scaled Avg:   0.0018 | Raw Avg:   0.0912
  hip_pos                   | Scaled Avg:  -0.0011 | Raw Avg:   0.1061
  lin_vel_z                 | Scaled Avg:  -0.0066 | Raw Avg:   0.0826
  orientation               | Scaled Avg:  -0.0004 | Raw Avg:   0.1023
  powers                    | Scaled Avg:  -0.0000 | Raw Avg: 103.2633
  stand_still               | Scaled Avg:  -0.0006 | Raw Avg:   0.0142
  torques                   | Scaled Avg:  -0.0002 | Raw Avg: 1043.7877
  tracking_ang_vel          | Scaled Avg:   0.0077 | Raw Avg:   0.3836
  tracking_lin_vel          | Scaled Avg:   0.0159 | Raw Avg:   0.3980
  termination               | Scaled Avg:  -0.0009
  TOTAL REWARD              | Scaled Avg:  -0.0484
------------------------------

------------------------------
Step: 69000 - Reward Breakdown:
  action_rate               | Scaled Avg:  -0.0275 | Raw Avg:   0.9167
  action_smoothness         | Scaled Avg:  -0.0004 | Raw Avg:   0.1814
  ang_vel_xy                | Scaled Avg:  -0.0046 | Raw Avg:   2.3163
  base_height               | Scaled Avg:  -0.0001 | Raw Avg:   0.0058
  collision                 | Scaled Avg:  -0.0013 | Raw Avg:   0.0659
  dof_acc                   | Scaled Avg:  -0.0008 | Raw Avg: 164736.8438
  dof_error                 | Scaled Avg:  -0.0069 | Raw Avg:   0.6852
  dof_vel                   | Scaled Avg:  -0.0193 | Raw Avg:  48.2636
  feet_air_time             | Scaled Avg:   0.0001 | Raw Avg:   0.0014
  feet_contact_forces       | Scaled Avg:  -0.0000 | Raw Avg:   4.2254
  foot_clearance            | Scaled Avg:  -0.0001 | Raw Avg:   0.0052
  foot_mirror               | Scaled Avg:  -0.0003 | Raw Avg:   0.2697
  foot_slide                | Scaled Avg:  -0.0011 | Raw Avg:   1.1252
  has_contact               | Scaled Avg:   0.0017 | Raw Avg:   0.0863
  hip_pos                   | Scaled Avg:  -0.0010 | Raw Avg:   0.1002
  lin_vel_z                 | Scaled Avg:  -0.0066 | Raw Avg:   0.0831
  orientation               | Scaled Avg:  -0.0004 | Raw Avg:   0.0973
  powers                    | Scaled Avg:  -0.0000 | Raw Avg: 100.7384
  stand_still               | Scaled Avg:  -0.0005 | Raw Avg:   0.0118
  torques                   | Scaled Avg:  -0.0002 | Raw Avg: 997.4902
  tracking_ang_vel          | Scaled Avg:   0.0076 | Raw Avg:   0.3793
  tracking_lin_vel          | Scaled Avg:   0.0157 | Raw Avg:   0.3933
  termination               | Scaled Avg:  -0.0009
  TOTAL REWARD              | Scaled Avg:  -0.0469
------------------------------

------------------------------
Step: 69500 - Reward Breakdown:
  action_rate               | Scaled Avg:  -0.0278 | Raw Avg:   0.9265
  action_smoothness         | Scaled Avg:  -0.0004 | Raw Avg:   0.1818
  ang_vel_xy                | Scaled Avg:  -0.0044 | Raw Avg:   2.2235
  base_height               | Scaled Avg:  -0.0001 | Raw Avg:   0.0060
  collision                 | Scaled Avg:  -0.0012 | Raw Avg:   0.0604
  dof_acc                   | Scaled Avg:  -0.0008 | Raw Avg: 161539.2500
  dof_error                 | Scaled Avg:  -0.0068 | Raw Avg:   0.6805
  dof_vel                   | Scaled Avg:  -0.0190 | Raw Avg:  47.4464
  feet_air_time             | Scaled Avg:   0.0001 | Raw Avg:   0.0016
  feet_contact_forces       | Scaled Avg:  -0.0000 | Raw Avg:   4.3386
  foot_clearance            | Scaled Avg:  -0.0001 | Raw Avg:   0.0052
  foot_mirror               | Scaled Avg:  -0.0003 | Raw Avg:   0.2670
  foot_slide                | Scaled Avg:  -0.0011 | Raw Avg:   1.0826
  has_contact               | Scaled Avg:   0.0016 | Raw Avg:   0.0807
  hip_pos                   | Scaled Avg:  -0.0010 | Raw Avg:   0.0955
  lin_vel_z                 | Scaled Avg:  -0.0060 | Raw Avg:   0.0755
  orientation               | Scaled Avg:  -0.0004 | Raw Avg:   0.0977
  powers                    | Scaled Avg:  -0.0000 | Raw Avg:  96.7286
  stand_still               | Scaled Avg:  -0.0006 | Raw Avg:   0.0148
  torques                   | Scaled Avg:  -0.0002 | Raw Avg: 969.1636
  tracking_ang_vel          | Scaled Avg:   0.0075 | Raw Avg:   0.3745
  tracking_lin_vel          | Scaled Avg:   0.0160 | Raw Avg:   0.3996
  termination               | Scaled Avg:  -0.0010
  TOTAL REWARD              | Scaled Avg:  -0.0460
------------------------------
################################################################################
                    [1m Learning iteration 7900/10000 [0m                     

                       Computation: 59671 steps/s (collection: 1.913s, learning 0.539s)
                     surrogate_loss -0.0042
                         value_loss 0.0729
                            entropy 2.3257
                     estimator_loss 0.0000
                         total_loss 0.0919
             Mean action noise std: 0.20
                       Mean reward: -3.25
               Mean episode length: 56.91
      Mean episode rew_action_rate: -0.0900
Mean episode rew_frame_action_rate: -0.0342
Mean episode rew_action_smoothness: -0.0012
Mean episode rew_frame_action_smoothness: -0.0004
       Mean episode rew_ang_vel_xy: -0.0146
 Mean episode rew_frame_ang_vel_xy: -0.0077
      Mean episode rew_base_height: -0.0004
Mean episode rew_frame_base_height: -0.0002
        Mean episode rew_collision: -0.0042
  Mean episode rew_frame_collision: -0.0020
          Mean episode rew_dof_acc: -0.0026
    Mean episode rew_frame_dof_acc: -0.0015
        Mean episode rew_dof_error: -0.0217
  Mean episode rew_frame_dof_error: -0.0099
          Mean episode rew_dof_vel: -0.0599
    Mean episode rew_frame_dof_vel: -0.0328
    Mean episode rew_feet_air_time: 0.0002
Mean episode rew_frame_feet_air_time: 0.0001
Mean episode rew_feet_contact_forces: -0.0000
Mean episode rew_frame_feet_contact_forces: -0.0000
   Mean episode rew_foot_clearance: -0.0002
Mean episode rew_frame_foot_clearance: -0.0001
      Mean episode rew_foot_mirror: -0.0009
Mean episode rew_frame_foot_mirror: -0.0004
       Mean episode rew_foot_slide: -0.0036
 Mean episode rew_frame_foot_slide: -0.0014
      Mean episode rew_has_contact: 0.0045
Mean episode rew_frame_has_contact: 0.0003
          Mean episode rew_hip_pos: -0.0030
    Mean episode rew_frame_hip_pos: -0.0013
        Mean episode rew_lin_vel_z: -0.0202
  Mean episode rew_frame_lin_vel_z: -0.0120
      Mean episode rew_orientation: -0.0013
Mean episode rew_frame_orientation: -0.0007
           Mean episode rew_powers: -0.0001
     Mean episode rew_frame_powers: -0.0001
      Mean episode rew_stand_still: -0.0013
Mean episode rew_frame_stand_still: -0.0002
          Mean episode rew_stumble: -0.0000
    Mean episode rew_frame_stumble: -0.0000
      Mean episode rew_termination: -0.0030
Mean episode rew_frame_termination: -0.0018
          Mean episode rew_torques: -0.0006
    Mean episode rew_frame_torques: -0.0002
 Mean episode rew_tracking_ang_vel: 0.0240
Mean episode rew_frame_tracking_ang_vel: 0.0072
 Mean episode rew_tracking_lin_vel: 0.0508
Mean episode rew_frame_tracking_lin_vel: 0.0085
Mean episode max_power_throughout_episode: 4164.6479
            Mean episode max_pos_x: 0.9909
            Mean episode min_pos_x: -0.1515
            Mean episode max_pos_y: 0.5117
            Mean episode min_pos_y: -0.5038
        Mean episode timeout_ratio: 0.0009
       Mean episode num_terminated: 91.2500
--------------------------------------------------------------------------------
                   Total timesteps: 4389120
                    Iteration time: 2.45s
                        Total time: 7938.46s
                               ETA: 5746.6s


------------------------------
Step: 70000 - Reward Breakdown:
  action_rate               | Scaled Avg:  -0.0279 | Raw Avg:   0.9298
  action_smoothness         | Scaled Avg:  -0.0004 | Raw Avg:   0.1832
  ang_vel_xy                | Scaled Avg:  -0.0045 | Raw Avg:   2.2716
  base_height               | Scaled Avg:  -0.0001 | Raw Avg:   0.0059
  collision                 | Scaled Avg:  -0.0013 | Raw Avg:   0.0650
  dof_acc                   | Scaled Avg:  -0.0008 | Raw Avg: 166335.7188
  dof_error                 | Scaled Avg:  -0.0069 | Raw Avg:   0.6853
  dof_vel                   | Scaled Avg:  -0.0189 | Raw Avg:  47.1865
  feet_air_time             | Scaled Avg:   0.0000 | Raw Avg:   0.0012
  feet_contact_forces       | Scaled Avg:  -0.0000 | Raw Avg:   4.0240
  foot_clearance            | Scaled Avg:  -0.0001 | Raw Avg:   0.0052
  foot_mirror               | Scaled Avg:  -0.0003 | Raw Avg:   0.2717
  foot_slide                | Scaled Avg:  -0.0011 | Raw Avg:   1.0953
  has_contact               | Scaled Avg:   0.0017 | Raw Avg:   0.0842
  hip_pos                   | Scaled Avg:  -0.0010 | Raw Avg:   0.0961
  lin_vel_z                 | Scaled Avg:  -0.0066 | Raw Avg:   0.0828
  orientation               | Scaled Avg:  -0.0004 | Raw Avg:   0.0985
  powers                    | Scaled Avg:  -0.0000 | Raw Avg:  97.2417
  stand_still               | Scaled Avg:  -0.0005 | Raw Avg:   0.0132
  torques                   | Scaled Avg:  -0.0002 | Raw Avg: 977.2657
  tracking_ang_vel          | Scaled Avg:   0.0074 | Raw Avg:   0.3691
  tracking_lin_vel          | Scaled Avg:   0.0157 | Raw Avg:   0.3921
  termination               | Scaled Avg:  -0.0008
  TOTAL REWARD              | Scaled Avg:  -0.0470
------------------------------

------------------------------
Step: 70500 - Reward Breakdown:
  action_rate               | Scaled Avg:  -0.0286 | Raw Avg:   0.9535
  action_smoothness         | Scaled Avg:  -0.0004 | Raw Avg:   0.1823
  ang_vel_xy                | Scaled Avg:  -0.0046 | Raw Avg:   2.3146
  base_height               | Scaled Avg:  -0.0001 | Raw Avg:   0.0059
  collision                 | Scaled Avg:  -0.0014 | Raw Avg:   0.0696
  dof_acc                   | Scaled Avg:  -0.0009 | Raw Avg: 173448.6875
  dof_error                 | Scaled Avg:  -0.0069 | Raw Avg:   0.6859
  dof_vel                   | Scaled Avg:  -0.0195 | Raw Avg:  48.6552
  feet_air_time             | Scaled Avg:   0.0001 | Raw Avg:   0.0013
  feet_contact_forces       | Scaled Avg:  -0.0000 | Raw Avg:   4.6588
  foot_clearance            | Scaled Avg:  -0.0001 | Raw Avg:   0.0052
  foot_mirror               | Scaled Avg:  -0.0003 | Raw Avg:   0.2709
  foot_slide                | Scaled Avg:  -0.0011 | Raw Avg:   1.1347
  has_contact               | Scaled Avg:   0.0017 | Raw Avg:   0.0849
  hip_pos                   | Scaled Avg:  -0.0010 | Raw Avg:   0.0974
  lin_vel_z                 | Scaled Avg:  -0.0065 | Raw Avg:   0.0816
  orientation               | Scaled Avg:  -0.0004 | Raw Avg:   0.1009
  powers                    | Scaled Avg:  -0.0000 | Raw Avg: 100.2870
  stand_still               | Scaled Avg:  -0.0006 | Raw Avg:   0.0146
  torques                   | Scaled Avg:  -0.0002 | Raw Avg: 977.4365
  tracking_ang_vel          | Scaled Avg:   0.0075 | Raw Avg:   0.3754
  tracking_lin_vel          | Scaled Avg:   0.0154 | Raw Avg:   0.3861
  termination               | Scaled Avg:  -0.0010
  TOTAL REWARD              | Scaled Avg:  -0.0488
------------------------------

------------------------------
Step: 71000 - Reward Breakdown:
  action_rate               | Scaled Avg:  -0.0281 | Raw Avg:   0.9360
  action_smoothness         | Scaled Avg:  -0.0004 | Raw Avg:   0.1833
  ang_vel_xy                | Scaled Avg:  -0.0046 | Raw Avg:   2.3027
  base_height               | Scaled Avg:  -0.0001 | Raw Avg:   0.0058
  collision                 | Scaled Avg:  -0.0013 | Raw Avg:   0.0651
  dof_acc                   | Scaled Avg:  -0.0009 | Raw Avg: 173262.2500
  dof_error                 | Scaled Avg:  -0.0069 | Raw Avg:   0.6932
  dof_vel                   | Scaled Avg:  -0.0189 | Raw Avg:  47.2650
  feet_air_time             | Scaled Avg:   0.0001 | Raw Avg:   0.0017
  feet_contact_forces       | Scaled Avg:  -0.0000 | Raw Avg:   4.3467
  foot_clearance            | Scaled Avg:  -0.0001 | Raw Avg:   0.0053
  foot_mirror               | Scaled Avg:  -0.0003 | Raw Avg:   0.2750
  foot_slide                | Scaled Avg:  -0.0011 | Raw Avg:   1.1156
  has_contact               | Scaled Avg:   0.0017 | Raw Avg:   0.0846
  hip_pos                   | Scaled Avg:  -0.0010 | Raw Avg:   0.1009
  lin_vel_z                 | Scaled Avg:  -0.0064 | Raw Avg:   0.0794
  orientation               | Scaled Avg:  -0.0004 | Raw Avg:   0.0998
  powers                    | Scaled Avg:  -0.0000 | Raw Avg: 102.0131
  stand_still               | Scaled Avg:  -0.0005 | Raw Avg:   0.0137
  torques                   | Scaled Avg:  -0.0002 | Raw Avg: 1018.0138
  tracking_ang_vel          | Scaled Avg:   0.0077 | Raw Avg:   0.3837
  tracking_lin_vel          | Scaled Avg:   0.0158 | Raw Avg:   0.3958
  termination               | Scaled Avg:  -0.0009
  TOTAL REWARD              | Scaled Avg:  -0.0469
------------------------------

------------------------------
Step: 71500 - Reward Breakdown:
  action_rate               | Scaled Avg:  -0.0284 | Raw Avg:   0.9453
  action_smoothness         | Scaled Avg:  -0.0004 | Raw Avg:   0.1843
  ang_vel_xy                | Scaled Avg:  -0.0048 | Raw Avg:   2.3919
  base_height               | Scaled Avg:  -0.0001 | Raw Avg:   0.0061
  collision                 | Scaled Avg:  -0.0013 | Raw Avg:   0.0666
  dof_acc                   | Scaled Avg:  -0.0009 | Raw Avg: 184308.6562
  dof_error                 | Scaled Avg:  -0.0072 | Raw Avg:   0.7163
  dof_vel                   | Scaled Avg:  -0.0196 | Raw Avg:  49.0045
  feet_air_time             | Scaled Avg:   0.0001 | Raw Avg:   0.0014
  feet_contact_forces       | Scaled Avg:  -0.0000 | Raw Avg:   4.7401
  foot_clearance            | Scaled Avg:  -0.0001 | Raw Avg:   0.0054
  foot_mirror               | Scaled Avg:  -0.0003 | Raw Avg:   0.2782
  foot_slide                | Scaled Avg:  -0.0011 | Raw Avg:   1.1465
  has_contact               | Scaled Avg:   0.0018 | Raw Avg:   0.0910
  hip_pos                   | Scaled Avg:  -0.0011 | Raw Avg:   0.1092
  lin_vel_z                 | Scaled Avg:  -0.0068 | Raw Avg:   0.0855
  orientation               | Scaled Avg:  -0.0004 | Raw Avg:   0.1024
  powers                    | Scaled Avg:  -0.0000 | Raw Avg: 102.3608
  stand_still               | Scaled Avg:  -0.0006 | Raw Avg:   0.0149
  torques                   | Scaled Avg:  -0.0002 | Raw Avg: 1013.4346
  tracking_ang_vel          | Scaled Avg:   0.0078 | Raw Avg:   0.3888
  tracking_lin_vel          | Scaled Avg:   0.0160 | Raw Avg:   0.3991
  termination               | Scaled Avg:  -0.0010
  TOTAL REWARD              | Scaled Avg:  -0.0487
------------------------------

------------------------------
Step: 72000 - Reward Breakdown:
  action_rate               | Scaled Avg:  -0.0290 | Raw Avg:   0.9654
  action_smoothness         | Scaled Avg:  -0.0004 | Raw Avg:   0.1847
  ang_vel_xy                | Scaled Avg:  -0.0049 | Raw Avg:   2.4395
  base_height               | Scaled Avg:  -0.0001 | Raw Avg:   0.0059
  collision                 | Scaled Avg:  -0.0014 | Raw Avg:   0.0700
  dof_acc                   | Scaled Avg:  -0.0009 | Raw Avg: 184661.8594
  dof_error                 | Scaled Avg:  -0.0069 | Raw Avg:   0.6939
  dof_vel                   | Scaled Avg:  -0.0205 | Raw Avg:  51.2373
  feet_air_time             | Scaled Avg:   0.0001 | Raw Avg:   0.0016
  feet_contact_forces       | Scaled Avg:  -0.0000 | Raw Avg:   4.5041
  foot_clearance            | Scaled Avg:  -0.0001 | Raw Avg:   0.0056
  foot_mirror               | Scaled Avg:  -0.0003 | Raw Avg:   0.2752
  foot_slide                | Scaled Avg:  -0.0012 | Raw Avg:   1.1501
  has_contact               | Scaled Avg:   0.0019 | Raw Avg:   0.0945
  hip_pos                   | Scaled Avg:  -0.0010 | Raw Avg:   0.1023
  lin_vel_z                 | Scaled Avg:  -0.0067 | Raw Avg:   0.0840
  orientation               | Scaled Avg:  -0.0004 | Raw Avg:   0.1046
  powers                    | Scaled Avg:  -0.0000 | Raw Avg: 102.3470
  stand_still               | Scaled Avg:  -0.0008 | Raw Avg:   0.0189
  torques                   | Scaled Avg:  -0.0002 | Raw Avg: 1018.5496
  tracking_ang_vel          | Scaled Avg:   0.0077 | Raw Avg:   0.3871
  tracking_lin_vel          | Scaled Avg:   0.0158 | Raw Avg:   0.3943
  termination               | Scaled Avg:  -0.0009
  TOTAL REWARD              | Scaled Avg:  -0.0502
------------------------------
################################################################################
                    [1m Learning iteration 8000/10000 [0m                     

                       Computation: 41540 steps/s (collection: 2.819s, learning 0.703s)
                     surrogate_loss -0.0062
                         value_loss 0.0669
                            entropy 2.3721
                     estimator_loss 0.0000
                         total_loss 0.0844
             Mean action noise std: 0.20
                       Mean reward: -2.95
               Mean episode length: 51.87
      Mean episode rew_action_rate: -0.0816
Mean episode rew_frame_action_rate: -0.0345
Mean episode rew_action_smoothness: -0.0010
Mean episode rew_frame_action_smoothness: -0.0004
       Mean episode rew_ang_vel_xy: -0.0141
 Mean episode rew_frame_ang_vel_xy: -0.0078
      Mean episode rew_base_height: -0.0003
Mean episode rew_frame_base_height: -0.0002
        Mean episode rew_collision: -0.0037
  Mean episode rew_frame_collision: -0.0020
          Mean episode rew_dof_acc: -0.0026
    Mean episode rew_frame_dof_acc: -0.0016
        Mean episode rew_dof_error: -0.0207
  Mean episode rew_frame_dof_error: -0.0102
          Mean episode rew_dof_vel: -0.0586
    Mean episode rew_frame_dof_vel: -0.0336
    Mean episode rew_feet_air_time: 0.0002
Mean episode rew_frame_feet_air_time: 0.0001
Mean episode rew_feet_contact_forces: -0.0000
Mean episode rew_frame_feet_contact_forces: -0.0000
   Mean episode rew_foot_clearance: -0.0002
Mean episode rew_frame_foot_clearance: -0.0001
      Mean episode rew_foot_mirror: -0.0008
Mean episode rew_frame_foot_mirror: -0.0004
       Mean episode rew_foot_slide: -0.0033
 Mean episode rew_frame_foot_slide: -0.0014
      Mean episode rew_has_contact: 0.0053
Mean episode rew_frame_has_contact: 0.0004
          Mean episode rew_hip_pos: -0.0030
    Mean episode rew_frame_hip_pos: -0.0014
        Mean episode rew_lin_vel_z: -0.0200
  Mean episode rew_frame_lin_vel_z: -0.0123
      Mean episode rew_orientation: -0.0012
Mean episode rew_frame_orientation: -0.0007
           Mean episode rew_powers: -0.0001
     Mean episode rew_frame_powers: -0.0001
      Mean episode rew_stand_still: -0.0017
Mean episode rew_frame_stand_still: -0.0002
          Mean episode rew_stumble: -0.0000
    Mean episode rew_frame_stumble: -0.0000
      Mean episode rew_termination: -0.0030
Mean episode rew_frame_termination: -0.0019
          Mean episode rew_torques: -0.0006
    Mean episode rew_frame_torques: -0.0002
 Mean episode rew_tracking_ang_vel: 0.0221
Mean episode rew_frame_tracking_ang_vel: 0.0073
 Mean episode rew_tracking_lin_vel: 0.0444
Mean episode rew_frame_tracking_lin_vel: 0.0085
Mean episode max_power_throughout_episode: 4226.7402
            Mean episode max_pos_x: 1.0250
            Mean episode min_pos_x: -0.1451
            Mean episode max_pos_y: 0.4967
            Mean episode min_pos_y: -0.5131
        Mean episode timeout_ratio: 0.0000
       Mean episode num_terminated: 101.4583
--------------------------------------------------------------------------------
                   Total timesteps: 4535424
                    Iteration time: 3.52s
                        Total time: 8202.82s
                               ETA: 5466.7s


------------------------------
Step: 72500 - Reward Breakdown:
  action_rate               | Scaled Avg:  -0.0287 | Raw Avg:   0.9551
  action_smoothness         | Scaled Avg:  -0.0004 | Raw Avg:   0.1834
  ang_vel_xy                | Scaled Avg:  -0.0050 | Raw Avg:   2.5093
  base_height               | Scaled Avg:  -0.0001 | Raw Avg:   0.0059
  collision                 | Scaled Avg:  -0.0014 | Raw Avg:   0.0676
  dof_acc                   | Scaled Avg:  -0.0009 | Raw Avg: 178268.7812
  dof_error                 | Scaled Avg:  -0.0071 | Raw Avg:   0.7061
  dof_vel                   | Scaled Avg:  -0.0201 | Raw Avg:  50.3731
  feet_air_time             | Scaled Avg:   0.0000 | Raw Avg:   0.0012
  feet_contact_forces       | Scaled Avg:  -0.0000 | Raw Avg:   4.2987
  foot_clearance            | Scaled Avg:  -0.0001 | Raw Avg:   0.0055
  foot_mirror               | Scaled Avg:  -0.0003 | Raw Avg:   0.2722
  foot_slide                | Scaled Avg:  -0.0012 | Raw Avg:   1.1582
  has_contact               | Scaled Avg:   0.0017 | Raw Avg:   0.0839
  hip_pos                   | Scaled Avg:  -0.0010 | Raw Avg:   0.0982
  lin_vel_z                 | Scaled Avg:  -0.0069 | Raw Avg:   0.0859
  orientation               | Scaled Avg:  -0.0004 | Raw Avg:   0.1036
  powers                    | Scaled Avg:  -0.0000 | Raw Avg: 102.2222
  stand_still               | Scaled Avg:  -0.0005 | Raw Avg:   0.0119
  torques                   | Scaled Avg:  -0.0002 | Raw Avg: 1011.7211
  tracking_ang_vel          | Scaled Avg:   0.0076 | Raw Avg:   0.3801
  tracking_lin_vel          | Scaled Avg:   0.0159 | Raw Avg:   0.3974
  termination               | Scaled Avg:  -0.0010
  TOTAL REWARD              | Scaled Avg:  -0.0499
------------------------------

------------------------------
Step: 73000 - Reward Breakdown:
  action_rate               | Scaled Avg:  -0.0284 | Raw Avg:   0.9453
  action_smoothness         | Scaled Avg:  -0.0004 | Raw Avg:   0.1831
  ang_vel_xy                | Scaled Avg:  -0.0046 | Raw Avg:   2.3124
  base_height               | Scaled Avg:  -0.0001 | Raw Avg:   0.0063
  collision                 | Scaled Avg:  -0.0016 | Raw Avg:   0.0794
  dof_acc                   | Scaled Avg:  -0.0009 | Raw Avg: 181459.4688
  dof_error                 | Scaled Avg:  -0.0073 | Raw Avg:   0.7271
  dof_vel                   | Scaled Avg:  -0.0200 | Raw Avg:  49.9371
  feet_air_time             | Scaled Avg:   0.0001 | Raw Avg:   0.0014
  feet_contact_forces       | Scaled Avg:  -0.0000 | Raw Avg:   4.7216
  foot_clearance            | Scaled Avg:  -0.0001 | Raw Avg:   0.0055
  foot_mirror               | Scaled Avg:  -0.0003 | Raw Avg:   0.2806
  foot_slide                | Scaled Avg:  -0.0011 | Raw Avg:   1.1188
  has_contact               | Scaled Avg:   0.0019 | Raw Avg:   0.0931
  hip_pos                   | Scaled Avg:  -0.0011 | Raw Avg:   0.1087
  lin_vel_z                 | Scaled Avg:  -0.0064 | Raw Avg:   0.0799
  orientation               | Scaled Avg:  -0.0004 | Raw Avg:   0.1079
  powers                    | Scaled Avg:  -0.0000 | Raw Avg: 103.0641
  stand_still               | Scaled Avg:  -0.0007 | Raw Avg:   0.0167
  torques                   | Scaled Avg:  -0.0002 | Raw Avg: 1030.2439
  tracking_ang_vel          | Scaled Avg:   0.0076 | Raw Avg:   0.3804
  tracking_lin_vel          | Scaled Avg:   0.0160 | Raw Avg:   0.3992
  termination               | Scaled Avg:  -0.0012
  TOTAL REWARD              | Scaled Avg:  -0.0492
------------------------------

------------------------------
Step: 73500 - Reward Breakdown:
  action_rate               | Scaled Avg:  -0.0290 | Raw Avg:   0.9670
  action_smoothness         | Scaled Avg:  -0.0004 | Raw Avg:   0.1861
  ang_vel_xy                | Scaled Avg:  -0.0052 | Raw Avg:   2.6030
  base_height               | Scaled Avg:  -0.0001 | Raw Avg:   0.0063
  collision                 | Scaled Avg:  -0.0015 | Raw Avg:   0.0738
  dof_acc                   | Scaled Avg:  -0.0009 | Raw Avg: 189837.8125
  dof_error                 | Scaled Avg:  -0.0073 | Raw Avg:   0.7323
  dof_vel                   | Scaled Avg:  -0.0208 | Raw Avg:  52.0266
  feet_air_time             | Scaled Avg:   0.0001 | Raw Avg:   0.0017
  feet_contact_forces       | Scaled Avg:  -0.0000 | Raw Avg:   5.4504
  foot_clearance            | Scaled Avg:  -0.0001 | Raw Avg:   0.0058
  foot_mirror               | Scaled Avg:  -0.0003 | Raw Avg:   0.2912
  foot_slide                | Scaled Avg:  -0.0011 | Raw Avg:   1.1382
  has_contact               | Scaled Avg:   0.0019 | Raw Avg:   0.0935
  hip_pos                   | Scaled Avg:  -0.0011 | Raw Avg:   0.1072
  lin_vel_z                 | Scaled Avg:  -0.0066 | Raw Avg:   0.0827
  orientation               | Scaled Avg:  -0.0005 | Raw Avg:   0.1128
  powers                    | Scaled Avg:  -0.0000 | Raw Avg: 107.4849
  stand_still               | Scaled Avg:  -0.0006 | Raw Avg:   0.0139
  torques                   | Scaled Avg:  -0.0002 | Raw Avg: 1027.8722
  tracking_ang_vel          | Scaled Avg:   0.0075 | Raw Avg:   0.3730
  tracking_lin_vel          | Scaled Avg:   0.0158 | Raw Avg:   0.3949
  termination               | Scaled Avg:  -0.0011
  TOTAL REWARD              | Scaled Avg:  -0.0516
------------------------------

------------------------------
Step: 74000 - Reward Breakdown:
  action_rate               | Scaled Avg:  -0.0282 | Raw Avg:   0.9396
  action_smoothness         | Scaled Avg:  -0.0004 | Raw Avg:   0.1817
  ang_vel_xy                | Scaled Avg:  -0.0050 | Raw Avg:   2.5077
  base_height               | Scaled Avg:  -0.0001 | Raw Avg:   0.0064
  collision                 | Scaled Avg:  -0.0014 | Raw Avg:   0.0694
  dof_acc                   | Scaled Avg:  -0.0008 | Raw Avg: 166775.0469
  dof_error                 | Scaled Avg:  -0.0073 | Raw Avg:   0.7267
  dof_vel                   | Scaled Avg:  -0.0203 | Raw Avg:  50.6455
  feet_air_time             | Scaled Avg:   0.0001 | Raw Avg:   0.0021
  feet_contact_forces       | Scaled Avg:  -0.0000 | Raw Avg:   4.7653
  foot_clearance            | Scaled Avg:  -0.0001 | Raw Avg:   0.0057
  foot_mirror               | Scaled Avg:  -0.0003 | Raw Avg:   0.2954
  foot_slide                | Scaled Avg:  -0.0012 | Raw Avg:   1.1520
  has_contact               | Scaled Avg:   0.0018 | Raw Avg:   0.0898
  hip_pos                   | Scaled Avg:  -0.0011 | Raw Avg:   0.1141
  lin_vel_z                 | Scaled Avg:  -0.0065 | Raw Avg:   0.0816
  orientation               | Scaled Avg:  -0.0004 | Raw Avg:   0.1119
  powers                    | Scaled Avg:  -0.0000 | Raw Avg: 106.1989
  stand_still               | Scaled Avg:  -0.0006 | Raw Avg:   0.0140
  torques                   | Scaled Avg:  -0.0002 | Raw Avg: 1045.5095
  tracking_ang_vel          | Scaled Avg:   0.0076 | Raw Avg:   0.3797
  tracking_lin_vel          | Scaled Avg:   0.0157 | Raw Avg:   0.3935
  termination               | Scaled Avg:  -0.0010
  TOTAL REWARD              | Scaled Avg:  -0.0497
------------------------------
################################################################################
                    [1m Learning iteration 8100/10000 [0m                     

                       Computation: 56887 steps/s (collection: 2.016s, learning 0.555s)
                     surrogate_loss -0.0046
                         value_loss 0.0544
                            entropy 2.4001
                     estimator_loss 0.0000
                         total_loss 0.0737
             Mean action noise std: 0.20
                       Mean reward: -2.95
               Mean episode length: 56.75
      Mean episode rew_action_rate: -0.0776
Mean episode rew_frame_action_rate: -0.0345
Mean episode rew_action_smoothness: -0.0010
Mean episode rew_frame_action_smoothness: -0.0004
       Mean episode rew_ang_vel_xy: -0.0139
 Mean episode rew_frame_ang_vel_xy: -0.0077
      Mean episode rew_base_height: -0.0004
Mean episode rew_frame_base_height: -0.0002
        Mean episode rew_collision: -0.0044
  Mean episode rew_frame_collision: -0.0021
          Mean episode rew_dof_acc: -0.0027
    Mean episode rew_frame_dof_acc: -0.0017
        Mean episode rew_dof_error: -0.0205
  Mean episode rew_frame_dof_error: -0.0101
          Mean episode rew_dof_vel: -0.0580
    Mean episode rew_frame_dof_vel: -0.0336
    Mean episode rew_feet_air_time: 0.0002
Mean episode rew_frame_feet_air_time: 0.0001
Mean episode rew_feet_contact_forces: -0.0000
Mean episode rew_frame_feet_contact_forces: -0.0000
   Mean episode rew_foot_clearance: -0.0002
Mean episode rew_frame_foot_clearance: -0.0001
      Mean episode rew_foot_mirror: -0.0008
Mean episode rew_frame_foot_mirror: -0.0004
       Mean episode rew_foot_slide: -0.0032
 Mean episode rew_frame_foot_slide: -0.0015
      Mean episode rew_has_contact: 0.0042
Mean episode rew_frame_has_contact: 0.0003
          Mean episode rew_hip_pos: -0.0031
    Mean episode rew_frame_hip_pos: -0.0015
        Mean episode rew_lin_vel_z: -0.0190
  Mean episode rew_frame_lin_vel_z: -0.0116
      Mean episode rew_orientation: -0.0013
Mean episode rew_frame_orientation: -0.0007
           Mean episode rew_powers: -0.0001
     Mean episode rew_frame_powers: -0.0001
      Mean episode rew_stand_still: -0.0026
Mean episode rew_frame_stand_still: -0.0003
          Mean episode rew_stumble: -0.0000
    Mean episode rew_frame_stumble: -0.0000
      Mean episode rew_termination: -0.0030
Mean episode rew_frame_termination: -0.0019
          Mean episode rew_torques: -0.0006
    Mean episode rew_frame_torques: -0.0002
 Mean episode rew_tracking_ang_vel: 0.0204
Mean episode rew_frame_tracking_ang_vel: 0.0073
 Mean episode rew_tracking_lin_vel: 0.0404
Mean episode rew_frame_tracking_lin_vel: 0.0088
Mean episode max_power_throughout_episode: 4200.0444
            Mean episode max_pos_x: 1.0067
            Mean episode min_pos_x: -0.1899
            Mean episode max_pos_y: 0.5137
            Mean episode min_pos_y: -0.4971
        Mean episode timeout_ratio: 0.0000
       Mean episode num_terminated: 111.9167
--------------------------------------------------------------------------------
                   Total timesteps: 4681728
                    Iteration time: 2.57s
                        Total time: 8472.49s
                               ETA: 5191.1s


------------------------------
Step: 74500 - Reward Breakdown:
  action_rate               | Scaled Avg:  -0.0287 | Raw Avg:   0.9570
  action_smoothness         | Scaled Avg:  -0.0004 | Raw Avg:   0.1856
  ang_vel_xy                | Scaled Avg:  -0.0053 | Raw Avg:   2.6462
  base_height               | Scaled Avg:  -0.0001 | Raw Avg:   0.0067
  collision                 | Scaled Avg:  -0.0015 | Raw Avg:   0.0769
  dof_acc                   | Scaled Avg:  -0.0010 | Raw Avg: 192611.5312
  dof_error                 | Scaled Avg:  -0.0075 | Raw Avg:   0.7546
  dof_vel                   | Scaled Avg:  -0.0210 | Raw Avg:  52.4976
  feet_air_time             | Scaled Avg:   0.0001 | Raw Avg:   0.0013
  feet_contact_forces       | Scaled Avg:  -0.0000 | Raw Avg:   4.9559
  foot_clearance            | Scaled Avg:  -0.0001 | Raw Avg:   0.0062
  foot_mirror               | Scaled Avg:  -0.0003 | Raw Avg:   0.3013
  foot_slide                | Scaled Avg:  -0.0012 | Raw Avg:   1.1844
  has_contact               | Scaled Avg:   0.0017 | Raw Avg:   0.0862
  hip_pos                   | Scaled Avg:  -0.0012 | Raw Avg:   0.1166
  lin_vel_z                 | Scaled Avg:  -0.0072 | Raw Avg:   0.0896
  orientation               | Scaled Avg:  -0.0005 | Raw Avg:   0.1144
  powers                    | Scaled Avg:  -0.0000 | Raw Avg: 106.3617
  stand_still               | Scaled Avg:  -0.0006 | Raw Avg:   0.0158
  torques                   | Scaled Avg:  -0.0002 | Raw Avg: 1031.2708
  tracking_ang_vel          | Scaled Avg:   0.0079 | Raw Avg:   0.3934
  tracking_lin_vel          | Scaled Avg:   0.0153 | Raw Avg:   0.3822
  termination               | Scaled Avg:  -0.0011
  TOTAL REWARD              | Scaled Avg:  -0.0529
------------------------------

------------------------------
Step: 75000 - Reward Breakdown:
  action_rate               | Scaled Avg:  -0.0292 | Raw Avg:   0.9740
  action_smoothness         | Scaled Avg:  -0.0004 | Raw Avg:   0.1869
  ang_vel_xy                | Scaled Avg:  -0.0052 | Raw Avg:   2.6092
  base_height               | Scaled Avg:  -0.0001 | Raw Avg:   0.0066
  collision                 | Scaled Avg:  -0.0015 | Raw Avg:   0.0725
  dof_acc                   | Scaled Avg:  -0.0010 | Raw Avg: 197560.0781
  dof_error                 | Scaled Avg:  -0.0076 | Raw Avg:   0.7583
  dof_vel                   | Scaled Avg:  -0.0216 | Raw Avg:  54.0963
  feet_air_time             | Scaled Avg:   0.0001 | Raw Avg:   0.0017
  feet_contact_forces       | Scaled Avg:  -0.0000 | Raw Avg:   5.0853
  foot_clearance            | Scaled Avg:  -0.0001 | Raw Avg:   0.0058
  foot_mirror               | Scaled Avg:  -0.0003 | Raw Avg:   0.3097
  foot_slide                | Scaled Avg:  -0.0012 | Raw Avg:   1.1775
  has_contact               | Scaled Avg:   0.0018 | Raw Avg:   0.0899
  hip_pos                   | Scaled Avg:  -0.0012 | Raw Avg:   0.1234
  lin_vel_z                 | Scaled Avg:  -0.0075 | Raw Avg:   0.0934
  orientation               | Scaled Avg:  -0.0005 | Raw Avg:   0.1171
  powers                    | Scaled Avg:  -0.0000 | Raw Avg: 111.4182
  stand_still               | Scaled Avg:  -0.0006 | Raw Avg:   0.0139
  torques                   | Scaled Avg:  -0.0002 | Raw Avg: 1081.8618
  tracking_ang_vel          | Scaled Avg:   0.0079 | Raw Avg:   0.3957
  tracking_lin_vel          | Scaled Avg:   0.0155 | Raw Avg:   0.3877
  termination               | Scaled Avg:  -0.0010
  TOTAL REWARD              | Scaled Avg:  -0.0538
------------------------------

------------------------------
Step: 75500 - Reward Breakdown:
  action_rate               | Scaled Avg:  -0.0281 | Raw Avg:   0.9378
  action_smoothness         | Scaled Avg:  -0.0004 | Raw Avg:   0.1832
  ang_vel_xy                | Scaled Avg:  -0.0047 | Raw Avg:   2.3405
  base_height               | Scaled Avg:  -0.0001 | Raw Avg:   0.0065
  collision                 | Scaled Avg:  -0.0013 | Raw Avg:   0.0650
  dof_acc                   | Scaled Avg:  -0.0009 | Raw Avg: 186567.6875
  dof_error                 | Scaled Avg:  -0.0073 | Raw Avg:   0.7342
  dof_vel                   | Scaled Avg:  -0.0198 | Raw Avg:  49.4008
  feet_air_time             | Scaled Avg:   0.0001 | Raw Avg:   0.0020
  feet_contact_forces       | Scaled Avg:  -0.0000 | Raw Avg:   4.5992
  foot_clearance            | Scaled Avg:  -0.0001 | Raw Avg:   0.0054
  foot_mirror               | Scaled Avg:  -0.0003 | Raw Avg:   0.2853
  foot_slide                | Scaled Avg:  -0.0011 | Raw Avg:   1.1335
  has_contact               | Scaled Avg:   0.0018 | Raw Avg:   0.0896
  hip_pos                   | Scaled Avg:  -0.0012 | Raw Avg:   0.1154
  lin_vel_z                 | Scaled Avg:  -0.0068 | Raw Avg:   0.0845
  orientation               | Scaled Avg:  -0.0004 | Raw Avg:   0.1060
  powers                    | Scaled Avg:  -0.0000 | Raw Avg: 104.0722
  stand_still               | Scaled Avg:  -0.0005 | Raw Avg:   0.0135
  torques                   | Scaled Avg:  -0.0002 | Raw Avg: 1050.7429
  tracking_ang_vel          | Scaled Avg:   0.0080 | Raw Avg:   0.3978
  tracking_lin_vel          | Scaled Avg:   0.0159 | Raw Avg:   0.3981
  termination               | Scaled Avg:  -0.0010
  TOTAL REWARD              | Scaled Avg:  -0.0485
------------------------------

------------------------------
Step: 76000 - Reward Breakdown:
  action_rate               | Scaled Avg:  -0.0281 | Raw Avg:   0.9363
  action_smoothness         | Scaled Avg:  -0.0004 | Raw Avg:   0.1852
  ang_vel_xy                | Scaled Avg:  -0.0049 | Raw Avg:   2.4725
  base_height               | Scaled Avg:  -0.0001 | Raw Avg:   0.0064
  collision                 | Scaled Avg:  -0.0014 | Raw Avg:   0.0679
  dof_acc                   | Scaled Avg:  -0.0009 | Raw Avg: 176567.9531
  dof_error                 | Scaled Avg:  -0.0074 | Raw Avg:   0.7400
  dof_vel                   | Scaled Avg:  -0.0201 | Raw Avg:  50.3596
  feet_air_time             | Scaled Avg:   0.0001 | Raw Avg:   0.0018
  feet_contact_forces       | Scaled Avg:  -0.0000 | Raw Avg:   4.6384
  foot_clearance            | Scaled Avg:  -0.0001 | Raw Avg:   0.0056
  foot_mirror               | Scaled Avg:  -0.0003 | Raw Avg:   0.2792
  foot_slide                | Scaled Avg:  -0.0011 | Raw Avg:   1.1463
  has_contact               | Scaled Avg:   0.0019 | Raw Avg:   0.0954
  hip_pos                   | Scaled Avg:  -0.0011 | Raw Avg:   0.1114
  lin_vel_z                 | Scaled Avg:  -0.0071 | Raw Avg:   0.0891
  orientation               | Scaled Avg:  -0.0004 | Raw Avg:   0.1102
  powers                    | Scaled Avg:  -0.0000 | Raw Avg: 103.2987
  stand_still               | Scaled Avg:  -0.0007 | Raw Avg:   0.0164
  torques                   | Scaled Avg:  -0.0002 | Raw Avg: 999.4886
  tracking_ang_vel          | Scaled Avg:   0.0077 | Raw Avg:   0.3857
  tracking_lin_vel          | Scaled Avg:   0.0159 | Raw Avg:   0.3966
  termination               | Scaled Avg:  -0.0009
  TOTAL REWARD              | Scaled Avg:  -0.0498
------------------------------

------------------------------
Step: 76500 - Reward Breakdown:
  action_rate               | Scaled Avg:  -0.0279 | Raw Avg:   0.9293
  action_smoothness         | Scaled Avg:  -0.0004 | Raw Avg:   0.1824
  ang_vel_xy                | Scaled Avg:  -0.0045 | Raw Avg:   2.2724
  base_height               | Scaled Avg:  -0.0001 | Raw Avg:   0.0059
  collision                 | Scaled Avg:  -0.0012 | Raw Avg:   0.0602
  dof_acc                   | Scaled Avg:  -0.0009 | Raw Avg: 172941.5625
  dof_error                 | Scaled Avg:  -0.0068 | Raw Avg:   0.6804
  dof_vel                   | Scaled Avg:  -0.0186 | Raw Avg:  46.4700
  feet_air_time             | Scaled Avg:   0.0001 | Raw Avg:   0.0016
  feet_contact_forces       | Scaled Avg:  -0.0000 | Raw Avg:   4.4238
  foot_clearance            | Scaled Avg:  -0.0000 | Raw Avg:   0.0050
  foot_mirror               | Scaled Avg:  -0.0003 | Raw Avg:   0.2588
  foot_slide                | Scaled Avg:  -0.0011 | Raw Avg:   1.1228
  has_contact               | Scaled Avg:   0.0017 | Raw Avg:   0.0862
  hip_pos                   | Scaled Avg:  -0.0010 | Raw Avg:   0.1010
  lin_vel_z                 | Scaled Avg:  -0.0061 | Raw Avg:   0.0762
  orientation               | Scaled Avg:  -0.0004 | Raw Avg:   0.0993
  powers                    | Scaled Avg:  -0.0000 | Raw Avg:  98.1144
  stand_still               | Scaled Avg:  -0.0005 | Raw Avg:   0.0127
  torques                   | Scaled Avg:  -0.0002 | Raw Avg: 988.0620
  tracking_ang_vel          | Scaled Avg:   0.0075 | Raw Avg:   0.3764
  tracking_lin_vel          | Scaled Avg:   0.0157 | Raw Avg:   0.3935
  termination               | Scaled Avg:  -0.0009
  TOTAL REWARD              | Scaled Avg:  -0.0459
------------------------------
################################################################################
                    [1m Learning iteration 8200/10000 [0m                     

                       Computation: 59529 steps/s (collection: 1.915s, learning 0.542s)
                     surrogate_loss -0.0040
                         value_loss 0.0903
                            entropy 2.3305
                     estimator_loss 0.0000
                         total_loss 0.1096
             Mean action noise std: 0.20
                       Mean reward: -2.93
               Mean episode length: 61.71
      Mean episode rew_action_rate: -0.0876
Mean episode rew_frame_action_rate: -0.0338
Mean episode rew_action_smoothness: -0.0011
Mean episode rew_frame_action_smoothness: -0.0004
       Mean episode rew_ang_vel_xy: -0.0144
 Mean episode rew_frame_ang_vel_xy: -0.0076
      Mean episode rew_base_height: -0.0004
Mean episode rew_frame_base_height: -0.0002
        Mean episode rew_collision: -0.0041
  Mean episode rew_frame_collision: -0.0020
          Mean episode rew_dof_acc: -0.0027
    Mean episode rew_frame_dof_acc: -0.0017
        Mean episode rew_dof_error: -0.0215
  Mean episode rew_frame_dof_error: -0.0097
          Mean episode rew_dof_vel: -0.0591
    Mean episode rew_frame_dof_vel: -0.0327
    Mean episode rew_feet_air_time: 0.0002
Mean episode rew_frame_feet_air_time: 0.0001
Mean episode rew_feet_contact_forces: -0.0000
Mean episode rew_frame_feet_contact_forces: -0.0000
   Mean episode rew_foot_clearance: -0.0002
Mean episode rew_frame_foot_clearance: -0.0001
      Mean episode rew_foot_mirror: -0.0008
Mean episode rew_frame_foot_mirror: -0.0004
       Mean episode rew_foot_slide: -0.0036
 Mean episode rew_frame_foot_slide: -0.0015
      Mean episode rew_has_contact: 0.0058
Mean episode rew_frame_has_contact: 0.0004
          Mean episode rew_hip_pos: -0.0033
    Mean episode rew_frame_hip_pos: -0.0014
        Mean episode rew_lin_vel_z: -0.0193
  Mean episode rew_frame_lin_vel_z: -0.0116
      Mean episode rew_orientation: -0.0012
Mean episode rew_frame_orientation: -0.0007
           Mean episode rew_powers: -0.0001
     Mean episode rew_frame_powers: -0.0001
      Mean episode rew_stand_still: -0.0019
Mean episode rew_frame_stand_still: -0.0002
          Mean episode rew_stumble: -0.0000
    Mean episode rew_frame_stumble: -0.0000
      Mean episode rew_termination: -0.0030
Mean episode rew_frame_termination: -0.0018
          Mean episode rew_torques: -0.0006
    Mean episode rew_frame_torques: -0.0002
 Mean episode rew_tracking_ang_vel: 0.0246
Mean episode rew_frame_tracking_ang_vel: 0.0073
 Mean episode rew_tracking_lin_vel: 0.0509
Mean episode rew_frame_tracking_lin_vel: 0.0088
Mean episode max_power_throughout_episode: 4165.1440
            Mean episode max_pos_x: 1.0231
            Mean episode min_pos_x: -0.1653
            Mean episode max_pos_y: 0.5491
            Mean episode min_pos_y: -0.5089
        Mean episode timeout_ratio: 0.0000
       Mean episode num_terminated: 95.8333
--------------------------------------------------------------------------------
                   Total timesteps: 4828032
                    Iteration time: 2.46s
                        Total time: 8741.69s
                               ETA: 4915.7s


------------------------------
Step: 77000 - Reward Breakdown:
  action_rate               | Scaled Avg:  -0.0280 | Raw Avg:   0.9325
  action_smoothness         | Scaled Avg:  -0.0004 | Raw Avg:   0.1843
  ang_vel_xy                | Scaled Avg:  -0.0046 | Raw Avg:   2.2909
  base_height               | Scaled Avg:  -0.0001 | Raw Avg:   0.0059
  collision                 | Scaled Avg:  -0.0013 | Raw Avg:   0.0643
  dof_acc                   | Scaled Avg:  -0.0009 | Raw Avg: 185158.0000
  dof_error                 | Scaled Avg:  -0.0067 | Raw Avg:   0.6709
  dof_vel                   | Scaled Avg:  -0.0191 | Raw Avg:  47.7410
  feet_air_time             | Scaled Avg:   0.0001 | Raw Avg:   0.0017
  feet_contact_forces       | Scaled Avg:  -0.0000 | Raw Avg:   4.6021
  foot_clearance            | Scaled Avg:  -0.0001 | Raw Avg:   0.0051
  foot_mirror               | Scaled Avg:  -0.0003 | Raw Avg:   0.2652
  foot_slide                | Scaled Avg:  -0.0011 | Raw Avg:   1.1099
  has_contact               | Scaled Avg:   0.0017 | Raw Avg:   0.0841
  hip_pos                   | Scaled Avg:  -0.0010 | Raw Avg:   0.1011
  lin_vel_z                 | Scaled Avg:  -0.0060 | Raw Avg:   0.0748
  orientation               | Scaled Avg:  -0.0004 | Raw Avg:   0.1025
  powers                    | Scaled Avg:  -0.0000 | Raw Avg:  98.7039
  stand_still               | Scaled Avg:  -0.0005 | Raw Avg:   0.0131
  torques                   | Scaled Avg:  -0.0002 | Raw Avg: 981.9493
  tracking_ang_vel          | Scaled Avg:   0.0076 | Raw Avg:   0.3804
  tracking_lin_vel          | Scaled Avg:   0.0160 | Raw Avg:   0.3990
  termination               | Scaled Avg:  -0.0008
  TOTAL REWARD              | Scaled Avg:  -0.0461
------------------------------

------------------------------
Step: 77500 - Reward Breakdown:
  action_rate               | Scaled Avg:  -0.0278 | Raw Avg:   0.9255
  action_smoothness         | Scaled Avg:  -0.0004 | Raw Avg:   0.1821
  ang_vel_xy                | Scaled Avg:  -0.0044 | Raw Avg:   2.2038
  base_height               | Scaled Avg:  -0.0001 | Raw Avg:   0.0059
  collision                 | Scaled Avg:  -0.0012 | Raw Avg:   0.0625
  dof_acc                   | Scaled Avg:  -0.0009 | Raw Avg: 188388.2188
  dof_error                 | Scaled Avg:  -0.0066 | Raw Avg:   0.6611
  dof_vel                   | Scaled Avg:  -0.0192 | Raw Avg:  48.0101
  feet_air_time             | Scaled Avg:   0.0001 | Raw Avg:   0.0015
  feet_contact_forces       | Scaled Avg:  -0.0000 | Raw Avg:   4.4946
  foot_clearance            | Scaled Avg:  -0.0001 | Raw Avg:   0.0050
  foot_mirror               | Scaled Avg:  -0.0003 | Raw Avg:   0.2704
  foot_slide                | Scaled Avg:  -0.0011 | Raw Avg:   1.0967
  has_contact               | Scaled Avg:   0.0016 | Raw Avg:   0.0792
  hip_pos                   | Scaled Avg:  -0.0010 | Raw Avg:   0.1043
  lin_vel_z                 | Scaled Avg:  -0.0061 | Raw Avg:   0.0757
  orientation               | Scaled Avg:  -0.0004 | Raw Avg:   0.0999
  powers                    | Scaled Avg:  -0.0000 | Raw Avg:  98.6309
  stand_still               | Scaled Avg:  -0.0005 | Raw Avg:   0.0131
  torques                   | Scaled Avg:  -0.0002 | Raw Avg: 986.1079
  tracking_ang_vel          | Scaled Avg:   0.0075 | Raw Avg:   0.3756
  tracking_lin_vel          | Scaled Avg:   0.0157 | Raw Avg:   0.3914
  termination               | Scaled Avg:  -0.0009
  TOTAL REWARD              | Scaled Avg:  -0.0464
------------------------------

------------------------------
Step: 78000 - Reward Breakdown:
  action_rate               | Scaled Avg:  -0.0275 | Raw Avg:   0.9168
  action_smoothness         | Scaled Avg:  -0.0004 | Raw Avg:   0.1819
  ang_vel_xy                | Scaled Avg:  -0.0046 | Raw Avg:   2.2943
  base_height               | Scaled Avg:  -0.0001 | Raw Avg:   0.0055
  collision                 | Scaled Avg:  -0.0012 | Raw Avg:   0.0610
  dof_acc                   | Scaled Avg:  -0.0008 | Raw Avg: 165115.8750
  dof_error                 | Scaled Avg:  -0.0066 | Raw Avg:   0.6566
  dof_vel                   | Scaled Avg:  -0.0185 | Raw Avg:  46.1939
  feet_air_time             | Scaled Avg:   0.0000 | Raw Avg:   0.0012
  feet_contact_forces       | Scaled Avg:  -0.0000 | Raw Avg:   4.5320
  foot_clearance            | Scaled Avg:  -0.0000 | Raw Avg:   0.0048
  foot_mirror               | Scaled Avg:  -0.0003 | Raw Avg:   0.2578
  foot_slide                | Scaled Avg:  -0.0011 | Raw Avg:   1.0902
  has_contact               | Scaled Avg:   0.0017 | Raw Avg:   0.0848
  hip_pos                   | Scaled Avg:  -0.0009 | Raw Avg:   0.0922
  lin_vel_z                 | Scaled Avg:  -0.0064 | Raw Avg:   0.0796
  orientation               | Scaled Avg:  -0.0004 | Raw Avg:   0.0985
  powers                    | Scaled Avg:  -0.0000 | Raw Avg:  98.0560
  stand_still               | Scaled Avg:  -0.0006 | Raw Avg:   0.0142
  torques                   | Scaled Avg:  -0.0002 | Raw Avg: 974.0901
  tracking_ang_vel          | Scaled Avg:   0.0076 | Raw Avg:   0.3802
  tracking_lin_vel          | Scaled Avg:   0.0160 | Raw Avg:   0.4004
  termination               | Scaled Avg:  -0.0009
  TOTAL REWARD              | Scaled Avg:  -0.0451
------------------------------

------------------------------
Step: 78500 - Reward Breakdown:
  action_rate               | Scaled Avg:  -0.0281 | Raw Avg:   0.9383
  action_smoothness         | Scaled Avg:  -0.0004 | Raw Avg:   0.1818
  ang_vel_xy                | Scaled Avg:  -0.0049 | Raw Avg:   2.4262
  base_height               | Scaled Avg:  -0.0001 | Raw Avg:   0.0062
  collision                 | Scaled Avg:  -0.0013 | Raw Avg:   0.0659
  dof_acc                   | Scaled Avg:  -0.0009 | Raw Avg: 182598.9688
  dof_error                 | Scaled Avg:  -0.0069 | Raw Avg:   0.6940
  dof_vel                   | Scaled Avg:  -0.0198 | Raw Avg:  49.4433
  feet_air_time             | Scaled Avg:   0.0001 | Raw Avg:   0.0016
  feet_contact_forces       | Scaled Avg:  -0.0000 | Raw Avg:   4.9643
  foot_clearance            | Scaled Avg:  -0.0001 | Raw Avg:   0.0054
  foot_mirror               | Scaled Avg:  -0.0003 | Raw Avg:   0.2889
  foot_slide                | Scaled Avg:  -0.0011 | Raw Avg:   1.0918
  has_contact               | Scaled Avg:   0.0016 | Raw Avg:   0.0819
  hip_pos                   | Scaled Avg:  -0.0010 | Raw Avg:   0.1025
  lin_vel_z                 | Scaled Avg:  -0.0072 | Raw Avg:   0.0895
  orientation               | Scaled Avg:  -0.0004 | Raw Avg:   0.1070
  powers                    | Scaled Avg:  -0.0000 | Raw Avg: 101.1391
  stand_still               | Scaled Avg:  -0.0006 | Raw Avg:   0.0162
  torques                   | Scaled Avg:  -0.0002 | Raw Avg: 973.4829
  tracking_ang_vel          | Scaled Avg:   0.0076 | Raw Avg:   0.3819
  tracking_lin_vel          | Scaled Avg:   0.0155 | Raw Avg:   0.3881
  termination               | Scaled Avg:  -0.0010
  TOTAL REWARD              | Scaled Avg:  -0.0495
------------------------------

------------------------------
Step: 79000 - Reward Breakdown:
  action_rate               | Scaled Avg:  -0.0283 | Raw Avg:   0.9441
  action_smoothness         | Scaled Avg:  -0.0004 | Raw Avg:   0.1849
  ang_vel_xy                | Scaled Avg:  -0.0048 | Raw Avg:   2.3885
  base_height               | Scaled Avg:  -0.0001 | Raw Avg:   0.0060
  collision                 | Scaled Avg:  -0.0014 | Raw Avg:   0.0720
  dof_acc                   | Scaled Avg:  -0.0009 | Raw Avg: 175653.0312
  dof_error                 | Scaled Avg:  -0.0069 | Raw Avg:   0.6894
  dof_vel                   | Scaled Avg:  -0.0198 | Raw Avg:  49.6109
  feet_air_time             | Scaled Avg:   0.0001 | Raw Avg:   0.0016
  feet_contact_forces       | Scaled Avg:  -0.0000 | Raw Avg:   4.8992
  foot_clearance            | Scaled Avg:  -0.0001 | Raw Avg:   0.0054
  foot_mirror               | Scaled Avg:  -0.0003 | Raw Avg:   0.2946
  foot_slide                | Scaled Avg:  -0.0011 | Raw Avg:   1.0892
  has_contact               | Scaled Avg:   0.0017 | Raw Avg:   0.0865
  hip_pos                   | Scaled Avg:  -0.0010 | Raw Avg:   0.1010
  lin_vel_z                 | Scaled Avg:  -0.0068 | Raw Avg:   0.0844
  orientation               | Scaled Avg:  -0.0004 | Raw Avg:   0.1071
  powers                    | Scaled Avg:  -0.0000 | Raw Avg: 101.0692
  stand_still               | Scaled Avg:  -0.0005 | Raw Avg:   0.0130
  torques                   | Scaled Avg:  -0.0002 | Raw Avg: 998.0881
  tracking_ang_vel          | Scaled Avg:   0.0076 | Raw Avg:   0.3787
  tracking_lin_vel          | Scaled Avg:   0.0156 | Raw Avg:   0.3905
  termination               | Scaled Avg:  -0.0010
  TOTAL REWARD              | Scaled Avg:  -0.0490
------------------------------
################################################################################
                    [1m Learning iteration 8300/10000 [0m                     

                       Computation: 59226 steps/s (collection: 1.925s, learning 0.545s)
                     surrogate_loss -0.0058
                         value_loss 0.0605
                            entropy 2.3482
                     estimator_loss 0.0000
                         total_loss 0.0782
             Mean action noise std: 0.20
                       Mean reward: -2.75
               Mean episode length: 59.08
      Mean episode rew_action_rate: -0.0871
Mean episode rew_frame_action_rate: -0.0344
Mean episode rew_action_smoothness: -0.0011
Mean episode rew_frame_action_smoothness: -0.0004
       Mean episode rew_ang_vel_xy: -0.0143
 Mean episode rew_frame_ang_vel_xy: -0.0078
      Mean episode rew_base_height: -0.0004
Mean episode rew_frame_base_height: -0.0002
        Mean episode rew_collision: -0.0040
  Mean episode rew_frame_collision: -0.0020
          Mean episode rew_dof_acc: -0.0027
    Mean episode rew_frame_dof_acc: -0.0017
        Mean episode rew_dof_error: -0.0209
  Mean episode rew_frame_dof_error: -0.0099
          Mean episode rew_dof_vel: -0.0590
    Mean episode rew_frame_dof_vel: -0.0333
    Mean episode rew_feet_air_time: 0.0002
Mean episode rew_frame_feet_air_time: 0.0001
Mean episode rew_feet_contact_forces: -0.0000
Mean episode rew_frame_feet_contact_forces: -0.0000
   Mean episode rew_foot_clearance: -0.0002
Mean episode rew_frame_foot_clearance: -0.0001
      Mean episode rew_foot_mirror: -0.0009
Mean episode rew_frame_foot_mirror: -0.0004
       Mean episode rew_foot_slide: -0.0035
 Mean episode rew_frame_foot_slide: -0.0014
      Mean episode rew_has_contact: 0.0056
Mean episode rew_frame_has_contact: 0.0004
          Mean episode rew_hip_pos: -0.0029
    Mean episode rew_frame_hip_pos: -0.0014
        Mean episode rew_lin_vel_z: -0.0209
  Mean episode rew_frame_lin_vel_z: -0.0129
      Mean episode rew_orientation: -0.0012
Mean episode rew_frame_orientation: -0.0007
           Mean episode rew_powers: -0.0001
     Mean episode rew_frame_powers: -0.0001
      Mean episode rew_stand_still: -0.0009
Mean episode rew_frame_stand_still: -0.0001
          Mean episode rew_stumble: -0.0000
    Mean episode rew_frame_stumble: -0.0000
      Mean episode rew_termination: -0.0030
Mean episode rew_frame_termination: -0.0019
          Mean episode rew_torques: -0.0006
    Mean episode rew_frame_torques: -0.0002
 Mean episode rew_tracking_ang_vel: 0.0238
Mean episode rew_frame_tracking_ang_vel: 0.0073
 Mean episode rew_tracking_lin_vel: 0.0508
Mean episode rew_frame_tracking_lin_vel: 0.0088
Mean episode max_power_throughout_episode: 4126.7964
            Mean episode max_pos_x: 1.0025
            Mean episode min_pos_x: -0.1736
            Mean episode max_pos_y: 0.5208
            Mean episode min_pos_y: -0.5079
        Mean episode timeout_ratio: 0.0000
       Mean episode num_terminated: 100.7917
--------------------------------------------------------------------------------
                   Total timesteps: 4974336
                    Iteration time: 2.47s
                        Total time: 9004.43s
                               ETA: 4637.2s


------------------------------
Step: 79500 - Reward Breakdown:
  action_rate               | Scaled Avg:  -0.0282 | Raw Avg:   0.9412
  action_smoothness         | Scaled Avg:  -0.0004 | Raw Avg:   0.1856
  ang_vel_xy                | Scaled Avg:  -0.0050 | Raw Avg:   2.5234
  base_height               | Scaled Avg:  -0.0001 | Raw Avg:   0.0061
  collision                 | Scaled Avg:  -0.0014 | Raw Avg:   0.0692
  dof_acc                   | Scaled Avg:  -0.0009 | Raw Avg: 189954.0938
  dof_error                 | Scaled Avg:  -0.0070 | Raw Avg:   0.7015
  dof_vel                   | Scaled Avg:  -0.0205 | Raw Avg:  51.1470
  feet_air_time             | Scaled Avg:   0.0001 | Raw Avg:   0.0013
  feet_contact_forces       | Scaled Avg:  -0.0000 | Raw Avg:   4.6948
  foot_clearance            | Scaled Avg:  -0.0001 | Raw Avg:   0.0053
  foot_mirror               | Scaled Avg:  -0.0003 | Raw Avg:   0.2846
  foot_slide                | Scaled Avg:  -0.0011 | Raw Avg:   1.1269
  has_contact               | Scaled Avg:   0.0019 | Raw Avg:   0.0945
  hip_pos                   | Scaled Avg:  -0.0010 | Raw Avg:   0.1014
  lin_vel_z                 | Scaled Avg:  -0.0073 | Raw Avg:   0.0907
  orientation               | Scaled Avg:  -0.0004 | Raw Avg:   0.1015
  powers                    | Scaled Avg:  -0.0000 | Raw Avg: 102.8278
  stand_still               | Scaled Avg:  -0.0006 | Raw Avg:   0.0159
  torques                   | Scaled Avg:  -0.0002 | Raw Avg: 985.1016
  tracking_ang_vel          | Scaled Avg:   0.0076 | Raw Avg:   0.3817
  tracking_lin_vel          | Scaled Avg:   0.0160 | Raw Avg:   0.4002
  termination               | Scaled Avg:  -0.0012
  TOTAL REWARD              | Scaled Avg:  -0.0503
------------------------------

------------------------------
Step: 80000 - Reward Breakdown:
  action_rate               | Scaled Avg:  -0.0286 | Raw Avg:   0.9518
  action_smoothness         | Scaled Avg:  -0.0004 | Raw Avg:   0.1849
  ang_vel_xy                | Scaled Avg:  -0.0048 | Raw Avg:   2.4197
  base_height               | Scaled Avg:  -0.0001 | Raw Avg:   0.0057
  collision                 | Scaled Avg:  -0.0012 | Raw Avg:   0.0605
  dof_acc                   | Scaled Avg:  -0.0009 | Raw Avg: 176421.9688
  dof_error                 | Scaled Avg:  -0.0069 | Raw Avg:   0.6947
  dof_vel                   | Scaled Avg:  -0.0198 | Raw Avg:  49.6221
  feet_air_time             | Scaled Avg:   0.0000 | Raw Avg:   0.0010
  feet_contact_forces       | Scaled Avg:  -0.0000 | Raw Avg:   4.9817
  foot_clearance            | Scaled Avg:  -0.0001 | Raw Avg:   0.0054
  foot_mirror               | Scaled Avg:  -0.0003 | Raw Avg:   0.2781
  foot_slide                | Scaled Avg:  -0.0011 | Raw Avg:   1.1144
  has_contact               | Scaled Avg:   0.0018 | Raw Avg:   0.0913
  hip_pos                   | Scaled Avg:  -0.0010 | Raw Avg:   0.0972
  lin_vel_z                 | Scaled Avg:  -0.0067 | Raw Avg:   0.0834
  orientation               | Scaled Avg:  -0.0004 | Raw Avg:   0.1015
  powers                    | Scaled Avg:  -0.0000 | Raw Avg: 100.3348
  stand_still               | Scaled Avg:  -0.0007 | Raw Avg:   0.0180
  torques                   | Scaled Avg:  -0.0002 | Raw Avg: 970.3417
  tracking_ang_vel          | Scaled Avg:   0.0077 | Raw Avg:   0.3848
  tracking_lin_vel          | Scaled Avg:   0.0163 | Raw Avg:   0.4065
  termination               | Scaled Avg:  -0.0010
  TOTAL REWARD              | Scaled Avg:  -0.0484
------------------------------

------------------------------
Step: 80500 - Reward Breakdown:
  action_rate               | Scaled Avg:  -0.0290 | Raw Avg:   0.9657
  action_smoothness         | Scaled Avg:  -0.0004 | Raw Avg:   0.1848
  ang_vel_xy                | Scaled Avg:  -0.0049 | Raw Avg:   2.4495
  base_height               | Scaled Avg:  -0.0001 | Raw Avg:   0.0061
  collision                 | Scaled Avg:  -0.0014 | Raw Avg:   0.0715
  dof_acc                   | Scaled Avg:  -0.0010 | Raw Avg: 198886.2500
  dof_error                 | Scaled Avg:  -0.0072 | Raw Avg:   0.7210
  dof_vel                   | Scaled Avg:  -0.0201 | Raw Avg:  50.2428
  feet_air_time             | Scaled Avg:   0.0001 | Raw Avg:   0.0015
  feet_contact_forces       | Scaled Avg:  -0.0000 | Raw Avg:   5.0022
  foot_clearance            | Scaled Avg:  -0.0001 | Raw Avg:   0.0055
  foot_mirror               | Scaled Avg:  -0.0003 | Raw Avg:   0.2912
  foot_slide                | Scaled Avg:  -0.0011 | Raw Avg:   1.1455
  has_contact               | Scaled Avg:   0.0017 | Raw Avg:   0.0867
  hip_pos                   | Scaled Avg:  -0.0010 | Raw Avg:   0.1014
  lin_vel_z                 | Scaled Avg:  -0.0068 | Raw Avg:   0.0854
  orientation               | Scaled Avg:  -0.0004 | Raw Avg:   0.1077
  powers                    | Scaled Avg:  -0.0000 | Raw Avg: 103.5054
  stand_still               | Scaled Avg:  -0.0005 | Raw Avg:   0.0117
  torques                   | Scaled Avg:  -0.0002 | Raw Avg: 1007.6006
  tracking_ang_vel          | Scaled Avg:   0.0077 | Raw Avg:   0.3843
  tracking_lin_vel          | Scaled Avg:   0.0154 | Raw Avg:   0.3850
  termination               | Scaled Avg:  -0.0011
  TOTAL REWARD              | Scaled Avg:  -0.0508
------------------------------

------------------------------
Step: 81000 - Reward Breakdown:
  action_rate               | Scaled Avg:  -0.0287 | Raw Avg:   0.9582
  action_smoothness         | Scaled Avg:  -0.0004 | Raw Avg:   0.1839
  ang_vel_xy                | Scaled Avg:  -0.0049 | Raw Avg:   2.4620
  base_height               | Scaled Avg:  -0.0001 | Raw Avg:   0.0061
  collision                 | Scaled Avg:  -0.0014 | Raw Avg:   0.0694
  dof_acc                   | Scaled Avg:  -0.0009 | Raw Avg: 174204.5625
  dof_error                 | Scaled Avg:  -0.0072 | Raw Avg:   0.7244
  dof_vel                   | Scaled Avg:  -0.0196 | Raw Avg:  49.0559
  feet_air_time             | Scaled Avg:   0.0001 | Raw Avg:   0.0014
  feet_contact_forces       | Scaled Avg:  -0.0000 | Raw Avg:   4.9002
  foot_clearance            | Scaled Avg:  -0.0001 | Raw Avg:   0.0057
  foot_mirror               | Scaled Avg:  -0.0003 | Raw Avg:   0.2854
  foot_slide                | Scaled Avg:  -0.0011 | Raw Avg:   1.1405
  has_contact               | Scaled Avg:   0.0018 | Raw Avg:   0.0915
  hip_pos                   | Scaled Avg:  -0.0010 | Raw Avg:   0.1044
  lin_vel_z                 | Scaled Avg:  -0.0064 | Raw Avg:   0.0803
  orientation               | Scaled Avg:  -0.0004 | Raw Avg:   0.1074
  powers                    | Scaled Avg:  -0.0000 | Raw Avg: 102.8361
  stand_still               | Scaled Avg:  -0.0006 | Raw Avg:   0.0141
  torques                   | Scaled Avg:  -0.0002 | Raw Avg: 997.5492
  tracking_ang_vel          | Scaled Avg:   0.0075 | Raw Avg:   0.3762
  tracking_lin_vel          | Scaled Avg:   0.0160 | Raw Avg:   0.3991
  termination               | Scaled Avg:  -0.0010
  TOTAL REWARD              | Scaled Avg:  -0.0492
------------------------------

------------------------------
Step: 81500 - Reward Breakdown:
  action_rate               | Scaled Avg:  -0.0283 | Raw Avg:   0.9441
  action_smoothness         | Scaled Avg:  -0.0004 | Raw Avg:   0.1845
  ang_vel_xy                | Scaled Avg:  -0.0047 | Raw Avg:   2.3689
  base_height               | Scaled Avg:  -0.0001 | Raw Avg:   0.0061
  collision                 | Scaled Avg:  -0.0013 | Raw Avg:   0.0640
  dof_acc                   | Scaled Avg:  -0.0009 | Raw Avg: 172576.4375
  dof_error                 | Scaled Avg:  -0.0069 | Raw Avg:   0.6877
  dof_vel                   | Scaled Avg:  -0.0192 | Raw Avg:  47.9972
  feet_air_time             | Scaled Avg:   0.0001 | Raw Avg:   0.0017
  feet_contact_forces       | Scaled Avg:  -0.0000 | Raw Avg:   4.1936
  foot_clearance            | Scaled Avg:  -0.0001 | Raw Avg:   0.0051
  foot_mirror               | Scaled Avg:  -0.0003 | Raw Avg:   0.2757
  foot_slide                | Scaled Avg:  -0.0011 | Raw Avg:   1.0965
  has_contact               | Scaled Avg:   0.0017 | Raw Avg:   0.0853
  hip_pos                   | Scaled Avg:  -0.0010 | Raw Avg:   0.1012
  lin_vel_z                 | Scaled Avg:  -0.0065 | Raw Avg:   0.0812
  orientation               | Scaled Avg:  -0.0004 | Raw Avg:   0.1034
  powers                    | Scaled Avg:  -0.0000 | Raw Avg:  98.1884
  stand_still               | Scaled Avg:  -0.0007 | Raw Avg:   0.0175
  torques                   | Scaled Avg:  -0.0002 | Raw Avg: 969.8990
  tracking_ang_vel          | Scaled Avg:   0.0076 | Raw Avg:   0.3794
  tracking_lin_vel          | Scaled Avg:   0.0157 | Raw Avg:   0.3932
  termination               | Scaled Avg:  -0.0010
  TOTAL REWARD              | Scaled Avg:  -0.0480
------------------------------
################################################################################
                    [1m Learning iteration 8400/10000 [0m                     

                       Computation: 59308 steps/s (collection: 1.923s, learning 0.544s)
                     surrogate_loss -0.0068
                         value_loss 0.0638
                            entropy 2.3696
                     estimator_loss 0.0000
                         total_loss 0.0808
             Mean action noise std: 0.20
                       Mean reward: -3.07
               Mean episode length: 63.47
      Mean episode rew_action_rate: -0.0865
Mean episode rew_frame_action_rate: -0.0342
Mean episode rew_action_smoothness: -0.0011
Mean episode rew_frame_action_smoothness: -0.0004
       Mean episode rew_ang_vel_xy: -0.0144
 Mean episode rew_frame_ang_vel_xy: -0.0077
      Mean episode rew_base_height: -0.0004
Mean episode rew_frame_base_height: -0.0002
        Mean episode rew_collision: -0.0039
  Mean episode rew_frame_collision: -0.0021
          Mean episode rew_dof_acc: -0.0026
    Mean episode rew_frame_dof_acc: -0.0016
        Mean episode rew_dof_error: -0.0213
  Mean episode rew_frame_dof_error: -0.0099
          Mean episode rew_dof_vel: -0.0590
    Mean episode rew_frame_dof_vel: -0.0328
    Mean episode rew_feet_air_time: 0.0002
Mean episode rew_frame_feet_air_time: 0.0001
Mean episode rew_feet_contact_forces: -0.0000
Mean episode rew_frame_feet_contact_forces: -0.0000
   Mean episode rew_foot_clearance: -0.0002
Mean episode rew_frame_foot_clearance: -0.0001
      Mean episode rew_foot_mirror: -0.0009
Mean episode rew_frame_foot_mirror: -0.0004
       Mean episode rew_foot_slide: -0.0034
 Mean episode rew_frame_foot_slide: -0.0014
      Mean episode rew_has_contact: 0.0050
Mean episode rew_frame_has_contact: 0.0003
          Mean episode rew_hip_pos: -0.0032
    Mean episode rew_frame_hip_pos: -0.0014
        Mean episode rew_lin_vel_z: -0.0199
  Mean episode rew_frame_lin_vel_z: -0.0121
      Mean episode rew_orientation: -0.0013
Mean episode rew_frame_orientation: -0.0007
           Mean episode rew_powers: -0.0001
     Mean episode rew_frame_powers: -0.0001
      Mean episode rew_stand_still: -0.0015
Mean episode rew_frame_stand_still: -0.0001
          Mean episode rew_stumble: -0.0000
    Mean episode rew_frame_stumble: -0.0000
      Mean episode rew_termination: -0.0030
Mean episode rew_frame_termination: -0.0019
          Mean episode rew_torques: -0.0006
    Mean episode rew_frame_torques: -0.0002
 Mean episode rew_tracking_ang_vel: 0.0229
Mean episode rew_frame_tracking_ang_vel: 0.0072
 Mean episode rew_tracking_lin_vel: 0.0492
Mean episode rew_frame_tracking_lin_vel: 0.0088
Mean episode max_power_throughout_episode: 4147.0415
            Mean episode max_pos_x: 0.9527
            Mean episode min_pos_x: -0.1584
            Mean episode max_pos_y: 0.5387
            Mean episode min_pos_y: -0.5184
        Mean episode timeout_ratio: 0.0009
       Mean episode num_terminated: 98.4167
--------------------------------------------------------------------------------
                   Total timesteps: 5120640
                    Iteration time: 2.47s
                        Total time: 9271.44s
                               ETA: 4361.7s


------------------------------
Step: 82000 - Reward Breakdown:
  action_rate               | Scaled Avg:  -0.0288 | Raw Avg:   0.9590
  action_smoothness         | Scaled Avg:  -0.0004 | Raw Avg:   0.1840
  ang_vel_xy                | Scaled Avg:  -0.0048 | Raw Avg:   2.4181
  base_height               | Scaled Avg:  -0.0001 | Raw Avg:   0.0060
  collision                 | Scaled Avg:  -0.0014 | Raw Avg:   0.0702
  dof_acc                   | Scaled Avg:  -0.0010 | Raw Avg: 190641.1719
  dof_error                 | Scaled Avg:  -0.0070 | Raw Avg:   0.7037
  dof_vel                   | Scaled Avg:  -0.0199 | Raw Avg:  49.6788
  feet_air_time             | Scaled Avg:   0.0001 | Raw Avg:   0.0013
  feet_contact_forces       | Scaled Avg:  -0.0000 | Raw Avg:   4.4900
  foot_clearance            | Scaled Avg:  -0.0001 | Raw Avg:   0.0055
  foot_mirror               | Scaled Avg:  -0.0003 | Raw Avg:   0.2844
  foot_slide                | Scaled Avg:  -0.0011 | Raw Avg:   1.1168
  has_contact               | Scaled Avg:   0.0018 | Raw Avg:   0.0888
  hip_pos                   | Scaled Avg:  -0.0010 | Raw Avg:   0.1049
  lin_vel_z                 | Scaled Avg:  -0.0069 | Raw Avg:   0.0865
  orientation               | Scaled Avg:  -0.0004 | Raw Avg:   0.1089
  powers                    | Scaled Avg:  -0.0000 | Raw Avg: 100.6929
  stand_still               | Scaled Avg:  -0.0006 | Raw Avg:   0.0154
  torques                   | Scaled Avg:  -0.0002 | Raw Avg: 975.0369
  tracking_ang_vel          | Scaled Avg:   0.0077 | Raw Avg:   0.3871
  tracking_lin_vel          | Scaled Avg:   0.0158 | Raw Avg:   0.3953
  termination               | Scaled Avg:  -0.0008
  TOTAL REWARD              | Scaled Avg:  -0.0495
------------------------------

------------------------------
Step: 82500 - Reward Breakdown:
  action_rate               | Scaled Avg:  -0.0285 | Raw Avg:   0.9506
  action_smoothness         | Scaled Avg:  -0.0004 | Raw Avg:   0.1814
  ang_vel_xy                | Scaled Avg:  -0.0050 | Raw Avg:   2.5071
  base_height               | Scaled Avg:  -0.0001 | Raw Avg:   0.0062
  collision                 | Scaled Avg:  -0.0014 | Raw Avg:   0.0715
  dof_acc                   | Scaled Avg:  -0.0009 | Raw Avg: 181828.4062
  dof_error                 | Scaled Avg:  -0.0071 | Raw Avg:   0.7144
  dof_vel                   | Scaled Avg:  -0.0202 | Raw Avg:  50.4189
  feet_air_time             | Scaled Avg:   0.0001 | Raw Avg:   0.0017
  feet_contact_forces       | Scaled Avg:  -0.0000 | Raw Avg:   4.8479
  foot_clearance            | Scaled Avg:  -0.0001 | Raw Avg:   0.0057
  foot_mirror               | Scaled Avg:  -0.0003 | Raw Avg:   0.2887
  foot_slide                | Scaled Avg:  -0.0011 | Raw Avg:   1.1396
  has_contact               | Scaled Avg:   0.0018 | Raw Avg:   0.0904
  hip_pos                   | Scaled Avg:  -0.0011 | Raw Avg:   0.1093
  lin_vel_z                 | Scaled Avg:  -0.0069 | Raw Avg:   0.0863
  orientation               | Scaled Avg:  -0.0004 | Raw Avg:   0.1078
  powers                    | Scaled Avg:  -0.0000 | Raw Avg: 103.0450
  stand_still               | Scaled Avg:  -0.0006 | Raw Avg:   0.0151
  torques                   | Scaled Avg:  -0.0002 | Raw Avg: 999.3908
  tracking_ang_vel          | Scaled Avg:   0.0080 | Raw Avg:   0.3979
  tracking_lin_vel          | Scaled Avg:   0.0157 | Raw Avg:   0.3928
  termination               | Scaled Avg:  -0.0011
  TOTAL REWARD              | Scaled Avg:  -0.0500
------------------------------

------------------------------
Step: 83000 - Reward Breakdown:
  action_rate               | Scaled Avg:  -0.0283 | Raw Avg:   0.9447
  action_smoothness         | Scaled Avg:  -0.0004 | Raw Avg:   0.1826
  ang_vel_xy                | Scaled Avg:  -0.0049 | Raw Avg:   2.4647
  base_height               | Scaled Avg:  -0.0001 | Raw Avg:   0.0063
  collision                 | Scaled Avg:  -0.0012 | Raw Avg:   0.0612
  dof_acc                   | Scaled Avg:  -0.0008 | Raw Avg: 154984.7969
  dof_error                 | Scaled Avg:  -0.0072 | Raw Avg:   0.7166
  dof_vel                   | Scaled Avg:  -0.0199 | Raw Avg:  49.8522
  feet_air_time             | Scaled Avg:   0.0001 | Raw Avg:   0.0017
  feet_contact_forces       | Scaled Avg:  -0.0000 | Raw Avg:   4.1896
  foot_clearance            | Scaled Avg:  -0.0001 | Raw Avg:   0.0058
  foot_mirror               | Scaled Avg:  -0.0003 | Raw Avg:   0.2951
  foot_slide                | Scaled Avg:  -0.0011 | Raw Avg:   1.1346
  has_contact               | Scaled Avg:   0.0018 | Raw Avg:   0.0875
  hip_pos                   | Scaled Avg:  -0.0011 | Raw Avg:   0.1098
  lin_vel_z                 | Scaled Avg:  -0.0068 | Raw Avg:   0.0853
  orientation               | Scaled Avg:  -0.0004 | Raw Avg:   0.1054
  powers                    | Scaled Avg:  -0.0000 | Raw Avg: 101.8662
  stand_still               | Scaled Avg:  -0.0006 | Raw Avg:   0.0148
  torques                   | Scaled Avg:  -0.0002 | Raw Avg: 1019.0043
  tracking_ang_vel          | Scaled Avg:   0.0080 | Raw Avg:   0.4006
  tracking_lin_vel          | Scaled Avg:   0.0159 | Raw Avg:   0.3967
  termination               | Scaled Avg:  -0.0011
  TOTAL REWARD              | Scaled Avg:  -0.0490
------------------------------

------------------------------
Step: 83500 - Reward Breakdown:
  action_rate               | Scaled Avg:  -0.0279 | Raw Avg:   0.9290
  action_smoothness         | Scaled Avg:  -0.0004 | Raw Avg:   0.1795
  ang_vel_xy                | Scaled Avg:  -0.0049 | Raw Avg:   2.4289
  base_height               | Scaled Avg:  -0.0001 | Raw Avg:   0.0060
  collision                 | Scaled Avg:  -0.0013 | Raw Avg:   0.0674
  dof_acc                   | Scaled Avg:  -0.0009 | Raw Avg: 175182.3906
  dof_error                 | Scaled Avg:  -0.0070 | Raw Avg:   0.6951
  dof_vel                   | Scaled Avg:  -0.0200 | Raw Avg:  49.9217
  feet_air_time             | Scaled Avg:   0.0001 | Raw Avg:   0.0015
  feet_contact_forces       | Scaled Avg:  -0.0000 | Raw Avg:   4.4327
  foot_clearance            | Scaled Avg:  -0.0001 | Raw Avg:   0.0057
  foot_mirror               | Scaled Avg:  -0.0003 | Raw Avg:   0.2907
  foot_slide                | Scaled Avg:  -0.0012 | Raw Avg:   1.1552
  has_contact               | Scaled Avg:   0.0018 | Raw Avg:   0.0916
  hip_pos                   | Scaled Avg:  -0.0010 | Raw Avg:   0.1008
  lin_vel_z                 | Scaled Avg:  -0.0066 | Raw Avg:   0.0826
  orientation               | Scaled Avg:  -0.0004 | Raw Avg:   0.1034
  powers                    | Scaled Avg:  -0.0000 | Raw Avg: 101.1441
  stand_still               | Scaled Avg:  -0.0005 | Raw Avg:   0.0113
  torques                   | Scaled Avg:  -0.0002 | Raw Avg: 1008.8063
  tracking_ang_vel          | Scaled Avg:   0.0078 | Raw Avg:   0.3905
  tracking_lin_vel          | Scaled Avg:   0.0161 | Raw Avg:   0.4025
  termination               | Scaled Avg:  -0.0009
  TOTAL REWARD              | Scaled Avg:  -0.0477
------------------------------

------------------------------
Step: 84000 - Reward Breakdown:
  action_rate               | Scaled Avg:  -0.0283 | Raw Avg:   0.9438
  action_smoothness         | Scaled Avg:  -0.0004 | Raw Avg:   0.1832
  ang_vel_xy                | Scaled Avg:  -0.0048 | Raw Avg:   2.3907
  base_height               | Scaled Avg:  -0.0001 | Raw Avg:   0.0066
  collision                 | Scaled Avg:  -0.0013 | Raw Avg:   0.0663
  dof_acc                   | Scaled Avg:  -0.0009 | Raw Avg: 172653.6562
  dof_error                 | Scaled Avg:  -0.0073 | Raw Avg:   0.7252
  dof_vel                   | Scaled Avg:  -0.0196 | Raw Avg:  48.9426
  feet_air_time             | Scaled Avg:   0.0001 | Raw Avg:   0.0017
  feet_contact_forces       | Scaled Avg:  -0.0000 | Raw Avg:   4.2177
  foot_clearance            | Scaled Avg:  -0.0001 | Raw Avg:   0.0055
  foot_mirror               | Scaled Avg:  -0.0003 | Raw Avg:   0.3034
  foot_slide                | Scaled Avg:  -0.0011 | Raw Avg:   1.1160
  has_contact               | Scaled Avg:   0.0017 | Raw Avg:   0.0871
  hip_pos                   | Scaled Avg:  -0.0011 | Raw Avg:   0.1067
  lin_vel_z                 | Scaled Avg:  -0.0067 | Raw Avg:   0.0841
  orientation               | Scaled Avg:  -0.0004 | Raw Avg:   0.1028
  powers                    | Scaled Avg:  -0.0000 | Raw Avg: 102.1108
  stand_still               | Scaled Avg:  -0.0005 | Raw Avg:   0.0117
  torques                   | Scaled Avg:  -0.0002 | Raw Avg: 1009.7529
  tracking_ang_vel          | Scaled Avg:   0.0077 | Raw Avg:   0.3874
  tracking_lin_vel          | Scaled Avg:   0.0159 | Raw Avg:   0.3974
  termination               | Scaled Avg:  -0.0011
  TOTAL REWARD              | Scaled Avg:  -0.0487
------------------------------
################################################################################
                    [1m Learning iteration 8500/10000 [0m                     

                       Computation: 57996 steps/s (collection: 1.971s, learning 0.552s)
                     surrogate_loss -0.0068
                         value_loss 0.0698
                            entropy 2.3487
                     estimator_loss 0.0000
                         total_loss 0.0865
             Mean action noise std: 0.20
                       Mean reward: -2.63
               Mean episode length: 54.44
      Mean episode rew_action_rate: -0.0820
Mean episode rew_frame_action_rate: -0.0348
Mean episode rew_action_smoothness: -0.0010
Mean episode rew_frame_action_smoothness: -0.0004
       Mean episode rew_ang_vel_xy: -0.0143
 Mean episode rew_frame_ang_vel_xy: -0.0080
      Mean episode rew_base_height: -0.0004
Mean episode rew_frame_base_height: -0.0002
        Mean episode rew_collision: -0.0037
  Mean episode rew_frame_collision: -0.0020
          Mean episode rew_dof_acc: -0.0026
    Mean episode rew_frame_dof_acc: -0.0017
        Mean episode rew_dof_error: -0.0206
  Mean episode rew_frame_dof_error: -0.0102
          Mean episode rew_dof_vel: -0.0588
    Mean episode rew_frame_dof_vel: -0.0344
    Mean episode rew_feet_air_time: 0.0002
Mean episode rew_frame_feet_air_time: 0.0001
Mean episode rew_feet_contact_forces: -0.0000
Mean episode rew_frame_feet_contact_forces: -0.0000
   Mean episode rew_foot_clearance: -0.0002
Mean episode rew_frame_foot_clearance: -0.0001
      Mean episode rew_foot_mirror: -0.0009
Mean episode rew_frame_foot_mirror: -0.0004
       Mean episode rew_foot_slide: -0.0033
 Mean episode rew_frame_foot_slide: -0.0015
      Mean episode rew_has_contact: 0.0055
Mean episode rew_frame_has_contact: 0.0004
          Mean episode rew_hip_pos: -0.0031
    Mean episode rew_frame_hip_pos: -0.0014
        Mean episode rew_lin_vel_z: -0.0204
  Mean episode rew_frame_lin_vel_z: -0.0129
      Mean episode rew_orientation: -0.0012
Mean episode rew_frame_orientation: -0.0007
           Mean episode rew_powers: -0.0001
     Mean episode rew_frame_powers: -0.0001
      Mean episode rew_stand_still: -0.0005
Mean episode rew_frame_stand_still: -0.0001
          Mean episode rew_stumble: -0.0000
    Mean episode rew_frame_stumble: -0.0000
      Mean episode rew_termination: -0.0030
Mean episode rew_frame_termination: -0.0019
          Mean episode rew_torques: -0.0006
    Mean episode rew_frame_torques: -0.0002
 Mean episode rew_tracking_ang_vel: 0.0219
Mean episode rew_frame_tracking_ang_vel: 0.0073
 Mean episode rew_tracking_lin_vel: 0.0457
Mean episode rew_frame_tracking_lin_vel: 0.0087
Mean episode max_power_throughout_episode: 4184.5913
            Mean episode max_pos_x: 1.0047
            Mean episode min_pos_x: -0.1148
            Mean episode max_pos_y: 0.4947
            Mean episode min_pos_y: -0.5079
        Mean episode timeout_ratio: 0.0000
       Mean episode num_terminated: 104.9583
--------------------------------------------------------------------------------
                   Total timesteps: 5266944
                    Iteration time: 2.52s
                        Total time: 9537.66s
                               ETA: 4086.4s


------------------------------
Step: 84500 - Reward Breakdown:
  action_rate               | Scaled Avg:  -0.0288 | Raw Avg:   0.9587
  action_smoothness         | Scaled Avg:  -0.0004 | Raw Avg:   0.1816
  ang_vel_xy                | Scaled Avg:  -0.0047 | Raw Avg:   2.3331
  base_height               | Scaled Avg:  -0.0001 | Raw Avg:   0.0063
  collision                 | Scaled Avg:  -0.0013 | Raw Avg:   0.0664
  dof_acc                   | Scaled Avg:  -0.0009 | Raw Avg: 174212.4375
  dof_error                 | Scaled Avg:  -0.0071 | Raw Avg:   0.7105
  dof_vel                   | Scaled Avg:  -0.0202 | Raw Avg:  50.4182
  feet_air_time             | Scaled Avg:   0.0001 | Raw Avg:   0.0017
  feet_contact_forces       | Scaled Avg:  -0.0000 | Raw Avg:   4.4027
  foot_clearance            | Scaled Avg:  -0.0001 | Raw Avg:   0.0057
  foot_mirror               | Scaled Avg:  -0.0003 | Raw Avg:   0.2988
  foot_slide                | Scaled Avg:  -0.0011 | Raw Avg:   1.1305
  has_contact               | Scaled Avg:   0.0019 | Raw Avg:   0.0947
  hip_pos                   | Scaled Avg:  -0.0010 | Raw Avg:   0.1005
  lin_vel_z                 | Scaled Avg:  -0.0068 | Raw Avg:   0.0852
  orientation               | Scaled Avg:  -0.0004 | Raw Avg:   0.1012
  powers                    | Scaled Avg:  -0.0000 | Raw Avg: 101.7726
  stand_still               | Scaled Avg:  -0.0005 | Raw Avg:   0.0130
  torques                   | Scaled Avg:  -0.0002 | Raw Avg: 989.3657
  tracking_ang_vel          | Scaled Avg:   0.0078 | Raw Avg:   0.3903
  tracking_lin_vel          | Scaled Avg:   0.0163 | Raw Avg:   0.4068
  termination               | Scaled Avg:  -0.0010
  TOTAL REWARD              | Scaled Avg:  -0.0488
------------------------------

------------------------------
Step: 85000 - Reward Breakdown:
  action_rate               | Scaled Avg:  -0.0283 | Raw Avg:   0.9448
  action_smoothness         | Scaled Avg:  -0.0004 | Raw Avg:   0.1820
  ang_vel_xy                | Scaled Avg:  -0.0052 | Raw Avg:   2.5854
  base_height               | Scaled Avg:  -0.0001 | Raw Avg:   0.0065
  collision                 | Scaled Avg:  -0.0015 | Raw Avg:   0.0738
  dof_acc                   | Scaled Avg:  -0.0009 | Raw Avg: 186849.0938
  dof_error                 | Scaled Avg:  -0.0073 | Raw Avg:   0.7321
  dof_vel                   | Scaled Avg:  -0.0207 | Raw Avg:  51.6702
  feet_air_time             | Scaled Avg:   0.0001 | Raw Avg:   0.0021
  feet_contact_forces       | Scaled Avg:  -0.0000 | Raw Avg:   5.1139
  foot_clearance            | Scaled Avg:  -0.0001 | Raw Avg:   0.0057
  foot_mirror               | Scaled Avg:  -0.0003 | Raw Avg:   0.3053
  foot_slide                | Scaled Avg:  -0.0011 | Raw Avg:   1.1451
  has_contact               | Scaled Avg:   0.0017 | Raw Avg:   0.0872
  hip_pos                   | Scaled Avg:  -0.0011 | Raw Avg:   0.1063
  lin_vel_z                 | Scaled Avg:  -0.0070 | Raw Avg:   0.0880
  orientation               | Scaled Avg:  -0.0004 | Raw Avg:   0.1084
  powers                    | Scaled Avg:  -0.0000 | Raw Avg: 104.1614
  stand_still               | Scaled Avg:  -0.0005 | Raw Avg:   0.0131
  torques                   | Scaled Avg:  -0.0002 | Raw Avg: 1004.3159
  tracking_ang_vel          | Scaled Avg:   0.0076 | Raw Avg:   0.3799
  tracking_lin_vel          | Scaled Avg:   0.0160 | Raw Avg:   0.3992
  termination               | Scaled Avg:  -0.0010
  TOTAL REWARD              | Scaled Avg:  -0.0509
------------------------------

------------------------------
Step: 85500 - Reward Breakdown:
  action_rate               | Scaled Avg:  -0.0281 | Raw Avg:   0.9383
  action_smoothness         | Scaled Avg:  -0.0004 | Raw Avg:   0.1800
  ang_vel_xy                | Scaled Avg:  -0.0049 | Raw Avg:   2.4326
  base_height               | Scaled Avg:  -0.0001 | Raw Avg:   0.0062
  collision                 | Scaled Avg:  -0.0013 | Raw Avg:   0.0661
  dof_acc                   | Scaled Avg:  -0.0009 | Raw Avg: 179087.2812
  dof_error                 | Scaled Avg:  -0.0071 | Raw Avg:   0.7082
  dof_vel                   | Scaled Avg:  -0.0204 | Raw Avg:  51.0788
  feet_air_time             | Scaled Avg:   0.0001 | Raw Avg:   0.0017
  feet_contact_forces       | Scaled Avg:  -0.0000 | Raw Avg:   4.2839
  foot_clearance            | Scaled Avg:  -0.0001 | Raw Avg:   0.0056
  foot_mirror               | Scaled Avg:  -0.0003 | Raw Avg:   0.2987
  foot_slide                | Scaled Avg:  -0.0011 | Raw Avg:   1.1325
  has_contact               | Scaled Avg:   0.0019 | Raw Avg:   0.0946
  hip_pos                   | Scaled Avg:  -0.0010 | Raw Avg:   0.1016
  lin_vel_z                 | Scaled Avg:  -0.0070 | Raw Avg:   0.0877
  orientation               | Scaled Avg:  -0.0004 | Raw Avg:   0.1054
  powers                    | Scaled Avg:  -0.0000 | Raw Avg: 102.1384
  stand_still               | Scaled Avg:  -0.0005 | Raw Avg:   0.0128
  torques                   | Scaled Avg:  -0.0002 | Raw Avg: 987.1086
  tracking_ang_vel          | Scaled Avg:   0.0077 | Raw Avg:   0.3872
  tracking_lin_vel          | Scaled Avg:   0.0158 | Raw Avg:   0.3953
  termination               | Scaled Avg:  -0.0010
  TOTAL REWARD              | Scaled Avg:  -0.0495
------------------------------

------------------------------
Step: 86000 - Reward Breakdown:
  action_rate               | Scaled Avg:  -0.0280 | Raw Avg:   0.9328
  action_smoothness         | Scaled Avg:  -0.0004 | Raw Avg:   0.1819
  ang_vel_xy                | Scaled Avg:  -0.0045 | Raw Avg:   2.2467
  base_height               | Scaled Avg:  -0.0001 | Raw Avg:   0.0064
  collision                 | Scaled Avg:  -0.0013 | Raw Avg:   0.0661
  dof_acc                   | Scaled Avg:  -0.0008 | Raw Avg: 157184.8125
  dof_error                 | Scaled Avg:  -0.0069 | Raw Avg:   0.6854
  dof_vel                   | Scaled Avg:  -0.0191 | Raw Avg:  47.7061
  feet_air_time             | Scaled Avg:   0.0001 | Raw Avg:   0.0018
  feet_contact_forces       | Scaled Avg:  -0.0000 | Raw Avg:   4.1520
  foot_clearance            | Scaled Avg:  -0.0001 | Raw Avg:   0.0052
  foot_mirror               | Scaled Avg:  -0.0003 | Raw Avg:   0.2936
  foot_slide                | Scaled Avg:  -0.0011 | Raw Avg:   1.1140
  has_contact               | Scaled Avg:   0.0018 | Raw Avg:   0.0899
  hip_pos                   | Scaled Avg:  -0.0010 | Raw Avg:   0.1047
  lin_vel_z                 | Scaled Avg:  -0.0063 | Raw Avg:   0.0793
  orientation               | Scaled Avg:  -0.0004 | Raw Avg:   0.1008
  powers                    | Scaled Avg:  -0.0000 | Raw Avg:  98.5408
  stand_still               | Scaled Avg:  -0.0005 | Raw Avg:   0.0132
  torques                   | Scaled Avg:  -0.0002 | Raw Avg: 994.0502
  tracking_ang_vel          | Scaled Avg:   0.0076 | Raw Avg:   0.3819
  tracking_lin_vel          | Scaled Avg:   0.0160 | Raw Avg:   0.4007
  termination               | Scaled Avg:  -0.0010
  TOTAL REWARD              | Scaled Avg:  -0.0465
------------------------------
################################################################################
                    [1m Learning iteration 8600/10000 [0m                     

                       Computation: 59329 steps/s (collection: 1.903s, learning 0.563s)
                     surrogate_loss -0.0055
                         value_loss 0.0705
                            entropy 2.3727
                     estimator_loss 0.0000
                         total_loss 0.0888
             Mean action noise std: 0.20
                       Mean reward: -2.77
               Mean episode length: 60.66
      Mean episode rew_action_rate: -0.0865
Mean episode rew_frame_action_rate: -0.0343
Mean episode rew_action_smoothness: -0.0011
Mean episode rew_frame_action_smoothness: -0.0004
       Mean episode rew_ang_vel_xy: -0.0142
 Mean episode rew_frame_ang_vel_xy: -0.0077
      Mean episode rew_base_height: -0.0004
Mean episode rew_frame_base_height: -0.0002
        Mean episode rew_collision: -0.0039
  Mean episode rew_frame_collision: -0.0020
          Mean episode rew_dof_acc: -0.0026
    Mean episode rew_frame_dof_acc: -0.0016
        Mean episode rew_dof_error: -0.0206
  Mean episode rew_frame_dof_error: -0.0098
          Mean episode rew_dof_vel: -0.0583
    Mean episode rew_frame_dof_vel: -0.0325
    Mean episode rew_feet_air_time: 0.0002
Mean episode rew_frame_feet_air_time: 0.0001
Mean episode rew_feet_contact_forces: -0.0000
Mean episode rew_frame_feet_contact_forces: -0.0000
   Mean episode rew_foot_clearance: -0.0002
Mean episode rew_frame_foot_clearance: -0.0001
      Mean episode rew_foot_mirror: -0.0008
Mean episode rew_frame_foot_mirror: -0.0004
       Mean episode rew_foot_slide: -0.0035
 Mean episode rew_frame_foot_slide: -0.0015
      Mean episode rew_has_contact: 0.0049
Mean episode rew_frame_has_contact: 0.0003
          Mean episode rew_hip_pos: -0.0027
    Mean episode rew_frame_hip_pos: -0.0014
        Mean episode rew_lin_vel_z: -0.0193
  Mean episode rew_frame_lin_vel_z: -0.0116
      Mean episode rew_orientation: -0.0013
Mean episode rew_frame_orientation: -0.0007
           Mean episode rew_powers: -0.0001
     Mean episode rew_frame_powers: -0.0001
      Mean episode rew_stand_still: -0.0015
Mean episode rew_frame_stand_still: -0.0001
          Mean episode rew_stumble: -0.0000
    Mean episode rew_frame_stumble: -0.0000
      Mean episode rew_termination: -0.0030
Mean episode rew_frame_termination: -0.0018
          Mean episode rew_torques: -0.0006
    Mean episode rew_frame_torques: -0.0002
 Mean episode rew_tracking_ang_vel: 0.0237
Mean episode rew_frame_tracking_ang_vel: 0.0073
 Mean episode rew_tracking_lin_vel: 0.0485
Mean episode rew_frame_tracking_lin_vel: 0.0088
Mean episode max_power_throughout_episode: 4128.2319
            Mean episode max_pos_x: 1.0390
            Mean episode min_pos_x: -0.1174
            Mean episode max_pos_y: 0.5082
            Mean episode min_pos_y: -0.5064
        Mean episode timeout_ratio: 0.0000
       Mean episode num_terminated: 97.6667
--------------------------------------------------------------------------------
                   Total timesteps: 5413248
                    Iteration time: 2.47s
                        Total time: 9802.86s
                               ETA: 3811.2s


------------------------------
Step: 86500 - Reward Breakdown:
  action_rate               | Scaled Avg:  -0.0286 | Raw Avg:   0.9521
  action_smoothness         | Scaled Avg:  -0.0004 | Raw Avg:   0.1811
  ang_vel_xy                | Scaled Avg:  -0.0046 | Raw Avg:   2.3149
  base_height               | Scaled Avg:  -0.0001 | Raw Avg:   0.0063
  collision                 | Scaled Avg:  -0.0014 | Raw Avg:   0.0714
  dof_acc                   | Scaled Avg:  -0.0009 | Raw Avg: 176836.0469
  dof_error                 | Scaled Avg:  -0.0070 | Raw Avg:   0.6990
  dof_vel                   | Scaled Avg:  -0.0195 | Raw Avg:  48.7571
  feet_air_time             | Scaled Avg:   0.0001 | Raw Avg:   0.0018
  feet_contact_forces       | Scaled Avg:  -0.0000 | Raw Avg:   4.6925
  foot_clearance            | Scaled Avg:  -0.0001 | Raw Avg:   0.0054
  foot_mirror               | Scaled Avg:  -0.0003 | Raw Avg:   0.2913
  foot_slide                | Scaled Avg:  -0.0011 | Raw Avg:   1.1193
  has_contact               | Scaled Avg:   0.0018 | Raw Avg:   0.0878
  hip_pos                   | Scaled Avg:  -0.0010 | Raw Avg:   0.1004
  lin_vel_z                 | Scaled Avg:  -0.0062 | Raw Avg:   0.0780
  orientation               | Scaled Avg:  -0.0004 | Raw Avg:   0.1025
  powers                    | Scaled Avg:  -0.0000 | Raw Avg: 100.0475
  stand_still               | Scaled Avg:  -0.0006 | Raw Avg:   0.0143
  torques                   | Scaled Avg:  -0.0002 | Raw Avg: 975.3981
  tracking_ang_vel          | Scaled Avg:   0.0077 | Raw Avg:   0.3862
  tracking_lin_vel          | Scaled Avg:   0.0161 | Raw Avg:   0.4020
  termination               | Scaled Avg:  -0.0010
  TOTAL REWARD              | Scaled Avg:  -0.0477
------------------------------

------------------------------
Step: 87000 - Reward Breakdown:
  action_rate               | Scaled Avg:  -0.0287 | Raw Avg:   0.9557
  action_smoothness         | Scaled Avg:  -0.0004 | Raw Avg:   0.1834
  ang_vel_xy                | Scaled Avg:  -0.0050 | Raw Avg:   2.4831
  base_height               | Scaled Avg:  -0.0001 | Raw Avg:   0.0062
  collision                 | Scaled Avg:  -0.0015 | Raw Avg:   0.0725
  dof_acc                   | Scaled Avg:  -0.0009 | Raw Avg: 177332.8750
  dof_error                 | Scaled Avg:  -0.0071 | Raw Avg:   0.7088
  dof_vel                   | Scaled Avg:  -0.0204 | Raw Avg:  51.0058
  feet_air_time             | Scaled Avg:   0.0001 | Raw Avg:   0.0014
  feet_contact_forces       | Scaled Avg:  -0.0000 | Raw Avg:   5.4617
  foot_clearance            | Scaled Avg:  -0.0001 | Raw Avg:   0.0057
  foot_mirror               | Scaled Avg:  -0.0003 | Raw Avg:   0.2939
  foot_slide                | Scaled Avg:  -0.0011 | Raw Avg:   1.1305
  has_contact               | Scaled Avg:   0.0017 | Raw Avg:   0.0869
  hip_pos                   | Scaled Avg:  -0.0010 | Raw Avg:   0.1017
  lin_vel_z                 | Scaled Avg:  -0.0068 | Raw Avg:   0.0850
  orientation               | Scaled Avg:  -0.0004 | Raw Avg:   0.1081
  powers                    | Scaled Avg:  -0.0000 | Raw Avg: 103.4947
  stand_still               | Scaled Avg:  -0.0004 | Raw Avg:   0.0089
  torques                   | Scaled Avg:  -0.0002 | Raw Avg: 973.7214
  tracking_ang_vel          | Scaled Avg:   0.0079 | Raw Avg:   0.3949
  tracking_lin_vel          | Scaled Avg:   0.0156 | Raw Avg:   0.3908
  termination               | Scaled Avg:  -0.0011
  TOTAL REWARD              | Scaled Avg:  -0.0500
------------------------------

------------------------------
Step: 87500 - Reward Breakdown:
  action_rate               | Scaled Avg:  -0.0280 | Raw Avg:   0.9321
  action_smoothness         | Scaled Avg:  -0.0004 | Raw Avg:   0.1826
  ang_vel_xy                | Scaled Avg:  -0.0047 | Raw Avg:   2.3684
  base_height               | Scaled Avg:  -0.0001 | Raw Avg:   0.0061
  collision                 | Scaled Avg:  -0.0012 | Raw Avg:   0.0587
  dof_acc                   | Scaled Avg:  -0.0008 | Raw Avg: 165227.5000
  dof_error                 | Scaled Avg:  -0.0072 | Raw Avg:   0.7249
  dof_vel                   | Scaled Avg:  -0.0203 | Raw Avg:  50.6845
  feet_air_time             | Scaled Avg:   0.0001 | Raw Avg:   0.0017
  feet_contact_forces       | Scaled Avg:  -0.0000 | Raw Avg:   4.4061
  foot_clearance            | Scaled Avg:  -0.0001 | Raw Avg:   0.0058
  foot_mirror               | Scaled Avg:  -0.0003 | Raw Avg:   0.3018
  foot_slide                | Scaled Avg:  -0.0011 | Raw Avg:   1.1427
  has_contact               | Scaled Avg:   0.0018 | Raw Avg:   0.0894
  hip_pos                   | Scaled Avg:  -0.0012 | Raw Avg:   0.1151
  lin_vel_z                 | Scaled Avg:  -0.0070 | Raw Avg:   0.0874
  orientation               | Scaled Avg:  -0.0004 | Raw Avg:   0.1056
  powers                    | Scaled Avg:  -0.0000 | Raw Avg: 104.6946
  stand_still               | Scaled Avg:  -0.0007 | Raw Avg:   0.0178
  torques                   | Scaled Avg:  -0.0002 | Raw Avg: 1010.5243
  tracking_ang_vel          | Scaled Avg:   0.0080 | Raw Avg:   0.3981
  tracking_lin_vel          | Scaled Avg:   0.0160 | Raw Avg:   0.3990
  termination               | Scaled Avg:  -0.0010
  TOTAL REWARD              | Scaled Avg:  -0.0490
------------------------------

------------------------------
Step: 88000 - Reward Breakdown:
  action_rate               | Scaled Avg:  -0.0292 | Raw Avg:   0.9744
  action_smoothness         | Scaled Avg:  -0.0004 | Raw Avg:   0.1853
  ang_vel_xy                | Scaled Avg:  -0.0047 | Raw Avg:   2.3421
  base_height               | Scaled Avg:  -0.0001 | Raw Avg:   0.0059
  collision                 | Scaled Avg:  -0.0013 | Raw Avg:   0.0664
  dof_acc                   | Scaled Avg:  -0.0010 | Raw Avg: 192405.1406
  dof_error                 | Scaled Avg:  -0.0069 | Raw Avg:   0.6926
  dof_vel                   | Scaled Avg:  -0.0201 | Raw Avg:  50.2635
  feet_air_time             | Scaled Avg:   0.0001 | Raw Avg:   0.0016
  feet_contact_forces       | Scaled Avg:  -0.0000 | Raw Avg:   4.8018
  foot_clearance            | Scaled Avg:  -0.0001 | Raw Avg:   0.0056
  foot_mirror               | Scaled Avg:  -0.0003 | Raw Avg:   0.2733
  foot_slide                | Scaled Avg:  -0.0011 | Raw Avg:   1.1304
  has_contact               | Scaled Avg:   0.0019 | Raw Avg:   0.0936
  hip_pos                   | Scaled Avg:  -0.0010 | Raw Avg:   0.1030
  lin_vel_z                 | Scaled Avg:  -0.0068 | Raw Avg:   0.0851
  orientation               | Scaled Avg:  -0.0004 | Raw Avg:   0.1060
  powers                    | Scaled Avg:  -0.0000 | Raw Avg: 102.3755
  stand_still               | Scaled Avg:  -0.0006 | Raw Avg:   0.0160
  torques                   | Scaled Avg:  -0.0002 | Raw Avg: 1002.0787
  tracking_ang_vel          | Scaled Avg:   0.0078 | Raw Avg:   0.3903
  tracking_lin_vel          | Scaled Avg:   0.0159 | Raw Avg:   0.3977
  termination               | Scaled Avg:  -0.0009
  TOTAL REWARD              | Scaled Avg:  -0.0496
------------------------------

------------------------------
Step: 88500 - Reward Breakdown:
  action_rate               | Scaled Avg:  -0.0279 | Raw Avg:   0.9289
  action_smoothness         | Scaled Avg:  -0.0004 | Raw Avg:   0.1812
  ang_vel_xy                | Scaled Avg:  -0.0048 | Raw Avg:   2.3997
  base_height               | Scaled Avg:  -0.0001 | Raw Avg:   0.0061
  collision                 | Scaled Avg:  -0.0014 | Raw Avg:   0.0684
  dof_acc                   | Scaled Avg:  -0.0008 | Raw Avg: 168048.2031
  dof_error                 | Scaled Avg:  -0.0071 | Raw Avg:   0.7058
  dof_vel                   | Scaled Avg:  -0.0200 | Raw Avg:  49.9882
  feet_air_time             | Scaled Avg:   0.0001 | Raw Avg:   0.0016
  feet_contact_forces       | Scaled Avg:  -0.0000 | Raw Avg:   5.0550
  foot_clearance            | Scaled Avg:  -0.0001 | Raw Avg:   0.0056
  foot_mirror               | Scaled Avg:  -0.0003 | Raw Avg:   0.2815
  foot_slide                | Scaled Avg:  -0.0011 | Raw Avg:   1.1288
  has_contact               | Scaled Avg:   0.0017 | Raw Avg:   0.0853
  hip_pos                   | Scaled Avg:  -0.0011 | Raw Avg:   0.1096
  lin_vel_z                 | Scaled Avg:  -0.0068 | Raw Avg:   0.0855
  orientation               | Scaled Avg:  -0.0004 | Raw Avg:   0.1044
  powers                    | Scaled Avg:  -0.0000 | Raw Avg: 101.8604
  stand_still               | Scaled Avg:  -0.0007 | Raw Avg:   0.0163
  torques                   | Scaled Avg:  -0.0002 | Raw Avg: 991.4327
  tracking_ang_vel          | Scaled Avg:   0.0077 | Raw Avg:   0.3827
  tracking_lin_vel          | Scaled Avg:   0.0160 | Raw Avg:   0.4010
  termination               | Scaled Avg:  -0.0011
  TOTAL REWARD              | Scaled Avg:  -0.0488
------------------------------
################################################################################
                    [1m Learning iteration 8700/10000 [0m                     

                       Computation: 58910 steps/s (collection: 1.939s, learning 0.544s)
                     surrogate_loss -0.0041
                         value_loss 0.0639
                            entropy 2.3361
                     estimator_loss 0.0000
                         total_loss 0.0832
             Mean action noise std: 0.20
                       Mean reward: -3.27
               Mean episode length: 72.40
      Mean episode rew_action_rate: -0.0835
Mean episode rew_frame_action_rate: -0.0346
Mean episode rew_action_smoothness: -0.0011
Mean episode rew_frame_action_smoothness: -0.0004
       Mean episode rew_ang_vel_xy: -0.0144
 Mean episode rew_frame_ang_vel_xy: -0.0079
      Mean episode rew_base_height: -0.0004
Mean episode rew_frame_base_height: -0.0002
        Mean episode rew_collision: -0.0039
  Mean episode rew_frame_collision: -0.0020
          Mean episode rew_dof_acc: -0.0025
    Mean episode rew_frame_dof_acc: -0.0016
        Mean episode rew_dof_error: -0.0203
  Mean episode rew_frame_dof_error: -0.0098
          Mean episode rew_dof_vel: -0.0585
    Mean episode rew_frame_dof_vel: -0.0333
    Mean episode rew_feet_air_time: 0.0002
Mean episode rew_frame_feet_air_time: 0.0001
Mean episode rew_feet_contact_forces: -0.0000
Mean episode rew_frame_feet_contact_forces: -0.0000
   Mean episode rew_foot_clearance: -0.0002
Mean episode rew_frame_foot_clearance: -0.0001
      Mean episode rew_foot_mirror: -0.0008
Mean episode rew_frame_foot_mirror: -0.0004
       Mean episode rew_foot_slide: -0.0033
 Mean episode rew_frame_foot_slide: -0.0014
      Mean episode rew_has_contact: 0.0049
Mean episode rew_frame_has_contact: 0.0004
          Mean episode rew_hip_pos: -0.0034
    Mean episode rew_frame_hip_pos: -0.0015
        Mean episode rew_lin_vel_z: -0.0207
  Mean episode rew_frame_lin_vel_z: -0.0127
      Mean episode rew_orientation: -0.0012
Mean episode rew_frame_orientation: -0.0007
           Mean episode rew_powers: -0.0001
     Mean episode rew_frame_powers: -0.0001
      Mean episode rew_stand_still: -0.0039
Mean episode rew_frame_stand_still: -0.0003
          Mean episode rew_stumble: -0.0000
    Mean episode rew_frame_stumble: -0.0000
      Mean episode rew_termination: -0.0030
Mean episode rew_frame_termination: -0.0019
          Mean episode rew_torques: -0.0006
    Mean episode rew_frame_torques: -0.0002
 Mean episode rew_tracking_ang_vel: 0.0226
Mean episode rew_frame_tracking_ang_vel: 0.0073
 Mean episode rew_tracking_lin_vel: 0.0455
Mean episode rew_frame_tracking_lin_vel: 0.0087
Mean episode max_power_throughout_episode: 4178.2300
            Mean episode max_pos_x: 1.0240
            Mean episode min_pos_x: -0.1212
            Mean episode max_pos_y: 0.5157
            Mean episode min_pos_y: -0.5481
        Mean episode timeout_ratio: 0.0000
       Mean episode num_terminated: 99.9167
--------------------------------------------------------------------------------
                   Total timesteps: 5559552
                    Iteration time: 2.48s
                        Total time: 10069.29s
                               ETA: 3536.9s


------------------------------
Step: 89000 - Reward Breakdown:
  action_rate               | Scaled Avg:  -0.0285 | Raw Avg:   0.9514
  action_smoothness         | Scaled Avg:  -0.0004 | Raw Avg:   0.1816
  ang_vel_xy                | Scaled Avg:  -0.0046 | Raw Avg:   2.2857
  base_height               | Scaled Avg:  -0.0001 | Raw Avg:   0.0060
  collision                 | Scaled Avg:  -0.0015 | Raw Avg:   0.0741
  dof_acc                   | Scaled Avg:  -0.0009 | Raw Avg: 174381.1250
  dof_error                 | Scaled Avg:  -0.0070 | Raw Avg:   0.6951
  dof_vel                   | Scaled Avg:  -0.0194 | Raw Avg:  48.3788
  feet_air_time             | Scaled Avg:   0.0001 | Raw Avg:   0.0019
  feet_contact_forces       | Scaled Avg:  -0.0000 | Raw Avg:   4.8920
  foot_clearance            | Scaled Avg:  -0.0001 | Raw Avg:   0.0054
  foot_mirror               | Scaled Avg:  -0.0003 | Raw Avg:   0.2891
  foot_slide                | Scaled Avg:  -0.0011 | Raw Avg:   1.1328
  has_contact               | Scaled Avg:   0.0017 | Raw Avg:   0.0837
  hip_pos                   | Scaled Avg:  -0.0011 | Raw Avg:   0.1103
  lin_vel_z                 | Scaled Avg:  -0.0065 | Raw Avg:   0.0815
  orientation               | Scaled Avg:  -0.0004 | Raw Avg:   0.1029
  powers                    | Scaled Avg:  -0.0000 | Raw Avg: 100.7849
  stand_still               | Scaled Avg:  -0.0004 | Raw Avg:   0.0109
  torques                   | Scaled Avg:  -0.0002 | Raw Avg: 1005.5536
  tracking_ang_vel          | Scaled Avg:   0.0077 | Raw Avg:   0.3859
  tracking_lin_vel          | Scaled Avg:   0.0159 | Raw Avg:   0.3970
  termination               | Scaled Avg:  -0.0010
  TOTAL REWARD              | Scaled Avg:  -0.0481
------------------------------

------------------------------
Step: 89500 - Reward Breakdown:
  action_rate               | Scaled Avg:  -0.0282 | Raw Avg:   0.9396
  action_smoothness         | Scaled Avg:  -0.0004 | Raw Avg:   0.1816
  ang_vel_xy                | Scaled Avg:  -0.0048 | Raw Avg:   2.3967
  base_height               | Scaled Avg:  -0.0001 | Raw Avg:   0.0060
  collision                 | Scaled Avg:  -0.0012 | Raw Avg:   0.0610
  dof_acc                   | Scaled Avg:  -0.0008 | Raw Avg: 165056.8750
  dof_error                 | Scaled Avg:  -0.0070 | Raw Avg:   0.7008
  dof_vel                   | Scaled Avg:  -0.0192 | Raw Avg:  48.0553
  feet_air_time             | Scaled Avg:   0.0001 | Raw Avg:   0.0015
  feet_contact_forces       | Scaled Avg:  -0.0000 | Raw Avg:   4.1035
  foot_clearance            | Scaled Avg:  -0.0001 | Raw Avg:   0.0052
  foot_mirror               | Scaled Avg:  -0.0003 | Raw Avg:   0.2773
  foot_slide                | Scaled Avg:  -0.0011 | Raw Avg:   1.0964
  has_contact               | Scaled Avg:   0.0017 | Raw Avg:   0.0858
  hip_pos                   | Scaled Avg:  -0.0011 | Raw Avg:   0.1053
  lin_vel_z                 | Scaled Avg:  -0.0064 | Raw Avg:   0.0797
  orientation               | Scaled Avg:  -0.0004 | Raw Avg:   0.1027
  powers                    | Scaled Avg:  -0.0000 | Raw Avg:  97.9329
  stand_still               | Scaled Avg:  -0.0006 | Raw Avg:   0.0138
  torques                   | Scaled Avg:  -0.0002 | Raw Avg: 978.5017
  tracking_ang_vel          | Scaled Avg:   0.0078 | Raw Avg:   0.3909
  tracking_lin_vel          | Scaled Avg:   0.0163 | Raw Avg:   0.4067
  termination               | Scaled Avg:  -0.0010
  TOTAL REWARD              | Scaled Avg:  -0.0469
------------------------------

------------------------------
Step: 90000 - Reward Breakdown:
  action_rate               | Scaled Avg:  -0.0287 | Raw Avg:   0.9551
  action_smoothness         | Scaled Avg:  -0.0004 | Raw Avg:   0.1827
  ang_vel_xy                | Scaled Avg:  -0.0047 | Raw Avg:   2.3489
  base_height               | Scaled Avg:  -0.0001 | Raw Avg:   0.0060
  collision                 | Scaled Avg:  -0.0012 | Raw Avg:   0.0615
  dof_acc                   | Scaled Avg:  -0.0008 | Raw Avg: 163733.2500
  dof_error                 | Scaled Avg:  -0.0068 | Raw Avg:   0.6845
  dof_vel                   | Scaled Avg:  -0.0195 | Raw Avg:  48.8461
  feet_air_time             | Scaled Avg:   0.0001 | Raw Avg:   0.0016
  feet_contact_forces       | Scaled Avg:  -0.0000 | Raw Avg:   4.8261
  foot_clearance            | Scaled Avg:  -0.0001 | Raw Avg:   0.0053
  foot_mirror               | Scaled Avg:  -0.0003 | Raw Avg:   0.2732
  foot_slide                | Scaled Avg:  -0.0011 | Raw Avg:   1.1257
  has_contact               | Scaled Avg:   0.0017 | Raw Avg:   0.0833
  hip_pos                   | Scaled Avg:  -0.0010 | Raw Avg:   0.1000
  lin_vel_z                 | Scaled Avg:  -0.0066 | Raw Avg:   0.0821
  orientation               | Scaled Avg:  -0.0004 | Raw Avg:   0.1035
  powers                    | Scaled Avg:  -0.0000 | Raw Avg:  98.3056
  stand_still               | Scaled Avg:  -0.0005 | Raw Avg:   0.0135
  torques                   | Scaled Avg:  -0.0002 | Raw Avg: 963.6759
  tracking_ang_vel          | Scaled Avg:   0.0076 | Raw Avg:   0.3812
  tracking_lin_vel          | Scaled Avg:   0.0158 | Raw Avg:   0.3957
  termination               | Scaled Avg:  -0.0011
  TOTAL REWARD              | Scaled Avg:  -0.0484
------------------------------

------------------------------
Step: 90500 - Reward Breakdown:
  action_rate               | Scaled Avg:  -0.0282 | Raw Avg:   0.9400
  action_smoothness         | Scaled Avg:  -0.0004 | Raw Avg:   0.1823
  ang_vel_xy                | Scaled Avg:  -0.0045 | Raw Avg:   2.2257
  base_height               | Scaled Avg:  -0.0001 | Raw Avg:   0.0060
  collision                 | Scaled Avg:  -0.0013 | Raw Avg:   0.0630
  dof_acc                   | Scaled Avg:  -0.0008 | Raw Avg: 152672.2969
  dof_error                 | Scaled Avg:  -0.0068 | Raw Avg:   0.6794
  dof_vel                   | Scaled Avg:  -0.0190 | Raw Avg:  47.3893
  feet_air_time             | Scaled Avg:   0.0001 | Raw Avg:   0.0017
  feet_contact_forces       | Scaled Avg:  -0.0000 | Raw Avg:   4.2908
  foot_clearance            | Scaled Avg:  -0.0001 | Raw Avg:   0.0052
  foot_mirror               | Scaled Avg:  -0.0003 | Raw Avg:   0.2744
  foot_slide                | Scaled Avg:  -0.0011 | Raw Avg:   1.0611
  has_contact               | Scaled Avg:   0.0017 | Raw Avg:   0.0862
  hip_pos                   | Scaled Avg:  -0.0010 | Raw Avg:   0.1012
  lin_vel_z                 | Scaled Avg:  -0.0062 | Raw Avg:   0.0775
  orientation               | Scaled Avg:  -0.0004 | Raw Avg:   0.1032
  powers                    | Scaled Avg:  -0.0000 | Raw Avg:  96.5716
  stand_still               | Scaled Avg:  -0.0005 | Raw Avg:   0.0116
  torques                   | Scaled Avg:  -0.0002 | Raw Avg: 986.4493
  tracking_ang_vel          | Scaled Avg:   0.0076 | Raw Avg:   0.3791
  tracking_lin_vel          | Scaled Avg:   0.0159 | Raw Avg:   0.3986
  termination               | Scaled Avg:  -0.0009
  TOTAL REWARD              | Scaled Avg:  -0.0462
------------------------------

------------------------------
Step: 91000 - Reward Breakdown:
  action_rate               | Scaled Avg:  -0.0285 | Raw Avg:   0.9503
  action_smoothness         | Scaled Avg:  -0.0004 | Raw Avg:   0.1830
  ang_vel_xy                | Scaled Avg:  -0.0045 | Raw Avg:   2.2561
  base_height               | Scaled Avg:  -0.0001 | Raw Avg:   0.0059
  collision                 | Scaled Avg:  -0.0013 | Raw Avg:   0.0661
  dof_acc                   | Scaled Avg:  -0.0008 | Raw Avg: 163381.0000
  dof_error                 | Scaled Avg:  -0.0065 | Raw Avg:   0.6526
  dof_vel                   | Scaled Avg:  -0.0188 | Raw Avg:  47.0193
  feet_air_time             | Scaled Avg:   0.0001 | Raw Avg:   0.0017
  feet_contact_forces       | Scaled Avg:  -0.0000 | Raw Avg:   4.5583
  foot_clearance            | Scaled Avg:  -0.0000 | Raw Avg:   0.0050
  foot_mirror               | Scaled Avg:  -0.0003 | Raw Avg:   0.2621
  foot_slide                | Scaled Avg:  -0.0011 | Raw Avg:   1.1077
  has_contact               | Scaled Avg:   0.0017 | Raw Avg:   0.0837
  hip_pos                   | Scaled Avg:  -0.0010 | Raw Avg:   0.1019
  lin_vel_z                 | Scaled Avg:  -0.0064 | Raw Avg:   0.0794
  orientation               | Scaled Avg:  -0.0004 | Raw Avg:   0.0975
  powers                    | Scaled Avg:  -0.0000 | Raw Avg:  98.5900
  stand_still               | Scaled Avg:  -0.0005 | Raw Avg:   0.0132
  torques                   | Scaled Avg:  -0.0002 | Raw Avg: 1002.2303
  tracking_ang_vel          | Scaled Avg:   0.0077 | Raw Avg:   0.3853
  tracking_lin_vel          | Scaled Avg:   0.0156 | Raw Avg:   0.3897
  termination               | Scaled Avg:  -0.0008
  TOTAL REWARD              | Scaled Avg:  -0.0467
------------------------------
################################################################################
                    [1m Learning iteration 8800/10000 [0m                     

                       Computation: 59634 steps/s (collection: 1.909s, learning 0.544s)
                     surrogate_loss -0.0002
                         value_loss 0.1112
                            entropy 2.3033
                     estimator_loss 0.0000
                         total_loss 0.1341
             Mean action noise std: 0.20
                       Mean reward: -2.76
               Mean episode length: 52.03
      Mean episode rew_action_rate: -0.0881
Mean episode rew_frame_action_rate: -0.0347
Mean episode rew_action_smoothness: -0.0011
Mean episode rew_frame_action_smoothness: -0.0004
       Mean episode rew_ang_vel_xy: -0.0147
 Mean episode rew_frame_ang_vel_xy: -0.0078
      Mean episode rew_base_height: -0.0004
Mean episode rew_frame_base_height: -0.0002
        Mean episode rew_collision: -0.0038
  Mean episode rew_frame_collision: -0.0020
          Mean episode rew_dof_acc: -0.0026
    Mean episode rew_frame_dof_acc: -0.0016
        Mean episode rew_dof_error: -0.0213
  Mean episode rew_frame_dof_error: -0.0097
          Mean episode rew_dof_vel: -0.0593
    Mean episode rew_frame_dof_vel: -0.0327
    Mean episode rew_feet_air_time: 0.0002
Mean episode rew_frame_feet_air_time: 0.0001
Mean episode rew_feet_contact_forces: -0.0000
Mean episode rew_frame_feet_contact_forces: -0.0000
   Mean episode rew_foot_clearance: -0.0002
Mean episode rew_frame_foot_clearance: -0.0001
      Mean episode rew_foot_mirror: -0.0009
Mean episode rew_frame_foot_mirror: -0.0004
       Mean episode rew_foot_slide: -0.0034
 Mean episode rew_frame_foot_slide: -0.0014
      Mean episode rew_has_contact: 0.0070
Mean episode rew_frame_has_contact: 0.0005
          Mean episode rew_hip_pos: -0.0034
    Mean episode rew_frame_hip_pos: -0.0015
        Mean episode rew_lin_vel_z: -0.0200
  Mean episode rew_frame_lin_vel_z: -0.0121
      Mean episode rew_orientation: -0.0013
Mean episode rew_frame_orientation: -0.0007
           Mean episode rew_powers: -0.0001
     Mean episode rew_frame_powers: -0.0001
      Mean episode rew_stand_still: -0.0020
Mean episode rew_frame_stand_still: -0.0001
          Mean episode rew_stumble: -0.0000
    Mean episode rew_frame_stumble: -0.0000
      Mean episode rew_termination: -0.0030
Mean episode rew_frame_termination: -0.0018
          Mean episode rew_torques: -0.0006
    Mean episode rew_frame_torques: -0.0002
 Mean episode rew_tracking_ang_vel: 0.0238
Mean episode rew_frame_tracking_ang_vel: 0.0074
 Mean episode rew_tracking_lin_vel: 0.0501
Mean episode rew_frame_tracking_lin_vel: 0.0088
Mean episode max_power_throughout_episode: 4087.5178
            Mean episode max_pos_x: 0.9936
            Mean episode min_pos_x: -0.1396
            Mean episode max_pos_y: 0.5258
            Mean episode min_pos_y: -0.5079
        Mean episode timeout_ratio: 0.0004
       Mean episode num_terminated: 97.5833
--------------------------------------------------------------------------------
                   Total timesteps: 5705856
                    Iteration time: 2.45s
                        Total time: 10330.48s
                               ETA: 3261.4s


------------------------------
Step: 91500 - Reward Breakdown:
  action_rate               | Scaled Avg:  -0.0279 | Raw Avg:   0.9286
  action_smoothness         | Scaled Avg:  -0.0004 | Raw Avg:   0.1805
  ang_vel_xy                | Scaled Avg:  -0.0045 | Raw Avg:   2.2475
  base_height               | Scaled Avg:  -0.0001 | Raw Avg:   0.0065
  collision                 | Scaled Avg:  -0.0012 | Raw Avg:   0.0600
  dof_acc                   | Scaled Avg:  -0.0007 | Raw Avg: 144905.7656
  dof_error                 | Scaled Avg:  -0.0070 | Raw Avg:   0.6985
  dof_vel                   | Scaled Avg:  -0.0186 | Raw Avg:  46.5534
  feet_air_time             | Scaled Avg:   0.0000 | Raw Avg:   0.0012
  feet_contact_forces       | Scaled Avg:  -0.0000 | Raw Avg:   4.4626
  foot_clearance            | Scaled Avg:  -0.0000 | Raw Avg:   0.0049
  foot_mirror               | Scaled Avg:  -0.0003 | Raw Avg:   0.2742
  foot_slide                | Scaled Avg:  -0.0011 | Raw Avg:   1.0920
  has_contact               | Scaled Avg:   0.0017 | Raw Avg:   0.0857
  hip_pos                   | Scaled Avg:  -0.0011 | Raw Avg:   0.1104
  lin_vel_z                 | Scaled Avg:  -0.0063 | Raw Avg:   0.0787
  orientation               | Scaled Avg:  -0.0004 | Raw Avg:   0.0954
  powers                    | Scaled Avg:  -0.0000 | Raw Avg:  99.8609
  stand_still               | Scaled Avg:  -0.0005 | Raw Avg:   0.0132
  torques                   | Scaled Avg:  -0.0002 | Raw Avg: 1053.6632
  tracking_ang_vel          | Scaled Avg:   0.0077 | Raw Avg:   0.3863
  tracking_lin_vel          | Scaled Avg:   0.0156 | Raw Avg:   0.3892
  termination               | Scaled Avg:  -0.0009
  TOTAL REWARD              | Scaled Avg:  -0.0462
------------------------------

------------------------------
Step: 92000 - Reward Breakdown:
  action_rate               | Scaled Avg:  -0.0280 | Raw Avg:   0.9332
  action_smoothness         | Scaled Avg:  -0.0004 | Raw Avg:   0.1806
  ang_vel_xy                | Scaled Avg:  -0.0046 | Raw Avg:   2.2777
  base_height               | Scaled Avg:  -0.0001 | Raw Avg:   0.0062
  collision                 | Scaled Avg:  -0.0012 | Raw Avg:   0.0617
  dof_acc                   | Scaled Avg:  -0.0008 | Raw Avg: 158157.1250
  dof_error                 | Scaled Avg:  -0.0069 | Raw Avg:   0.6871
  dof_vel                   | Scaled Avg:  -0.0186 | Raw Avg:  46.4988
  feet_air_time             | Scaled Avg:   0.0001 | Raw Avg:   0.0018
  feet_contact_forces       | Scaled Avg:  -0.0000 | Raw Avg:   4.5395
  foot_clearance            | Scaled Avg:  -0.0000 | Raw Avg:   0.0048
  foot_mirror               | Scaled Avg:  -0.0003 | Raw Avg:   0.2847
  foot_slide                | Scaled Avg:  -0.0011 | Raw Avg:   1.0962
  has_contact               | Scaled Avg:   0.0018 | Raw Avg:   0.0891
  hip_pos                   | Scaled Avg:  -0.0011 | Raw Avg:   0.1087
  lin_vel_z                 | Scaled Avg:  -0.0062 | Raw Avg:   0.0776
  orientation               | Scaled Avg:  -0.0004 | Raw Avg:   0.0971
  powers                    | Scaled Avg:  -0.0000 | Raw Avg:  98.2766
  stand_still               | Scaled Avg:  -0.0007 | Raw Avg:   0.0176
  torques                   | Scaled Avg:  -0.0002 | Raw Avg: 1026.3435
  tracking_ang_vel          | Scaled Avg:   0.0075 | Raw Avg:   0.3763
  tracking_lin_vel          | Scaled Avg:   0.0160 | Raw Avg:   0.3994
  termination               | Scaled Avg:  -0.0010
  TOTAL REWARD              | Scaled Avg:  -0.0462
------------------------------

------------------------------
Step: 92500 - Reward Breakdown:
  action_rate               | Scaled Avg:  -0.0281 | Raw Avg:   0.9378
  action_smoothness         | Scaled Avg:  -0.0004 | Raw Avg:   0.1793
  ang_vel_xy                | Scaled Avg:  -0.0045 | Raw Avg:   2.2411
  base_height               | Scaled Avg:  -0.0001 | Raw Avg:   0.0056
  collision                 | Scaled Avg:  -0.0013 | Raw Avg:   0.0638
  dof_acc                   | Scaled Avg:  -0.0009 | Raw Avg: 172519.2188
  dof_error                 | Scaled Avg:  -0.0067 | Raw Avg:   0.6702
  dof_vel                   | Scaled Avg:  -0.0188 | Raw Avg:  47.1239
  feet_air_time             | Scaled Avg:   0.0001 | Raw Avg:   0.0016
  feet_contact_forces       | Scaled Avg:  -0.0000 | Raw Avg:   4.5461
  foot_clearance            | Scaled Avg:  -0.0001 | Raw Avg:   0.0052
  foot_mirror               | Scaled Avg:  -0.0003 | Raw Avg:   0.2837
  foot_slide                | Scaled Avg:  -0.0011 | Raw Avg:   1.1008
  has_contact               | Scaled Avg:   0.0018 | Raw Avg:   0.0880
  hip_pos                   | Scaled Avg:  -0.0010 | Raw Avg:   0.0994
  lin_vel_z                 | Scaled Avg:  -0.0058 | Raw Avg:   0.0730
  orientation               | Scaled Avg:  -0.0004 | Raw Avg:   0.0993
  powers                    | Scaled Avg:  -0.0000 | Raw Avg:  97.3845
  stand_still               | Scaled Avg:  -0.0005 | Raw Avg:   0.0122
  torques                   | Scaled Avg:  -0.0002 | Raw Avg: 1004.4742
  tracking_ang_vel          | Scaled Avg:   0.0076 | Raw Avg:   0.3803
  tracking_lin_vel          | Scaled Avg:   0.0160 | Raw Avg:   0.4007
  termination               | Scaled Avg:  -0.0009
  TOTAL REWARD              | Scaled Avg:  -0.0456
------------------------------

------------------------------
Step: 93000 - Reward Breakdown:
  action_rate               | Scaled Avg:  -0.0282 | Raw Avg:   0.9386
  action_smoothness         | Scaled Avg:  -0.0004 | Raw Avg:   0.1805
  ang_vel_xy                | Scaled Avg:  -0.0046 | Raw Avg:   2.3078
  base_height               | Scaled Avg:  -0.0001 | Raw Avg:   0.0057
  collision                 | Scaled Avg:  -0.0012 | Raw Avg:   0.0592
  dof_acc                   | Scaled Avg:  -0.0008 | Raw Avg: 158646.5469
  dof_error                 | Scaled Avg:  -0.0069 | Raw Avg:   0.6910
  dof_vel                   | Scaled Avg:  -0.0192 | Raw Avg:  48.0272
  feet_air_time             | Scaled Avg:   0.0001 | Raw Avg:   0.0017
  feet_contact_forces       | Scaled Avg:  -0.0000 | Raw Avg:   4.5706
  foot_clearance            | Scaled Avg:  -0.0001 | Raw Avg:   0.0053
  foot_mirror               | Scaled Avg:  -0.0003 | Raw Avg:   0.2750
  foot_slide                | Scaled Avg:  -0.0011 | Raw Avg:   1.1174
  has_contact               | Scaled Avg:   0.0018 | Raw Avg:   0.0892
  hip_pos                   | Scaled Avg:  -0.0011 | Raw Avg:   0.1055
  lin_vel_z                 | Scaled Avg:  -0.0062 | Raw Avg:   0.0779
  orientation               | Scaled Avg:  -0.0004 | Raw Avg:   0.1023
  powers                    | Scaled Avg:  -0.0000 | Raw Avg:  99.1432
  stand_still               | Scaled Avg:  -0.0005 | Raw Avg:   0.0116
  torques                   | Scaled Avg:  -0.0002 | Raw Avg: 987.6754
  tracking_ang_vel          | Scaled Avg:   0.0079 | Raw Avg:   0.3967
  tracking_lin_vel          | Scaled Avg:   0.0157 | Raw Avg:   0.3926
  termination               | Scaled Avg:  -0.0009
  TOTAL REWARD              | Scaled Avg:  -0.0467
------------------------------

------------------------------
Step: 93500 - Reward Breakdown:
  action_rate               | Scaled Avg:  -0.0274 | Raw Avg:   0.9118
  action_smoothness         | Scaled Avg:  -0.0004 | Raw Avg:   0.1803
  ang_vel_xy                | Scaled Avg:  -0.0042 | Raw Avg:   2.1156
  base_height               | Scaled Avg:  -0.0001 | Raw Avg:   0.0057
  collision                 | Scaled Avg:  -0.0012 | Raw Avg:   0.0625
  dof_acc                   | Scaled Avg:  -0.0008 | Raw Avg: 157443.4844
  dof_error                 | Scaled Avg:  -0.0066 | Raw Avg:   0.6631
  dof_vel                   | Scaled Avg:  -0.0174 | Raw Avg:  43.4132
  feet_air_time             | Scaled Avg:   0.0001 | Raw Avg:   0.0021
  feet_contact_forces       | Scaled Avg:  -0.0000 | Raw Avg:   4.4768
  foot_clearance            | Scaled Avg:  -0.0001 | Raw Avg:   0.0050
  foot_mirror               | Scaled Avg:  -0.0003 | Raw Avg:   0.2668
  foot_slide                | Scaled Avg:  -0.0011 | Raw Avg:   1.1041
  has_contact               | Scaled Avg:   0.0017 | Raw Avg:   0.0853
  hip_pos                   | Scaled Avg:  -0.0010 | Raw Avg:   0.1045
  lin_vel_z                 | Scaled Avg:  -0.0062 | Raw Avg:   0.0781
  orientation               | Scaled Avg:  -0.0004 | Raw Avg:   0.1001
  powers                    | Scaled Avg:  -0.0000 | Raw Avg:  93.9452
  stand_still               | Scaled Avg:  -0.0005 | Raw Avg:   0.0122
  torques                   | Scaled Avg:  -0.0002 | Raw Avg: 983.5530
  tracking_ang_vel          | Scaled Avg:   0.0078 | Raw Avg:   0.3885
  tracking_lin_vel          | Scaled Avg:   0.0162 | Raw Avg:   0.4040
  termination               | Scaled Avg:  -0.0009
  TOTAL REWARD              | Scaled Avg:  -0.0432
------------------------------
################################################################################
                    [1m Learning iteration 8900/10000 [0m                     

                       Computation: 59865 steps/s (collection: 1.899s, learning 0.545s)
                     surrogate_loss -0.0040
                         value_loss 0.0820
                            entropy 2.3242
                     estimator_loss 0.0000
                         total_loss 0.1012
             Mean action noise std: 0.20
                       Mean reward: -2.74
               Mean episode length: 67.88
      Mean episode rew_action_rate: -0.0919
Mean episode rew_frame_action_rate: -0.0340
Mean episode rew_action_smoothness: -0.0012
Mean episode rew_frame_action_smoothness: -0.0004
       Mean episode rew_ang_vel_xy: -0.0143
 Mean episode rew_frame_ang_vel_xy: -0.0074
      Mean episode rew_base_height: -0.0004
Mean episode rew_frame_base_height: -0.0002
        Mean episode rew_collision: -0.0045
  Mean episode rew_frame_collision: -0.0021
          Mean episode rew_dof_acc: -0.0026
    Mean episode rew_frame_dof_acc: -0.0016
        Mean episode rew_dof_error: -0.0219
  Mean episode rew_frame_dof_error: -0.0097
          Mean episode rew_dof_vel: -0.0598
    Mean episode rew_frame_dof_vel: -0.0317
    Mean episode rew_feet_air_time: 0.0002
Mean episode rew_frame_feet_air_time: 0.0001
Mean episode rew_feet_contact_forces: -0.0000
Mean episode rew_frame_feet_contact_forces: -0.0000
   Mean episode rew_foot_clearance: -0.0002
Mean episode rew_frame_foot_clearance: -0.0001
      Mean episode rew_foot_mirror: -0.0009
Mean episode rew_frame_foot_mirror: -0.0004
       Mean episode rew_foot_slide: -0.0036
 Mean episode rew_frame_foot_slide: -0.0014
      Mean episode rew_has_contact: 0.0063
Mean episode rew_frame_has_contact: 0.0004
          Mean episode rew_hip_pos: -0.0033
    Mean episode rew_frame_hip_pos: -0.0013
        Mean episode rew_lin_vel_z: -0.0194
  Mean episode rew_frame_lin_vel_z: -0.0113
      Mean episode rew_orientation: -0.0013
Mean episode rew_frame_orientation: -0.0007
           Mean episode rew_powers: -0.0001
     Mean episode rew_frame_powers: -0.0001
      Mean episode rew_stand_still: -0.0010
Mean episode rew_frame_stand_still: -0.0001
          Mean episode rew_stumble: -0.0000
    Mean episode rew_frame_stumble: -0.0000
      Mean episode rew_termination: -0.0030
Mean episode rew_frame_termination: -0.0018
          Mean episode rew_torques: -0.0007
    Mean episode rew_frame_torques: -0.0002
 Mean episode rew_tracking_ang_vel: 0.0253
Mean episode rew_frame_tracking_ang_vel: 0.0074
 Mean episode rew_tracking_lin_vel: 0.0551
Mean episode rew_frame_tracking_lin_vel: 0.0088
Mean episode max_power_throughout_episode: 4137.3643
            Mean episode max_pos_x: 1.0279
            Mean episode min_pos_x: -0.1790
            Mean episode max_pos_y: 0.4863
            Mean episode min_pos_y: -0.5177
        Mean episode timeout_ratio: 0.0012
       Mean episode num_terminated: 95.8333
--------------------------------------------------------------------------------
                   Total timesteps: 5852160
                    Iteration time: 2.44s
                        Total time: 10592.96s
                               ETA: 2987.0s


------------------------------
Step: 94000 - Reward Breakdown:
  action_rate               | Scaled Avg:  -0.0277 | Raw Avg:   0.9242
  action_smoothness         | Scaled Avg:  -0.0004 | Raw Avg:   0.1810
  ang_vel_xy                | Scaled Avg:  -0.0046 | Raw Avg:   2.2835
  base_height               | Scaled Avg:  -0.0001 | Raw Avg:   0.0060
  collision                 | Scaled Avg:  -0.0015 | Raw Avg:   0.0748
  dof_acc                   | Scaled Avg:  -0.0009 | Raw Avg: 178455.6562
  dof_error                 | Scaled Avg:  -0.0069 | Raw Avg:   0.6930
  dof_vel                   | Scaled Avg:  -0.0190 | Raw Avg:  47.4690
  feet_air_time             | Scaled Avg:   0.0001 | Raw Avg:   0.0021
  feet_contact_forces       | Scaled Avg:  -0.0000 | Raw Avg:   4.4952
  foot_clearance            | Scaled Avg:  -0.0001 | Raw Avg:   0.0054
  foot_mirror               | Scaled Avg:  -0.0003 | Raw Avg:   0.2592
  foot_slide                | Scaled Avg:  -0.0011 | Raw Avg:   1.1237
  has_contact               | Scaled Avg:   0.0017 | Raw Avg:   0.0869
  hip_pos                   | Scaled Avg:  -0.0010 | Raw Avg:   0.1002
  lin_vel_z                 | Scaled Avg:  -0.0061 | Raw Avg:   0.0764
  orientation               | Scaled Avg:  -0.0004 | Raw Avg:   0.1030
  powers                    | Scaled Avg:  -0.0000 | Raw Avg:  97.5508
  stand_still               | Scaled Avg:  -0.0005 | Raw Avg:   0.0136
  torques                   | Scaled Avg:  -0.0002 | Raw Avg: 963.3707
  tracking_ang_vel          | Scaled Avg:   0.0078 | Raw Avg:   0.3907
  tracking_lin_vel          | Scaled Avg:   0.0158 | Raw Avg:   0.3941
  termination               | Scaled Avg:  -0.0009
  TOTAL REWARD              | Scaled Avg:  -0.0464
------------------------------

------------------------------
Step: 94500 - Reward Breakdown:
  action_rate               | Scaled Avg:  -0.0280 | Raw Avg:   0.9348
  action_smoothness         | Scaled Avg:  -0.0004 | Raw Avg:   0.1820
  ang_vel_xy                | Scaled Avg:  -0.0047 | Raw Avg:   2.3382
  base_height               | Scaled Avg:  -0.0001 | Raw Avg:   0.0061
  collision                 | Scaled Avg:  -0.0013 | Raw Avg:   0.0627
  dof_acc                   | Scaled Avg:  -0.0008 | Raw Avg: 168554.3281
  dof_error                 | Scaled Avg:  -0.0071 | Raw Avg:   0.7088
  dof_vel                   | Scaled Avg:  -0.0191 | Raw Avg:  47.7116
  feet_air_time             | Scaled Avg:   0.0000 | Raw Avg:   0.0012
  feet_contact_forces       | Scaled Avg:  -0.0000 | Raw Avg:   4.3526
  foot_clearance            | Scaled Avg:  -0.0001 | Raw Avg:   0.0054
  foot_mirror               | Scaled Avg:  -0.0003 | Raw Avg:   0.2699
  foot_slide                | Scaled Avg:  -0.0011 | Raw Avg:   1.1360
  has_contact               | Scaled Avg:   0.0018 | Raw Avg:   0.0886
  hip_pos                   | Scaled Avg:  -0.0010 | Raw Avg:   0.1040
  lin_vel_z                 | Scaled Avg:  -0.0066 | Raw Avg:   0.0825
  orientation               | Scaled Avg:  -0.0004 | Raw Avg:   0.1035
  powers                    | Scaled Avg:  -0.0000 | Raw Avg:  99.2671
  stand_still               | Scaled Avg:  -0.0005 | Raw Avg:   0.0124
  torques                   | Scaled Avg:  -0.0002 | Raw Avg: 984.0682
  tracking_ang_vel          | Scaled Avg:   0.0077 | Raw Avg:   0.3848
  tracking_lin_vel          | Scaled Avg:   0.0161 | Raw Avg:   0.4026
  termination               | Scaled Avg:  -0.0009
  TOTAL REWARD              | Scaled Avg:  -0.0471
------------------------------

------------------------------
Step: 95000 - Reward Breakdown:
  action_rate               | Scaled Avg:  -0.0284 | Raw Avg:   0.9458
  action_smoothness         | Scaled Avg:  -0.0004 | Raw Avg:   0.1835
  ang_vel_xy                | Scaled Avg:  -0.0046 | Raw Avg:   2.3063
  base_height               | Scaled Avg:  -0.0001 | Raw Avg:   0.0059
  collision                 | Scaled Avg:  -0.0014 | Raw Avg:   0.0704
  dof_acc                   | Scaled Avg:  -0.0009 | Raw Avg: 188773.9688
  dof_error                 | Scaled Avg:  -0.0068 | Raw Avg:   0.6785
  dof_vel                   | Scaled Avg:  -0.0199 | Raw Avg:  49.8080
  feet_air_time             | Scaled Avg:   0.0001 | Raw Avg:   0.0013
  feet_contact_forces       | Scaled Avg:  -0.0000 | Raw Avg:   4.6502
  foot_clearance            | Scaled Avg:  -0.0001 | Raw Avg:   0.0053
  foot_mirror               | Scaled Avg:  -0.0003 | Raw Avg:   0.2745
  foot_slide                | Scaled Avg:  -0.0011 | Raw Avg:   1.1393
  has_contact               | Scaled Avg:   0.0019 | Raw Avg:   0.0949
  hip_pos                   | Scaled Avg:  -0.0010 | Raw Avg:   0.0997
  lin_vel_z                 | Scaled Avg:  -0.0068 | Raw Avg:   0.0846
  orientation               | Scaled Avg:  -0.0004 | Raw Avg:   0.1041
  powers                    | Scaled Avg:  -0.0000 | Raw Avg:  99.9458
  stand_still               | Scaled Avg:  -0.0005 | Raw Avg:   0.0114
  torques                   | Scaled Avg:  -0.0002 | Raw Avg: 970.4043
  tracking_ang_vel          | Scaled Avg:   0.0078 | Raw Avg:   0.3924
  tracking_lin_vel          | Scaled Avg:   0.0160 | Raw Avg:   0.4002
  termination               | Scaled Avg:  -0.0009
  TOTAL REWARD              | Scaled Avg:  -0.0479
------------------------------

------------------------------
Step: 95500 - Reward Breakdown:
  action_rate               | Scaled Avg:  -0.0282 | Raw Avg:   0.9406
  action_smoothness         | Scaled Avg:  -0.0004 | Raw Avg:   0.1818
  ang_vel_xy                | Scaled Avg:  -0.0050 | Raw Avg:   2.4898
  base_height               | Scaled Avg:  -0.0001 | Raw Avg:   0.0064
  collision                 | Scaled Avg:  -0.0014 | Raw Avg:   0.0707
  dof_acc                   | Scaled Avg:  -0.0009 | Raw Avg: 182999.9844
  dof_error                 | Scaled Avg:  -0.0073 | Raw Avg:   0.7266
  dof_vel                   | Scaled Avg:  -0.0200 | Raw Avg:  50.1216
  feet_air_time             | Scaled Avg:   0.0001 | Raw Avg:   0.0015
  feet_contact_forces       | Scaled Avg:  -0.0000 | Raw Avg:   5.2454
  foot_clearance            | Scaled Avg:  -0.0001 | Raw Avg:   0.0056
  foot_mirror               | Scaled Avg:  -0.0003 | Raw Avg:   0.3005
  foot_slide                | Scaled Avg:  -0.0012 | Raw Avg:   1.1538
  has_contact               | Scaled Avg:   0.0018 | Raw Avg:   0.0906
  hip_pos                   | Scaled Avg:  -0.0010 | Raw Avg:   0.1033
  lin_vel_z                 | Scaled Avg:  -0.0070 | Raw Avg:   0.0873
  orientation               | Scaled Avg:  -0.0004 | Raw Avg:   0.1095
  powers                    | Scaled Avg:  -0.0000 | Raw Avg: 102.4750
  stand_still               | Scaled Avg:  -0.0005 | Raw Avg:   0.0122
  torques                   | Scaled Avg:  -0.0002 | Raw Avg: 987.6329
  tracking_ang_vel          | Scaled Avg:   0.0076 | Raw Avg:   0.3783
  tracking_lin_vel          | Scaled Avg:   0.0160 | Raw Avg:   0.4003
  termination               | Scaled Avg:  -0.0010
  TOTAL REWARD              | Scaled Avg:  -0.0495
------------------------------

------------------------------
Step: 96000 - Reward Breakdown:
  action_rate               | Scaled Avg:  -0.0289 | Raw Avg:   0.9620
  action_smoothness         | Scaled Avg:  -0.0004 | Raw Avg:   0.1853
  ang_vel_xy                | Scaled Avg:  -0.0050 | Raw Avg:   2.5094
  base_height               | Scaled Avg:  -0.0001 | Raw Avg:   0.0062
  collision                 | Scaled Avg:  -0.0014 | Raw Avg:   0.0709
  dof_acc                   | Scaled Avg:  -0.0009 | Raw Avg: 188888.9375
  dof_error                 | Scaled Avg:  -0.0074 | Raw Avg:   0.7385
  dof_vel                   | Scaled Avg:  -0.0214 | Raw Avg:  53.4418
  feet_air_time             | Scaled Avg:   0.0001 | Raw Avg:   0.0016
  feet_contact_forces       | Scaled Avg:  -0.0000 | Raw Avg:   5.2695
  foot_clearance            | Scaled Avg:  -0.0001 | Raw Avg:   0.0059
  foot_mirror               | Scaled Avg:  -0.0003 | Raw Avg:   0.2909
  foot_slide                | Scaled Avg:  -0.0011 | Raw Avg:   1.1374
  has_contact               | Scaled Avg:   0.0019 | Raw Avg:   0.0932
  hip_pos                   | Scaled Avg:  -0.0011 | Raw Avg:   0.1098
  lin_vel_z                 | Scaled Avg:  -0.0078 | Raw Avg:   0.0973
  orientation               | Scaled Avg:  -0.0005 | Raw Avg:   0.1154
  powers                    | Scaled Avg:  -0.0000 | Raw Avg: 103.8799
  stand_still               | Scaled Avg:  -0.0006 | Raw Avg:   0.0143
  torques                   | Scaled Avg:  -0.0002 | Raw Avg: 985.4854
  tracking_ang_vel          | Scaled Avg:   0.0077 | Raw Avg:   0.3841
  tracking_lin_vel          | Scaled Avg:   0.0159 | Raw Avg:   0.3981
  termination               | Scaled Avg:  -0.0011
  TOTAL REWARD              | Scaled Avg:  -0.0528
------------------------------
################################################################################
                    [1m Learning iteration 9000/10000 [0m                     

                       Computation: 57657 steps/s (collection: 1.986s, learning 0.551s)
                     surrogate_loss -0.0062
                         value_loss 0.0672
                            entropy 2.3518
                     estimator_loss 0.0000
                         total_loss 0.0846
             Mean action noise std: 0.20
                       Mean reward: -3.18
               Mean episode length: 57.10
      Mean episode rew_action_rate: -0.0753
Mean episode rew_frame_action_rate: -0.0352
Mean episode rew_action_smoothness: -0.0010
Mean episode rew_frame_action_smoothness: -0.0004
       Mean episode rew_ang_vel_xy: -0.0136
 Mean episode rew_frame_ang_vel_xy: -0.0081
      Mean episode rew_base_height: -0.0003
Mean episode rew_frame_base_height: -0.0002
        Mean episode rew_collision: -0.0038
  Mean episode rew_frame_collision: -0.0021
          Mean episode rew_dof_acc: -0.0026
    Mean episode rew_frame_dof_acc: -0.0017
        Mean episode rew_dof_error: -0.0195
  Mean episode rew_frame_dof_error: -0.0104
          Mean episode rew_dof_vel: -0.0570
    Mean episode rew_frame_dof_vel: -0.0355
    Mean episode rew_feet_air_time: 0.0002
Mean episode rew_frame_feet_air_time: 0.0001
Mean episode rew_feet_contact_forces: -0.0000
Mean episode rew_frame_feet_contact_forces: -0.0000
   Mean episode rew_foot_clearance: -0.0002
Mean episode rew_frame_foot_clearance: -0.0001
      Mean episode rew_foot_mirror: -0.0008
Mean episode rew_frame_foot_mirror: -0.0004
       Mean episode rew_foot_slide: -0.0030
 Mean episode rew_frame_foot_slide: -0.0015
      Mean episode rew_has_contact: 0.0044
Mean episode rew_frame_has_contact: 0.0003
          Mean episode rew_hip_pos: -0.0028
    Mean episode rew_frame_hip_pos: -0.0015
        Mean episode rew_lin_vel_z: -0.0204
  Mean episode rew_frame_lin_vel_z: -0.0137
      Mean episode rew_orientation: -0.0012
Mean episode rew_frame_orientation: -0.0008
           Mean episode rew_powers: -0.0001
     Mean episode rew_frame_powers: -0.0001
      Mean episode rew_stand_still: -0.0029
Mean episode rew_frame_stand_still: -0.0002
          Mean episode rew_stumble: -0.0000
    Mean episode rew_frame_stumble: -0.0000
      Mean episode rew_termination: -0.0030
Mean episode rew_frame_termination: -0.0020
          Mean episode rew_torques: -0.0005
    Mean episode rew_frame_torques: -0.0002
 Mean episode rew_tracking_ang_vel: 0.0201
Mean episode rew_frame_tracking_ang_vel: 0.0072
 Mean episode rew_tracking_lin_vel: 0.0399
Mean episode rew_frame_tracking_lin_vel: 0.0084
Mean episode max_power_throughout_episode: 4301.9653
            Mean episode max_pos_x: 1.0071
            Mean episode min_pos_x: -0.1351
            Mean episode max_pos_y: 0.5035
            Mean episode min_pos_y: -0.5117
        Mean episode timeout_ratio: 0.0000
       Mean episode num_terminated: 111.0000
--------------------------------------------------------------------------------
                   Total timesteps: 5998464
                    Iteration time: 2.54s
                        Total time: 10857.72s
                               ETA: 2713.8s


------------------------------
Step: 96500 - Reward Breakdown:
  action_rate               | Scaled Avg:  -0.0283 | Raw Avg:   0.9442
  action_smoothness         | Scaled Avg:  -0.0004 | Raw Avg:   0.1816
  ang_vel_xy                | Scaled Avg:  -0.0049 | Raw Avg:   2.4554
  base_height               | Scaled Avg:  -0.0001 | Raw Avg:   0.0059
  collision                 | Scaled Avg:  -0.0014 | Raw Avg:   0.0681
  dof_acc                   | Scaled Avg:  -0.0009 | Raw Avg: 183928.9688
  dof_error                 | Scaled Avg:  -0.0070 | Raw Avg:   0.6968
  dof_vel                   | Scaled Avg:  -0.0202 | Raw Avg:  50.4203
  feet_air_time             | Scaled Avg:   0.0001 | Raw Avg:   0.0018
  feet_contact_forces       | Scaled Avg:  -0.0000 | Raw Avg:   4.9559
  foot_clearance            | Scaled Avg:  -0.0001 | Raw Avg:   0.0055
  foot_mirror               | Scaled Avg:  -0.0003 | Raw Avg:   0.2728
  foot_slide                | Scaled Avg:  -0.0011 | Raw Avg:   1.1126
  has_contact               | Scaled Avg:   0.0018 | Raw Avg:   0.0905
  hip_pos                   | Scaled Avg:  -0.0011 | Raw Avg:   0.1058
  lin_vel_z                 | Scaled Avg:  -0.0072 | Raw Avg:   0.0905
  orientation               | Scaled Avg:  -0.0004 | Raw Avg:   0.1015
  powers                    | Scaled Avg:  -0.0000 | Raw Avg: 101.1123
  stand_still               | Scaled Avg:  -0.0006 | Raw Avg:   0.0141
  torques                   | Scaled Avg:  -0.0002 | Raw Avg: 981.5884
  tracking_ang_vel          | Scaled Avg:   0.0077 | Raw Avg:   0.3871
  tracking_lin_vel          | Scaled Avg:   0.0163 | Raw Avg:   0.4082
  termination               | Scaled Avg:  -0.0010
  TOTAL REWARD              | Scaled Avg:  -0.0491
------------------------------

------------------------------
Step: 97000 - Reward Breakdown:
  action_rate               | Scaled Avg:  -0.0284 | Raw Avg:   0.9456
  action_smoothness         | Scaled Avg:  -0.0004 | Raw Avg:   0.1816
  ang_vel_xy                | Scaled Avg:  -0.0050 | Raw Avg:   2.4829
  base_height               | Scaled Avg:  -0.0001 | Raw Avg:   0.0063
  collision                 | Scaled Avg:  -0.0014 | Raw Avg:   0.0694
  dof_acc                   | Scaled Avg:  -0.0009 | Raw Avg: 180659.6562
  dof_error                 | Scaled Avg:  -0.0074 | Raw Avg:   0.7418
  dof_vel                   | Scaled Avg:  -0.0207 | Raw Avg:  51.7184
  feet_air_time             | Scaled Avg:   0.0000 | Raw Avg:   0.0012
  feet_contact_forces       | Scaled Avg:  -0.0000 | Raw Avg:   5.0449
  foot_clearance            | Scaled Avg:  -0.0001 | Raw Avg:   0.0058
  foot_mirror               | Scaled Avg:  -0.0003 | Raw Avg:   0.2842
  foot_slide                | Scaled Avg:  -0.0012 | Raw Avg:   1.1633
  has_contact               | Scaled Avg:   0.0018 | Raw Avg:   0.0922
  hip_pos                   | Scaled Avg:  -0.0011 | Raw Avg:   0.1101
  lin_vel_z                 | Scaled Avg:  -0.0073 | Raw Avg:   0.0907
  orientation               | Scaled Avg:  -0.0004 | Raw Avg:   0.1059
  powers                    | Scaled Avg:  -0.0000 | Raw Avg: 101.9708
  stand_still               | Scaled Avg:  -0.0006 | Raw Avg:   0.0153
  torques                   | Scaled Avg:  -0.0002 | Raw Avg: 995.0515
  tracking_ang_vel          | Scaled Avg:   0.0079 | Raw Avg:   0.3955
  tracking_lin_vel          | Scaled Avg:   0.0161 | Raw Avg:   0.4034
  termination               | Scaled Avg:  -0.0010
  TOTAL REWARD              | Scaled Avg:  -0.0504
------------------------------

------------------------------
Step: 97500 - Reward Breakdown:
  action_rate               | Scaled Avg:  -0.0282 | Raw Avg:   0.9394
  action_smoothness         | Scaled Avg:  -0.0004 | Raw Avg:   0.1819
  ang_vel_xy                | Scaled Avg:  -0.0047 | Raw Avg:   2.3509
  base_height               | Scaled Avg:  -0.0001 | Raw Avg:   0.0064
  collision                 | Scaled Avg:  -0.0013 | Raw Avg:   0.0641
  dof_acc                   | Scaled Avg:  -0.0009 | Raw Avg: 184579.6562
  dof_error                 | Scaled Avg:  -0.0074 | Raw Avg:   0.7396
  dof_vel                   | Scaled Avg:  -0.0197 | Raw Avg:  49.2386
  feet_air_time             | Scaled Avg:   0.0001 | Raw Avg:   0.0014
  feet_contact_forces       | Scaled Avg:  -0.0000 | Raw Avg:   4.9482
  foot_clearance            | Scaled Avg:  -0.0001 | Raw Avg:   0.0055
  foot_mirror               | Scaled Avg:  -0.0003 | Raw Avg:   0.2951
  foot_slide                | Scaled Avg:  -0.0012 | Raw Avg:   1.1645
  has_contact               | Scaled Avg:   0.0017 | Raw Avg:   0.0868
  hip_pos                   | Scaled Avg:  -0.0011 | Raw Avg:   0.1081
  lin_vel_z                 | Scaled Avg:  -0.0067 | Raw Avg:   0.0835
  orientation               | Scaled Avg:  -0.0004 | Raw Avg:   0.1049
  powers                    | Scaled Avg:  -0.0000 | Raw Avg: 101.5102
  stand_still               | Scaled Avg:  -0.0006 | Raw Avg:   0.0141
  torques                   | Scaled Avg:  -0.0002 | Raw Avg: 994.2148
  tracking_ang_vel          | Scaled Avg:   0.0080 | Raw Avg:   0.3997
  tracking_lin_vel          | Scaled Avg:   0.0160 | Raw Avg:   0.4006
  termination               | Scaled Avg:  -0.0010
  TOTAL REWARD              | Scaled Avg:  -0.0484
------------------------------

------------------------------
Step: 98000 - Reward Breakdown:
  action_rate               | Scaled Avg:  -0.0283 | Raw Avg:   0.9443
  action_smoothness         | Scaled Avg:  -0.0004 | Raw Avg:   0.1842
  ang_vel_xy                | Scaled Avg:  -0.0047 | Raw Avg:   2.3509
  base_height               | Scaled Avg:  -0.0001 | Raw Avg:   0.0063
  collision                 | Scaled Avg:  -0.0013 | Raw Avg:   0.0651
  dof_acc                   | Scaled Avg:  -0.0009 | Raw Avg: 176799.4062
  dof_error                 | Scaled Avg:  -0.0074 | Raw Avg:   0.7399
  dof_vel                   | Scaled Avg:  -0.0198 | Raw Avg:  49.4658
  feet_air_time             | Scaled Avg:   0.0001 | Raw Avg:   0.0016
  feet_contact_forces       | Scaled Avg:  -0.0000 | Raw Avg:   4.7726
  foot_clearance            | Scaled Avg:  -0.0001 | Raw Avg:   0.0054
  foot_mirror               | Scaled Avg:  -0.0003 | Raw Avg:   0.2923
  foot_slide                | Scaled Avg:  -0.0011 | Raw Avg:   1.1485
  has_contact               | Scaled Avg:   0.0020 | Raw Avg:   0.0982
  hip_pos                   | Scaled Avg:  -0.0011 | Raw Avg:   0.1076
  lin_vel_z                 | Scaled Avg:  -0.0072 | Raw Avg:   0.0897
  orientation               | Scaled Avg:  -0.0004 | Raw Avg:   0.1062
  powers                    | Scaled Avg:  -0.0000 | Raw Avg: 100.3207
  stand_still               | Scaled Avg:  -0.0006 | Raw Avg:   0.0154
  torques                   | Scaled Avg:  -0.0002 | Raw Avg: 983.6631
  tracking_ang_vel          | Scaled Avg:   0.0080 | Raw Avg:   0.4002
  tracking_lin_vel          | Scaled Avg:   0.0162 | Raw Avg:   0.4062
  termination               | Scaled Avg:  -0.0011
  TOTAL REWARD              | Scaled Avg:  -0.0487
------------------------------
################################################################################
                    [1m Learning iteration 9100/10000 [0m                     

                       Computation: 58707 steps/s (collection: 1.941s, learning 0.551s)
                     surrogate_loss -0.0059
                         value_loss 0.0763
                            entropy 2.3279
                     estimator_loss 0.0000
                         total_loss 0.0936
             Mean action noise std: 0.20
                       Mean reward: -2.71
               Mean episode length: 50.52
      Mean episode rew_action_rate: -0.0811
Mean episode rew_frame_action_rate: -0.0344
Mean episode rew_action_smoothness: -0.0010
Mean episode rew_frame_action_smoothness: -0.0004
       Mean episode rew_ang_vel_xy: -0.0141
 Mean episode rew_frame_ang_vel_xy: -0.0079
      Mean episode rew_base_height: -0.0004
Mean episode rew_frame_base_height: -0.0002
        Mean episode rew_collision: -0.0039
  Mean episode rew_frame_collision: -0.0021
          Mean episode rew_dof_acc: -0.0026
    Mean episode rew_frame_dof_acc: -0.0016
        Mean episode rew_dof_error: -0.0210
  Mean episode rew_frame_dof_error: -0.0103
          Mean episode rew_dof_vel: -0.0577
    Mean episode rew_frame_dof_vel: -0.0334
    Mean episode rew_feet_air_time: 0.0002
Mean episode rew_frame_feet_air_time: 0.0001
Mean episode rew_feet_contact_forces: -0.0000
Mean episode rew_frame_feet_contact_forces: -0.0000
   Mean episode rew_foot_clearance: -0.0002
Mean episode rew_frame_foot_clearance: -0.0001
      Mean episode rew_foot_mirror: -0.0008
Mean episode rew_frame_foot_mirror: -0.0004
       Mean episode rew_foot_slide: -0.0033
 Mean episode rew_frame_foot_slide: -0.0015
      Mean episode rew_has_contact: 0.0047
Mean episode rew_frame_has_contact: 0.0003
          Mean episode rew_hip_pos: -0.0030
    Mean episode rew_frame_hip_pos: -0.0014
        Mean episode rew_lin_vel_z: -0.0200
  Mean episode rew_frame_lin_vel_z: -0.0126
      Mean episode rew_orientation: -0.0012
Mean episode rew_frame_orientation: -0.0007
           Mean episode rew_powers: -0.0001
     Mean episode rew_frame_powers: -0.0001
      Mean episode rew_stand_still: -0.0019
Mean episode rew_frame_stand_still: -0.0001
          Mean episode rew_stumble: -0.0000
    Mean episode rew_frame_stumble: -0.0000
      Mean episode rew_termination: -0.0030
Mean episode rew_frame_termination: -0.0019
          Mean episode rew_torques: -0.0006
    Mean episode rew_frame_torques: -0.0002
 Mean episode rew_tracking_ang_vel: 0.0231
Mean episode rew_frame_tracking_ang_vel: 0.0075
 Mean episode rew_tracking_lin_vel: 0.0453
Mean episode rew_frame_tracking_lin_vel: 0.0087
Mean episode max_power_throughout_episode: 4267.4961
            Mean episode max_pos_x: 0.9798
            Mean episode min_pos_x: -0.1354
            Mean episode max_pos_y: 0.5377
            Mean episode min_pos_y: -0.5155
        Mean episode timeout_ratio: 0.0000
       Mean episode num_terminated: 105.4583
--------------------------------------------------------------------------------
                   Total timesteps: 6144768
                    Iteration time: 2.49s
                        Total time: 11125.49s
                               ETA: 2441.6s


------------------------------
Step: 98500 - Reward Breakdown:
  action_rate               | Scaled Avg:  -0.0279 | Raw Avg:   0.9290
  action_smoothness         | Scaled Avg:  -0.0004 | Raw Avg:   0.1827
  ang_vel_xy                | Scaled Avg:  -0.0049 | Raw Avg:   2.4633
  base_height               | Scaled Avg:  -0.0001 | Raw Avg:   0.0060
  collision                 | Scaled Avg:  -0.0012 | Raw Avg:   0.0604
  dof_acc                   | Scaled Avg:  -0.0008 | Raw Avg: 163777.2969
  dof_error                 | Scaled Avg:  -0.0071 | Raw Avg:   0.7143
  dof_vel                   | Scaled Avg:  -0.0201 | Raw Avg:  50.2718
  feet_air_time             | Scaled Avg:   0.0001 | Raw Avg:   0.0015
  feet_contact_forces       | Scaled Avg:  -0.0000 | Raw Avg:   4.7822
  foot_clearance            | Scaled Avg:  -0.0001 | Raw Avg:   0.0054
  foot_mirror               | Scaled Avg:  -0.0003 | Raw Avg:   0.2777
  foot_slide                | Scaled Avg:  -0.0011 | Raw Avg:   1.1310
  has_contact               | Scaled Avg:   0.0019 | Raw Avg:   0.0949
  hip_pos                   | Scaled Avg:  -0.0010 | Raw Avg:   0.1005
  lin_vel_z                 | Scaled Avg:  -0.0069 | Raw Avg:   0.0865
  orientation               | Scaled Avg:  -0.0004 | Raw Avg:   0.1027
  powers                    | Scaled Avg:  -0.0000 | Raw Avg:  99.5323
  stand_still               | Scaled Avg:  -0.0005 | Raw Avg:   0.0133
  torques                   | Scaled Avg:  -0.0002 | Raw Avg: 971.9854
  tracking_ang_vel          | Scaled Avg:   0.0079 | Raw Avg:   0.3953
  tracking_lin_vel          | Scaled Avg:   0.0162 | Raw Avg:   0.4044
  termination               | Scaled Avg:  -0.0011
  TOTAL REWARD              | Scaled Avg:  -0.0482
------------------------------

------------------------------
Step: 99000 - Reward Breakdown:
  action_rate               | Scaled Avg:  -0.0280 | Raw Avg:   0.9344
  action_smoothness         | Scaled Avg:  -0.0004 | Raw Avg:   0.1833
  ang_vel_xy                | Scaled Avg:  -0.0046 | Raw Avg:   2.3226
  base_height               | Scaled Avg:  -0.0001 | Raw Avg:   0.0058
  collision                 | Scaled Avg:  -0.0012 | Raw Avg:   0.0614
  dof_acc                   | Scaled Avg:  -0.0009 | Raw Avg: 171705.6562
  dof_error                 | Scaled Avg:  -0.0070 | Raw Avg:   0.7050
  dof_vel                   | Scaled Avg:  -0.0195 | Raw Avg:  48.6745
  feet_air_time             | Scaled Avg:   0.0001 | Raw Avg:   0.0014
  feet_contact_forces       | Scaled Avg:  -0.0000 | Raw Avg:   4.6870
  foot_clearance            | Scaled Avg:  -0.0001 | Raw Avg:   0.0054
  foot_mirror               | Scaled Avg:  -0.0003 | Raw Avg:   0.2692
  foot_slide                | Scaled Avg:  -0.0011 | Raw Avg:   1.1080
  has_contact               | Scaled Avg:   0.0017 | Raw Avg:   0.0846
  hip_pos                   | Scaled Avg:  -0.0011 | Raw Avg:   0.1068
  lin_vel_z                 | Scaled Avg:  -0.0064 | Raw Avg:   0.0806
  orientation               | Scaled Avg:  -0.0004 | Raw Avg:   0.1005
  powers                    | Scaled Avg:  -0.0000 | Raw Avg:  97.4838
  stand_still               | Scaled Avg:  -0.0004 | Raw Avg:   0.0091
  torques                   | Scaled Avg:  -0.0002 | Raw Avg: 958.7571
  tracking_ang_vel          | Scaled Avg:   0.0077 | Raw Avg:   0.3851
  tracking_lin_vel          | Scaled Avg:   0.0160 | Raw Avg:   0.3992
  termination               | Scaled Avg:  -0.0010
  TOTAL REWARD              | Scaled Avg:  -0.0473
------------------------------

------------------------------
Step: 99500 - Reward Breakdown:
  action_rate               | Scaled Avg:  -0.0282 | Raw Avg:   0.9401
  action_smoothness         | Scaled Avg:  -0.0004 | Raw Avg:   0.1829
  ang_vel_xy                | Scaled Avg:  -0.0046 | Raw Avg:   2.3061
  base_height               | Scaled Avg:  -0.0001 | Raw Avg:   0.0057
  collision                 | Scaled Avg:  -0.0013 | Raw Avg:   0.0663
  dof_acc                   | Scaled Avg:  -0.0009 | Raw Avg: 181086.7969
  dof_error                 | Scaled Avg:  -0.0068 | Raw Avg:   0.6823
  dof_vel                   | Scaled Avg:  -0.0195 | Raw Avg:  48.8003
  feet_air_time             | Scaled Avg:   0.0001 | Raw Avg:   0.0015
  feet_contact_forces       | Scaled Avg:  -0.0000 | Raw Avg:   4.9955
  foot_clearance            | Scaled Avg:  -0.0001 | Raw Avg:   0.0053
  foot_mirror               | Scaled Avg:  -0.0003 | Raw Avg:   0.2738
  foot_slide                | Scaled Avg:  -0.0011 | Raw Avg:   1.1258
  has_contact               | Scaled Avg:   0.0016 | Raw Avg:   0.0823
  hip_pos                   | Scaled Avg:  -0.0010 | Raw Avg:   0.1014
  lin_vel_z                 | Scaled Avg:  -0.0063 | Raw Avg:   0.0790
  orientation               | Scaled Avg:  -0.0004 | Raw Avg:   0.1019
  powers                    | Scaled Avg:  -0.0000 | Raw Avg:  97.7664
  stand_still               | Scaled Avg:  -0.0006 | Raw Avg:   0.0152
  torques                   | Scaled Avg:  -0.0002 | Raw Avg: 958.5330
  tracking_ang_vel          | Scaled Avg:   0.0079 | Raw Avg:   0.3948
  tracking_lin_vel          | Scaled Avg:   0.0162 | Raw Avg:   0.4050
  termination               | Scaled Avg:  -0.0009
  TOTAL REWARD              | Scaled Avg:  -0.0471
------------------------------

------------------------------
Step: 100000 - Reward Breakdown:
  action_rate               | Scaled Avg:  -0.0283 | Raw Avg:   0.9422
  action_smoothness         | Scaled Avg:  -0.0004 | Raw Avg:   0.1836
  ang_vel_xy                | Scaled Avg:  -0.0048 | Raw Avg:   2.3813
  base_height               | Scaled Avg:  -0.0001 | Raw Avg:   0.0056
  collision                 | Scaled Avg:  -0.0014 | Raw Avg:   0.0700
  dof_acc                   | Scaled Avg:  -0.0010 | Raw Avg: 190948.8281
  dof_error                 | Scaled Avg:  -0.0067 | Raw Avg:   0.6725
  dof_vel                   | Scaled Avg:  -0.0195 | Raw Avg:  48.6770
  feet_air_time             | Scaled Avg:   0.0001 | Raw Avg:   0.0017
  feet_contact_forces       | Scaled Avg:  -0.0000 | Raw Avg:   4.7887
  foot_clearance            | Scaled Avg:  -0.0001 | Raw Avg:   0.0055
  foot_mirror               | Scaled Avg:  -0.0003 | Raw Avg:   0.2798
  foot_slide                | Scaled Avg:  -0.0011 | Raw Avg:   1.1424
  has_contact               | Scaled Avg:   0.0018 | Raw Avg:   0.0875
  hip_pos                   | Scaled Avg:  -0.0010 | Raw Avg:   0.1014
  lin_vel_z                 | Scaled Avg:  -0.0063 | Raw Avg:   0.0782
  orientation               | Scaled Avg:  -0.0004 | Raw Avg:   0.1054
  powers                    | Scaled Avg:  -0.0000 | Raw Avg:  99.2982
  stand_still               | Scaled Avg:  -0.0005 | Raw Avg:   0.0128
  torques                   | Scaled Avg:  -0.0002 | Raw Avg: 981.6338
  tracking_ang_vel          | Scaled Avg:   0.0079 | Raw Avg:   0.3939
  tracking_lin_vel          | Scaled Avg:   0.0163 | Raw Avg:   0.4076
  termination               | Scaled Avg:  -0.0010
  TOTAL REWARD              | Scaled Avg:  -0.0470
------------------------------

------------------------------
Step: 100500 - Reward Breakdown:
  action_rate               | Scaled Avg:  -0.0287 | Raw Avg:   0.9561
  action_smoothness         | Scaled Avg:  -0.0004 | Raw Avg:   0.1823
  ang_vel_xy                | Scaled Avg:  -0.0048 | Raw Avg:   2.4231
  base_height               | Scaled Avg:  -0.0001 | Raw Avg:   0.0059
  collision                 | Scaled Avg:  -0.0013 | Raw Avg:   0.0671
  dof_acc                   | Scaled Avg:  -0.0009 | Raw Avg: 184955.7969
  dof_error                 | Scaled Avg:  -0.0071 | Raw Avg:   0.7130
  dof_vel                   | Scaled Avg:  -0.0203 | Raw Avg:  50.8201
  feet_air_time             | Scaled Avg:   0.0001 | Raw Avg:   0.0018
  feet_contact_forces       | Scaled Avg:  -0.0000 | Raw Avg:   4.5032
  foot_clearance            | Scaled Avg:  -0.0001 | Raw Avg:   0.0055
  foot_mirror               | Scaled Avg:  -0.0003 | Raw Avg:   0.2875
  foot_slide                | Scaled Avg:  -0.0012 | Raw Avg:   1.1550
  has_contact               | Scaled Avg:   0.0018 | Raw Avg:   0.0923
  hip_pos                   | Scaled Avg:  -0.0011 | Raw Avg:   0.1072
  lin_vel_z                 | Scaled Avg:  -0.0063 | Raw Avg:   0.0786
  orientation               | Scaled Avg:  -0.0004 | Raw Avg:   0.1022
  powers                    | Scaled Avg:  -0.0000 | Raw Avg: 102.0091
  stand_still               | Scaled Avg:  -0.0005 | Raw Avg:   0.0120
  torques                   | Scaled Avg:  -0.0002 | Raw Avg: 1005.6011
  tracking_ang_vel          | Scaled Avg:   0.0079 | Raw Avg:   0.3966
  tracking_lin_vel          | Scaled Avg:   0.0163 | Raw Avg:   0.4072
  termination               | Scaled Avg:  -0.0009
  TOTAL REWARD              | Scaled Avg:  -0.0485
------------------------------
################################################################################
                    [1m Learning iteration 9200/10000 [0m                     

                       Computation: 59238 steps/s (collection: 1.922s, learning 0.548s)
                     surrogate_loss -0.0070
                         value_loss 0.0708
                            entropy 2.3596
                     estimator_loss 0.0000
                         total_loss 0.0874
             Mean action noise std: 0.20
                       Mean reward: -3.10
               Mean episode length: 41.67
      Mean episode rew_action_rate: -0.0828
Mean episode rew_frame_action_rate: -0.0354
Mean episode rew_action_smoothness: -0.0010
Mean episode rew_frame_action_smoothness: -0.0004
       Mean episode rew_ang_vel_xy: -0.0141
 Mean episode rew_frame_ang_vel_xy: -0.0078
      Mean episode rew_base_height: -0.0003
Mean episode rew_frame_base_height: -0.0002
        Mean episode rew_collision: -0.0037
  Mean episode rew_frame_collision: -0.0019
          Mean episode rew_dof_acc: -0.0028
    Mean episode rew_frame_dof_acc: -0.0017
        Mean episode rew_dof_error: -0.0207
  Mean episode rew_frame_dof_error: -0.0099
          Mean episode rew_dof_vel: -0.0598
    Mean episode rew_frame_dof_vel: -0.0343
    Mean episode rew_feet_air_time: 0.0002
Mean episode rew_frame_feet_air_time: 0.0001
Mean episode rew_feet_contact_forces: -0.0000
Mean episode rew_frame_feet_contact_forces: -0.0000
   Mean episode rew_foot_clearance: -0.0002
Mean episode rew_frame_foot_clearance: -0.0001
      Mean episode rew_foot_mirror: -0.0008
Mean episode rew_frame_foot_mirror: -0.0004
       Mean episode rew_foot_slide: -0.0033
 Mean episode rew_frame_foot_slide: -0.0014
      Mean episode rew_has_contact: 0.0053
Mean episode rew_frame_has_contact: 0.0004
          Mean episode rew_hip_pos: -0.0032
    Mean episode rew_frame_hip_pos: -0.0015
        Mean episode rew_lin_vel_z: -0.0196
  Mean episode rew_frame_lin_vel_z: -0.0120
      Mean episode rew_orientation: -0.0013
Mean episode rew_frame_orientation: -0.0007
           Mean episode rew_powers: -0.0001
     Mean episode rew_frame_powers: -0.0001
      Mean episode rew_stand_still: -0.0019
Mean episode rew_frame_stand_still: -0.0001
          Mean episode rew_stumble: -0.0000
    Mean episode rew_frame_stumble: -0.0000
      Mean episode rew_termination: -0.0030
Mean episode rew_frame_termination: -0.0019
          Mean episode rew_torques: -0.0006
    Mean episode rew_frame_torques: -0.0002
 Mean episode rew_tracking_ang_vel: 0.0222
Mean episode rew_frame_tracking_ang_vel: 0.0073
 Mean episode rew_tracking_lin_vel: 0.0457
Mean episode rew_frame_tracking_lin_vel: 0.0088
Mean episode max_power_throughout_episode: 4155.8833
            Mean episode max_pos_x: 1.0180
            Mean episode min_pos_x: -0.1510
            Mean episode max_pos_y: 0.5236
            Mean episode min_pos_y: -0.5148
        Mean episode timeout_ratio: 0.0000
       Mean episode num_terminated: 101.1250
--------------------------------------------------------------------------------
                   Total timesteps: 6291072
                    Iteration time: 2.47s
                        Total time: 11389.25s
                               ETA: 2168.9s


------------------------------
Step: 101000 - Reward Breakdown:
  action_rate               | Scaled Avg:  -0.0284 | Raw Avg:   0.9482
  action_smoothness         | Scaled Avg:  -0.0004 | Raw Avg:   0.1804
  ang_vel_xy                | Scaled Avg:  -0.0046 | Raw Avg:   2.2930
  base_height               | Scaled Avg:  -0.0001 | Raw Avg:   0.0058
  collision                 | Scaled Avg:  -0.0013 | Raw Avg:   0.0674
  dof_acc                   | Scaled Avg:  -0.0008 | Raw Avg: 155878.8594
  dof_error                 | Scaled Avg:  -0.0069 | Raw Avg:   0.6933
  dof_vel                   | Scaled Avg:  -0.0191 | Raw Avg:  47.6542
  feet_air_time             | Scaled Avg:   0.0001 | Raw Avg:   0.0013
  feet_contact_forces       | Scaled Avg:  -0.0000 | Raw Avg:   4.7552
  foot_clearance            | Scaled Avg:  -0.0001 | Raw Avg:   0.0061
  foot_mirror               | Scaled Avg:  -0.0003 | Raw Avg:   0.2856
  foot_slide                | Scaled Avg:  -0.0014 | Raw Avg:   1.4263
  has_contact               | Scaled Avg:   0.0019 | Raw Avg:   0.0926
  hip_pos                   | Scaled Avg:  -0.0011 | Raw Avg:   0.1057
  lin_vel_z                 | Scaled Avg:  -0.0063 | Raw Avg:   0.0783
  orientation               | Scaled Avg:  -0.0004 | Raw Avg:   0.1049
  powers                    | Scaled Avg:  -0.0000 | Raw Avg: 100.6984
  stand_still               | Scaled Avg:  -0.0007 | Raw Avg:   0.0184
  torques                   | Scaled Avg:  -0.0002 | Raw Avg: 1025.6422
  tracking_ang_vel          | Scaled Avg:   0.0080 | Raw Avg:   0.3988
  tracking_lin_vel          | Scaled Avg:   0.0161 | Raw Avg:   0.4020
  termination               | Scaled Avg:  -0.0011
  TOTAL REWARD              | Scaled Avg:  -0.0473
------------------------------

------------------------------
Step: 101500 - Reward Breakdown:
  action_rate               | Scaled Avg:  -0.0288 | Raw Avg:   0.9602
  action_smoothness         | Scaled Avg:  -0.0004 | Raw Avg:   0.1852
  ang_vel_xy                | Scaled Avg:  -0.0050 | Raw Avg:   2.5079
  base_height               | Scaled Avg:  -0.0001 | Raw Avg:   0.0059
  collision                 | Scaled Avg:  -0.0013 | Raw Avg:   0.0643
  dof_acc                   | Scaled Avg:  -0.0010 | Raw Avg: 192912.4688
  dof_error                 | Scaled Avg:  -0.0070 | Raw Avg:   0.6989
  dof_vel                   | Scaled Avg:  -0.0204 | Raw Avg:  51.0499
  feet_air_time             | Scaled Avg:   0.0001 | Raw Avg:   0.0016
  feet_contact_forces       | Scaled Avg:  -0.0000 | Raw Avg:   4.3641
  foot_clearance            | Scaled Avg:  -0.0001 | Raw Avg:   0.0057
  foot_mirror               | Scaled Avg:  -0.0003 | Raw Avg:   0.2778
  foot_slide                | Scaled Avg:  -0.0011 | Raw Avg:   1.1478
  has_contact               | Scaled Avg:   0.0017 | Raw Avg:   0.0862
  hip_pos                   | Scaled Avg:  -0.0011 | Raw Avg:   0.1082
  lin_vel_z                 | Scaled Avg:  -0.0069 | Raw Avg:   0.0860
  orientation               | Scaled Avg:  -0.0004 | Raw Avg:   0.1069
  powers                    | Scaled Avg:  -0.0000 | Raw Avg: 102.4450
  stand_still               | Scaled Avg:  -0.0006 | Raw Avg:   0.0144
  torques                   | Scaled Avg:  -0.0002 | Raw Avg: 1014.1713
  tracking_ang_vel          | Scaled Avg:   0.0079 | Raw Avg:   0.3964
  tracking_lin_vel          | Scaled Avg:   0.0164 | Raw Avg:   0.4088
  termination               | Scaled Avg:  -0.0012
  TOTAL REWARD              | Scaled Avg:  -0.0498
------------------------------

------------------------------
Step: 102000 - Reward Breakdown:
  action_rate               | Scaled Avg:  -0.0279 | Raw Avg:   0.9290
  action_smoothness         | Scaled Avg:  -0.0004 | Raw Avg:   0.1818
  ang_vel_xy                | Scaled Avg:  -0.0044 | Raw Avg:   2.1895
  base_height               | Scaled Avg:  -0.0001 | Raw Avg:   0.0057
  collision                 | Scaled Avg:  -0.0013 | Raw Avg:   0.0651
  dof_acc                   | Scaled Avg:  -0.0008 | Raw Avg: 158955.2969
  dof_error                 | Scaled Avg:  -0.0067 | Raw Avg:   0.6731
  dof_vel                   | Scaled Avg:  -0.0187 | Raw Avg:  46.6352
  feet_air_time             | Scaled Avg:   0.0001 | Raw Avg:   0.0013
  feet_contact_forces       | Scaled Avg:  -0.0000 | Raw Avg:   4.3087
  foot_clearance            | Scaled Avg:  -0.0001 | Raw Avg:   0.0052
  foot_mirror               | Scaled Avg:  -0.0003 | Raw Avg:   0.2759
  foot_slide                | Scaled Avg:  -0.0011 | Raw Avg:   1.0905
  has_contact               | Scaled Avg:   0.0019 | Raw Avg:   0.0933
  hip_pos                   | Scaled Avg:  -0.0010 | Raw Avg:   0.1023
  lin_vel_z                 | Scaled Avg:  -0.0063 | Raw Avg:   0.0788
  orientation               | Scaled Avg:  -0.0004 | Raw Avg:   0.1005
  powers                    | Scaled Avg:  -0.0000 | Raw Avg:  97.4356
  stand_still               | Scaled Avg:  -0.0005 | Raw Avg:   0.0135
  torques                   | Scaled Avg:  -0.0002 | Raw Avg: 1002.8834
  tracking_ang_vel          | Scaled Avg:   0.0078 | Raw Avg:   0.3915
  tracking_lin_vel          | Scaled Avg:   0.0162 | Raw Avg:   0.4057
  termination               | Scaled Avg:  -0.0008
  TOTAL REWARD              | Scaled Avg:  -0.0450
------------------------------

------------------------------
Step: 102500 - Reward Breakdown:
  action_rate               | Scaled Avg:  -0.0281 | Raw Avg:   0.9375
  action_smoothness         | Scaled Avg:  -0.0004 | Raw Avg:   0.1813
  ang_vel_xy                | Scaled Avg:  -0.0048 | Raw Avg:   2.3772
  base_height               | Scaled Avg:  -0.0001 | Raw Avg:   0.0059
  collision                 | Scaled Avg:  -0.0013 | Raw Avg:   0.0651
  dof_acc                   | Scaled Avg:  -0.0009 | Raw Avg: 186051.9062
  dof_error                 | Scaled Avg:  -0.0070 | Raw Avg:   0.6983
  dof_vel                   | Scaled Avg:  -0.0196 | Raw Avg:  49.0148
  feet_air_time             | Scaled Avg:   0.0001 | Raw Avg:   0.0021
  feet_contact_forces       | Scaled Avg:  -0.0000 | Raw Avg:   5.0930
  foot_clearance            | Scaled Avg:  -0.0001 | Raw Avg:   0.0055
  foot_mirror               | Scaled Avg:  -0.0003 | Raw Avg:   0.2833
  foot_slide                | Scaled Avg:  -0.0011 | Raw Avg:   1.1310
  has_contact               | Scaled Avg:   0.0018 | Raw Avg:   0.0896
  hip_pos                   | Scaled Avg:  -0.0011 | Raw Avg:   0.1087
  lin_vel_z                 | Scaled Avg:  -0.0061 | Raw Avg:   0.0761
  orientation               | Scaled Avg:  -0.0004 | Raw Avg:   0.1075
  powers                    | Scaled Avg:  -0.0000 | Raw Avg:  99.8837
  stand_still               | Scaled Avg:  -0.0005 | Raw Avg:   0.0134
  torques                   | Scaled Avg:  -0.0002 | Raw Avg: 1005.1132
  tracking_ang_vel          | Scaled Avg:   0.0078 | Raw Avg:   0.3884
  tracking_lin_vel          | Scaled Avg:   0.0160 | Raw Avg:   0.4002
  termination               | Scaled Avg:  -0.0010
  TOTAL REWARD              | Scaled Avg:  -0.0474
------------------------------

------------------------------
Step: 103000 - Reward Breakdown:
  action_rate               | Scaled Avg:  -0.0280 | Raw Avg:   0.9329
  action_smoothness         | Scaled Avg:  -0.0004 | Raw Avg:   0.1825
  ang_vel_xy                | Scaled Avg:  -0.0049 | Raw Avg:   2.4349
  base_height               | Scaled Avg:  -0.0001 | Raw Avg:   0.0061
  collision                 | Scaled Avg:  -0.0015 | Raw Avg:   0.0743
  dof_acc                   | Scaled Avg:  -0.0010 | Raw Avg: 197096.4375
  dof_error                 | Scaled Avg:  -0.0071 | Raw Avg:   0.7080
  dof_vel                   | Scaled Avg:  -0.0197 | Raw Avg:  49.3677
  feet_air_time             | Scaled Avg:   0.0001 | Raw Avg:   0.0018
  feet_contact_forces       | Scaled Avg:  -0.0000 | Raw Avg:   4.7337
  foot_clearance            | Scaled Avg:  -0.0001 | Raw Avg:   0.0056
  foot_mirror               | Scaled Avg:  -0.0003 | Raw Avg:   0.2895
  foot_slide                | Scaled Avg:  -0.0011 | Raw Avg:   1.1471
  has_contact               | Scaled Avg:   0.0018 | Raw Avg:   0.0919
  hip_pos                   | Scaled Avg:  -0.0011 | Raw Avg:   0.1102
  lin_vel_z                 | Scaled Avg:  -0.0064 | Raw Avg:   0.0798
  orientation               | Scaled Avg:  -0.0004 | Raw Avg:   0.1098
  powers                    | Scaled Avg:  -0.0000 | Raw Avg: 101.8505
  stand_still               | Scaled Avg:  -0.0005 | Raw Avg:   0.0133
  torques                   | Scaled Avg:  -0.0002 | Raw Avg: 1002.8226
  tracking_ang_vel          | Scaled Avg:   0.0080 | Raw Avg:   0.4004
  tracking_lin_vel          | Scaled Avg:   0.0159 | Raw Avg:   0.3985
  termination               | Scaled Avg:  -0.0011
  TOTAL REWARD              | Scaled Avg:  -0.0481
------------------------------
################################################################################
                    [1m Learning iteration 9300/10000 [0m                     

                       Computation: 58866 steps/s (collection: 1.939s, learning 0.546s)
                     surrogate_loss -0.0066
                         value_loss 0.0624
                            entropy 2.3452
                     estimator_loss 0.0000
                         total_loss 0.0793
             Mean action noise std: 0.20
                       Mean reward: -2.54
               Mean episode length: 86.46
      Mean episode rew_action_rate: -0.0887
Mean episode rew_frame_action_rate: -0.0335
Mean episode rew_action_smoothness: -0.0012
Mean episode rew_frame_action_smoothness: -0.0004
       Mean episode rew_ang_vel_xy: -0.0140
 Mean episode rew_frame_ang_vel_xy: -0.0071
      Mean episode rew_base_height: -0.0004
Mean episode rew_frame_base_height: -0.0002
        Mean episode rew_collision: -0.0043
  Mean episode rew_frame_collision: -0.0021
          Mean episode rew_dof_acc: -0.0027
    Mean episode rew_frame_dof_acc: -0.0015
        Mean episode rew_dof_error: -0.0216
  Mean episode rew_frame_dof_error: -0.0096
          Mean episode rew_dof_vel: -0.0593
    Mean episode rew_frame_dof_vel: -0.0313
    Mean episode rew_feet_air_time: 0.0002
Mean episode rew_frame_feet_air_time: 0.0001
Mean episode rew_feet_contact_forces: -0.0000
Mean episode rew_frame_feet_contact_forces: -0.0000
   Mean episode rew_foot_clearance: -0.0002
Mean episode rew_frame_foot_clearance: -0.0001
      Mean episode rew_foot_mirror: -0.0009
Mean episode rew_frame_foot_mirror: -0.0004
       Mean episode rew_foot_slide: -0.0036
 Mean episode rew_frame_foot_slide: -0.0014
      Mean episode rew_has_contact: 0.0067
Mean episode rew_frame_has_contact: 0.0004
          Mean episode rew_hip_pos: -0.0035
    Mean episode rew_frame_hip_pos: -0.0015
        Mean episode rew_lin_vel_z: -0.0187
  Mean episode rew_frame_lin_vel_z: -0.0107
      Mean episode rew_orientation: -0.0013
Mean episode rew_frame_orientation: -0.0007
           Mean episode rew_powers: -0.0001
     Mean episode rew_frame_powers: -0.0001
      Mean episode rew_stand_still: -0.0011
Mean episode rew_frame_stand_still: -0.0001
          Mean episode rew_stumble: -0.0000
    Mean episode rew_frame_stumble: -0.0000
      Mean episode rew_termination: -0.0030
Mean episode rew_frame_termination: -0.0018
          Mean episode rew_torques: -0.0006
    Mean episode rew_frame_torques: -0.0002
 Mean episode rew_tracking_ang_vel: 0.0253
Mean episode rew_frame_tracking_ang_vel: 0.0075
 Mean episode rew_tracking_lin_vel: 0.0524
Mean episode rew_frame_tracking_lin_vel: 0.0091
Mean episode max_power_throughout_episode: 4062.1589
            Mean episode max_pos_x: 1.0546
            Mean episode min_pos_x: -0.1746
            Mean episode max_pos_y: 0.5227
            Mean episode min_pos_y: -0.5683
        Mean episode timeout_ratio: 0.0008
       Mean episode num_terminated: 102.1667
--------------------------------------------------------------------------------
                   Total timesteps: 6437376
                    Iteration time: 2.49s
                        Total time: 11652.21s
                               ETA: 1896.4s


------------------------------
Step: 103500 - Reward Breakdown:
  action_rate               | Scaled Avg:  -0.0289 | Raw Avg:   0.9641
  action_smoothness         | Scaled Avg:  -0.0004 | Raw Avg:   0.1816
  ang_vel_xy                | Scaled Avg:  -0.0047 | Raw Avg:   2.3466
  base_height               | Scaled Avg:  -0.0001 | Raw Avg:   0.0060
  collision                 | Scaled Avg:  -0.0013 | Raw Avg:   0.0628
  dof_acc                   | Scaled Avg:  -0.0010 | Raw Avg: 192872.4375
  dof_error                 | Scaled Avg:  -0.0069 | Raw Avg:   0.6850
  dof_vel                   | Scaled Avg:  -0.0198 | Raw Avg:  49.5819
  feet_air_time             | Scaled Avg:   0.0001 | Raw Avg:   0.0014
  feet_contact_forces       | Scaled Avg:  -0.0000 | Raw Avg:   4.5361
  foot_clearance            | Scaled Avg:  -0.0001 | Raw Avg:   0.0054
  foot_mirror               | Scaled Avg:  -0.0003 | Raw Avg:   0.2934
  foot_slide                | Scaled Avg:  -0.0012 | Raw Avg:   1.1527
  has_contact               | Scaled Avg:   0.0017 | Raw Avg:   0.0855
  hip_pos                   | Scaled Avg:  -0.0011 | Raw Avg:   0.1122
  lin_vel_z                 | Scaled Avg:  -0.0062 | Raw Avg:   0.0778
  orientation               | Scaled Avg:  -0.0004 | Raw Avg:   0.1094
  powers                    | Scaled Avg:  -0.0000 | Raw Avg: 102.4210
  stand_still               | Scaled Avg:  -0.0005 | Raw Avg:   0.0121
  torques                   | Scaled Avg:  -0.0002 | Raw Avg: 1023.9460
  tracking_ang_vel          | Scaled Avg:   0.0078 | Raw Avg:   0.3921
  tracking_lin_vel          | Scaled Avg:   0.0161 | Raw Avg:   0.4018
  termination               | Scaled Avg:  -0.0012
  TOTAL REWARD              | Scaled Avg:  -0.0485
------------------------------

------------------------------
Step: 104000 - Reward Breakdown:
  action_rate               | Scaled Avg:  -0.0288 | Raw Avg:   0.9591
  action_smoothness         | Scaled Avg:  -0.0004 | Raw Avg:   0.1834
  ang_vel_xy                | Scaled Avg:  -0.0047 | Raw Avg:   2.3309
  base_height               | Scaled Avg:  -0.0001 | Raw Avg:   0.0058
  collision                 | Scaled Avg:  -0.0013 | Raw Avg:   0.0633
  dof_acc                   | Scaled Avg:  -0.0009 | Raw Avg: 183561.7031
  dof_error                 | Scaled Avg:  -0.0069 | Raw Avg:   0.6897
  dof_vel                   | Scaled Avg:  -0.0199 | Raw Avg:  49.8053
  feet_air_time             | Scaled Avg:   0.0001 | Raw Avg:   0.0016
  feet_contact_forces       | Scaled Avg:  -0.0000 | Raw Avg:   4.2330
  foot_clearance            | Scaled Avg:  -0.0001 | Raw Avg:   0.0052
  foot_mirror               | Scaled Avg:  -0.0003 | Raw Avg:   0.2751
  foot_slide                | Scaled Avg:  -0.0011 | Raw Avg:   1.1129
  has_contact               | Scaled Avg:   0.0017 | Raw Avg:   0.0837
  hip_pos                   | Scaled Avg:  -0.0011 | Raw Avg:   0.1096
  lin_vel_z                 | Scaled Avg:  -0.0061 | Raw Avg:   0.0764
  orientation               | Scaled Avg:  -0.0004 | Raw Avg:   0.1039
  powers                    | Scaled Avg:  -0.0000 | Raw Avg:  99.5977
  stand_still               | Scaled Avg:  -0.0005 | Raw Avg:   0.0125
  torques                   | Scaled Avg:  -0.0002 | Raw Avg: 994.6363
  tracking_ang_vel          | Scaled Avg:   0.0078 | Raw Avg:   0.3911
  tracking_lin_vel          | Scaled Avg:   0.0159 | Raw Avg:   0.3970
  termination               | Scaled Avg:  -0.0009
  TOTAL REWARD              | Scaled Avg:  -0.0482
------------------------------

------------------------------
Step: 104500 - Reward Breakdown:
  action_rate               | Scaled Avg:  -0.0284 | Raw Avg:   0.9464
  action_smoothness         | Scaled Avg:  -0.0004 | Raw Avg:   0.1836
  ang_vel_xy                | Scaled Avg:  -0.0049 | Raw Avg:   2.4511
  base_height               | Scaled Avg:  -0.0001 | Raw Avg:   0.0062
  collision                 | Scaled Avg:  -0.0014 | Raw Avg:   0.0700
  dof_acc                   | Scaled Avg:  -0.0009 | Raw Avg: 176707.0156
  dof_error                 | Scaled Avg:  -0.0071 | Raw Avg:   0.7105
  dof_vel                   | Scaled Avg:  -0.0202 | Raw Avg:  50.6133
  feet_air_time             | Scaled Avg:   0.0001 | Raw Avg:   0.0013
  feet_contact_forces       | Scaled Avg:  -0.0000 | Raw Avg:   4.7800
  foot_clearance            | Scaled Avg:  -0.0001 | Raw Avg:   0.0053
  foot_mirror               | Scaled Avg:  -0.0003 | Raw Avg:   0.2878
  foot_slide                | Scaled Avg:  -0.0012 | Raw Avg:   1.1525
  has_contact               | Scaled Avg:   0.0018 | Raw Avg:   0.0891
  hip_pos                   | Scaled Avg:  -0.0011 | Raw Avg:   0.1120
  lin_vel_z                 | Scaled Avg:  -0.0068 | Raw Avg:   0.0846
  orientation               | Scaled Avg:  -0.0004 | Raw Avg:   0.1097
  powers                    | Scaled Avg:  -0.0000 | Raw Avg: 101.8057
  stand_still               | Scaled Avg:  -0.0003 | Raw Avg:   0.0076
  torques                   | Scaled Avg:  -0.0002 | Raw Avg: 1004.8240
  tracking_ang_vel          | Scaled Avg:   0.0080 | Raw Avg:   0.4010
  tracking_lin_vel          | Scaled Avg:   0.0161 | Raw Avg:   0.4036
  termination               | Scaled Avg:  -0.0009
  TOTAL REWARD              | Scaled Avg:  -0.0488
------------------------------

------------------------------
Step: 105000 - Reward Breakdown:
  action_rate               | Scaled Avg:  -0.0288 | Raw Avg:   0.9594
  action_smoothness         | Scaled Avg:  -0.0004 | Raw Avg:   0.1843
  ang_vel_xy                | Scaled Avg:  -0.0051 | Raw Avg:   2.5463
  base_height               | Scaled Avg:  -0.0001 | Raw Avg:   0.0064
  collision                 | Scaled Avg:  -0.0014 | Raw Avg:   0.0682
  dof_acc                   | Scaled Avg:  -0.0009 | Raw Avg: 180415.4531
  dof_error                 | Scaled Avg:  -0.0072 | Raw Avg:   0.7211
  dof_vel                   | Scaled Avg:  -0.0207 | Raw Avg:  51.6979
  feet_air_time             | Scaled Avg:   0.0001 | Raw Avg:   0.0018
  feet_contact_forces       | Scaled Avg:  -0.0000 | Raw Avg:   4.8774
  foot_clearance            | Scaled Avg:  -0.0001 | Raw Avg:   0.0057
  foot_mirror               | Scaled Avg:  -0.0003 | Raw Avg:   0.2904
  foot_slide                | Scaled Avg:  -0.0012 | Raw Avg:   1.1570
  has_contact               | Scaled Avg:   0.0019 | Raw Avg:   0.0926
  hip_pos                   | Scaled Avg:  -0.0011 | Raw Avg:   0.1065
  lin_vel_z                 | Scaled Avg:  -0.0073 | Raw Avg:   0.0910
  orientation               | Scaled Avg:  -0.0004 | Raw Avg:   0.1115
  powers                    | Scaled Avg:  -0.0000 | Raw Avg: 104.4926
  stand_still               | Scaled Avg:  -0.0006 | Raw Avg:   0.0153
  torques                   | Scaled Avg:  -0.0002 | Raw Avg: 995.7236
  tracking_ang_vel          | Scaled Avg:   0.0080 | Raw Avg:   0.3978
  tracking_lin_vel          | Scaled Avg:   0.0161 | Raw Avg:   0.4014
  termination               | Scaled Avg:  -0.0011
  TOTAL REWARD              | Scaled Avg:  -0.0508
------------------------------

------------------------------
Step: 105500 - Reward Breakdown:
  action_rate               | Scaled Avg:  -0.0297 | Raw Avg:   0.9899
  action_smoothness         | Scaled Avg:  -0.0004 | Raw Avg:   0.1831
  ang_vel_xy                | Scaled Avg:  -0.0046 | Raw Avg:   2.2880
  base_height               | Scaled Avg:  -0.0001 | Raw Avg:   0.0061
  collision                 | Scaled Avg:  -0.0012 | Raw Avg:   0.0610
  dof_acc                   | Scaled Avg:  -0.0009 | Raw Avg: 177431.1875
  dof_error                 | Scaled Avg:  -0.0070 | Raw Avg:   0.6983
  dof_vel                   | Scaled Avg:  -0.0194 | Raw Avg:  48.6111
  feet_air_time             | Scaled Avg:   0.0001 | Raw Avg:   0.0020
  feet_contact_forces       | Scaled Avg:  -0.0000 | Raw Avg:   4.3064
  foot_clearance            | Scaled Avg:  -0.0001 | Raw Avg:   0.0052
  foot_mirror               | Scaled Avg:  -0.0003 | Raw Avg:   0.2722
  foot_slide                | Scaled Avg:  -0.0011 | Raw Avg:   1.1418
  has_contact               | Scaled Avg:   0.0018 | Raw Avg:   0.0892
  hip_pos                   | Scaled Avg:  -0.0010 | Raw Avg:   0.1019
  lin_vel_z                 | Scaled Avg:  -0.0061 | Raw Avg:   0.0757
  orientation               | Scaled Avg:  -0.0004 | Raw Avg:   0.1037
  powers                    | Scaled Avg:  -0.0000 | Raw Avg:  99.7726
  stand_still               | Scaled Avg:  -0.0006 | Raw Avg:   0.0149
  torques                   | Scaled Avg:  -0.0002 | Raw Avg: 1004.6145
  tracking_ang_vel          | Scaled Avg:   0.0080 | Raw Avg:   0.4025
  tracking_lin_vel          | Scaled Avg:   0.0159 | Raw Avg:   0.3978
  termination               | Scaled Avg:  -0.0010
  TOTAL REWARD              | Scaled Avg:  -0.0483
------------------------------
################################################################################
                    [1m Learning iteration 9400/10000 [0m                     

                       Computation: 46455 steps/s (collection: 2.601s, learning 0.549s)
                     surrogate_loss -0.0078
                         value_loss 0.0620
                            entropy 2.3697
                     estimator_loss 0.0000
                         total_loss 0.0779
             Mean action noise std: 0.20
                       Mean reward: -2.85
               Mean episode length: 62.33
      Mean episode rew_action_rate: -0.0896
Mean episode rew_frame_action_rate: -0.0341
Mean episode rew_action_smoothness: -0.0012
Mean episode rew_frame_action_smoothness: -0.0004
       Mean episode rew_ang_vel_xy: -0.0141
 Mean episode rew_frame_ang_vel_xy: -0.0071
      Mean episode rew_base_height: -0.0004
Mean episode rew_frame_base_height: -0.0002
        Mean episode rew_collision: -0.0042
  Mean episode rew_frame_collision: -0.0021
          Mean episode rew_dof_acc: -0.0026
    Mean episode rew_frame_dof_acc: -0.0015
        Mean episode rew_dof_error: -0.0221
  Mean episode rew_frame_dof_error: -0.0098
          Mean episode rew_dof_vel: -0.0592
    Mean episode rew_frame_dof_vel: -0.0313
    Mean episode rew_feet_air_time: 0.0002
Mean episode rew_frame_feet_air_time: 0.0001
Mean episode rew_feet_contact_forces: -0.0000
Mean episode rew_frame_feet_contact_forces: -0.0000
   Mean episode rew_foot_clearance: -0.0002
Mean episode rew_frame_foot_clearance: -0.0001
      Mean episode rew_foot_mirror: -0.0009
Mean episode rew_frame_foot_mirror: -0.0004
       Mean episode rew_foot_slide: -0.0036
 Mean episode rew_frame_foot_slide: -0.0014
      Mean episode rew_has_contact: 0.0064
Mean episode rew_frame_has_contact: 0.0004
          Mean episode rew_hip_pos: -0.0032
    Mean episode rew_frame_hip_pos: -0.0014
        Mean episode rew_lin_vel_z: -0.0188
  Mean episode rew_frame_lin_vel_z: -0.0108
      Mean episode rew_orientation: -0.0013
Mean episode rew_frame_orientation: -0.0007
           Mean episode rew_powers: -0.0001
     Mean episode rew_frame_powers: -0.0001
      Mean episode rew_stand_still: -0.0018
Mean episode rew_frame_stand_still: -0.0002
          Mean episode rew_stumble: -0.0000
    Mean episode rew_frame_stumble: -0.0000
      Mean episode rew_termination: -0.0030
Mean episode rew_frame_termination: -0.0018
          Mean episode rew_torques: -0.0006
    Mean episode rew_frame_torques: -0.0002
 Mean episode rew_tracking_ang_vel: 0.0256
Mean episode rew_frame_tracking_ang_vel: 0.0076
 Mean episode rew_tracking_lin_vel: 0.0524
Mean episode rew_frame_tracking_lin_vel: 0.0093
Mean episode max_power_throughout_episode: 4048.1082
            Mean episode max_pos_x: 1.0088
            Mean episode min_pos_x: -0.1651
            Mean episode max_pos_y: 0.5122
            Mean episode min_pos_y: -0.5515
        Mean episode timeout_ratio: 0.0004
       Mean episode num_terminated: 97.7500
--------------------------------------------------------------------------------
                   Total timesteps: 6583680
                    Iteration time: 3.15s
                        Total time: 11919.57s
                               ETA: 1625.0s


------------------------------
Step: 106000 - Reward Breakdown:
  action_rate               | Scaled Avg:  -0.0286 | Raw Avg:   0.9520
  action_smoothness         | Scaled Avg:  -0.0004 | Raw Avg:   0.1814
  ang_vel_xy                | Scaled Avg:  -0.0048 | Raw Avg:   2.3924
  base_height               | Scaled Avg:  -0.0001 | Raw Avg:   0.0061
  collision                 | Scaled Avg:  -0.0014 | Raw Avg:   0.0692
  dof_acc                   | Scaled Avg:  -0.0009 | Raw Avg: 179297.4219
  dof_error                 | Scaled Avg:  -0.0071 | Raw Avg:   0.7145
  dof_vel                   | Scaled Avg:  -0.0195 | Raw Avg:  48.6855
  feet_air_time             | Scaled Avg:   0.0001 | Raw Avg:   0.0020
  feet_contact_forces       | Scaled Avg:  -0.0000 | Raw Avg:   5.0305
  foot_clearance            | Scaled Avg:  -0.0001 | Raw Avg:   0.0055
  foot_mirror               | Scaled Avg:  -0.0003 | Raw Avg:   0.2783
  foot_slide                | Scaled Avg:  -0.0011 | Raw Avg:   1.1415
  has_contact               | Scaled Avg:   0.0017 | Raw Avg:   0.0835
  hip_pos                   | Scaled Avg:  -0.0011 | Raw Avg:   0.1075
  lin_vel_z                 | Scaled Avg:  -0.0065 | Raw Avg:   0.0816
  orientation               | Scaled Avg:  -0.0004 | Raw Avg:   0.1040
  powers                    | Scaled Avg:  -0.0000 | Raw Avg: 100.0765
  stand_still               | Scaled Avg:  -0.0005 | Raw Avg:   0.0130
  torques                   | Scaled Avg:  -0.0002 | Raw Avg: 997.3071
  tracking_ang_vel          | Scaled Avg:   0.0082 | Raw Avg:   0.4108
  tracking_lin_vel          | Scaled Avg:   0.0158 | Raw Avg:   0.3942
  termination               | Scaled Avg:  -0.0010
  TOTAL REWARD              | Scaled Avg:  -0.0483
------------------------------

------------------------------
Step: 106500 - Reward Breakdown:
  action_rate               | Scaled Avg:  -0.0284 | Raw Avg:   0.9474
  action_smoothness         | Scaled Avg:  -0.0004 | Raw Avg:   0.1813
  ang_vel_xy                | Scaled Avg:  -0.0044 | Raw Avg:   2.2052
  base_height               | Scaled Avg:  -0.0001 | Raw Avg:   0.0056
  collision                 | Scaled Avg:  -0.0012 | Raw Avg:   0.0587
  dof_acc                   | Scaled Avg:  -0.0008 | Raw Avg: 166770.6406
  dof_error                 | Scaled Avg:  -0.0066 | Raw Avg:   0.6585
  dof_vel                   | Scaled Avg:  -0.0182 | Raw Avg:  45.5128
  feet_air_time             | Scaled Avg:   0.0001 | Raw Avg:   0.0016
  feet_contact_forces       | Scaled Avg:  -0.0000 | Raw Avg:   4.0814
  foot_clearance            | Scaled Avg:  -0.0000 | Raw Avg:   0.0048
  foot_mirror               | Scaled Avg:  -0.0003 | Raw Avg:   0.2639
  foot_slide                | Scaled Avg:  -0.0011 | Raw Avg:   1.1029
  has_contact               | Scaled Avg:   0.0017 | Raw Avg:   0.0869
  hip_pos                   | Scaled Avg:  -0.0010 | Raw Avg:   0.1045
  lin_vel_z                 | Scaled Avg:  -0.0060 | Raw Avg:   0.0756
  orientation               | Scaled Avg:  -0.0004 | Raw Avg:   0.0960
  powers                    | Scaled Avg:  -0.0000 | Raw Avg:  96.0098
  stand_still               | Scaled Avg:  -0.0006 | Raw Avg:   0.0145
  torques                   | Scaled Avg:  -0.0002 | Raw Avg: 1001.3804
  tracking_ang_vel          | Scaled Avg:   0.0080 | Raw Avg:   0.4022
  tracking_lin_vel          | Scaled Avg:   0.0162 | Raw Avg:   0.4046
  termination               | Scaled Avg:  -0.0009
  TOTAL REWARD              | Scaled Avg:  -0.0447
------------------------------

------------------------------
Step: 107000 - Reward Breakdown:
  action_rate               | Scaled Avg:  -0.0285 | Raw Avg:   0.9515
  action_smoothness         | Scaled Avg:  -0.0004 | Raw Avg:   0.1812
  ang_vel_xy                | Scaled Avg:  -0.0044 | Raw Avg:   2.1989
  base_height               | Scaled Avg:  -0.0001 | Raw Avg:   0.0058
  collision                 | Scaled Avg:  -0.0013 | Raw Avg:   0.0651
  dof_acc                   | Scaled Avg:  -0.0009 | Raw Avg: 172157.0000
  dof_error                 | Scaled Avg:  -0.0067 | Raw Avg:   0.6657
  dof_vel                   | Scaled Avg:  -0.0185 | Raw Avg:  46.2941
  feet_air_time             | Scaled Avg:   0.0001 | Raw Avg:   0.0013
  feet_contact_forces       | Scaled Avg:  -0.0000 | Raw Avg:   4.2015
  foot_clearance            | Scaled Avg:  -0.0000 | Raw Avg:   0.0050
  foot_mirror               | Scaled Avg:  -0.0003 | Raw Avg:   0.2673
  foot_slide                | Scaled Avg:  -0.0011 | Raw Avg:   1.1203
  has_contact               | Scaled Avg:   0.0017 | Raw Avg:   0.0826
  hip_pos                   | Scaled Avg:  -0.0011 | Raw Avg:   0.1077
  lin_vel_z                 | Scaled Avg:  -0.0058 | Raw Avg:   0.0722
  orientation               | Scaled Avg:  -0.0004 | Raw Avg:   0.1007
  powers                    | Scaled Avg:  -0.0000 | Raw Avg:  96.3388
  stand_still               | Scaled Avg:  -0.0005 | Raw Avg:   0.0116
  torques                   | Scaled Avg:  -0.0002 | Raw Avg: 992.7131
  tracking_ang_vel          | Scaled Avg:   0.0079 | Raw Avg:   0.3927
  tracking_lin_vel          | Scaled Avg:   0.0159 | Raw Avg:   0.3982
  termination               | Scaled Avg:  -0.0009
  TOTAL REWARD              | Scaled Avg:  -0.0456
------------------------------

------------------------------
Step: 107500 - Reward Breakdown:
  action_rate               | Scaled Avg:  -0.0282 | Raw Avg:   0.9387
  action_smoothness         | Scaled Avg:  -0.0004 | Raw Avg:   0.1784
  ang_vel_xy                | Scaled Avg:  -0.0046 | Raw Avg:   2.3194
  base_height               | Scaled Avg:  -0.0001 | Raw Avg:   0.0063
  collision                 | Scaled Avg:  -0.0013 | Raw Avg:   0.0632
  dof_acc                   | Scaled Avg:  -0.0009 | Raw Avg: 172210.4219
  dof_error                 | Scaled Avg:  -0.0069 | Raw Avg:   0.6865
  dof_vel                   | Scaled Avg:  -0.0191 | Raw Avg:  47.6814
  feet_air_time             | Scaled Avg:   0.0001 | Raw Avg:   0.0016
  feet_contact_forces       | Scaled Avg:  -0.0000 | Raw Avg:   4.5100
  foot_clearance            | Scaled Avg:  -0.0001 | Raw Avg:   0.0052
  foot_mirror               | Scaled Avg:  -0.0003 | Raw Avg:   0.2779
  foot_slide                | Scaled Avg:  -0.0011 | Raw Avg:   1.1286
  has_contact               | Scaled Avg:   0.0017 | Raw Avg:   0.0844
  hip_pos                   | Scaled Avg:  -0.0012 | Raw Avg:   0.1184
  lin_vel_z                 | Scaled Avg:  -0.0064 | Raw Avg:   0.0804
  orientation               | Scaled Avg:  -0.0004 | Raw Avg:   0.1031
  powers                    | Scaled Avg:  -0.0000 | Raw Avg:  99.5564
  stand_still               | Scaled Avg:  -0.0005 | Raw Avg:   0.0132
  torques                   | Scaled Avg:  -0.0002 | Raw Avg: 1026.8536
  tracking_ang_vel          | Scaled Avg:   0.0079 | Raw Avg:   0.3956
  tracking_lin_vel          | Scaled Avg:   0.0160 | Raw Avg:   0.4012
  termination               | Scaled Avg:  -0.0009
  TOTAL REWARD              | Scaled Avg:  -0.0468
------------------------------

------------------------------
Step: 108000 - Reward Breakdown:
  action_rate               | Scaled Avg:  -0.0279 | Raw Avg:   0.9314
  action_smoothness         | Scaled Avg:  -0.0004 | Raw Avg:   0.1803
  ang_vel_xy                | Scaled Avg:  -0.0043 | Raw Avg:   2.1636
  base_height               | Scaled Avg:  -0.0001 | Raw Avg:   0.0059
  collision                 | Scaled Avg:  -0.0012 | Raw Avg:   0.0617
  dof_acc                   | Scaled Avg:  -0.0007 | Raw Avg: 138130.2656
  dof_error                 | Scaled Avg:  -0.0066 | Raw Avg:   0.6650
  dof_vel                   | Scaled Avg:  -0.0182 | Raw Avg:  45.5629
  feet_air_time             | Scaled Avg:   0.0001 | Raw Avg:   0.0017
  feet_contact_forces       | Scaled Avg:  -0.0000 | Raw Avg:   4.5253
  foot_clearance            | Scaled Avg:  -0.0000 | Raw Avg:   0.0048
  foot_mirror               | Scaled Avg:  -0.0003 | Raw Avg:   0.2564
  foot_slide                | Scaled Avg:  -0.0011 | Raw Avg:   1.1021
  has_contact               | Scaled Avg:   0.0019 | Raw Avg:   0.0963
  hip_pos                   | Scaled Avg:  -0.0012 | Raw Avg:   0.1153
  lin_vel_z                 | Scaled Avg:  -0.0056 | Raw Avg:   0.0703
  orientation               | Scaled Avg:  -0.0004 | Raw Avg:   0.0979
  powers                    | Scaled Avg:  -0.0000 | Raw Avg:  95.6456
  stand_still               | Scaled Avg:  -0.0005 | Raw Avg:   0.0118
  torques                   | Scaled Avg:  -0.0002 | Raw Avg: 1018.0964
  tracking_ang_vel          | Scaled Avg:   0.0079 | Raw Avg:   0.3928
  tracking_lin_vel          | Scaled Avg:   0.0167 | Raw Avg:   0.4164
  termination               | Scaled Avg:  -0.0009
  TOTAL REWARD              | Scaled Avg:  -0.0432
------------------------------
################################################################################
                    [1m Learning iteration 9500/10000 [0m                     

                       Computation: 60342 steps/s (collection: 1.885s, learning 0.539s)
                     surrogate_loss -0.0051
                         value_loss 0.0838
                            entropy 2.3268
                     estimator_loss 0.0000
                         total_loss 0.1020
             Mean action noise std: 0.20
                       Mean reward: -2.90
               Mean episode length: 49.32
      Mean episode rew_action_rate: -0.0897
Mean episode rew_frame_action_rate: -0.0346
Mean episode rew_action_smoothness: -0.0011
Mean episode rew_frame_action_smoothness: -0.0004
       Mean episode rew_ang_vel_xy: -0.0142
 Mean episode rew_frame_ang_vel_xy: -0.0073
      Mean episode rew_base_height: -0.0004
Mean episode rew_frame_base_height: -0.0002
        Mean episode rew_collision: -0.0038
  Mean episode rew_frame_collision: -0.0020
          Mean episode rew_dof_acc: -0.0026
    Mean episode rew_frame_dof_acc: -0.0016
        Mean episode rew_dof_error: -0.0218
  Mean episode rew_frame_dof_error: -0.0096
          Mean episode rew_dof_vel: -0.0600
    Mean episode rew_frame_dof_vel: -0.0322
    Mean episode rew_feet_air_time: 0.0002
Mean episode rew_frame_feet_air_time: 0.0001
Mean episode rew_feet_contact_forces: -0.0000
Mean episode rew_frame_feet_contact_forces: -0.0000
   Mean episode rew_foot_clearance: -0.0002
Mean episode rew_frame_foot_clearance: -0.0001
      Mean episode rew_foot_mirror: -0.0008
Mean episode rew_frame_foot_mirror: -0.0004
       Mean episode rew_foot_slide: -0.0036
 Mean episode rew_frame_foot_slide: -0.0014
      Mean episode rew_has_contact: 0.0057
Mean episode rew_frame_has_contact: 0.0004
          Mean episode rew_hip_pos: -0.0037
    Mean episode rew_frame_hip_pos: -0.0015
        Mean episode rew_lin_vel_z: -0.0190
  Mean episode rew_frame_lin_vel_z: -0.0110
      Mean episode rew_orientation: -0.0013
Mean episode rew_frame_orientation: -0.0007
           Mean episode rew_powers: -0.0001
     Mean episode rew_frame_powers: -0.0001
      Mean episode rew_stand_still: -0.0012
Mean episode rew_frame_stand_still: -0.0001
          Mean episode rew_stumble: -0.0000
    Mean episode rew_frame_stumble: -0.0000
      Mean episode rew_termination: -0.0030
Mean episode rew_frame_termination: -0.0018
          Mean episode rew_torques: -0.0007
    Mean episode rew_frame_torques: -0.0002
 Mean episode rew_tracking_ang_vel: 0.0248
Mean episode rew_frame_tracking_ang_vel: 0.0075
 Mean episode rew_tracking_lin_vel: 0.0532
Mean episode rew_frame_tracking_lin_vel: 0.0094
Mean episode max_power_throughout_episode: 4179.4146
            Mean episode max_pos_x: 1.0193
            Mean episode min_pos_x: -0.1313
            Mean episode max_pos_y: 0.5304
            Mean episode min_pos_y: -0.5239
        Mean episode timeout_ratio: 0.0000
       Mean episode num_terminated: 91.0417
--------------------------------------------------------------------------------
                   Total timesteps: 6729984
                    Iteration time: 2.42s
                        Total time: 12178.63s
                               ETA: 1352.9s


------------------------------
Step: 108500 - Reward Breakdown:
  action_rate               | Scaled Avg:  -0.0276 | Raw Avg:   0.9194
  action_smoothness         | Scaled Avg:  -0.0004 | Raw Avg:   0.1815
  ang_vel_xy                | Scaled Avg:  -0.0045 | Raw Avg:   2.2429
  base_height               | Scaled Avg:  -0.0001 | Raw Avg:   0.0063
  collision                 | Scaled Avg:  -0.0012 | Raw Avg:   0.0589
  dof_acc                   | Scaled Avg:  -0.0008 | Raw Avg: 165743.6875
  dof_error                 | Scaled Avg:  -0.0069 | Raw Avg:   0.6929
  dof_vel                   | Scaled Avg:  -0.0187 | Raw Avg:  46.6301
  feet_air_time             | Scaled Avg:   0.0001 | Raw Avg:   0.0017
  feet_contact_forces       | Scaled Avg:  -0.0000 | Raw Avg:   4.4730
  foot_clearance            | Scaled Avg:  -0.0001 | Raw Avg:   0.0050
  foot_mirror               | Scaled Avg:  -0.0003 | Raw Avg:   0.2796
  foot_slide                | Scaled Avg:  -0.0011 | Raw Avg:   1.1249
  has_contact               | Scaled Avg:   0.0017 | Raw Avg:   0.0867
  hip_pos                   | Scaled Avg:  -0.0012 | Raw Avg:   0.1155
  lin_vel_z                 | Scaled Avg:  -0.0060 | Raw Avg:   0.0756
  orientation               | Scaled Avg:  -0.0004 | Raw Avg:   0.1019
  powers                    | Scaled Avg:  -0.0000 | Raw Avg:  98.7187
  stand_still               | Scaled Avg:  -0.0006 | Raw Avg:   0.0146
  torques                   | Scaled Avg:  -0.0002 | Raw Avg: 1041.0366
  tracking_ang_vel          | Scaled Avg:   0.0078 | Raw Avg:   0.3887
  tracking_lin_vel          | Scaled Avg:   0.0162 | Raw Avg:   0.4050
  termination               | Scaled Avg:  -0.0007
  TOTAL REWARD              | Scaled Avg:  -0.0450
------------------------------

------------------------------
Step: 109000 - Reward Breakdown:
  action_rate               | Scaled Avg:  -0.0276 | Raw Avg:   0.9195
  action_smoothness         | Scaled Avg:  -0.0004 | Raw Avg:   0.1791
  ang_vel_xy                | Scaled Avg:  -0.0043 | Raw Avg:   2.1592
  base_height               | Scaled Avg:  -0.0001 | Raw Avg:   0.0059
  collision                 | Scaled Avg:  -0.0014 | Raw Avg:   0.0681
  dof_acc                   | Scaled Avg:  -0.0008 | Raw Avg: 158079.3125
  dof_error                 | Scaled Avg:  -0.0068 | Raw Avg:   0.6838
  dof_vel                   | Scaled Avg:  -0.0179 | Raw Avg:  44.6258
  feet_air_time             | Scaled Avg:   0.0001 | Raw Avg:   0.0013
  feet_contact_forces       | Scaled Avg:  -0.0000 | Raw Avg:   3.9407
  foot_clearance            | Scaled Avg:  -0.0000 | Raw Avg:   0.0048
  foot_mirror               | Scaled Avg:  -0.0003 | Raw Avg:   0.2630
  foot_slide                | Scaled Avg:  -0.0011 | Raw Avg:   1.0733
  has_contact               | Scaled Avg:   0.0017 | Raw Avg:   0.0853
  hip_pos                   | Scaled Avg:  -0.0011 | Raw Avg:   0.1098
  lin_vel_z                 | Scaled Avg:  -0.0058 | Raw Avg:   0.0725
  orientation               | Scaled Avg:  -0.0004 | Raw Avg:   0.0991
  powers                    | Scaled Avg:  -0.0000 | Raw Avg:  93.3262
  stand_still               | Scaled Avg:  -0.0005 | Raw Avg:   0.0120
  torques                   | Scaled Avg:  -0.0002 | Raw Avg: 972.2770
  tracking_ang_vel          | Scaled Avg:   0.0080 | Raw Avg:   0.3990
  tracking_lin_vel          | Scaled Avg:   0.0162 | Raw Avg:   0.4042
  termination               | Scaled Avg:  -0.0009
  TOTAL REWARD              | Scaled Avg:  -0.0436
------------------------------

------------------------------
Step: 109500 - Reward Breakdown:
  action_rate               | Scaled Avg:  -0.0280 | Raw Avg:   0.9317
  action_smoothness         | Scaled Avg:  -0.0004 | Raw Avg:   0.1816
  ang_vel_xy                | Scaled Avg:  -0.0047 | Raw Avg:   2.3550
  base_height               | Scaled Avg:  -0.0001 | Raw Avg:   0.0059
  collision                 | Scaled Avg:  -0.0013 | Raw Avg:   0.0643
  dof_acc                   | Scaled Avg:  -0.0008 | Raw Avg: 161518.0469
  dof_error                 | Scaled Avg:  -0.0070 | Raw Avg:   0.7026
  dof_vel                   | Scaled Avg:  -0.0189 | Raw Avg:  47.1421
  feet_air_time             | Scaled Avg:   0.0001 | Raw Avg:   0.0013
  feet_contact_forces       | Scaled Avg:  -0.0000 | Raw Avg:   4.4949
  foot_clearance            | Scaled Avg:  -0.0001 | Raw Avg:   0.0052
  foot_mirror               | Scaled Avg:  -0.0003 | Raw Avg:   0.2725
  foot_slide                | Scaled Avg:  -0.0011 | Raw Avg:   1.1272
  has_contact               | Scaled Avg:   0.0017 | Raw Avg:   0.0850
  hip_pos                   | Scaled Avg:  -0.0011 | Raw Avg:   0.1083
  lin_vel_z                 | Scaled Avg:  -0.0064 | Raw Avg:   0.0801
  orientation               | Scaled Avg:  -0.0004 | Raw Avg:   0.1000
  powers                    | Scaled Avg:  -0.0000 | Raw Avg:  97.3651
  stand_still               | Scaled Avg:  -0.0007 | Raw Avg:   0.0170
  torques                   | Scaled Avg:  -0.0002 | Raw Avg: 980.6150
  tracking_ang_vel          | Scaled Avg:   0.0079 | Raw Avg:   0.3960
  tracking_lin_vel          | Scaled Avg:   0.0162 | Raw Avg:   0.4042
  termination               | Scaled Avg:  -0.0012
  TOTAL REWARD              | Scaled Avg:  -0.0467
------------------------------

------------------------------
Step: 110000 - Reward Breakdown:
  action_rate               | Scaled Avg:  -0.0289 | Raw Avg:   0.9634
  action_smoothness         | Scaled Avg:  -0.0004 | Raw Avg:   0.1841
  ang_vel_xy                | Scaled Avg:  -0.0049 | Raw Avg:   2.4694
  base_height               | Scaled Avg:  -0.0001 | Raw Avg:   0.0059
  collision                 | Scaled Avg:  -0.0013 | Raw Avg:   0.0661
  dof_acc                   | Scaled Avg:  -0.0009 | Raw Avg: 187640.8125
  dof_error                 | Scaled Avg:  -0.0071 | Raw Avg:   0.7141
  dof_vel                   | Scaled Avg:  -0.0209 | Raw Avg:  52.1984
  feet_air_time             | Scaled Avg:   0.0001 | Raw Avg:   0.0022
  feet_contact_forces       | Scaled Avg:  -0.0000 | Raw Avg:   4.8402
  foot_clearance            | Scaled Avg:  -0.0001 | Raw Avg:   0.0059
  foot_mirror               | Scaled Avg:  -0.0003 | Raw Avg:   0.2876
  foot_slide                | Scaled Avg:  -0.0011 | Raw Avg:   1.1424
  has_contact               | Scaled Avg:   0.0019 | Raw Avg:   0.0957
  hip_pos                   | Scaled Avg:  -0.0011 | Raw Avg:   0.1150
  lin_vel_z                 | Scaled Avg:  -0.0068 | Raw Avg:   0.0847
  orientation               | Scaled Avg:  -0.0004 | Raw Avg:   0.1119
  powers                    | Scaled Avg:  -0.0000 | Raw Avg: 103.5751
  stand_still               | Scaled Avg:  -0.0007 | Raw Avg:   0.0184
  torques                   | Scaled Avg:  -0.0002 | Raw Avg: 998.6940
  tracking_ang_vel          | Scaled Avg:   0.0080 | Raw Avg:   0.3987
  tracking_lin_vel          | Scaled Avg:   0.0158 | Raw Avg:   0.3958
  termination               | Scaled Avg:  -0.0010
  TOTAL REWARD              | Scaled Avg:  -0.0507
------------------------------
################################################################################
                    [1m Learning iteration 9600/10000 [0m                     

                       Computation: 58812 steps/s (collection: 1.937s, learning 0.550s)
                     surrogate_loss -0.0069
                         value_loss 0.0674
                            entropy 2.3496
                     estimator_loss 0.0000
                         total_loss 0.0840
             Mean action noise std: 0.20
                       Mean reward: -2.95
               Mean episode length: 72.46
      Mean episode rew_action_rate: -0.0858
Mean episode rew_frame_action_rate: -0.0349
Mean episode rew_action_smoothness: -0.0011
Mean episode rew_frame_action_smoothness: -0.0004
       Mean episode rew_ang_vel_xy: -0.0141
 Mean episode rew_frame_ang_vel_xy: -0.0076
      Mean episode rew_base_height: -0.0003
Mean episode rew_frame_base_height: -0.0002
        Mean episode rew_collision: -0.0038
  Mean episode rew_frame_collision: -0.0020
          Mean episode rew_dof_acc: -0.0027
    Mean episode rew_frame_dof_acc: -0.0017
        Mean episode rew_dof_error: -0.0208
  Mean episode rew_frame_dof_error: -0.0099
          Mean episode rew_dof_vel: -0.0583
    Mean episode rew_frame_dof_vel: -0.0329
    Mean episode rew_feet_air_time: 0.0002
Mean episode rew_frame_feet_air_time: 0.0001
Mean episode rew_feet_contact_forces: -0.0000
Mean episode rew_frame_feet_contact_forces: -0.0000
   Mean episode rew_foot_clearance: -0.0002
Mean episode rew_frame_foot_clearance: -0.0001
      Mean episode rew_foot_mirror: -0.0008
Mean episode rew_frame_foot_mirror: -0.0004
       Mean episode rew_foot_slide: -0.0033
 Mean episode rew_frame_foot_slide: -0.0014
      Mean episode rew_has_contact: 0.0053
Mean episode rew_frame_has_contact: 0.0004
          Mean episode rew_hip_pos: -0.0031
    Mean episode rew_frame_hip_pos: -0.0014
        Mean episode rew_lin_vel_z: -0.0198
  Mean episode rew_frame_lin_vel_z: -0.0122
      Mean episode rew_orientation: -0.0013
Mean episode rew_frame_orientation: -0.0007
           Mean episode rew_powers: -0.0001
     Mean episode rew_frame_powers: -0.0001
      Mean episode rew_stand_still: -0.0031
Mean episode rew_frame_stand_still: -0.0002
          Mean episode rew_stumble: -0.0000
    Mean episode rew_frame_stumble: -0.0000
      Mean episode rew_termination: -0.0030
Mean episode rew_frame_termination: -0.0019
          Mean episode rew_torques: -0.0006
    Mean episode rew_frame_torques: -0.0002
 Mean episode rew_tracking_ang_vel: 0.0242
Mean episode rew_frame_tracking_ang_vel: 0.0077
 Mean episode rew_tracking_lin_vel: 0.0490
Mean episode rew_frame_tracking_lin_vel: 0.0086
Mean episode max_power_throughout_episode: 4230.9253
            Mean episode max_pos_x: 1.0526
            Mean episode min_pos_x: -0.1660
            Mean episode max_pos_y: 0.5074
            Mean episode min_pos_y: -0.4917
        Mean episode timeout_ratio: 0.0000
       Mean episode num_terminated: 105.1250
--------------------------------------------------------------------------------
                   Total timesteps: 6876288
                    Iteration time: 2.49s
                        Total time: 12438.95s
                               ETA: 1081.4s


------------------------------
Step: 110500 - Reward Breakdown:
  action_rate               | Scaled Avg:  -0.0287 | Raw Avg:   0.9555
  action_smoothness         | Scaled Avg:  -0.0004 | Raw Avg:   0.1821
  ang_vel_xy                | Scaled Avg:  -0.0046 | Raw Avg:   2.3185
  base_height               | Scaled Avg:  -0.0001 | Raw Avg:   0.0059
  collision                 | Scaled Avg:  -0.0014 | Raw Avg:   0.0677
  dof_acc                   | Scaled Avg:  -0.0009 | Raw Avg: 178510.2344
  dof_error                 | Scaled Avg:  -0.0071 | Raw Avg:   0.7122
  dof_vel                   | Scaled Avg:  -0.0193 | Raw Avg:  48.1469
  feet_air_time             | Scaled Avg:   0.0001 | Raw Avg:   0.0019
  feet_contact_forces       | Scaled Avg:  -0.0000 | Raw Avg:   4.7682
  foot_clearance            | Scaled Avg:  -0.0001 | Raw Avg:   0.0055
  foot_mirror               | Scaled Avg:  -0.0003 | Raw Avg:   0.2669
  foot_slide                | Scaled Avg:  -0.0011 | Raw Avg:   1.1243
  has_contact               | Scaled Avg:   0.0018 | Raw Avg:   0.0895
  hip_pos                   | Scaled Avg:  -0.0011 | Raw Avg:   0.1101
  lin_vel_z                 | Scaled Avg:  -0.0062 | Raw Avg:   0.0776
  orientation               | Scaled Avg:  -0.0004 | Raw Avg:   0.1032
  powers                    | Scaled Avg:  -0.0000 | Raw Avg:  98.4313
  stand_still               | Scaled Avg:  -0.0006 | Raw Avg:   0.0143
  torques                   | Scaled Avg:  -0.0002 | Raw Avg: 961.4413
  tracking_ang_vel          | Scaled Avg:   0.0080 | Raw Avg:   0.3998
  tracking_lin_vel          | Scaled Avg:   0.0161 | Raw Avg:   0.4034
  termination               | Scaled Avg:  -0.0010
  TOTAL REWARD              | Scaled Avg:  -0.0474
------------------------------

------------------------------
Step: 111000 - Reward Breakdown:
  action_rate               | Scaled Avg:  -0.0280 | Raw Avg:   0.9321
  action_smoothness         | Scaled Avg:  -0.0004 | Raw Avg:   0.1809
  ang_vel_xy                | Scaled Avg:  -0.0044 | Raw Avg:   2.2009
  base_height               | Scaled Avg:  -0.0001 | Raw Avg:   0.0057
  collision                 | Scaled Avg:  -0.0013 | Raw Avg:   0.0664
  dof_acc                   | Scaled Avg:  -0.0008 | Raw Avg: 169011.4375
  dof_error                 | Scaled Avg:  -0.0070 | Raw Avg:   0.7006
  dof_vel                   | Scaled Avg:  -0.0183 | Raw Avg:  45.6697
  feet_air_time             | Scaled Avg:   0.0001 | Raw Avg:   0.0013
  feet_contact_forces       | Scaled Avg:  -0.0000 | Raw Avg:   4.8355
  foot_clearance            | Scaled Avg:  -0.0001 | Raw Avg:   0.0052
  foot_mirror               | Scaled Avg:  -0.0003 | Raw Avg:   0.2631
  foot_slide                | Scaled Avg:  -0.0011 | Raw Avg:   1.0885
  has_contact               | Scaled Avg:   0.0017 | Raw Avg:   0.0860
  hip_pos                   | Scaled Avg:  -0.0010 | Raw Avg:   0.1029
  lin_vel_z                 | Scaled Avg:  -0.0062 | Raw Avg:   0.0778
  orientation               | Scaled Avg:  -0.0004 | Raw Avg:   0.1024
  powers                    | Scaled Avg:  -0.0000 | Raw Avg:  95.7034
  stand_still               | Scaled Avg:  -0.0006 | Raw Avg:   0.0151
  torques                   | Scaled Avg:  -0.0002 | Raw Avg: 941.2723
  tracking_ang_vel          | Scaled Avg:   0.0079 | Raw Avg:   0.3925
  tracking_lin_vel          | Scaled Avg:   0.0161 | Raw Avg:   0.4020
  termination               | Scaled Avg:  -0.0008
  TOTAL REWARD              | Scaled Avg:  -0.0454
------------------------------

------------------------------
Step: 111500 - Reward Breakdown:
  action_rate               | Scaled Avg:  -0.0279 | Raw Avg:   0.9298
  action_smoothness         | Scaled Avg:  -0.0004 | Raw Avg:   0.1809
  ang_vel_xy                | Scaled Avg:  -0.0047 | Raw Avg:   2.3590
  base_height               | Scaled Avg:  -0.0001 | Raw Avg:   0.0057
  collision                 | Scaled Avg:  -0.0014 | Raw Avg:   0.0682
  dof_acc                   | Scaled Avg:  -0.0009 | Raw Avg: 175430.8750
  dof_error                 | Scaled Avg:  -0.0069 | Raw Avg:   0.6859
  dof_vel                   | Scaled Avg:  -0.0198 | Raw Avg:  49.6108
  feet_air_time             | Scaled Avg:   0.0001 | Raw Avg:   0.0016
  feet_contact_forces       | Scaled Avg:  -0.0000 | Raw Avg:   4.9317
  foot_clearance            | Scaled Avg:  -0.0001 | Raw Avg:   0.0053
  foot_mirror               | Scaled Avg:  -0.0003 | Raw Avg:   0.2627
  foot_slide                | Scaled Avg:  -0.0011 | Raw Avg:   1.1091
  has_contact               | Scaled Avg:   0.0017 | Raw Avg:   0.0853
  hip_pos                   | Scaled Avg:  -0.0010 | Raw Avg:   0.1035
  lin_vel_z                 | Scaled Avg:  -0.0067 | Raw Avg:   0.0836
  orientation               | Scaled Avg:  -0.0004 | Raw Avg:   0.1059
  powers                    | Scaled Avg:  -0.0000 | Raw Avg:  98.6676
  stand_still               | Scaled Avg:  -0.0004 | Raw Avg:   0.0110
  torques                   | Scaled Avg:  -0.0002 | Raw Avg: 961.4734
  tracking_ang_vel          | Scaled Avg:   0.0080 | Raw Avg:   0.4009
  tracking_lin_vel          | Scaled Avg:   0.0159 | Raw Avg:   0.3986
  termination               | Scaled Avg:  -0.0009
  TOTAL REWARD              | Scaled Avg:  -0.0475
------------------------------

------------------------------
Step: 112000 - Reward Breakdown:
  action_rate               | Scaled Avg:  -0.0278 | Raw Avg:   0.9276
  action_smoothness         | Scaled Avg:  -0.0004 | Raw Avg:   0.1789
  ang_vel_xy                | Scaled Avg:  -0.0047 | Raw Avg:   2.3526
  base_height               | Scaled Avg:  -0.0001 | Raw Avg:   0.0059
  collision                 | Scaled Avg:  -0.0013 | Raw Avg:   0.0638
  dof_acc                   | Scaled Avg:  -0.0008 | Raw Avg: 160377.9375
  dof_error                 | Scaled Avg:  -0.0072 | Raw Avg:   0.7195
  dof_vel                   | Scaled Avg:  -0.0192 | Raw Avg:  48.0347
  feet_air_time             | Scaled Avg:   0.0001 | Raw Avg:   0.0015
  feet_contact_forces       | Scaled Avg:  -0.0000 | Raw Avg:   4.5821
  foot_clearance            | Scaled Avg:  -0.0001 | Raw Avg:   0.0055
  foot_mirror               | Scaled Avg:  -0.0003 | Raw Avg:   0.2813
  foot_slide                | Scaled Avg:  -0.0011 | Raw Avg:   1.1208
  has_contact               | Scaled Avg:   0.0019 | Raw Avg:   0.0935
  hip_pos                   | Scaled Avg:  -0.0011 | Raw Avg:   0.1063
  lin_vel_z                 | Scaled Avg:  -0.0065 | Raw Avg:   0.0809
  orientation               | Scaled Avg:  -0.0004 | Raw Avg:   0.1054
  powers                    | Scaled Avg:  -0.0000 | Raw Avg:  98.4162
  stand_still               | Scaled Avg:  -0.0005 | Raw Avg:   0.0128
  torques                   | Scaled Avg:  -0.0002 | Raw Avg: 981.4727
  tracking_ang_vel          | Scaled Avg:   0.0081 | Raw Avg:   0.4053
  tracking_lin_vel          | Scaled Avg:   0.0161 | Raw Avg:   0.4028
  termination               | Scaled Avg:  -0.0010
  TOTAL REWARD              | Scaled Avg:  -0.0465
------------------------------

------------------------------
Step: 112500 - Reward Breakdown:
  action_rate               | Scaled Avg:  -0.0279 | Raw Avg:   0.9301
  action_smoothness         | Scaled Avg:  -0.0004 | Raw Avg:   0.1825
  ang_vel_xy                | Scaled Avg:  -0.0045 | Raw Avg:   2.2529
  base_height               | Scaled Avg:  -0.0001 | Raw Avg:   0.0061
  collision                 | Scaled Avg:  -0.0013 | Raw Avg:   0.0636
  dof_acc                   | Scaled Avg:  -0.0008 | Raw Avg: 167614.1719
  dof_error                 | Scaled Avg:  -0.0072 | Raw Avg:   0.7233
  dof_vel                   | Scaled Avg:  -0.0187 | Raw Avg:  46.8290
  feet_air_time             | Scaled Avg:   0.0001 | Raw Avg:   0.0013
  feet_contact_forces       | Scaled Avg:  -0.0000 | Raw Avg:   4.2080
  foot_clearance            | Scaled Avg:  -0.0001 | Raw Avg:   0.0052
  foot_mirror               | Scaled Avg:  -0.0003 | Raw Avg:   0.2769
  foot_slide                | Scaled Avg:  -0.0011 | Raw Avg:   1.1180
  has_contact               | Scaled Avg:   0.0018 | Raw Avg:   0.0883
  hip_pos                   | Scaled Avg:  -0.0011 | Raw Avg:   0.1106
  lin_vel_z                 | Scaled Avg:  -0.0065 | Raw Avg:   0.0814
  orientation               | Scaled Avg:  -0.0004 | Raw Avg:   0.1040
  powers                    | Scaled Avg:  -0.0000 | Raw Avg:  98.1596
  stand_still               | Scaled Avg:  -0.0006 | Raw Avg:   0.0153
  torques                   | Scaled Avg:  -0.0002 | Raw Avg: 982.2418
  tracking_ang_vel          | Scaled Avg:   0.0079 | Raw Avg:   0.3939
  tracking_lin_vel          | Scaled Avg:   0.0164 | Raw Avg:   0.4098
  termination               | Scaled Avg:  -0.0009
  TOTAL REWARD              | Scaled Avg:  -0.0461
------------------------------
################################################################################
                    [1m Learning iteration 9700/10000 [0m                     

                       Computation: 59931 steps/s (collection: 1.895s, learning 0.546s)
                     surrogate_loss -0.0063
                         value_loss 0.0623
                            entropy 2.3568
                     estimator_loss 0.0000
                         total_loss 0.0795
             Mean action noise std: 0.20
                       Mean reward: -3.29
               Mean episode length: 78.69
      Mean episode rew_action_rate: -0.0852
Mean episode rew_frame_action_rate: -0.0347
Mean episode rew_action_smoothness: -0.0011
Mean episode rew_frame_action_smoothness: -0.0004
       Mean episode rew_ang_vel_xy: -0.0140
 Mean episode rew_frame_ang_vel_xy: -0.0076
      Mean episode rew_base_height: -0.0004
Mean episode rew_frame_base_height: -0.0002
        Mean episode rew_collision: -0.0038
  Mean episode rew_frame_collision: -0.0019
          Mean episode rew_dof_acc: -0.0026
    Mean episode rew_frame_dof_acc: -0.0017
        Mean episode rew_dof_error: -0.0212
  Mean episode rew_frame_dof_error: -0.0100
          Mean episode rew_dof_vel: -0.0588
    Mean episode rew_frame_dof_vel: -0.0334
    Mean episode rew_feet_air_time: 0.0002
Mean episode rew_frame_feet_air_time: 0.0001
Mean episode rew_feet_contact_forces: -0.0000
Mean episode rew_frame_feet_contact_forces: -0.0000
   Mean episode rew_foot_clearance: -0.0002
Mean episode rew_frame_foot_clearance: -0.0001
      Mean episode rew_foot_mirror: -0.0008
Mean episode rew_frame_foot_mirror: -0.0004
       Mean episode rew_foot_slide: -0.0034
 Mean episode rew_frame_foot_slide: -0.0014
      Mean episode rew_has_contact: 0.0060
Mean episode rew_frame_has_contact: 0.0004
          Mean episode rew_hip_pos: -0.0034
    Mean episode rew_frame_hip_pos: -0.0015
        Mean episode rew_lin_vel_z: -0.0205
  Mean episode rew_frame_lin_vel_z: -0.0127
      Mean episode rew_orientation: -0.0012
Mean episode rew_frame_orientation: -0.0007
           Mean episode rew_powers: -0.0001
     Mean episode rew_frame_powers: -0.0001
      Mean episode rew_stand_still: -0.0031
Mean episode rew_frame_stand_still: -0.0003
          Mean episode rew_stumble: -0.0000
    Mean episode rew_frame_stumble: -0.0000
      Mean episode rew_termination: -0.0030
Mean episode rew_frame_termination: -0.0019
          Mean episode rew_torques: -0.0006
    Mean episode rew_frame_torques: -0.0002
 Mean episode rew_tracking_ang_vel: 0.0240
Mean episode rew_frame_tracking_ang_vel: 0.0074
 Mean episode rew_tracking_lin_vel: 0.0484
Mean episode rew_frame_tracking_lin_vel: 0.0085
Mean episode max_power_throughout_episode: 4258.0601
            Mean episode max_pos_x: 1.0327
            Mean episode min_pos_x: -0.1604
            Mean episode max_pos_y: 0.5198
            Mean episode min_pos_y: -0.4988
        Mean episode timeout_ratio: 0.0004
       Mean episode num_terminated: 98.2083
--------------------------------------------------------------------------------
                   Total timesteps: 7022592
                    Iteration time: 2.44s
                        Total time: 12702.28s
                               ETA: 810.6s


------------------------------
Step: 113000 - Reward Breakdown:
  action_rate               | Scaled Avg:  -0.0279 | Raw Avg:   0.9284
  action_smoothness         | Scaled Avg:  -0.0004 | Raw Avg:   0.1793
  ang_vel_xy                | Scaled Avg:  -0.0044 | Raw Avg:   2.1950
  base_height               | Scaled Avg:  -0.0001 | Raw Avg:   0.0058
  collision                 | Scaled Avg:  -0.0012 | Raw Avg:   0.0599
  dof_acc                   | Scaled Avg:  -0.0008 | Raw Avg: 154776.6562
  dof_error                 | Scaled Avg:  -0.0068 | Raw Avg:   0.6840
  dof_vel                   | Scaled Avg:  -0.0185 | Raw Avg:  46.2313
  feet_air_time             | Scaled Avg:   0.0001 | Raw Avg:   0.0019
  feet_contact_forces       | Scaled Avg:  -0.0000 | Raw Avg:   4.1562
  foot_clearance            | Scaled Avg:  -0.0001 | Raw Avg:   0.0052
  foot_mirror               | Scaled Avg:  -0.0003 | Raw Avg:   0.2704
  foot_slide                | Scaled Avg:  -0.0011 | Raw Avg:   1.1282
  has_contact               | Scaled Avg:   0.0019 | Raw Avg:   0.0966
  hip_pos                   | Scaled Avg:  -0.0011 | Raw Avg:   0.1095
  lin_vel_z                 | Scaled Avg:  -0.0062 | Raw Avg:   0.0771
  orientation               | Scaled Avg:  -0.0004 | Raw Avg:   0.1001
  powers                    | Scaled Avg:  -0.0000 | Raw Avg:  98.8989
  stand_still               | Scaled Avg:  -0.0006 | Raw Avg:   0.0145
  torques                   | Scaled Avg:  -0.0002 | Raw Avg: 1019.6965
  tracking_ang_vel          | Scaled Avg:   0.0080 | Raw Avg:   0.3979
  tracking_lin_vel          | Scaled Avg:   0.0164 | Raw Avg:   0.4102
  termination               | Scaled Avg:  -0.0009
  TOTAL REWARD              | Scaled Avg:  -0.0445
------------------------------

------------------------------
Step: 113500 - Reward Breakdown:
  action_rate               | Scaled Avg:  -0.0281 | Raw Avg:   0.9364
  action_smoothness         | Scaled Avg:  -0.0004 | Raw Avg:   0.1829
  ang_vel_xy                | Scaled Avg:  -0.0049 | Raw Avg:   2.4516
  base_height               | Scaled Avg:  -0.0001 | Raw Avg:   0.0059
  collision                 | Scaled Avg:  -0.0013 | Raw Avg:   0.0673
  dof_acc                   | Scaled Avg:  -0.0010 | Raw Avg: 195960.9844
  dof_error                 | Scaled Avg:  -0.0069 | Raw Avg:   0.6938
  dof_vel                   | Scaled Avg:  -0.0197 | Raw Avg:  49.2096
  feet_air_time             | Scaled Avg:   0.0001 | Raw Avg:   0.0019
  feet_contact_forces       | Scaled Avg:  -0.0000 | Raw Avg:   4.8189
  foot_clearance            | Scaled Avg:  -0.0001 | Raw Avg:   0.0055
  foot_mirror               | Scaled Avg:  -0.0003 | Raw Avg:   0.2745
  foot_slide                | Scaled Avg:  -0.0011 | Raw Avg:   1.1298
  has_contact               | Scaled Avg:   0.0018 | Raw Avg:   0.0892
  hip_pos                   | Scaled Avg:  -0.0011 | Raw Avg:   0.1054
  lin_vel_z                 | Scaled Avg:  -0.0067 | Raw Avg:   0.0843
  orientation               | Scaled Avg:  -0.0004 | Raw Avg:   0.1081
  powers                    | Scaled Avg:  -0.0000 | Raw Avg: 100.3514
  stand_still               | Scaled Avg:  -0.0005 | Raw Avg:   0.0122
  torques                   | Scaled Avg:  -0.0002 | Raw Avg: 976.4531
  tracking_ang_vel          | Scaled Avg:   0.0078 | Raw Avg:   0.3913
  tracking_lin_vel          | Scaled Avg:   0.0161 | Raw Avg:   0.4028
  termination               | Scaled Avg:  -0.0011
  TOTAL REWARD              | Scaled Avg:  -0.0481
------------------------------

------------------------------
Step: 114000 - Reward Breakdown:
  action_rate               | Scaled Avg:  -0.0283 | Raw Avg:   0.9440
  action_smoothness         | Scaled Avg:  -0.0004 | Raw Avg:   0.1837
  ang_vel_xy                | Scaled Avg:  -0.0048 | Raw Avg:   2.3995
  base_height               | Scaled Avg:  -0.0001 | Raw Avg:   0.0057
  collision                 | Scaled Avg:  -0.0012 | Raw Avg:   0.0625
  dof_acc                   | Scaled Avg:  -0.0010 | Raw Avg: 196715.7500
  dof_error                 | Scaled Avg:  -0.0070 | Raw Avg:   0.6951
  dof_vel                   | Scaled Avg:  -0.0202 | Raw Avg:  50.3939
  feet_air_time             | Scaled Avg:   0.0001 | Raw Avg:   0.0016
  feet_contact_forces       | Scaled Avg:  -0.0000 | Raw Avg:   4.8230
  foot_clearance            | Scaled Avg:  -0.0001 | Raw Avg:   0.0055
  foot_mirror               | Scaled Avg:  -0.0003 | Raw Avg:   0.2791
  foot_slide                | Scaled Avg:  -0.0011 | Raw Avg:   1.1462
  has_contact               | Scaled Avg:   0.0018 | Raw Avg:   0.0897
  hip_pos                   | Scaled Avg:  -0.0011 | Raw Avg:   0.1072
  lin_vel_z                 | Scaled Avg:  -0.0068 | Raw Avg:   0.0850
  orientation               | Scaled Avg:  -0.0004 | Raw Avg:   0.1055
  powers                    | Scaled Avg:  -0.0000 | Raw Avg: 101.8558
  stand_still               | Scaled Avg:  -0.0005 | Raw Avg:   0.0135
  torques                   | Scaled Avg:  -0.0002 | Raw Avg: 976.1968
  tracking_ang_vel          | Scaled Avg:   0.0080 | Raw Avg:   0.4009
  tracking_lin_vel          | Scaled Avg:   0.0165 | Raw Avg:   0.4115
  termination               | Scaled Avg:  -0.0011
  TOTAL REWARD              | Scaled Avg:  -0.0482
------------------------------

------------------------------
Step: 114500 - Reward Breakdown:
  action_rate               | Scaled Avg:  -0.0279 | Raw Avg:   0.9285
  action_smoothness         | Scaled Avg:  -0.0004 | Raw Avg:   0.1808
  ang_vel_xy                | Scaled Avg:  -0.0048 | Raw Avg:   2.3810
  base_height               | Scaled Avg:  -0.0001 | Raw Avg:   0.0059
  collision                 | Scaled Avg:  -0.0012 | Raw Avg:   0.0600
  dof_acc                   | Scaled Avg:  -0.0008 | Raw Avg: 164704.6875
  dof_error                 | Scaled Avg:  -0.0070 | Raw Avg:   0.7031
  dof_vel                   | Scaled Avg:  -0.0189 | Raw Avg:  47.3594
  feet_air_time             | Scaled Avg:   0.0001 | Raw Avg:   0.0018
  feet_contact_forces       | Scaled Avg:  -0.0000 | Raw Avg:   4.7423
  foot_clearance            | Scaled Avg:  -0.0001 | Raw Avg:   0.0055
  foot_mirror               | Scaled Avg:  -0.0003 | Raw Avg:   0.2781
  foot_slide                | Scaled Avg:  -0.0011 | Raw Avg:   1.1431
  has_contact               | Scaled Avg:   0.0018 | Raw Avg:   0.0887
  hip_pos                   | Scaled Avg:  -0.0011 | Raw Avg:   0.1125
  lin_vel_z                 | Scaled Avg:  -0.0066 | Raw Avg:   0.0822
  orientation               | Scaled Avg:  -0.0004 | Raw Avg:   0.1070
  powers                    | Scaled Avg:  -0.0000 | Raw Avg:  98.7511
  stand_still               | Scaled Avg:  -0.0006 | Raw Avg:   0.0152
  torques                   | Scaled Avg:  -0.0002 | Raw Avg: 982.4853
  tracking_ang_vel          | Scaled Avg:   0.0083 | Raw Avg:   0.4163
  tracking_lin_vel          | Scaled Avg:   0.0159 | Raw Avg:   0.3982
  termination               | Scaled Avg:  -0.0010
  TOTAL REWARD              | Scaled Avg:  -0.0465
------------------------------

------------------------------
Step: 115000 - Reward Breakdown:
  action_rate               | Scaled Avg:  -0.0285 | Raw Avg:   0.9505
  action_smoothness         | Scaled Avg:  -0.0004 | Raw Avg:   0.1832
  ang_vel_xy                | Scaled Avg:  -0.0048 | Raw Avg:   2.4062
  base_height               | Scaled Avg:  -0.0001 | Raw Avg:   0.0055
  collision                 | Scaled Avg:  -0.0011 | Raw Avg:   0.0566
  dof_acc                   | Scaled Avg:  -0.0009 | Raw Avg: 181121.0000
  dof_error                 | Scaled Avg:  -0.0069 | Raw Avg:   0.6866
  dof_vel                   | Scaled Avg:  -0.0195 | Raw Avg:  48.8110
  feet_air_time             | Scaled Avg:   0.0001 | Raw Avg:   0.0015
  feet_contact_forces       | Scaled Avg:  -0.0000 | Raw Avg:   4.7863
  foot_clearance            | Scaled Avg:  -0.0001 | Raw Avg:   0.0058
  foot_mirror               | Scaled Avg:  -0.0003 | Raw Avg:   0.2702
  foot_slide                | Scaled Avg:  -0.0012 | Raw Avg:   1.1569
  has_contact               | Scaled Avg:   0.0019 | Raw Avg:   0.0947
  hip_pos                   | Scaled Avg:  -0.0011 | Raw Avg:   0.1111
  lin_vel_z                 | Scaled Avg:  -0.0065 | Raw Avg:   0.0809
  orientation               | Scaled Avg:  -0.0004 | Raw Avg:   0.1009
  powers                    | Scaled Avg:  -0.0000 | Raw Avg: 100.3008
  stand_still               | Scaled Avg:  -0.0008 | Raw Avg:   0.0193
  torques                   | Scaled Avg:  -0.0002 | Raw Avg: 980.4461
  tracking_ang_vel          | Scaled Avg:   0.0081 | Raw Avg:   0.4040
  tracking_lin_vel          | Scaled Avg:   0.0164 | Raw Avg:   0.4102
  termination               | Scaled Avg:  -0.0010
  TOTAL REWARD              | Scaled Avg:  -0.0473
------------------------------
################################################################################
                    [1m Learning iteration 9800/10000 [0m                     

                       Computation: 60000 steps/s (collection: 1.892s, learning 0.547s)
                     surrogate_loss -0.0065
                         value_loss 0.0632
                            entropy 2.3594
                     estimator_loss 0.0000
                         total_loss 0.0804
             Mean action noise std: 0.20
                       Mean reward: -2.88
               Mean episode length: 61.34
      Mean episode rew_action_rate: -0.0857
Mean episode rew_frame_action_rate: -0.0343
Mean episode rew_action_smoothness: -0.0011
Mean episode rew_frame_action_smoothness: -0.0004
       Mean episode rew_ang_vel_xy: -0.0139
 Mean episode rew_frame_ang_vel_xy: -0.0072
      Mean episode rew_base_height: -0.0003
Mean episode rew_frame_base_height: -0.0002
        Mean episode rew_collision: -0.0036
  Mean episode rew_frame_collision: -0.0018
          Mean episode rew_dof_acc: -0.0027
    Mean episode rew_frame_dof_acc: -0.0016
        Mean episode rew_dof_error: -0.0206
  Mean episode rew_frame_dof_error: -0.0095
          Mean episode rew_dof_vel: -0.0589
    Mean episode rew_frame_dof_vel: -0.0322
    Mean episode rew_feet_air_time: 0.0002
Mean episode rew_frame_feet_air_time: 0.0001
Mean episode rew_feet_contact_forces: -0.0000
Mean episode rew_frame_feet_contact_forces: -0.0000
   Mean episode rew_foot_clearance: -0.0002
Mean episode rew_frame_foot_clearance: -0.0001
      Mean episode rew_foot_mirror: -0.0008
Mean episode rew_frame_foot_mirror: -0.0004
       Mean episode rew_foot_slide: -0.0035
 Mean episode rew_frame_foot_slide: -0.0014
      Mean episode rew_has_contact: 0.0049
Mean episode rew_frame_has_contact: 0.0003
          Mean episode rew_hip_pos: -0.0034
    Mean episode rew_frame_hip_pos: -0.0014
        Mean episode rew_lin_vel_z: -0.0188
  Mean episode rew_frame_lin_vel_z: -0.0111
      Mean episode rew_orientation: -0.0013
Mean episode rew_frame_orientation: -0.0007
           Mean episode rew_powers: -0.0001
     Mean episode rew_frame_powers: -0.0001
      Mean episode rew_stand_still: -0.0013
Mean episode rew_frame_stand_still: -0.0001
          Mean episode rew_stumble: -0.0000
    Mean episode rew_frame_stumble: -0.0000
      Mean episode rew_termination: -0.0030
Mean episode rew_frame_termination: -0.0018
          Mean episode rew_torques: -0.0006
    Mean episode rew_frame_torques: -0.0002
 Mean episode rew_tracking_ang_vel: 0.0250
Mean episode rew_frame_tracking_ang_vel: 0.0078
 Mean episode rew_tracking_lin_vel: 0.0490
Mean episode rew_frame_tracking_lin_vel: 0.0090
Mean episode max_power_throughout_episode: 4071.0701
            Mean episode max_pos_x: 1.0293
            Mean episode min_pos_x: -0.1396
            Mean episode max_pos_y: 0.5192
            Mean episode min_pos_y: -0.5170
        Mean episode timeout_ratio: 0.0004
       Mean episode num_terminated: 94.5833
--------------------------------------------------------------------------------
                   Total timesteps: 7168896
                    Iteration time: 2.44s
                        Total time: 12965.38s
                               ETA: 540.1s


------------------------------
Step: 115500 - Reward Breakdown:
  action_rate               | Scaled Avg:  -0.0282 | Raw Avg:   0.9399
  action_smoothness         | Scaled Avg:  -0.0004 | Raw Avg:   0.1809
  ang_vel_xy                | Scaled Avg:  -0.0047 | Raw Avg:   2.3421
  base_height               | Scaled Avg:  -0.0001 | Raw Avg:   0.0054
  collision                 | Scaled Avg:  -0.0012 | Raw Avg:   0.0610
  dof_acc                   | Scaled Avg:  -0.0009 | Raw Avg: 177860.0781
  dof_error                 | Scaled Avg:  -0.0065 | Raw Avg:   0.6530
  dof_vel                   | Scaled Avg:  -0.0194 | Raw Avg:  48.6177
  feet_air_time             | Scaled Avg:   0.0001 | Raw Avg:   0.0019
  feet_contact_forces       | Scaled Avg:  -0.0000 | Raw Avg:   4.7383
  foot_clearance            | Scaled Avg:  -0.0001 | Raw Avg:   0.0054
  foot_mirror               | Scaled Avg:  -0.0003 | Raw Avg:   0.2660
  foot_slide                | Scaled Avg:  -0.0011 | Raw Avg:   1.1247
  has_contact               | Scaled Avg:   0.0017 | Raw Avg:   0.0873
  hip_pos                   | Scaled Avg:  -0.0011 | Raw Avg:   0.1079
  lin_vel_z                 | Scaled Avg:  -0.0062 | Raw Avg:   0.0770
  orientation               | Scaled Avg:  -0.0004 | Raw Avg:   0.1042
  powers                    | Scaled Avg:  -0.0000 | Raw Avg:  96.3702
  stand_still               | Scaled Avg:  -0.0004 | Raw Avg:   0.0110
  torques                   | Scaled Avg:  -0.0002 | Raw Avg: 953.0159
  tracking_ang_vel          | Scaled Avg:   0.0080 | Raw Avg:   0.3995
  tracking_lin_vel          | Scaled Avg:   0.0159 | Raw Avg:   0.3987
  termination               | Scaled Avg:  -0.0008
  TOTAL REWARD              | Scaled Avg:  -0.0463
------------------------------

------------------------------
Step: 116000 - Reward Breakdown:
  action_rate               | Scaled Avg:  -0.0283 | Raw Avg:   0.9445
  action_smoothness         | Scaled Avg:  -0.0004 | Raw Avg:   0.1813
  ang_vel_xy                | Scaled Avg:  -0.0047 | Raw Avg:   2.3293
  base_height               | Scaled Avg:  -0.0001 | Raw Avg:   0.0058
  collision                 | Scaled Avg:  -0.0013 | Raw Avg:   0.0641
  dof_acc                   | Scaled Avg:  -0.0009 | Raw Avg: 174241.2188
  dof_error                 | Scaled Avg:  -0.0066 | Raw Avg:   0.6573
  dof_vel                   | Scaled Avg:  -0.0193 | Raw Avg:  48.3303
  feet_air_time             | Scaled Avg:   0.0001 | Raw Avg:   0.0014
  feet_contact_forces       | Scaled Avg:  -0.0000 | Raw Avg:   4.3413
  foot_clearance            | Scaled Avg:  -0.0001 | Raw Avg:   0.0053
  foot_mirror               | Scaled Avg:  -0.0003 | Raw Avg:   0.2833
  foot_slide                | Scaled Avg:  -0.0011 | Raw Avg:   1.1252
  has_contact               | Scaled Avg:   0.0017 | Raw Avg:   0.0855
  hip_pos                   | Scaled Avg:  -0.0011 | Raw Avg:   0.1065
  lin_vel_z                 | Scaled Avg:  -0.0061 | Raw Avg:   0.0765
  orientation               | Scaled Avg:  -0.0004 | Raw Avg:   0.1021
  powers                    | Scaled Avg:  -0.0000 | Raw Avg:  98.3140
  stand_still               | Scaled Avg:  -0.0005 | Raw Avg:   0.0122
  torques                   | Scaled Avg:  -0.0002 | Raw Avg: 980.4070
  tracking_ang_vel          | Scaled Avg:   0.0082 | Raw Avg:   0.4103
  tracking_lin_vel          | Scaled Avg:   0.0160 | Raw Avg:   0.3995
  termination               | Scaled Avg:  -0.0011
  TOTAL REWARD              | Scaled Avg:  -0.0465
------------------------------

------------------------------
Step: 116500 - Reward Breakdown:
  action_rate               | Scaled Avg:  -0.0283 | Raw Avg:   0.9433
  action_smoothness         | Scaled Avg:  -0.0004 | Raw Avg:   0.1809
  ang_vel_xy                | Scaled Avg:  -0.0047 | Raw Avg:   2.3431
  base_height               | Scaled Avg:  -0.0001 | Raw Avg:   0.0058
  collision                 | Scaled Avg:  -0.0012 | Raw Avg:   0.0609
  dof_acc                   | Scaled Avg:  -0.0009 | Raw Avg: 174679.4062
  dof_error                 | Scaled Avg:  -0.0068 | Raw Avg:   0.6808
  dof_vel                   | Scaled Avg:  -0.0194 | Raw Avg:  48.5770
  feet_air_time             | Scaled Avg:   0.0001 | Raw Avg:   0.0018
  feet_contact_forces       | Scaled Avg:  -0.0000 | Raw Avg:   4.2730
  foot_clearance            | Scaled Avg:  -0.0001 | Raw Avg:   0.0053
  foot_mirror               | Scaled Avg:  -0.0003 | Raw Avg:   0.2750
  foot_slide                | Scaled Avg:  -0.0011 | Raw Avg:   1.1100
  has_contact               | Scaled Avg:   0.0018 | Raw Avg:   0.0902
  hip_pos                   | Scaled Avg:  -0.0011 | Raw Avg:   0.1062
  lin_vel_z                 | Scaled Avg:  -0.0063 | Raw Avg:   0.0793
  orientation               | Scaled Avg:  -0.0004 | Raw Avg:   0.1029
  powers                    | Scaled Avg:  -0.0000 | Raw Avg:  98.4872
  stand_still               | Scaled Avg:  -0.0005 | Raw Avg:   0.0118
  torques                   | Scaled Avg:  -0.0002 | Raw Avg: 980.9036
  tracking_ang_vel          | Scaled Avg:   0.0080 | Raw Avg:   0.4024
  tracking_lin_vel          | Scaled Avg:   0.0160 | Raw Avg:   0.4010
  termination               | Scaled Avg:  -0.0011
  TOTAL REWARD              | Scaled Avg:  -0.0469
------------------------------

------------------------------
Step: 117000 - Reward Breakdown:
  action_rate               | Scaled Avg:  -0.0281 | Raw Avg:   0.9354
  action_smoothness         | Scaled Avg:  -0.0004 | Raw Avg:   0.1828
  ang_vel_xy                | Scaled Avg:  -0.0047 | Raw Avg:   2.3716
  base_height               | Scaled Avg:  -0.0001 | Raw Avg:   0.0056
  collision                 | Scaled Avg:  -0.0012 | Raw Avg:   0.0612
  dof_acc                   | Scaled Avg:  -0.0008 | Raw Avg: 159792.7188
  dof_error                 | Scaled Avg:  -0.0068 | Raw Avg:   0.6820
  dof_vel                   | Scaled Avg:  -0.0186 | Raw Avg:  46.5928
  feet_air_time             | Scaled Avg:   0.0001 | Raw Avg:   0.0017
  feet_contact_forces       | Scaled Avg:  -0.0000 | Raw Avg:   4.3769
  foot_clearance            | Scaled Avg:  -0.0001 | Raw Avg:   0.0055
  foot_mirror               | Scaled Avg:  -0.0003 | Raw Avg:   0.2866
  foot_slide                | Scaled Avg:  -0.0011 | Raw Avg:   1.1251
  has_contact               | Scaled Avg:   0.0017 | Raw Avg:   0.0854
  hip_pos                   | Scaled Avg:  -0.0011 | Raw Avg:   0.1098
  lin_vel_z                 | Scaled Avg:  -0.0062 | Raw Avg:   0.0778
  orientation               | Scaled Avg:  -0.0004 | Raw Avg:   0.1047
  powers                    | Scaled Avg:  -0.0000 | Raw Avg:  97.4311
  stand_still               | Scaled Avg:  -0.0005 | Raw Avg:   0.0121
  torques                   | Scaled Avg:  -0.0002 | Raw Avg: 976.3989
  tracking_ang_vel          | Scaled Avg:   0.0083 | Raw Avg:   0.4170
  tracking_lin_vel          | Scaled Avg:   0.0158 | Raw Avg:   0.3947
  termination               | Scaled Avg:  -0.0010
  TOTAL REWARD              | Scaled Avg:  -0.0458
------------------------------

------------------------------
Step: 117500 - Reward Breakdown:
  action_rate               | Scaled Avg:  -0.0281 | Raw Avg:   0.9378
  action_smoothness         | Scaled Avg:  -0.0004 | Raw Avg:   0.1809
  ang_vel_xy                | Scaled Avg:  -0.0046 | Raw Avg:   2.2997
  base_height               | Scaled Avg:  -0.0001 | Raw Avg:   0.0058
  collision                 | Scaled Avg:  -0.0013 | Raw Avg:   0.0671
  dof_acc                   | Scaled Avg:  -0.0008 | Raw Avg: 151685.8438
  dof_error                 | Scaled Avg:  -0.0068 | Raw Avg:   0.6766
  dof_vel                   | Scaled Avg:  -0.0189 | Raw Avg:  47.3735
  feet_air_time             | Scaled Avg:   0.0001 | Raw Avg:   0.0021
  feet_contact_forces       | Scaled Avg:  -0.0000 | Raw Avg:   4.7571
  foot_clearance            | Scaled Avg:  -0.0001 | Raw Avg:   0.0053
  foot_mirror               | Scaled Avg:  -0.0003 | Raw Avg:   0.2833
  foot_slide                | Scaled Avg:  -0.0011 | Raw Avg:   1.1149
  has_contact               | Scaled Avg:   0.0018 | Raw Avg:   0.0899
  hip_pos                   | Scaled Avg:  -0.0011 | Raw Avg:   0.1066
  lin_vel_z                 | Scaled Avg:  -0.0060 | Raw Avg:   0.0746
  orientation               | Scaled Avg:  -0.0004 | Raw Avg:   0.1037
  powers                    | Scaled Avg:  -0.0000 | Raw Avg:  98.1828
  stand_still               | Scaled Avg:  -0.0005 | Raw Avg:   0.0135
  torques                   | Scaled Avg:  -0.0002 | Raw Avg: 998.4319
  tracking_ang_vel          | Scaled Avg:   0.0083 | Raw Avg:   0.4165
  tracking_lin_vel          | Scaled Avg:   0.0160 | Raw Avg:   0.4010
  termination               | Scaled Avg:  -0.0010
  TOTAL REWARD              | Scaled Avg:  -0.0455
------------------------------
################################################################################
                    [1m Learning iteration 9900/10000 [0m                     

                       Computation: 59518 steps/s (collection: 1.913s, learning 0.545s)
                     surrogate_loss -0.0077
                         value_loss 0.0549
                            entropy 2.3661
                     estimator_loss 0.0000
                         total_loss 0.0709
             Mean action noise std: 0.20
                       Mean reward: -3.16
               Mean episode length: 49.84
      Mean episode rew_action_rate: -0.0854
Mean episode rew_frame_action_rate: -0.0340
Mean episode rew_action_smoothness: -0.0011
Mean episode rew_frame_action_smoothness: -0.0004
       Mean episode rew_ang_vel_xy: -0.0143
 Mean episode rew_frame_ang_vel_xy: -0.0075
      Mean episode rew_base_height: -0.0004
Mean episode rew_frame_base_height: -0.0002
        Mean episode rew_collision: -0.0039
  Mean episode rew_frame_collision: -0.0020
          Mean episode rew_dof_acc: -0.0027
    Mean episode rew_frame_dof_acc: -0.0016
        Mean episode rew_dof_error: -0.0211
  Mean episode rew_frame_dof_error: -0.0097
          Mean episode rew_dof_vel: -0.0592
    Mean episode rew_frame_dof_vel: -0.0322
    Mean episode rew_feet_air_time: 0.0002
Mean episode rew_frame_feet_air_time: 0.0001
Mean episode rew_feet_contact_forces: -0.0000
Mean episode rew_frame_feet_contact_forces: -0.0000
   Mean episode rew_foot_clearance: -0.0002
Mean episode rew_frame_foot_clearance: -0.0001
      Mean episode rew_foot_mirror: -0.0009
Mean episode rew_frame_foot_mirror: -0.0004
       Mean episode rew_foot_slide: -0.0034
 Mean episode rew_frame_foot_slide: -0.0014
      Mean episode rew_has_contact: 0.0056
Mean episode rew_frame_has_contact: 0.0004
          Mean episode rew_hip_pos: -0.0033
    Mean episode rew_frame_hip_pos: -0.0014
        Mean episode rew_lin_vel_z: -0.0192
  Mean episode rew_frame_lin_vel_z: -0.0112
      Mean episode rew_orientation: -0.0013
Mean episode rew_frame_orientation: -0.0007
           Mean episode rew_powers: -0.0001
     Mean episode rew_frame_powers: -0.0001
      Mean episode rew_stand_still: -0.0023
Mean episode rew_frame_stand_still: -0.0002
          Mean episode rew_stumble: -0.0000
    Mean episode rew_frame_stumble: -0.0000
      Mean episode rew_termination: -0.0030
Mean episode rew_frame_termination: -0.0018
          Mean episode rew_torques: -0.0006
    Mean episode rew_frame_torques: -0.0002
 Mean episode rew_tracking_ang_vel: 0.0260
Mean episode rew_frame_tracking_ang_vel: 0.0079
 Mean episode rew_tracking_lin_vel: 0.0473
Mean episode rew_frame_tracking_lin_vel: 0.0089
Mean episode max_power_throughout_episode: 3965.5188
            Mean episode max_pos_x: 1.0310
            Mean episode min_pos_x: -0.1498
            Mean episode max_pos_y: 0.5601
            Mean episode min_pos_y: -0.5452
        Mean episode timeout_ratio: 0.0000
       Mean episode num_terminated: 98.4167
--------------------------------------------------------------------------------
                   Total timesteps: 7315200
                    Iteration time: 2.46s
                        Total time: 13225.37s
                               ETA: 269.9s


------------------------------
Step: 118000 - Reward Breakdown:
  action_rate               | Scaled Avg:  -0.0273 | Raw Avg:   0.9115
  action_smoothness         | Scaled Avg:  -0.0004 | Raw Avg:   0.1784
  ang_vel_xy                | Scaled Avg:  -0.0048 | Raw Avg:   2.3930
  base_height               | Scaled Avg:  -0.0001 | Raw Avg:   0.0058
  collision                 | Scaled Avg:  -0.0014 | Raw Avg:   0.0694
  dof_acc                   | Scaled Avg:  -0.0009 | Raw Avg: 170726.7031
  dof_error                 | Scaled Avg:  -0.0069 | Raw Avg:   0.6860
  dof_vel                   | Scaled Avg:  -0.0184 | Raw Avg:  46.0440
  feet_air_time             | Scaled Avg:   0.0001 | Raw Avg:   0.0015
  feet_contact_forces       | Scaled Avg:  -0.0000 | Raw Avg:   4.7418
  foot_clearance            | Scaled Avg:  -0.0001 | Raw Avg:   0.0056
  foot_mirror               | Scaled Avg:  -0.0003 | Raw Avg:   0.2808
  foot_slide                | Scaled Avg:  -0.0011 | Raw Avg:   1.1441
  has_contact               | Scaled Avg:   0.0017 | Raw Avg:   0.0869
  hip_pos                   | Scaled Avg:  -0.0011 | Raw Avg:   0.1131
  lin_vel_z                 | Scaled Avg:  -0.0063 | Raw Avg:   0.0791
  orientation               | Scaled Avg:  -0.0004 | Raw Avg:   0.1029
  powers                    | Scaled Avg:  -0.0000 | Raw Avg:  98.1912
  stand_still               | Scaled Avg:  -0.0008 | Raw Avg:   0.0189
  torques                   | Scaled Avg:  -0.0002 | Raw Avg: 990.5985
  tracking_ang_vel          | Scaled Avg:   0.0082 | Raw Avg:   0.4090
  tracking_lin_vel          | Scaled Avg:   0.0161 | Raw Avg:   0.4029
  termination               | Scaled Avg:  -0.0009
  TOTAL REWARD              | Scaled Avg:  -0.0453
------------------------------

------------------------------
Step: 118500 - Reward Breakdown:
  action_rate               | Scaled Avg:  -0.0276 | Raw Avg:   0.9206
  action_smoothness         | Scaled Avg:  -0.0004 | Raw Avg:   0.1779
  ang_vel_xy                | Scaled Avg:  -0.0045 | Raw Avg:   2.2611
  base_height               | Scaled Avg:  -0.0001 | Raw Avg:   0.0058
  collision                 | Scaled Avg:  -0.0013 | Raw Avg:   0.0641
  dof_acc                   | Scaled Avg:  -0.0007 | Raw Avg: 146536.0000
  dof_error                 | Scaled Avg:  -0.0068 | Raw Avg:   0.6805
  dof_vel                   | Scaled Avg:  -0.0179 | Raw Avg:  44.7848
  feet_air_time             | Scaled Avg:   0.0001 | Raw Avg:   0.0015
  feet_contact_forces       | Scaled Avg:  -0.0000 | Raw Avg:   4.6516
  foot_clearance            | Scaled Avg:  -0.0001 | Raw Avg:   0.0052
  foot_mirror               | Scaled Avg:  -0.0003 | Raw Avg:   0.2693
  foot_slide                | Scaled Avg:  -0.0011 | Raw Avg:   1.1058
  has_contact               | Scaled Avg:   0.0017 | Raw Avg:   0.0840
  hip_pos                   | Scaled Avg:  -0.0011 | Raw Avg:   0.1084
  lin_vel_z                 | Scaled Avg:  -0.0061 | Raw Avg:   0.0757
  orientation               | Scaled Avg:  -0.0004 | Raw Avg:   0.0998
  powers                    | Scaled Avg:  -0.0000 | Raw Avg:  96.5307
  stand_still               | Scaled Avg:  -0.0006 | Raw Avg:   0.0156
  torques                   | Scaled Avg:  -0.0002 | Raw Avg: 992.0787
  tracking_ang_vel          | Scaled Avg:   0.0082 | Raw Avg:   0.4120
  tracking_lin_vel          | Scaled Avg:   0.0161 | Raw Avg:   0.4015
  termination               | Scaled Avg:  -0.0008
  TOTAL REWARD              | Scaled Avg:  -0.0440
------------------------------

------------------------------
Step: 119000 - Reward Breakdown:
  action_rate               | Scaled Avg:  -0.0282 | Raw Avg:   0.9409
  action_smoothness         | Scaled Avg:  -0.0004 | Raw Avg:   0.1798
  ang_vel_xy                | Scaled Avg:  -0.0048 | Raw Avg:   2.3883
  base_height               | Scaled Avg:  -0.0001 | Raw Avg:   0.0059
  collision                 | Scaled Avg:  -0.0013 | Raw Avg:   0.0635
  dof_acc                   | Scaled Avg:  -0.0009 | Raw Avg: 180462.4531
  dof_error                 | Scaled Avg:  -0.0069 | Raw Avg:   0.6920
  dof_vel                   | Scaled Avg:  -0.0199 | Raw Avg:  49.7732
  feet_air_time             | Scaled Avg:   0.0001 | Raw Avg:   0.0016
  feet_contact_forces       | Scaled Avg:  -0.0000 | Raw Avg:   4.9740
  foot_clearance            | Scaled Avg:  -0.0001 | Raw Avg:   0.0056
  foot_mirror               | Scaled Avg:  -0.0003 | Raw Avg:   0.2648
  foot_slide                | Scaled Avg:  -0.0011 | Raw Avg:   1.1116
  has_contact               | Scaled Avg:   0.0017 | Raw Avg:   0.0866
  hip_pos                   | Scaled Avg:  -0.0011 | Raw Avg:   0.1067
  lin_vel_z                 | Scaled Avg:  -0.0065 | Raw Avg:   0.0807
  orientation               | Scaled Avg:  -0.0004 | Raw Avg:   0.1049
  powers                    | Scaled Avg:  -0.0000 | Raw Avg: 100.5721
  stand_still               | Scaled Avg:  -0.0006 | Raw Avg:   0.0141
  torques                   | Scaled Avg:  -0.0002 | Raw Avg: 968.1327
  tracking_ang_vel          | Scaled Avg:   0.0080 | Raw Avg:   0.3995
  tracking_lin_vel          | Scaled Avg:   0.0158 | Raw Avg:   0.3956
  termination               | Scaled Avg:  -0.0010
  TOTAL REWARD              | Scaled Avg:  -0.0481
------------------------------

------------------------------
Step: 119500 - Reward Breakdown:
  action_rate               | Scaled Avg:  -0.0283 | Raw Avg:   0.9429
  action_smoothness         | Scaled Avg:  -0.0004 | Raw Avg:   0.1802
  ang_vel_xy                | Scaled Avg:  -0.0046 | Raw Avg:   2.3241
  base_height               | Scaled Avg:  -0.0001 | Raw Avg:   0.0054
  collision                 | Scaled Avg:  -0.0013 | Raw Avg:   0.0641
  dof_acc                   | Scaled Avg:  -0.0009 | Raw Avg: 173051.9531
  dof_error                 | Scaled Avg:  -0.0066 | Raw Avg:   0.6557
  dof_vel                   | Scaled Avg:  -0.0191 | Raw Avg:  47.6518
  feet_air_time             | Scaled Avg:   0.0000 | Raw Avg:   0.0011
  feet_contact_forces       | Scaled Avg:  -0.0000 | Raw Avg:   4.7316
  foot_clearance            | Scaled Avg:  -0.0001 | Raw Avg:   0.0053
  foot_mirror               | Scaled Avg:  -0.0003 | Raw Avg:   0.2548
  foot_slide                | Scaled Avg:  -0.0011 | Raw Avg:   1.1056
  has_contact               | Scaled Avg:   0.0018 | Raw Avg:   0.0889
  hip_pos                   | Scaled Avg:  -0.0010 | Raw Avg:   0.1042
  lin_vel_z                 | Scaled Avg:  -0.0064 | Raw Avg:   0.0798
  orientation               | Scaled Avg:  -0.0004 | Raw Avg:   0.1012
  powers                    | Scaled Avg:  -0.0000 | Raw Avg:  98.5999
  stand_still               | Scaled Avg:  -0.0005 | Raw Avg:   0.0119
  torques                   | Scaled Avg:  -0.0002 | Raw Avg: 987.3380
  tracking_ang_vel          | Scaled Avg:   0.0080 | Raw Avg:   0.3977
  tracking_lin_vel          | Scaled Avg:   0.0165 | Raw Avg:   0.4121
  termination               | Scaled Avg:  -0.0009
  TOTAL REWARD              | Scaled Avg:  -0.0458
------------------------------

------------------------------
Step: 120000 - Reward Breakdown:
  action_rate               | Scaled Avg:  -0.0278 | Raw Avg:   0.9263
  action_smoothness         | Scaled Avg:  -0.0004 | Raw Avg:   0.1813
  ang_vel_xy                | Scaled Avg:  -0.0047 | Raw Avg:   2.3622
  base_height               | Scaled Avg:  -0.0001 | Raw Avg:   0.0055
  collision                 | Scaled Avg:  -0.0011 | Raw Avg:   0.0563
  dof_acc                   | Scaled Avg:  -0.0009 | Raw Avg: 176430.8281
  dof_error                 | Scaled Avg:  -0.0067 | Raw Avg:   0.6728
  dof_vel                   | Scaled Avg:  -0.0199 | Raw Avg:  49.7883
  feet_air_time             | Scaled Avg:   0.0001 | Raw Avg:   0.0014
  feet_contact_forces       | Scaled Avg:  -0.0000 | Raw Avg:   5.1695
  foot_clearance            | Scaled Avg:  -0.0001 | Raw Avg:   0.0056
  foot_mirror               | Scaled Avg:  -0.0003 | Raw Avg:   0.2695
  foot_slide                | Scaled Avg:  -0.0011 | Raw Avg:   1.1381
  has_contact               | Scaled Avg:   0.0018 | Raw Avg:   0.0910
  hip_pos                   | Scaled Avg:  -0.0010 | Raw Avg:   0.1010
  lin_vel_z                 | Scaled Avg:  -0.0063 | Raw Avg:   0.0789
  orientation               | Scaled Avg:  -0.0004 | Raw Avg:   0.1019
  powers                    | Scaled Avg:  -0.0000 | Raw Avg: 100.2344
  stand_still               | Scaled Avg:  -0.0005 | Raw Avg:   0.0133
  torques                   | Scaled Avg:  -0.0002 | Raw Avg: 978.3958
  tracking_ang_vel          | Scaled Avg:   0.0082 | Raw Avg:   0.4079
  tracking_lin_vel          | Scaled Avg:   0.0162 | Raw Avg:   0.4048
  termination               | Scaled Avg:  -0.0010
  TOTAL REWARD              | Scaled Avg:  -0.0464
------------------------------
